age,annual_income,monthly_inhand_salary,credit_history_age,total_emi_per_month,num_bank_accounts,num_credit_card,interest_rate,num_of_loan,delay_from_due_date,num_of_delayed_payment,changed_credit_limit,num_credit_inquiries,outstanding_debt,credit_utilization_ratio,amount_invested_monthly,monthly_balance,loan_Auto Loan,loan_Credit-Builder Loan,loan_Debt Consolidation Loan,loan_Home Equity Loan,loan_Mortgage Loan,loan_No Loan,loan_Not Specified,loan_Payday Loan,loan_Personal Loan,loan_Student Loan,occupation_Accountant,occupation_Architect,occupation_Developer,occupation_Doctor,occupation_Engineer,occupation_Entrepreneur,occupation_Journalist,occupation_Lawyer,occupation_Manager,occupation_Mechanic,occupation_Media_Manager,occupation_Musician,occupation_Scientist,occupation_Teacher,occupation_Writer,credit_mix_Bad,credit_mix_Good,credit_mix_Standard,payment_of_min_amount_No,payment_of_min_amount_Yes,payment_behaviour_High_spent_Large_value_payments,payment_behaviour_High_spent_Medium_value_payments,payment_behaviour_High_spent_Small_value_payments,payment_behaviour_Low_spent_Large_value_payments,payment_behaviour_Low_spent_Medium_value_payments,payment_behaviour_Low_spent_Small_value_payments,credit_score
19,17055.61,1650.3008,79.0,28.402298,7.0,3.0,20.0,2.0,24.0,16.0,11.44,8.0,1079.76,28.700045,145.34302,261.28476,0,0,0,0,1,0,0,1,0,0,0.0,0.0,0.0,1.0,0.0,0.0,0.0,0.0,0.0,0.0,0.0,0.0,0.0,0.0,0.0,0.0,0.0,1.0,0.0,1.0,0.0,0.0,0.0,1.0,0.0,0.0,1.0
23,106666.2,8873.85,64.0,317.94943,6.0,6.0,12.0,5.0,12.0,19.0,15.09,6.0,1288.06,35.56602,184.1105,625.3251,0,0,0,1,0,0,1,1,1,1,0.0,0.0,0.0,0.0,1.0,0.0,0.0,0.0,0.0,0.0,0.0,0.0,0.0,0.0,0.0,0.0,0.0,1.0,0.0,1.0,1.0,0.0,0.0,0.0,0.0,0.0,1.0
54,41801.68,3280.4734,77.0,71.71706,4.0,3.0,18.0,3.0,10.0,11.0,12.11,1.0,140.6,33.10393,194.9695,331.36078,0,0,1,0,0,0,1,0,0,0,1.0,0.0,0.0,0.0,0.0,0.0,0.0,0.0,0.0,0.0,0.0,0.0,0.0,0.0,0.0,0.0,0.0,1.0,0.0,1.0,0.0,0.0,0.0,1.0,0.0,0.0,1.0
34,10702.83,1108.9025,62.0,52.088562,3.0,5.0,17.0,6.0,22.0,13.0,17.58,7.0,140.29,23.201069,141.68063,207.12105,0,0,1,0,0,0,1,0,1,1,1.0,0.0,0.0,0.0,0.0,0.0,0.0,0.0,0.0,0.0,0.0,0.0,0.0,0.0,0.0,0.0,0.0,1.0,0.0,1.0,0.0,0.0,0.0,0.0,0.0,1.0,0.0
19,17111.35,1366.9458,80.0,96.43372,10.0,6.0,18.0,7.0,51.0,25.0,12.92,8.0,1763.48,24.82963,33.245804,247.01506,0,0,1,1,1,0,1,1,1,0,0.0,0.0,0.0,1.0,0.0,0.0,0.0,0.0,0.0,0.0,0.0,0.0,0.0,0.0,0.0,1.0,0.0,0.0,0.0,1.0,1.0,0.0,0.0,0.0,0.0,0.0,1.0
48,38650.73,2983.8943,73.0,0.0,1.0,1.0,11.0,0.0,12.0,7.0,3.91,3.0,1189.97,39.535587,126.38403,422.0054,0,0,0,0,0,1,0,0,0,0,0.0,0.0,0.0,0.0,0.0,0.0,0.0,0.0,0.0,0.0,0.0,1.0,0.0,0.0,0.0,0.0,1.0,0.0,1.0,0.0,0.0,1.0,0.0,0.0,0.0,0.0,1.0
33,44360.46,3743.705,128.0,0.0,3.0,4.0,13.0,0.0,30.0,19.0,7.91,7.0,565.04,41.13144,375.5974,288.77307,0,0,0,0,0,1,0,0,0,0,0.0,0.0,0.0,0.0,0.0,0.0,0.0,0.0,0.0,0.0,0.0,0.0,1.0,0.0,0.0,0.0,0.0,1.0,0.0,1.0,0.0,0.0,0.0,0.0,0.0,1.0,1.0
23,10287.56,788.2967,39.0,32.83337,5.0,5.0,21.0,4.0,15.0,19.0,13.66,4.0,2698.94,29.354818,26.02443,289.97186,1,0,0,1,0,0,1,0,0,1,0.0,0.0,0.0,0.0,0.0,1.0,0.0,0.0,0.0,0.0,0.0,0.0,0.0,0.0,0.0,0.0,0.0,1.0,0.0,1.0,0.0,0.0,0.0,1.0,0.0,0.0,0.0
39,53225.37,4526.4473,47.0,45.165718,6.0,7.0,30.0,2.0,29.0,15.0,13.4,4.0,2090.45,38.92093,295.66672,391.81232,0,0,0,0,1,0,0,1,0,0,0.0,0.0,0.0,0.0,0.0,0.0,0.0,0.0,0.0,0.0,0.0,0.0,1.0,0.0,0.0,0.0,0.0,1.0,0.0,1.0,0.0,0.0,0.0,0.0,1.0,0.0,0.0
20,66061.04,5762.0864,44.0,100.802185,6.0,5.0,22.0,3.0,27.0,22.0,4.92,12.0,1801.38,29.651009,146.1812,579.2253,1,0,0,0,1,0,0,0,1,0,0.0,0.0,0.0,0.0,0.0,0.0,0.0,0.0,0.0,0.0,0.0,0.0,0.0,1.0,0.0,1.0,0.0,0.0,0.0,1.0,0.0,1.0,0.0,0.0,0.0,0.0,0.0
27,32117.87,2720.4893,34.0,69.69259,6.0,6.0,6.0,4.0,15.0,18.0,19.38,7.0,1052.88,39.74107,55.35965,406.99667,0,1,0,0,0,0,0,0,0,1,0.0,0.0,0.0,0.0,0.0,0.0,0.0,0.0,0.0,0.0,0.0,0.0,0.0,0.0,1.0,0.0,0.0,1.0,0.0,1.0,0.0,0.0,1.0,0.0,0.0,0.0,1.0
41,8089.415,889.1179,56.0,41.953003,6.0,10.0,18.0,7.0,29.0,15.0,23.45,7.0,2864.82,25.45228,25.577152,301.38162,0,1,1,1,0,0,0,1,0,0,0.0,0.0,0.0,0.0,0.0,0.0,0.0,1.0,0.0,0.0,0.0,0.0,0.0,0.0,0.0,1.0,0.0,0.0,0.0,1.0,0.0,0.0,0.0,0.0,1.0,0.0,0.0
44,21450.72,1713.56,138.0,31.296902,2.0,5.0,10.0,3.0,6.0,5.0,9.41,1.0,123.12,34.637707,74.84607,355.213,0,0,0,1,0,0,0,1,1,0,0.0,0.0,0.0,1.0,0.0,0.0,0.0,0.0,0.0,0.0,0.0,0.0,0.0,0.0,0.0,0.0,1.0,0.0,1.0,0.0,0.0,0.0,0.0,0.0,0.0,1.0,2.0
36,18717.02,1294.7517,69.0,60.64699,8.0,5.0,15.0,5.0,9.0,16.0,10.3,10.0,2103.99,31.583288,39.9055,274.90082,0,1,1,0,0,0,1,0,1,0,0.0,0.0,0.0,0.0,0.0,0.0,1.0,0.0,0.0,0.0,0.0,0.0,0.0,0.0,0.0,0.0,0.0,1.0,0.0,1.0,0.0,1.0,0.0,0.0,0.0,0.0,1.0
30,57857.1,4812.425,37.0,85.77312,4.0,8.0,30.0,3.0,27.0,8.0,4.8,8.0,2019.49,40.088554,53.349617,582.11975,1,0,0,0,0,0,0,0,0,1,0.0,0.0,1.0,0.0,0.0,0.0,0.0,0.0,0.0,0.0,0.0,0.0,0.0,0.0,0.0,0.0,0.0,1.0,0.0,1.0,0.0,0.0,1.0,0.0,0.0,0.0,0.0
47,35539.56,2953.63,110.0,0.0,3.0,4.0,5.0,0.0,19.0,8.0,3.4,2.0,819.48,29.928217,113.804726,471.5583,0,0,0,0,0,1,0,0,0,0,0.0,0.0,0.0,0.0,0.0,0.0,0.0,0.0,0.0,0.0,0.0,0.0,0.0,0.0,1.0,0.0,1.0,0.0,1.0,0.0,0.0,0.0,0.0,0.0,0.0,1.0,0.0
32,28694.16,2544.18,27.0,123.7044,8.0,9.0,15.0,8.0,44.0,22.0,2.52,10.0,2481.83,33.667076,336.90543,83.80819,0,1,0,1,1,0,0,0,1,0,0.0,0.0,0.0,0.0,0.0,0.0,0.0,1.0,0.0,0.0,0.0,0.0,0.0,0.0,0.0,1.0,0.0,0.0,0.0,1.0,0.0,0.0,0.0,0.0,0.0,1.0,1.0
33,99668.76,8510.73,76.0,292.2635,7.0,4.0,20.0,6.0,26.0,20.0,8.1,4.0,108.67,26.83491,210.07805,598.7315,0,1,1,1,0,0,1,1,0,0,0.0,0.0,0.0,0.0,0.0,0.0,0.0,0.0,0.0,0.0,0.0,0.0,1.0,0.0,0.0,0.0,0.0,1.0,0.0,1.0,0.0,1.0,0.0,0.0,0.0,0.0,1.0
29,18002.676,1430.2229,114.0,34.032497,6.0,3.0,10.0,3.0,27.0,12.0,0.94,6.0,698.05,31.935604,120.29154,268.69824,0,0,1,0,0,0,0,0,1,0,0.0,0.0,0.0,1.0,0.0,0.0,0.0,0.0,0.0,0.0,0.0,0.0,0.0,0.0,0.0,0.0,1.0,0.0,1.0,0.0,0.0,0.0,0.0,0.0,1.0,0.0,2.0
45,122710.12,10368.844,113.0,154.97551,0.0,6.0,3.0,3.0,17.0,12.0,2.74,3.0,1025.92,33.445854,371.1174,760.79144,0,1,0,0,1,0,0,0,0,0,0.0,0.0,0.0,0.0,1.0,0.0,0.0,0.0,0.0,0.0,0.0,0.0,0.0,0.0,0.0,0.0,1.0,0.0,1.0,0.0,0.0,1.0,0.0,0.0,0.0,0.0,1.0
25,15279.715,879.6736,85.0,187.39645,3.0,7.0,15.0,4.0,28.0,9.0,3.01,3.0,562.9,31.05713,102.16634,238.70413,0,1,0,0,1,0,0,1,1,0,0.0,0.0,0.0,0.0,0.0,0.0,0.0,0.0,0.0,0.0,0.0,0.0,1.0,0.0,0.0,0.0,0.0,1.0,0.0,1.0,0.0,0.0,0.0,0.0,0.0,1.0,1.0
37,14599.89,1464.6575,42.0,39.08623,7.0,8.0,21.0,5.0,23.0,16.0,24.64,8.0,2660.55,28.108963,16.581848,340.79767,0,0,1,1,0,0,0,1,1,0,0.0,0.0,0.0,0.0,0.0,0.0,0.0,0.0,0.0,1.0,0.0,0.0,0.0,0.0,0.0,1.0,0.0,0.0,0.0,1.0,0.0,1.0,0.0,0.0,0.0,0.0,1.0
21,66528.24,5733.02,98.0,0.0,5.0,5.0,11.0,0.0,17.0,10.0,13.65,2.0,1460.8,35.34067,106.21055,717.09143,0,0,0,0,0,1,0,0,0,0,0.0,0.0,0.0,0.0,0.0,0.0,0.0,1.0,0.0,0.0,0.0,0.0,0.0,0.0,0.0,0.0,0.0,1.0,0.0,1.0,0.0,1.0,0.0,0.0,0.0,0.0,1.0
44,71735.48,6021.9565,86.0,144.54005,8.0,3.0,8.0,3.0,25.0,22.0,15.07,2.0,940.19,34.800594,234.26683,473.38876,0,0,0,0,0,0,1,0,0,1,0.0,0.0,0.0,0.0,0.0,0.0,0.0,0.0,0.0,0.0,0.0,0.0,0.0,0.0,1.0,0.0,0.0,1.0,0.0,1.0,0.0,1.0,0.0,0.0,0.0,0.0,1.0
26,10120.28,645.3567,70.0,21.903856,6.0,5.0,33.0,5.0,20.0,20.0,9.97,12.0,1616.5,34.643482,19.187256,283.44455,1,1,1,1,0,0,0,1,0,0,0.0,0.0,0.0,1.0,0.0,0.0,0.0,0.0,0.0,0.0,0.0,0.0,0.0,0.0,0.0,1.0,0.0,0.0,0.0,1.0,0.0,0.0,1.0,0.0,0.0,0.0,0.0
45,33929.89,2649.4907,101.0,89.77963,3.0,5.0,17.0,4.0,22.0,10.0,5.4,4.0,1219.04,23.884846,229.06712,236.10233,0,0,0,1,1,0,0,0,1,1,0.0,0.0,0.0,0.0,0.0,0.0,0.0,0.0,0.0,0.0,1.0,0.0,0.0,0.0,0.0,0.0,0.0,1.0,1.0,0.0,0.0,0.0,0.0,0.0,0.0,1.0,1.0
28,51950.28,4218.19,74.0,235.13531,7.0,8.0,21.0,7.0,27.0,9.0,11.71,9.0,1723.13,37.74736,295.15005,181.53363,1,1,1,0,1,0,1,0,0,1,0.0,0.0,0.0,0.0,0.0,0.0,0.0,0.0,0.0,0.0,0.0,1.0,0.0,0.0,0.0,0.0,0.0,1.0,0.0,1.0,0.0,0.0,0.0,0.0,0.0,1.0,0.0
44,80377.68,6807.14,40.0,186.66222,10.0,7.0,28.0,5.0,30.0,16.0,2.84,12.0,1385.97,36.878807,116.63431,573.08215,1,1,0,1,0,0,0,1,0,1,0.0,0.0,0.0,0.0,0.0,0.0,0.0,0.0,0.0,0.0,0.0,0.0,1.0,0.0,0.0,1.0,0.0,0.0,0.0,1.0,0.0,0.0,0.0,0.0,1.0,0.0,0.0
36,35648.94,2742.745,86.0,53.92626,7.0,3.0,7.0,2.0,15.0,13.0,9.34,3.0,1053.3,26.186827,111.891914,398.45633,0,0,0,1,0,0,1,0,0,0,0.0,0.0,0.0,0.0,0.0,0.0,0.0,0.0,1.0,0.0,0.0,0.0,0.0,0.0,0.0,0.0,0.0,1.0,1.0,0.0,0.0,0.0,0.0,0.0,0.0,1.0,1.0
21,18063.71,1404.3092,75.0,43.343178,4.0,3.0,15.0,5.0,12.0,19.0,9.89,5.0,1184.37,28.070353,42.96254,334.1252,0,1,0,1,1,0,0,1,0,0,0.0,0.0,0.0,0.0,0.0,0.0,0.0,0.0,0.0,0.0,0.0,0.0,0.0,1.0,0.0,0.0,0.0,1.0,0.0,1.0,0.0,0.0,0.0,0.0,1.0,0.0,1.0
36,22410.53,2071.5442,121.0,31.839415,7.0,5.0,14.0,2.0,7.0,17.0,13.51,5.0,33.85,25.237566,68.14489,357.1701,0,0,0,0,1,0,0,0,1,0,0.0,0.0,0.0,0.0,0.0,0.0,0.0,0.0,0.0,0.0,0.0,0.0,1.0,0.0,0.0,0.0,0.0,1.0,0.0,1.0,0.0,1.0,0.0,0.0,0.0,0.0,1.0
21,42165.91,3658.826,126.0,0.0,4.0,3.0,7.0,0.0,2.0,12.0,7.73,6.0,981.66,27.014418,334.03714,321.84543,0,0,0,0,0,1,0,0,0,0,1.0,0.0,0.0,0.0,0.0,0.0,0.0,0.0,0.0,0.0,0.0,0.0,0.0,0.0,0.0,0.0,1.0,0.0,1.0,0.0,0.0,0.0,0.0,0.0,0.0,1.0,1.0
46,21229.73,1709.1442,110.0,28.88093,5.0,4.0,10.0,2.0,10.0,3.0,10.78,3.0,659.72,26.952023,155.36304,276.67044,1,0,1,0,0,0,0,0,0,0,0.0,0.0,0.0,0.0,0.0,0.0,0.0,0.0,0.0,0.0,0.0,0.0,1.0,0.0,0.0,0.0,1.0,0.0,1.0,0.0,0.0,0.0,0.0,0.0,0.0,1.0,0.0
17,66289.36,5433.1133,67.0,61.325214,4.0,5.0,15.0,2.0,14.0,17.0,7.27,11.0,713.33,26.79169,213.46994,518.5162,0,0,0,0,0,0,0,0,1,1,0.0,0.0,0.0,0.0,0.0,0.0,0.0,0.0,0.0,0.0,0.0,0.0,0.0,0.0,1.0,0.0,0.0,1.0,0.0,1.0,0.0,1.0,0.0,0.0,0.0,0.0,1.0
31,15330.305,1135.5254,77.0,46.388947,4.0,5.0,5.0,4.0,15.0,19.0,9.03,7.0,672.49,25.389565,118.63219,238.53142,1,1,0,0,0,0,0,0,1,1,0.0,0.0,0.0,0.0,1.0,0.0,0.0,0.0,0.0,0.0,0.0,0.0,0.0,0.0,0.0,0.0,1.0,0.0,1.0,0.0,0.0,0.0,0.0,0.0,0.0,1.0,1.0
41,10412.225,761.6854,120.0,18.836914,8.0,7.0,10.0,3.0,15.0,13.0,10.13,7.0,4.5,38.08739,0.0,288.91306,0,0,0,1,1,0,1,0,0,0,1.0,0.0,0.0,0.0,0.0,0.0,0.0,0.0,0.0,0.0,0.0,0.0,0.0,0.0,0.0,0.0,0.0,1.0,0.0,1.0,1.0,0.0,0.0,0.0,0.0,0.0,1.0
45,22182.95,1937.5792,25.0,62.257042,7.0,5.0,13.0,4.0,11.0,14.0,10.18,5.0,1170.58,35.206776,71.47892,310.02194,1,0,1,0,0,0,0,0,0,1,0.0,0.0,0.0,0.0,0.0,0.0,0.0,1.0,0.0,0.0,0.0,0.0,0.0,0.0,0.0,0.0,0.0,1.0,0.0,1.0,0.0,1.0,0.0,0.0,0.0,0.0,1.0
24,32737.58,2729.1316,127.0,78.59702,0.0,5.0,6.0,3.0,10.0,13.0,3.43,2.0,568.77,39.10736,35.645283,408.67087,0,0,0,0,0,0,1,1,1,0,0.0,0.0,1.0,0.0,0.0,0.0,0.0,0.0,0.0,0.0,0.0,0.0,0.0,0.0,0.0,0.0,1.0,0.0,1.0,0.0,0.0,1.0,0.0,0.0,0.0,0.0,2.0
36,63195.21,5318.2676,133.0,0.0,4.0,7.0,6.0,0.0,29.0,13.0,7.6,4.0,1113.92,33.16342,358.6712,453.15555,0,0,0,0,0,1,0,0,0,0,0.0,0.0,0.0,0.0,0.0,1.0,0.0,0.0,0.0,0.0,0.0,0.0,0.0,0.0,0.0,0.0,0.0,1.0,1.0,0.0,0.0,0.0,0.0,0.0,1.0,0.0,1.0
21,26454.21,2200.5176,68.0,86.98733,7.0,4.0,8.0,4.0,14.0,11.0,16.66,6.0,32.11,26.93001,180.0072,243.0572,1,1,1,0,0,0,0,0,0,1,0.0,0.0,0.0,0.0,0.0,0.0,0.0,0.0,1.0,0.0,0.0,0.0,0.0,0.0,0.0,0.0,0.0,1.0,0.0,1.0,0.0,0.0,0.0,0.0,0.0,1.0,1.0
35,14526.58,1318.5483,70.0,83.96047,5.0,7.0,31.0,7.0,11.0,19.0,12.1,7.0,2447.81,29.1562,143.03021,194.86415,0,1,1,1,0,0,0,1,1,1,0.0,0.0,0.0,1.0,0.0,0.0,0.0,0.0,0.0,0.0,0.0,0.0,0.0,0.0,0.0,0.0,0.0,1.0,0.0,1.0,0.0,0.0,0.0,0.0,0.0,1.0,0.0
23,78426.52,6383.5435,66.0,0.0,8.0,4.0,9.0,0.0,17.0,12.0,3.66,4.0,1221.49,38.10485,129.47787,491.4283,0,0,0,0,0,1,0,0,0,0,0.0,0.0,0.0,0.0,0.0,0.0,0.0,0.0,1.0,0.0,0.0,0.0,0.0,0.0,0.0,0.0,0.0,1.0,0.0,1.0,0.0,0.0,0.0,0.0,1.0,0.0,1.0
40,14717.28,1069.44,88.0,31.08372,5.0,2.0,11.0,3.0,9.0,9.0,5.89,3.0,148.52,37.82864,78.74374,287.11655,0,0,0,1,0,0,0,0,0,1,1.0,0.0,0.0,0.0,0.0,0.0,0.0,0.0,0.0,0.0,0.0,0.0,0.0,0.0,0.0,0.0,1.0,0.0,1.0,0.0,0.0,0.0,0.0,0.0,0.0,1.0,2.0
40,66193.98,5463.165,89.0,0.0,7.0,7.0,11.0,0.0,12.0,19.0,11.41,5.0,1166.37,37.337337,208.1496,588.1669,0,0,0,0,0,1,0,0,0,0,0.0,0.0,0.0,0.0,0.0,0.0,0.0,0.0,0.0,0.0,0.0,1.0,0.0,0.0,0.0,0.0,0.0,1.0,0.0,1.0,0.0,1.0,0.0,0.0,0.0,0.0,1.0
43,20851.59,1701.6324,72.0,9.299162,4.0,6.0,18.0,1.0,24.0,14.0,14.46,5.0,1195.06,36.515636,21.983858,378.88022,0,0,0,0,1,0,0,0,0,0,0.0,0.0,0.0,0.0,0.0,0.0,0.0,0.0,0.0,0.0,1.0,0.0,0.0,0.0,0.0,0.0,0.0,1.0,0.0,1.0,1.0,0.0,0.0,0.0,0.0,0.0,1.0
36,34204.39,2792.3657,108.0,108.58216,8.0,4.0,19.0,4.0,25.0,13.0,15.31,0.0,1131.43,32.87011,64.32108,346.33334,0,0,1,0,0,0,1,1,1,0,0.0,0.0,0.0,0.0,1.0,0.0,0.0,0.0,0.0,0.0,0.0,0.0,0.0,0.0,0.0,0.0,0.0,1.0,0.0,1.0,1.0,0.0,0.0,0.0,0.0,0.0,1.0
53,72363.72,6124.31,87.0,137.67296,5.0,3.0,8.0,3.0,0.0,0.0,6.85,7.0,364.45,29.075552,135.58304,589.175,0,1,0,0,1,0,0,1,0,0,0.0,0.0,0.0,0.0,0.0,0.0,0.0,0.0,0.0,0.0,0.0,0.0,0.0,1.0,0.0,0.0,1.0,0.0,1.0,0.0,0.0,1.0,0.0,0.0,0.0,0.0,1.0
22,78839.48,6358.9565,138.0,39.35327,7.0,4.0,6.0,1.0,29.0,15.0,4.21,5.0,1041.42,37.349354,305.33374,561.2087,0,0,0,0,1,0,0,0,0,0,0.0,0.0,1.0,0.0,0.0,0.0,0.0,0.0,0.0,0.0,0.0,0.0,0.0,0.0,0.0,0.0,0.0,1.0,0.0,1.0,0.0,0.0,0.0,1.0,0.0,0.0,1.0
31,31993.78,2942.1484,73.0,45.141296,6.0,6.0,7.0,2.0,8.0,16.0,6.28,1.0,818.22,36.012794,97.5882,421.48532,0,0,0,1,0,0,0,1,0,0,0.0,0.0,0.0,0.0,0.0,0.0,0.0,0.0,0.0,0.0,0.0,0.0,1.0,0.0,0.0,0.0,0.0,1.0,0.0,1.0,0.0,0.0,0.0,1.0,0.0,0.0,1.0
30,32426.78,2999.2317,92.0,32.366283,6.0,5.0,2.0,2.0,28.0,15.0,3.41,1.0,1080.61,31.754734,314.04013,243.51674,0,0,1,0,0,0,0,1,0,0,0.0,0.0,0.0,0.0,0.0,1.0,0.0,0.0,0.0,0.0,0.0,0.0,0.0,0.0,0.0,0.0,1.0,0.0,1.0,0.0,0.0,0.0,0.0,0.0,0.0,1.0,2.0
25,40341.16,3602.7634,87.0,113.0211,2.0,5.0,1.0,4.0,7.0,11.0,8.33,2.0,1183.73,37.469112,242.88441,294.37082,1,0,1,0,0,0,0,1,0,0,0.0,0.0,0.0,0.0,0.0,0.0,0.0,0.0,0.0,1.0,0.0,0.0,0.0,0.0,0.0,0.0,1.0,0.0,1.0,0.0,0.0,0.0,0.0,0.0,0.0,1.0,2.0
52,35659.07,3074.589,130.0,0.0,2.0,4.0,1.0,0.0,2.0,7.0,11.84,2.0,665.28,28.477253,396.50626,200.95265,0,0,0,0,0,1,0,0,0,0,0.0,0.0,0.0,0.0,0.0,0.0,0.0,0.0,0.0,0.0,0.0,0.0,0.0,1.0,0.0,0.0,1.0,0.0,1.0,0.0,0.0,0.0,0.0,0.0,1.0,0.0,2.0
28,64650.48,5651.54,23.0,234.00664,8.0,7.0,31.0,5.0,42.0,24.0,4.26,11.0,2994.91,29.363192,334.48566,276.6617,1,0,1,1,1,0,0,0,1,0,0.0,0.0,1.0,0.0,0.0,0.0,0.0,0.0,0.0,0.0,0.0,0.0,0.0,0.0,0.0,1.0,0.0,0.0,0.0,1.0,0.0,0.0,0.0,0.0,1.0,0.0,0.0
35,38027.68,3214.9734,110.0,99.32828,5.0,6.0,10.0,4.0,10.0,8.0,15.04,8.0,286.94,28.296911,105.72684,366.4422,1,0,1,1,0,0,0,0,0,0,1.0,0.0,0.0,0.0,0.0,0.0,0.0,0.0,0.0,0.0,0.0,0.0,0.0,0.0,0.0,0.0,0.0,1.0,0.0,1.0,1.0,0.0,0.0,0.0,0.0,0.0,1.0
33,74005.12,5941.0933,58.0,190.91109,6.0,8.0,19.0,6.0,19.0,17.0,12.69,7.0,2170.45,35.005333,215.58206,477.61618,0,1,1,1,1,0,0,0,0,0,0.0,0.0,0.0,0.0,0.0,0.0,0.0,0.0,0.0,0.0,0.0,0.0,1.0,0.0,0.0,0.0,0.0,1.0,0.0,1.0,0.0,0.0,0.0,0.0,0.0,1.0,0.0
39,7762.595,712.88293,48.0,10.552438,3.0,9.0,17.0,2.0,12.0,14.0,9.27,10.0,2407.95,32.938065,65.633415,285.10245,0,0,0,0,0,0,0,0,1,0,1.0,0.0,0.0,0.0,0.0,0.0,0.0,0.0,0.0,0.0,0.0,0.0,0.0,0.0,0.0,0.0,0.0,1.0,0.0,1.0,0.0,0.0,0.0,0.0,0.0,1.0,0.0
18,59502.28,4939.5234,106.0,188.69432,2.0,4.0,1.0,4.0,9.0,1.0,6.21,4.0,395.15,30.96359,56.860672,488.39734,1,0,0,1,0,0,0,0,0,1,0.0,0.0,0.0,0.0,1.0,0.0,0.0,0.0,0.0,0.0,0.0,0.0,0.0,0.0,0.0,0.0,1.0,0.0,1.0,0.0,1.0,0.0,0.0,0.0,0.0,0.0,1.0
23,71096.02,6140.6685,101.0,31.192333,6.0,3.0,18.0,1.0,30.0,8.0,3.26,5.0,1494.93,35.1531,317.07837,545.79614,0,0,0,0,1,0,0,0,0,0,0.0,0.0,0.0,0.0,0.0,0.0,0.0,0.0,0.0,1.0,0.0,0.0,0.0,0.0,0.0,0.0,0.0,1.0,1.0,0.0,0.0,0.0,0.0,0.0,1.0,0.0,1.0
32,22219.57,1687.6309,28.0,35.33648,7.0,5.0,8.0,3.0,8.0,18.0,13.23,13.0,502.78,30.674662,198.14493,225.28168,0,1,0,0,0,0,1,0,0,1,0.0,0.0,0.0,0.0,0.0,0.0,0.0,0.0,0.0,1.0,0.0,0.0,0.0,0.0,0.0,0.0,0.0,1.0,0.0,1.0,0.0,0.0,0.0,0.0,0.0,1.0,1.0
20,68369.88,5691.49,64.0,100.39045,4.0,5.0,11.0,2.0,13.0,22.0,9.66,2.0,40.13,42.136757,106.19305,602.5655,1,0,0,0,0,0,0,1,0,0,0.0,1.0,0.0,0.0,0.0,0.0,0.0,0.0,0.0,0.0,0.0,0.0,0.0,0.0,0.0,0.0,0.0,1.0,1.0,0.0,1.0,0.0,0.0,0.0,0.0,0.0,1.0
32,46162.62,3548.885,66.0,65.95682,10.0,5.0,16.0,2.0,45.0,19.0,2.45,6.0,1788.63,35.093605,51.315113,487.61658,0,0,1,0,0,0,0,0,1,0,0.0,0.0,0.0,0.0,1.0,0.0,0.0,0.0,0.0,0.0,0.0,0.0,0.0,0.0,0.0,1.0,0.0,0.0,0.0,1.0,0.0,1.0,0.0,0.0,0.0,0.0,0.0
49,41617.68,3350.14,120.0,94.46144,2.0,5.0,2.0,4.0,3.0,11.0,2.49,1.0,201.05,27.439497,103.72696,386.8256,1,0,1,0,0,0,0,1,0,1,0.0,0.0,0.0,0.0,0.0,0.0,0.0,0.0,1.0,0.0,0.0,0.0,0.0,0.0,0.0,0.0,1.0,0.0,1.0,0.0,0.0,1.0,0.0,0.0,0.0,0.0,1.0
26,62316.63,4895.0527,107.0,82.73318,8.0,4.0,7.0,2.0,12.0,11.0,6.94,1.0,417.27,28.732895,441.34384,235.42824,0,0,1,0,0,0,0,1,0,0,0.0,0.0,0.0,0.0,0.0,0.0,0.0,0.0,1.0,0.0,0.0,0.0,0.0,0.0,0.0,0.0,0.0,1.0,1.0,0.0,0.0,0.0,0.0,1.0,0.0,0.0,1.0
26,77677.38,6476.115,113.0,118.63055,3.0,7.0,7.0,2.0,23.0,13.0,1.42,2.0,86.8,41.547638,225.57211,593.4089,0,0,0,0,0,0,1,1,0,0,0.0,0.0,0.0,0.0,0.0,0.0,0.0,1.0,0.0,0.0,0.0,0.0,0.0,0.0,0.0,0.0,0.0,1.0,1.0,0.0,0.0,0.0,0.0,0.0,0.0,1.0,1.0
34,64977.54,5189.795,121.0,159.70705,5.0,6.0,3.0,3.0,1.0,8.0,8.26,1.0,1248.25,24.306273,240.82585,388.4466,0,1,0,1,0,0,0,0,0,0,0.0,0.0,0.0,0.0,1.0,0.0,0.0,0.0,0.0,0.0,0.0,0.0,0.0,0.0,0.0,0.0,1.0,0.0,1.0,0.0,0.0,0.0,0.0,1.0,0.0,0.0,1.0
46,14834.445,1082.2037,136.0,20.129446,0.0,7.0,2.0,2.0,10.0,1.0,6.51,3.0,1442.35,27.173794,61.711697,286.37924,0,1,0,0,0,0,0,0,0,1,0.0,0.0,1.0,0.0,0.0,0.0,0.0,0.0,0.0,0.0,0.0,0.0,0.0,0.0,0.0,0.0,1.0,0.0,1.0,0.0,0.0,0.0,1.0,0.0,0.0,0.0,1.0
36,30296.0,2732.6667,20.0,124.57432,10.0,8.0,22.0,6.0,28.0,20.0,3.14,10.0,2851.57,32.47167,133.20763,285.4847,0,0,1,0,0,0,1,1,1,1,0.0,0.0,0.0,0.0,1.0,0.0,0.0,0.0,0.0,0.0,0.0,0.0,0.0,0.0,0.0,1.0,0.0,0.0,0.0,1.0,0.0,0.0,0.0,1.0,0.0,0.0,1.0
53,29988.93,2753.0774,92.0,52.585476,5.0,5.0,3.0,4.0,6.0,11.0,3.28,1.0,1253.79,23.074162,150.46124,362.26105,1,1,1,0,1,0,0,0,0,0,1.0,0.0,0.0,0.0,0.0,0.0,0.0,0.0,0.0,0.0,0.0,0.0,0.0,0.0,0.0,0.0,1.0,0.0,1.0,0.0,0.0,0.0,0.0,0.0,0.0,1.0,1.0
51,20351.965,1782.9971,90.0,46.28269,3.0,4.0,2.0,3.0,10.0,7.0,8.98,5.0,1433.49,39.719296,123.5125,278.50452,1,0,0,0,0,0,0,0,1,1,1.0,0.0,0.0,0.0,0.0,0.0,0.0,0.0,0.0,0.0,0.0,0.0,0.0,0.0,0.0,0.0,1.0,0.0,1.0,0.0,0.0,0.0,0.0,0.0,1.0,0.0,1.0
41,35218.52,3195.8767,103.0,38.68319,1.0,2.0,3.0,2.0,7.0,9.0,4.03,0.0,961.92,26.831656,35.57551,485.32898,0,1,0,1,0,0,0,0,0,0,0.0,0.0,0.0,0.0,0.0,0.0,0.0,0.0,1.0,0.0,0.0,0.0,0.0,0.0,0.0,0.0,1.0,0.0,1.0,0.0,1.0,0.0,0.0,0.0,0.0,0.0,2.0
37,33868.83,3065.4026,47.0,56.46757,5.0,3.0,16.0,4.0,11.0,15.0,8.2,7.0,664.61,26.02632,32.68306,457.38962,1,0,1,1,0,0,0,0,1,0,0.0,1.0,0.0,0.0,0.0,0.0,0.0,0.0,0.0,0.0,0.0,0.0,0.0,0.0,0.0,0.0,0.0,1.0,0.0,1.0,1.0,0.0,0.0,0.0,0.0,0.0,1.0
29,45827.74,3953.9783,122.0,53.711243,5.0,6.0,6.0,2.0,11.0,8.0,2.33,2.0,978.02,30.548756,50.313065,541.37354,0,1,0,0,0,0,1,0,0,0,0.0,0.0,0.0,0.0,0.0,0.0,1.0,0.0,0.0,0.0,0.0,0.0,0.0,0.0,0.0,0.0,0.0,1.0,1.0,0.0,0.0,1.0,0.0,0.0,0.0,0.0,1.0
38,15659.24,1469.2323,42.0,149.18011,7.0,9.0,15.0,6.0,30.0,24.0,12.03,7.0,2521.81,28.655615,132.53503,243.98285,0,1,0,0,0,0,1,1,1,1,0.0,0.0,0.0,0.0,0.0,0.0,0.0,0.0,0.0,0.0,1.0,0.0,0.0,0.0,0.0,1.0,0.0,0.0,0.0,1.0,0.0,0.0,0.0,0.0,0.0,1.0,0.0
20,47406.22,3726.5183,123.0,0.0,4.0,7.0,20.0,0.0,11.0,17.0,-3.63,1.0,890.19,29.090946,391.03885,271.61298,0,0,0,0,0,1,0,0,0,0,0.0,0.0,1.0,0.0,0.0,0.0,0.0,0.0,0.0,0.0,0.0,0.0,0.0,0.0,0.0,0.0,0.0,1.0,1.0,0.0,0.0,0.0,0.0,0.0,0.0,1.0,1.0
33,43995.49,3927.2908,109.0,0.0,4.0,5.0,5.0,0.0,15.0,8.0,2.74,7.0,864.6,40.86733,29.978453,602.7506,0,0,0,0,0,1,0,0,0,0,0.0,1.0,0.0,0.0,0.0,0.0,0.0,0.0,0.0,0.0,0.0,0.0,0.0,0.0,0.0,0.0,1.0,0.0,1.0,0.0,1.0,0.0,0.0,0.0,0.0,0.0,0.0
33,16408.77,1644.3975,74.0,37.972034,4.0,6.0,23.0,3.0,22.0,13.0,14.11,9.0,1756.68,29.681696,113.897415,282.57028,1,0,1,0,0,0,0,0,1,0,0.0,1.0,0.0,0.0,0.0,0.0,0.0,0.0,0.0,0.0,0.0,0.0,0.0,0.0,0.0,0.0,0.0,1.0,0.0,1.0,0.0,0.0,0.0,1.0,0.0,0.0,0.0
17,8675.57,994.9642,48.0,38.193443,6.0,6.0,18.0,8.0,38.0,17.0,19.53,11.0,2502.15,36.14468,76.57836,274.7246,1,0,0,1,1,0,1,0,1,1,0.0,0.0,0.0,0.0,0.0,0.0,0.0,1.0,0.0,0.0,0.0,0.0,0.0,0.0,0.0,1.0,0.0,0.0,0.0,1.0,0.0,0.0,0.0,0.0,0.0,1.0,1.0
52,99868.83,8332.402,88.0,146.70125,2.0,3.0,2.0,3.0,5.0,11.0,9.11,1.0,693.76,37.825424,504.2438,442.2952,1,1,0,0,0,0,0,0,0,0,0.0,0.0,0.0,0.0,0.0,0.0,0.0,0.0,0.0,0.0,0.0,0.0,0.0,1.0,0.0,0.0,1.0,0.0,1.0,0.0,0.0,0.0,1.0,0.0,0.0,0.0,1.0
21,27956.77,2624.7307,116.0,26.98875,5.0,5.0,20.0,2.0,21.0,10.0,10.9,8.0,249.39,27.058039,173.00194,322.4824,0,0,0,0,1,0,1,0,0,0,0.0,0.0,1.0,0.0,0.0,0.0,0.0,0.0,0.0,0.0,0.0,0.0,0.0,0.0,0.0,0.0,0.0,1.0,0.0,1.0,0.0,0.0,1.0,0.0,0.0,0.0,1.0
56,99166.77,8305.897,113.0,0.0,1.0,7.0,7.0,0.0,20.0,7.0,7.92,3.0,1115.36,28.158718,361.95465,728.6351,0,0,0,0,0,1,0,0,0,0,0.0,0.0,0.0,0.0,0.0,0.0,0.0,1.0,0.0,0.0,0.0,0.0,0.0,0.0,0.0,0.0,1.0,0.0,1.0,0.0,0.0,0.0,1.0,0.0,0.0,0.0,2.0
28,75992.7,6407.725,125.0,54.039722,3.0,7.0,7.0,1.0,2.0,5.0,6.31,4.0,187.01,25.487247,404.3324,452.40036,0,0,1,0,0,0,0,0,0,0,0.0,0.0,0.0,0.0,0.0,0.0,0.0,0.0,0.0,0.0,0.0,0.0,0.0,0.0,1.0,0.0,1.0,0.0,1.0,0.0,0.0,0.0,0.0,1.0,0.0,0.0,1.0
31,16895.24,1509.9366,76.0,29.268887,0.0,7.0,9.0,3.0,25.0,9.0,3.69,0.0,1087.34,27.524973,168.62343,243.10135,0,0,1,0,0,0,0,1,0,0,0.0,1.0,0.0,0.0,0.0,0.0,0.0,0.0,0.0,0.0,0.0,0.0,0.0,0.0,0.0,0.0,1.0,0.0,1.0,0.0,0.0,0.0,0.0,0.0,0.0,1.0,0.0
32,14924.12,1347.6766,50.0,19.928364,8.0,7.0,16.0,2.0,8.0,19.0,10.8,7.0,22.71,40.11869,105.52362,299.31567,0,0,0,0,0,0,0,1,0,1,0.0,0.0,0.0,0.0,0.0,0.0,0.0,0.0,0.0,0.0,0.0,0.0,1.0,0.0,0.0,0.0,0.0,1.0,0.0,1.0,0.0,0.0,0.0,0.0,0.0,1.0,1.0
44,10728.4,720.0333,73.0,0.0,6.0,3.0,12.0,0.0,20.0,9.0,10.95,4.0,1375.35,34.0171,72.12627,279.87708,0,0,0,0,0,1,0,0,0,0,0.0,0.0,0.0,0.0,0.0,0.0,0.0,0.0,0.0,1.0,0.0,0.0,0.0,0.0,0.0,0.0,1.0,0.0,1.0,0.0,0.0,0.0,0.0,0.0,1.0,0.0,2.0
20,14681.68,1281.4734,24.0,54.241646,6.0,7.0,22.0,6.0,30.0,28.0,17.52,11.0,2918.12,36.54257,70.81185,283.09384,1,0,0,1,1,0,1,0,1,1,0.0,0.0,0.0,0.0,0.0,0.0,0.0,1.0,0.0,0.0,0.0,0.0,0.0,0.0,0.0,1.0,0.0,0.0,0.0,1.0,0.0,0.0,1.0,0.0,0.0,0.0,1.0
43,79794.6,6927.55,70.0,224.72467,8.0,4.0,7.0,4.0,11.0,13.0,13.46,5.0,830.5,42.125057,267.50443,450.5259,1,0,1,1,0,0,0,0,0,1,0.0,0.0,0.0,0.0,1.0,0.0,0.0,0.0,0.0,0.0,0.0,0.0,0.0,0.0,0.0,0.0,0.0,1.0,0.0,1.0,0.0,1.0,0.0,0.0,0.0,0.0,1.0
51,34188.05,2821.0042,117.0,0.0,5.0,6.0,17.0,0.0,14.0,18.0,7.71,8.0,34.45,27.288416,95.795425,446.305,0,0,0,0,0,1,0,0,0,0,0.0,0.0,0.0,0.0,1.0,0.0,0.0,0.0,0.0,0.0,0.0,0.0,0.0,0.0,0.0,0.0,0.0,1.0,0.0,1.0,0.0,0.0,1.0,0.0,0.0,0.0,2.0
43,68214.9,5660.575,114.0,59.131695,6.0,5.0,7.0,2.0,30.0,12.0,16.22,6.0,978.49,26.599884,110.68782,646.238,0,0,0,0,0,0,1,0,1,0,0.0,1.0,0.0,0.0,0.0,0.0,0.0,0.0,0.0,0.0,0.0,0.0,0.0,0.0,0.0,0.0,0.0,1.0,0.0,1.0,0.0,1.0,0.0,0.0,0.0,0.0,1.0
18,8459.02,997.91833,56.0,18.894157,7.0,7.0,14.0,3.0,15.0,20.0,10.36,7.0,789.89,38.08123,50.757854,320.13983,0,0,1,0,1,0,1,0,0,0,0.0,1.0,0.0,0.0,0.0,0.0,0.0,0.0,0.0,0.0,0.0,0.0,0.0,0.0,0.0,0.0,0.0,1.0,0.0,1.0,0.0,0.0,0.0,0.0,0.0,1.0,1.0
52,16257.915,1435.8263,92.0,0.0,3.0,7.0,2.0,0.0,24.0,18.0,4.03,3.0,1452.65,30.84382,88.46371,335.11893,0,0,0,0,0,1,0,0,0,0,0.0,0.0,0.0,0.0,0.0,1.0,0.0,0.0,0.0,0.0,0.0,0.0,0.0,0.0,0.0,0.0,0.0,1.0,1.0,0.0,0.0,0.0,0.0,0.0,1.0,0.0,1.0
52,13074.395,1356.533,125.0,9.175797,8.0,7.0,8.0,1.0,9.0,15.0,5.96,6.0,1048.26,31.142553,106.72932,299.74817,0,0,0,0,0,0,0,0,1,0,0.0,0.0,0.0,0.0,0.0,0.0,0.0,0.0,0.0,1.0,0.0,0.0,0.0,0.0,0.0,0.0,1.0,0.0,1.0,0.0,0.0,0.0,0.0,0.0,1.0,0.0,2.0
32,20908.12,1566.9077,114.0,139.17265,6.0,4.0,14.0,4.0,27.0,9.0,4.17,2.0,1461.03,35.4504,109.85011,261.64722,1,0,1,1,0,0,0,0,0,0,0.0,0.0,0.0,0.0,0.0,0.0,0.0,0.0,1.0,0.0,0.0,0.0,0.0,0.0,0.0,0.0,0.0,1.0,1.0,0.0,0.0,0.0,1.0,0.0,0.0,0.0,2.0
50,111674.25,9212.1875,125.0,233.8175,2.0,6.0,1.0,4.0,28.0,0.0,10.24,3.0,135.2,31.605717,158.15599,779.24524,0,0,0,1,1,0,1,0,1,0,0.0,0.0,0.0,0.0,0.0,0.0,1.0,0.0,0.0,0.0,0.0,0.0,0.0,0.0,0.0,0.0,1.0,0.0,1.0,0.0,0.0,1.0,0.0,0.0,0.0,0.0,0.0
45,17502.19,1380.5159,59.0,52.999516,7.0,5.0,6.0,5.0,5.0,11.0,19.32,4.0,251.99,38.922195,38.021206,307.03085,0,1,0,1,0,0,0,0,0,1,0.0,0.0,0.0,0.0,0.0,0.0,0.0,1.0,0.0,0.0,0.0,0.0,0.0,0.0,0.0,0.0,0.0,1.0,0.0,1.0,0.0,0.0,0.0,0.0,0.0,1.0,1.0
27,55000.62,4526.385,65.0,0.0,3.0,6.0,12.0,0.0,18.0,16.0,0.88,0.0,815.35,36.738964,238.31691,474.3216,0,0,0,0,0,1,0,0,0,0,0.0,0.0,0.0,0.0,0.0,0.0,0.0,1.0,0.0,0.0,0.0,0.0,0.0,0.0,0.0,0.0,0.0,1.0,1.0,0.0,0.0,0.0,1.0,0.0,0.0,0.0,1.0
34,19854.12,1425.51,45.0,48.20742,5.0,4.0,14.0,3.0,25.0,14.0,17.25,8.0,1213.8,29.129227,123.39989,260.9437,0,0,0,0,1,0,1,0,0,1,0.0,0.0,0.0,0.0,0.0,0.0,0.0,0.0,0.0,1.0,0.0,0.0,0.0,0.0,0.0,0.0,0.0,1.0,0.0,1.0,0.0,0.0,0.0,0.0,0.0,1.0,1.0
36,16364.675,1661.7229,69.0,16.379778,8.0,5.0,12.0,2.0,9.0,12.0,9.92,0.0,60.17,37.86232,96.48202,343.3105,0,1,1,0,0,0,0,0,0,0,0.0,0.0,0.0,0.0,0.0,0.0,0.0,0.0,0.0,0.0,0.0,1.0,0.0,0.0,0.0,0.0,1.0,0.0,1.0,0.0,0.0,0.0,0.0,0.0,0.0,1.0,1.0
44,24127.22,1765.6017,129.0,0.0,8.0,5.0,7.0,0.0,21.0,17.0,7.5,5.0,1158.96,31.829603,50.524117,376.03604,0,0,0,0,0,1,0,0,0,0,0.0,0.0,0.0,0.0,0.0,0.0,1.0,0.0,0.0,0.0,0.0,0.0,0.0,0.0,0.0,0.0,0.0,1.0,1.0,0.0,0.0,1.0,0.0,0.0,0.0,0.0,1.0
30,75299.36,6367.947,125.0,0.0,3.0,3.0,9.0,0.0,19.0,4.0,1.16,2.0,1041.4,35.934185,359.18607,557.60864,0,0,0,0,0,1,0,0,0,0,0.0,0.0,0.0,0.0,0.0,0.0,0.0,0.0,1.0,0.0,0.0,0.0,0.0,0.0,0.0,0.0,1.0,0.0,1.0,0.0,0.0,0.0,0.0,0.0,1.0,0.0,0.0
39,35284.57,2873.3809,133.0,38.38174,3.0,4.0,9.0,2.0,11.0,0.0,3.92,4.0,1109.18,34.491352,56.695004,452.26135,0,0,1,0,0,0,0,0,1,0,0.0,0.0,0.0,0.0,0.0,1.0,0.0,0.0,0.0,0.0,0.0,0.0,0.0,0.0,0.0,0.0,1.0,0.0,1.0,0.0,0.0,0.0,1.0,0.0,0.0,0.0,2.0
35,8858.405,1022.20044,56.0,8.562244,6.0,8.0,26.0,2.0,23.0,8.0,11.99,11.0,2431.08,36.47277,44.19724,329.46057,0,0,0,0,0,0,1,1,0,0,0.0,0.0,0.0,0.0,0.0,0.0,0.0,0.0,0.0,0.0,1.0,0.0,0.0,0.0,0.0,0.0,0.0,1.0,0.0,1.0,0.0,0.0,0.0,0.0,1.0,0.0,0.0
23,16106.15,1444.1792,83.0,35.490955,8.0,3.0,10.0,3.0,18.0,6.0,0.52,5.0,109.59,36.517532,77.38627,311.5407,1,0,0,1,0,0,1,0,0,0,0.0,0.0,0.0,0.0,0.0,0.0,0.0,0.0,0.0,0.0,0.0,0.0,1.0,0.0,0.0,0.0,0.0,1.0,0.0,1.0,0.0,0.0,0.0,0.0,1.0,0.0,1.0
18,77854.26,6411.855,95.0,92.707726,3.0,4.0,11.0,2.0,5.0,11.0,1.3,0.0,1220.31,41.062927,359.05405,449.42374,0,0,0,0,0,0,0,0,1,1,0.0,0.0,0.0,0.0,0.0,0.0,0.0,0.0,0.0,0.0,0.0,0.0,1.0,0.0,0.0,0.0,1.0,0.0,1.0,0.0,0.0,0.0,1.0,0.0,0.0,0.0,2.0
33,23336.97,1744.7476,86.0,17.019997,3.0,4.0,20.0,1.0,11.0,17.0,5.96,3.0,276.17,31.113394,52.78065,364.6741,0,0,0,1,0,0,0,0,0,0,0.0,0.0,0.0,0.0,0.0,0.0,0.0,0.0,0.0,0.0,0.0,0.0,0.0,0.0,1.0,0.0,0.0,1.0,1.0,0.0,0.0,0.0,0.0,0.0,1.0,0.0,1.0
27,65500.84,5457.4033,129.0,197.5671,4.0,3.0,18.0,4.0,8.0,13.0,4.26,1.0,1088.57,29.206844,185.89502,412.27823,1,0,0,0,0,0,0,0,1,1,0.0,0.0,1.0,0.0,0.0,0.0,0.0,0.0,0.0,0.0,0.0,0.0,0.0,0.0,0.0,0.0,0.0,1.0,1.0,0.0,0.0,1.0,0.0,0.0,0.0,0.0,1.0
49,28074.06,2139.505,134.0,15.500163,1.0,6.0,1.0,1.0,8.0,5.0,-0.02,0.0,577.79,35.40942,88.421394,360.02893,0,0,1,0,0,0,0,0,0,0,0.0,0.0,0.0,0.0,1.0,0.0,0.0,0.0,0.0,0.0,0.0,0.0,0.0,0.0,0.0,0.0,1.0,0.0,1.0,0.0,0.0,1.0,0.0,0.0,0.0,0.0,2.0
27,92939.49,8014.9575,66.0,148.29608,0.0,5.0,5.0,2.0,10.0,7.0,11.8,2.0,741.64,35.468437,266.75967,636.44,0,0,0,0,1,0,0,0,0,1,0.0,0.0,0.0,0.0,0.0,0.0,0.0,0.0,0.0,0.0,0.0,0.0,0.0,1.0,0.0,0.0,1.0,0.0,1.0,0.0,0.0,1.0,0.0,0.0,0.0,0.0,2.0
29,79494.4,6501.533,78.0,268.4594,4.0,3.0,22.0,5.0,8.0,11.0,9.92,11.0,2307.13,35.633858,51.091473,570.6025,0,1,0,1,1,0,0,0,1,1,0.0,0.0,1.0,0.0,0.0,0.0,0.0,0.0,0.0,0.0,0.0,0.0,0.0,0.0,0.0,0.0,0.0,1.0,0.0,1.0,1.0,0.0,0.0,0.0,0.0,0.0,0.0
41,56195.04,4901.92,64.0,210.6412,9.0,5.0,17.0,8.0,33.0,17.0,1.78,12.0,1450.16,28.314468,54.249683,465.30112,1,0,0,1,1,0,1,1,1,0,0.0,0.0,1.0,0.0,0.0,0.0,0.0,0.0,0.0,0.0,0.0,0.0,0.0,0.0,0.0,1.0,0.0,0.0,0.0,1.0,1.0,0.0,0.0,0.0,0.0,0.0,0.0
42,42265.53,3297.1274,60.0,112.393906,7.0,5.0,32.0,6.0,30.0,9.0,9.0,8.0,2107.97,26.407942,171.3388,335.98004,1,1,0,1,0,0,0,0,1,1,0.0,0.0,0.0,0.0,1.0,0.0,0.0,0.0,0.0,0.0,0.0,0.0,0.0,0.0,0.0,0.0,0.0,1.0,0.0,1.0,0.0,0.0,0.0,0.0,0.0,1.0,0.0
32,14214.46,898.5383,71.0,41.886166,4.0,7.0,19.0,4.0,17.0,8.0,12.7,7.0,908.46,38.160606,55.718807,282.24887,1,0,0,0,1,0,0,0,1,0,0.0,0.0,0.0,0.0,0.0,1.0,0.0,0.0,0.0,0.0,0.0,0.0,0.0,0.0,0.0,0.0,0.0,1.0,0.0,1.0,0.0,0.0,0.0,0.0,0.0,1.0,1.0
52,49822.0,4116.8335,127.0,0.0,7.0,4.0,5.0,0.0,14.0,17.0,2.66,1.0,1103.08,34.65642,347.74716,343.9362,0,0,0,0,0,1,0,0,0,0,0.0,0.0,0.0,0.0,0.0,0.0,1.0,0.0,0.0,0.0,0.0,0.0,0.0,0.0,0.0,0.0,1.0,0.0,1.0,0.0,0.0,0.0,0.0,0.0,1.0,0.0,2.0
35,28005.44,2582.7866,105.0,21.980614,1.0,3.0,1.0,1.0,4.0,3.0,3.25,3.0,527.79,26.20483,158.80527,347.4928,0,0,0,0,0,0,0,0,0,1,0.0,0.0,0.0,0.0,0.0,0.0,0.0,1.0,0.0,0.0,0.0,0.0,0.0,0.0,0.0,0.0,1.0,0.0,1.0,0.0,0.0,0.0,0.0,1.0,0.0,0.0,0.0
48,24894.05,2371.5042,134.0,0.0,8.0,3.0,8.0,0.0,21.0,13.0,2.3,4.0,86.43,36.22205,86.232765,440.91766,0,0,0,0,0,1,0,0,0,0,0.0,0.0,0.0,0.0,0.0,0.0,0.0,0.0,1.0,0.0,0.0,0.0,0.0,0.0,0.0,0.0,0.0,1.0,1.0,0.0,0.0,0.0,0.0,0.0,0.0,1.0,1.0
45,20945.38,1619.4484,62.0,50.42425,3.0,5.0,11.0,3.0,18.0,19.0,21.25,8.0,1396.35,33.50022,211.21889,190.3017,0,1,0,1,0,0,0,0,0,1,0.0,0.0,0.0,1.0,0.0,0.0,0.0,0.0,0.0,0.0,0.0,0.0,0.0,0.0,0.0,0.0,0.0,1.0,0.0,1.0,0.0,0.0,0.0,0.0,0.0,1.0,1.0
27,35823.96,2937.33,43.0,112.43578,6.0,8.0,22.0,5.0,34.0,20.0,7.35,8.0,3029.92,38.263554,66.77133,364.52588,1,0,1,0,0,0,1,0,1,0,1.0,0.0,0.0,0.0,0.0,0.0,0.0,0.0,0.0,0.0,0.0,0.0,0.0,0.0,0.0,1.0,0.0,0.0,0.0,1.0,0.0,1.0,0.0,0.0,0.0,0.0,0.0
22,16083.84,1488.32,69.0,14.686812,7.0,4.0,11.0,2.0,15.0,18.0,7.92,0.0,537.64,26.043795,119.49954,304.64563,0,0,0,1,0,0,0,1,0,0,1.0,0.0,0.0,0.0,0.0,0.0,0.0,0.0,0.0,0.0,0.0,0.0,0.0,0.0,0.0,0.0,0.0,1.0,0.0,1.0,0.0,0.0,0.0,0.0,0.0,1.0,0.0
31,30979.28,2367.6067,59.0,177.37303,5.0,3.0,22.0,7.0,17.0,16.0,9.75,5.0,1317.34,27.58503,94.86187,214.52576,0,0,1,1,1,0,1,1,1,0,0.0,0.0,0.0,0.0,0.0,0.0,0.0,0.0,0.0,0.0,1.0,0.0,0.0,0.0,0.0,0.0,0.0,1.0,0.0,1.0,0.0,1.0,0.0,0.0,0.0,0.0,0.0
44,14283.665,944.3054,93.0,33.687912,6.0,4.0,9.0,4.0,24.0,11.0,10.6,0.0,1225.88,34.665054,31.763025,298.9796,1,1,1,0,0,0,0,1,0,0,0.0,0.0,0.0,0.0,1.0,0.0,0.0,0.0,0.0,0.0,0.0,0.0,0.0,0.0,0.0,0.0,0.0,1.0,1.0,0.0,0.0,0.0,0.0,1.0,0.0,0.0,1.0
37,69840.02,5874.0015,84.0,49.69735,6.0,5.0,10.0,1.0,21.0,8.0,3.42,4.0,651.86,30.539574,283.0397,544.6631,0,0,0,0,0,0,0,1,0,0,0.0,0.0,1.0,0.0,0.0,0.0,0.0,0.0,0.0,0.0,0.0,0.0,0.0,0.0,0.0,0.0,1.0,0.0,1.0,0.0,0.0,0.0,0.0,0.0,0.0,1.0,1.0
32,14318.26,1043.1884,26.0,50.292656,8.0,8.0,17.0,5.0,40.0,22.0,21.1,12.0,2598.38,36.818306,65.57083,268.45535,1,0,0,1,1,0,1,0,0,0,0.0,0.0,0.0,0.0,0.0,0.0,0.0,0.0,0.0,1.0,0.0,0.0,0.0,0.0,0.0,1.0,0.0,0.0,0.0,1.0,0.0,0.0,0.0,0.0,1.0,0.0,0.0
42,68088.15,5842.0127,87.0,42.39377,7.0,7.0,10.0,1.0,7.0,18.0,4.25,0.0,1429.03,30.275986,112.827194,668.9803,0,0,0,0,0,0,0,0,1,0,0.0,0.0,0.0,0.0,0.0,0.0,0.0,0.0,0.0,0.0,0.0,1.0,0.0,0.0,0.0,0.0,0.0,1.0,1.0,0.0,1.0,0.0,0.0,0.0,0.0,0.0,1.0
28,35933.67,2728.4724,64.0,0.0,5.0,4.0,7.0,0.0,3.0,5.0,5.95,4.0,98.89,25.995949,57.1366,475.71066,0,0,0,0,0,1,0,0,0,0,0.0,0.0,0.0,0.0,0.0,0.0,0.0,0.0,0.0,0.0,1.0,0.0,0.0,0.0,0.0,0.0,1.0,0.0,1.0,0.0,0.0,0.0,1.0,0.0,0.0,0.0,1.0
24,11731.585,828.6321,76.0,15.359696,8.0,3.0,6.0,2.0,11.0,10.0,7.48,2.0,289.73,34.947227,15.755649,311.74786,0,1,0,0,0,0,0,0,0,1,0.0,0.0,0.0,0.0,0.0,0.0,0.0,0.0,0.0,1.0,0.0,0.0,0.0,0.0,0.0,0.0,0.0,1.0,0.0,1.0,0.0,0.0,0.0,0.0,1.0,0.0,1.0
22,60668.72,5310.7266,119.0,47.496758,3.0,7.0,2.0,1.0,13.0,9.0,0.6,2.0,922.32,40.80351,170.45168,573.12427,0,0,0,0,0,0,0,0,0,1,0.0,0.0,0.0,0.0,0.0,1.0,0.0,0.0,0.0,0.0,0.0,0.0,0.0,0.0,0.0,0.0,1.0,0.0,1.0,0.0,0.0,0.0,1.0,0.0,0.0,0.0,1.0
47,38391.66,2921.305,102.0,24.362192,4.0,1.0,1.0,1.0,1.0,2.0,9.08,5.0,271.61,29.61536,213.17046,334.59784,0,0,0,0,1,0,0,0,0,0,1.0,0.0,0.0,0.0,0.0,0.0,0.0,0.0,0.0,0.0,0.0,0.0,0.0,0.0,0.0,0.0,1.0,0.0,1.0,0.0,0.0,0.0,0.0,0.0,1.0,0.0,1.0
32,38250.71,2941.559,105.0,91.48681,1.0,7.0,8.0,3.0,15.0,2.0,0.76,7.0,1464.74,41.259212,152.88745,309.78165,1,0,0,0,1,0,0,0,1,0,0.0,0.0,0.0,0.0,0.0,0.0,0.0,0.0,0.0,0.0,0.0,0.0,0.0,0.0,1.0,0.0,1.0,0.0,1.0,0.0,0.0,0.0,1.0,0.0,0.0,0.0,2.0
30,57617.88,4740.49,29.0,292.96976,6.0,9.0,26.0,9.0,48.0,27.0,5.49,6.0,1747.08,32.547195,173.07524,288.004,1,1,0,1,0,0,1,1,1,1,0.0,0.0,0.0,0.0,0.0,0.0,0.0,1.0,0.0,0.0,0.0,0.0,0.0,0.0,0.0,1.0,0.0,0.0,0.0,1.0,0.0,0.0,0.0,0.0,1.0,0.0,0.0
46,49889.38,4359.448,118.0,0.0,6.0,7.0,8.0,0.0,6.0,17.0,5.12,2.0,1450.37,32.735687,223.65764,492.2872,0,0,0,0,0,1,0,0,0,0,1.0,0.0,0.0,0.0,0.0,0.0,0.0,0.0,0.0,0.0,0.0,0.0,0.0,0.0,0.0,0.0,1.0,0.0,1.0,0.0,0.0,0.0,0.0,0.0,1.0,0.0,2.0
34,8108.77,535.73083,29.0,29.750181,6.0,3.0,34.0,6.0,13.0,16.0,10.62,11.0,2004.87,35.439934,36.727478,277.09543,1,1,0,1,1,0,0,1,0,0,0.0,0.0,0.0,0.0,0.0,0.0,0.0,0.0,0.0,0.0,1.0,0.0,0.0,0.0,0.0,0.0,0.0,1.0,0.0,1.0,0.0,0.0,0.0,0.0,0.0,1.0,0.0
40,42241.19,3231.099,110.0,0.0,0.0,5.0,11.0,0.0,0.0,11.0,3.24,9.0,190.04,41.231205,182.16249,410.94742,0,0,0,0,0,1,0,0,0,0,0.0,0.0,0.0,0.0,0.0,0.0,1.0,0.0,0.0,0.0,0.0,0.0,0.0,0.0,0.0,0.0,1.0,0.0,1.0,0.0,0.0,0.0,0.0,1.0,0.0,0.0,2.0
21,58367.36,4921.947,71.0,55.581505,5.0,4.0,5.0,2.0,5.0,9.0,11.89,5.0,1339.95,32.515526,450.2714,276.34177,0,0,0,0,0,0,0,0,1,0,0.0,0.0,1.0,0.0,0.0,0.0,0.0,0.0,0.0,0.0,0.0,0.0,0.0,0.0,0.0,0.0,0.0,1.0,0.0,1.0,0.0,0.0,0.0,0.0,0.0,1.0,1.0
18,58961.86,4900.4883,132.0,0.0,2.0,3.0,8.0,0.0,9.0,4.0,15.06,3.0,75.14,33.6893,181.04037,569.0084,0,0,0,0,0,1,0,0,0,0,0.0,0.0,0.0,0.0,1.0,0.0,0.0,0.0,0.0,0.0,0.0,0.0,0.0,0.0,0.0,0.0,1.0,0.0,1.0,0.0,0.0,0.0,1.0,0.0,0.0,0.0,1.0
41,53354.85,4633.2373,65.0,162.25186,8.0,10.0,24.0,4.0,25.0,20.0,17.22,11.0,1966.12,37.417408,348.5882,232.48369,0,1,0,0,1,0,0,1,0,0,0.0,0.0,0.0,0.0,1.0,0.0,0.0,0.0,0.0,0.0,0.0,0.0,0.0,0.0,0.0,1.0,0.0,0.0,0.0,1.0,0.0,0.0,0.0,0.0,1.0,0.0,0.0
25,40105.03,3515.086,110.0,17.861334,2.0,6.0,4.0,1.0,3.0,4.0,6.55,3.0,618.37,28.609068,329.97208,293.67517,1,0,0,0,0,0,0,0,0,0,0.0,0.0,0.0,0.0,0.0,0.0,0.0,0.0,0.0,0.0,0.0,0.0,0.0,0.0,1.0,0.0,1.0,0.0,1.0,0.0,0.0,0.0,0.0,0.0,0.0,1.0,1.0
55,68588.28,5913.69,129.0,35.65186,8.0,7.0,17.0,1.0,11.0,9.0,2.61,3.0,347.58,30.43426,195.49202,610.2251,0,0,0,0,0,0,0,1,0,0,0.0,0.0,0.0,0.0,0.0,0.0,0.0,0.0,0.0,0.0,0.0,0.0,1.0,0.0,0.0,0.0,0.0,1.0,1.0,0.0,0.0,1.0,0.0,0.0,0.0,0.0,1.0
36,66560.22,5369.685,124.0,80.292,5.0,7.0,20.0,2.0,30.0,15.0,8.93,0.0,837.34,40.182816,49.97066,646.7058,0,0,0,0,0,0,0,1,0,1,0.0,0.0,0.0,0.0,0.0,0.0,0.0,0.0,0.0,0.0,0.0,0.0,1.0,0.0,0.0,0.0,0.0,1.0,0.0,1.0,1.0,0.0,0.0,0.0,0.0,0.0,1.0
40,9615.485,607.2904,67.0,40.694878,7.0,6.0,32.0,6.0,11.0,13.0,17.31,12.0,2107.04,22.053486,27.919779,282.11438,0,0,0,1,0,0,1,0,1,1,0.0,0.0,1.0,0.0,0.0,0.0,0.0,0.0,0.0,0.0,0.0,0.0,0.0,0.0,0.0,0.0,0.0,1.0,0.0,1.0,0.0,0.0,0.0,0.0,0.0,1.0,1.0
49,32314.44,2805.87,89.0,204.91791,2.0,5.0,5.0,3.0,9.0,10.0,5.54,0.0,1339.6,30.445852,189.40427,270.96854,0,1,0,0,0,0,1,0,0,1,0.0,0.0,0.0,0.0,0.0,1.0,0.0,0.0,0.0,0.0,0.0,0.0,0.0,0.0,0.0,0.0,1.0,0.0,1.0,0.0,0.0,0.0,1.0,0.0,0.0,0.0,2.0
29,13499.855,1026.9879,85.0,12.00028,7.0,3.0,3.0,2.0,7.0,8.0,1.92,0.0,453.75,36.35195,54.574226,296.1243,1,0,1,0,0,0,0,0,0,0,0.0,0.0,0.0,0.0,0.0,0.0,0.0,0.0,0.0,0.0,0.0,0.0,1.0,0.0,0.0,0.0,0.0,1.0,1.0,0.0,0.0,0.0,1.0,0.0,0.0,0.0,1.0
31,32411.63,2752.9692,70.0,27.848305,8.0,7.0,6.0,2.0,6.0,20.0,7.78,5.0,313.97,39.25624,146.40544,391.04318,0,0,0,0,1,0,0,0,1,0,0.0,0.0,0.0,0.0,0.0,0.0,0.0,0.0,0.0,0.0,1.0,0.0,0.0,0.0,0.0,0.0,0.0,1.0,1.0,0.0,0.0,0.0,0.0,0.0,0.0,1.0,1.0
27,9817.065,1095.0887,46.0,14.989486,8.0,10.0,24.0,3.0,26.0,16.0,1.5,6.0,2083.5,27.73026,75.377846,309.14154,1,0,0,0,1,0,1,0,0,0,0.0,1.0,0.0,0.0,0.0,0.0,0.0,0.0,0.0,0.0,0.0,0.0,0.0,0.0,0.0,1.0,0.0,0.0,0.0,1.0,0.0,0.0,0.0,0.0,0.0,1.0,0.0
45,65793.66,5616.805,51.0,113.275764,6.0,3.0,11.0,4.0,22.0,19.0,13.53,5.0,1494.35,28.617489,401.20877,337.19595,1,0,1,0,0,0,0,0,1,1,0.0,0.0,0.0,0.0,0.0,1.0,0.0,0.0,0.0,0.0,0.0,0.0,0.0,0.0,0.0,0.0,0.0,1.0,0.0,1.0,0.0,0.0,0.0,0.0,0.0,1.0,1.0
43,17556.41,1192.0342,65.0,42.127903,8.0,10.0,34.0,4.0,21.0,10.0,11.09,9.0,2178.73,38.2883,38.065098,319.0104,1,0,0,0,1,0,0,0,1,1,0.0,0.0,0.0,0.0,0.0,0.0,0.0,0.0,0.0,0.0,0.0,0.0,0.0,0.0,1.0,0.0,0.0,1.0,0.0,1.0,0.0,0.0,0.0,0.0,1.0,0.0,0.0
18,9381.05,559.75415,76.0,27.918188,10.0,10.0,16.0,7.0,19.0,21.0,7.29,8.0,1625.4,39.763493,37.100872,260.95636,1,1,0,1,1,0,0,1,0,1,0.0,0.0,0.0,1.0,0.0,0.0,0.0,0.0,0.0,0.0,0.0,0.0,0.0,0.0,0.0,1.0,0.0,0.0,0.0,1.0,0.0,0.0,0.0,1.0,0.0,0.0,1.0
39,17692.555,1711.3796,104.0,11.826839,5.0,4.0,9.0,1.0,22.0,17.0,18.74,3.0,813.67,25.906746,46.98986,392.32126,0,0,0,0,0,0,0,0,0,1,0.0,0.0,1.0,0.0,0.0,0.0,0.0,0.0,0.0,0.0,0.0,0.0,0.0,0.0,0.0,0.0,0.0,1.0,0.0,1.0,0.0,0.0,0.0,0.0,1.0,0.0,1.0
41,8786.87,592.2392,74.0,16.807428,9.0,9.0,21.0,3.0,18.0,19.0,4.92,9.0,1751.32,23.90112,71.12042,261.29605,0,0,0,0,0,0,0,0,1,1,0.0,0.0,0.0,0.0,0.0,0.0,0.0,1.0,0.0,0.0,0.0,0.0,0.0,0.0,0.0,1.0,0.0,0.0,0.0,1.0,0.0,0.0,0.0,0.0,0.0,1.0,0.0
33,31641.76,2388.8132,78.0,0.0,5.0,2.0,3.0,0.0,2.0,7.0,6.06,1.0,1277.7,26.375399,82.72401,406.15732,0,0,0,0,0,1,0,0,0,0,0.0,1.0,0.0,0.0,0.0,0.0,0.0,0.0,0.0,0.0,0.0,0.0,0.0,0.0,0.0,0.0,1.0,0.0,1.0,0.0,0.0,1.0,0.0,0.0,0.0,0.0,2.0
28,58074.15,4881.5127,44.0,207.66934,8.0,6.0,24.0,8.0,24.0,23.0,26.76,10.0,2829.78,27.105137,129.74144,400.74048,0,0,1,1,1,0,1,0,0,0,0.0,0.0,0.0,0.0,1.0,0.0,0.0,0.0,0.0,0.0,0.0,0.0,0.0,0.0,0.0,1.0,0.0,0.0,0.0,1.0,0.0,0.0,0.0,0.0,0.0,1.0,0.0
40,75655.48,6016.6235,139.0,111.023026,1.0,3.0,11.0,3.0,4.0,9.0,11.0,1.0,1174.52,37.46567,203.21333,567.42596,1,0,0,0,0,0,1,0,0,0,0.0,0.0,0.0,0.0,0.0,0.0,0.0,0.0,0.0,0.0,0.0,1.0,0.0,0.0,0.0,0.0,1.0,0.0,1.0,0.0,0.0,0.0,0.0,0.0,1.0,0.0,1.0
44,20974.05,1914.8375,64.0,83.763245,7.0,8.0,27.0,6.0,38.0,12.0,14.54,12.0,1460.23,23.87259,190.3938,207.3267,1,1,1,1,0,0,0,1,0,0,0.0,0.0,1.0,0.0,0.0,0.0,0.0,0.0,0.0,0.0,0.0,0.0,0.0,0.0,0.0,0.0,0.0,1.0,0.0,1.0,0.0,0.0,0.0,0.0,0.0,1.0,0.0
26,39560.62,3247.7183,86.0,189.0428,6.0,10.0,29.0,7.0,23.0,20.0,11.66,9.0,1513.0,39.817024,73.929306,301.7997,1,1,0,1,1,0,0,0,0,0,0.0,0.0,0.0,0.0,1.0,0.0,0.0,0.0,0.0,0.0,0.0,0.0,0.0,0.0,0.0,0.0,0.0,1.0,0.0,1.0,1.0,0.0,0.0,0.0,0.0,0.0,0.0
30,64980.72,5473.06,133.0,88.44823,4.0,7.0,6.0,2.0,2.0,1.0,0.78,3.0,375.38,39.543404,320.2986,428.55917,0,0,1,0,0,0,0,0,1,0,0.0,0.0,0.0,0.0,0.0,0.0,0.0,0.0,0.0,0.0,0.0,0.0,1.0,0.0,0.0,0.0,1.0,0.0,1.0,0.0,0.0,0.0,0.0,0.0,0.0,1.0,1.0
21,19436.305,1849.6921,104.0,32.445393,4.0,2.0,8.0,4.0,4.0,5.0,-0.36,0.0,244.27,31.192154,87.237175,355.28662,0,0,0,1,1,0,0,0,1,1,0.0,1.0,0.0,0.0,0.0,0.0,0.0,0.0,0.0,0.0,0.0,0.0,0.0,0.0,0.0,0.0,1.0,0.0,1.0,0.0,0.0,0.0,0.0,0.0,0.0,1.0,1.0
35,17283.9,1360.325,82.0,55.01571,3.0,3.0,6.0,4.0,5.0,16.0,9.41,8.0,759.22,32.370773,81.651245,279.36554,1,0,0,1,1,0,0,1,0,0,0.0,0.0,0.0,0.0,0.0,0.0,0.0,0.0,0.0,0.0,0.0,0.0,0.0,0.0,1.0,0.0,0.0,1.0,0.0,1.0,0.0,0.0,0.0,0.0,1.0,0.0,1.0
34,22438.27,1856.8558,123.0,58.43631,7.0,7.0,9.0,4.0,16.0,12.0,11.24,3.0,167.57,28.604433,64.25011,322.99918,1,0,1,0,1,0,0,0,0,1,0.0,0.0,0.0,0.0,0.0,0.0,0.0,0.0,1.0,0.0,0.0,0.0,0.0,0.0,0.0,0.0,0.0,1.0,1.0,0.0,0.0,0.0,1.0,0.0,0.0,0.0,1.0
48,32283.05,2845.2542,104.0,0.0,8.0,6.0,17.0,0.0,7.0,8.0,13.09,4.0,291.29,36.314934,103.30714,471.2183,0,0,0,0,0,1,0,0,0,0,0.0,0.0,0.0,0.0,0.0,0.0,0.0,1.0,0.0,0.0,0.0,0.0,0.0,0.0,0.0,0.0,0.0,1.0,0.0,1.0,0.0,0.0,0.0,0.0,0.0,1.0,1.0
33,17914.24,1744.8534,46.0,65.91463,6.0,6.0,11.0,5.0,25.0,7.0,11.98,5.0,703.21,32.421757,220.33017,178.24054,0,0,1,0,1,0,1,1,0,0,0.0,1.0,0.0,0.0,0.0,0.0,0.0,0.0,0.0,0.0,0.0,0.0,0.0,0.0,0.0,0.0,0.0,1.0,0.0,1.0,0.0,0.0,0.0,0.0,0.0,1.0,1.0
21,54025.95,4426.1626,81.0,114.632034,6.0,3.0,29.0,4.0,16.0,15.0,15.19,14.0,2331.61,41.356007,39.212402,528.7718,1,0,0,0,1,0,0,0,0,0,0.0,0.0,0.0,0.0,0.0,0.0,0.0,0.0,0.0,0.0,0.0,1.0,0.0,0.0,0.0,0.0,0.0,1.0,0.0,1.0,1.0,0.0,0.0,0.0,0.0,0.0,0.0
55,22133.01,1583.4175,79.0,0.0,5.0,6.0,5.0,0.0,18.0,9.0,-1.36,2.0,1071.74,33.655956,185.19739,263.14435,0,0,0,0,0,1,0,0,0,0,0.0,0.0,0.0,1.0,0.0,0.0,0.0,0.0,0.0,0.0,0.0,0.0,0.0,0.0,0.0,0.0,0.0,1.0,1.0,0.0,0.0,0.0,0.0,0.0,0.0,1.0,1.0
25,48409.17,4021.0974,59.0,98.65879,8.0,6.0,12.0,4.0,17.0,19.0,16.38,8.0,2120.2,40.56959,91.47979,461.97116,0,1,1,0,0,0,0,1,1,0,0.0,0.0,0.0,0.0,0.0,0.0,0.0,0.0,0.0,0.0,0.0,1.0,0.0,0.0,0.0,0.0,0.0,1.0,0.0,1.0,0.0,1.0,0.0,0.0,0.0,0.0,1.0
53,85498.65,7313.8877,69.0,151.79527,3.0,3.0,14.0,3.0,9.0,17.0,11.38,2.0,397.93,33.649193,147.14905,672.4444,0,1,0,0,1,0,1,0,0,0,0.0,0.0,0.0,0.0,0.0,0.0,0.0,0.0,1.0,0.0,0.0,0.0,0.0,0.0,0.0,0.0,0.0,1.0,0.0,1.0,1.0,0.0,0.0,0.0,0.0,0.0,1.0
30,88556.7,7158.725,96.0,60.73626,1.0,3.0,8.0,1.0,13.0,12.0,2.17,0.0,732.51,36.88613,118.04053,777.0957,0,0,1,0,0,0,0,0,0,0,0.0,0.0,0.0,0.0,1.0,0.0,0.0,0.0,0.0,0.0,0.0,0.0,0.0,0.0,0.0,0.0,1.0,0.0,1.0,0.0,1.0,0.0,0.0,0.0,0.0,0.0,1.0
49,35207.73,3081.9775,107.0,38.984165,4.0,7.0,5.0,2.0,11.0,8.0,11.85,2.0,871.67,34.176533,60.33248,458.8811,1,0,1,0,0,0,0,0,0,0,0.0,0.0,0.0,0.0,0.0,0.0,0.0,0.0,0.0,0.0,0.0,0.0,0.0,0.0,1.0,0.0,1.0,0.0,1.0,0.0,0.0,1.0,0.0,0.0,0.0,0.0,0.0
37,14599.89,1464.6575,44.0,39.08623,7.0,8.0,21.0,5.0,23.0,16.0,21.64,13.0,2660.55,37.968273,95.39824,291.9813,0,0,1,1,0,0,0,1,1,0,0.0,0.0,0.0,0.0,0.0,0.0,0.0,0.0,0.0,1.0,0.0,0.0,0.0,0.0,0.0,1.0,0.0,0.0,0.0,1.0,0.0,0.0,0.0,0.0,1.0,0.0,1.0
38,18025.17,1599.0975,69.0,26.154642,4.0,3.0,12.0,3.0,12.0,1.0,10.28,3.0,681.54,33.270035,119.40501,304.3501,1,1,1,0,0,0,0,0,0,0,0.0,0.0,0.0,0.0,0.0,0.0,0.0,0.0,0.0,0.0,0.0,0.0,0.0,1.0,0.0,0.0,1.0,0.0,1.0,0.0,0.0,0.0,0.0,0.0,0.0,1.0,0.0
51,43075.97,3481.664,75.0,30.30666,3.0,5.0,12.0,1.0,4.0,9.0,7.81,0.0,228.63,37.396595,350.40384,257.4559,0,0,0,0,0,0,0,1,0,0,0.0,0.0,0.0,0.0,0.0,0.0,0.0,0.0,0.0,0.0,0.0,1.0,0.0,0.0,0.0,0.0,1.0,0.0,1.0,0.0,0.0,0.0,0.0,0.0,0.0,1.0,2.0
46,21809.35,1672.4458,107.0,16.392357,5.0,7.0,10.0,1.0,4.0,1.0,1.56,5.0,739.01,31.755621,108.864494,331.98773,0,0,0,0,0,0,0,0,1,0,0.0,0.0,0.0,1.0,0.0,0.0,0.0,0.0,0.0,0.0,0.0,0.0,0.0,0.0,0.0,0.0,1.0,0.0,1.0,0.0,0.0,0.0,0.0,0.0,0.0,1.0,1.0
43,56370.98,4973.5815,75.0,180.81029,4.0,6.0,3.0,4.0,18.0,0.0,6.92,3.0,726.6,29.464155,76.223915,490.32394,1,0,1,0,0,0,0,0,1,0,1.0,0.0,0.0,0.0,0.0,0.0,0.0,0.0,0.0,0.0,0.0,0.0,0.0,0.0,0.0,0.0,1.0,0.0,1.0,0.0,0.0,1.0,0.0,0.0,0.0,0.0,0.0
18,69428.72,5721.7266,45.0,178.05786,10.0,8.0,18.0,4.0,40.0,16.0,2.94,12.0,2474.96,23.885172,274.90045,409.21436,0,0,0,0,1,0,0,1,0,1,0.0,0.0,1.0,0.0,0.0,0.0,0.0,0.0,0.0,0.0,0.0,0.0,0.0,0.0,0.0,1.0,0.0,0.0,0.0,1.0,0.0,0.0,0.0,0.0,0.0,1.0,0.0
19,37539.84,3404.32,129.0,0.0,1.0,6.0,12.0,0.0,6.0,11.0,2.34,3.0,31.11,30.358904,65.93673,514.49524,0,0,0,0,0,1,0,0,0,0,0.0,1.0,0.0,0.0,0.0,0.0,0.0,0.0,0.0,0.0,0.0,0.0,0.0,0.0,0.0,0.0,1.0,0.0,1.0,0.0,1.0,0.0,0.0,0.0,0.0,0.0,2.0
28,57654.4,4590.533,43.0,53.036045,4.0,6.0,10.0,2.0,12.0,16.0,12.71,9.0,573.53,38.048527,196.51239,499.50488,1,0,0,0,1,0,0,0,0,0,0.0,0.0,0.0,0.0,0.0,0.0,0.0,0.0,0.0,0.0,1.0,0.0,0.0,0.0,0.0,0.0,0.0,1.0,0.0,1.0,0.0,0.0,0.0,0.0,0.0,1.0,1.0
52,80362.35,6908.8623,118.0,166.41179,5.0,5.0,16.0,4.0,22.0,11.0,2.16,6.0,60.04,32.423363,187.87006,586.60443,0,1,0,0,1,0,0,1,0,1,0.0,0.0,0.0,0.0,0.0,0.0,0.0,0.0,0.0,0.0,0.0,0.0,1.0,0.0,0.0,0.0,0.0,1.0,0.0,1.0,0.0,1.0,0.0,0.0,0.0,0.0,2.0
22,9807.79,1071.3158,74.0,65.117355,10.0,9.0,16.0,9.0,22.0,21.0,4.94,10.0,2138.8,22.546488,92.10903,229.9052,1,1,1,0,0,0,0,0,1,1,0.0,0.0,0.0,0.0,0.0,0.0,0.0,0.0,0.0,1.0,0.0,0.0,0.0,0.0,0.0,1.0,0.0,0.0,0.0,1.0,0.0,0.0,0.0,0.0,1.0,0.0,0.0
36,16564.89,1479.7845,48.0,189.7255,8.0,5.0,12.0,6.0,26.0,12.0,16.09,5.0,1382.82,27.794327,97.50611,276.8321,0,0,1,1,0,0,1,0,1,1,1.0,0.0,0.0,0.0,0.0,0.0,0.0,0.0,0.0,0.0,0.0,0.0,0.0,0.0,0.0,0.0,0.0,1.0,0.0,1.0,0.0,0.0,0.0,0.0,0.0,1.0,1.0
53,73455.03,6367.2524,121.0,86.494804,8.0,4.0,7.0,2.0,10.0,8.0,1.83,2.0,833.37,28.470016,223.36853,576.86194,0,1,0,0,0,0,1,0,0,0,0.0,0.0,0.0,0.0,0.0,0.0,0.0,0.0,0.0,0.0,0.0,0.0,0.0,1.0,0.0,0.0,0.0,1.0,1.0,0.0,0.0,1.0,0.0,0.0,0.0,0.0,1.0
21,15307.26,1097.605,106.0,0.0,2.0,1.0,3.0,0.0,5.0,1.0,4.89,3.0,705.9,38.928482,136.61655,354.70822,0,0,0,0,0,1,0,0,0,0,0.0,0.0,0.0,0.0,0.0,0.0,0.0,0.0,0.0,0.0,0.0,1.0,0.0,0.0,0.0,0.0,1.0,0.0,1.0,0.0,0.0,0.0,0.0,0.0,0.0,1.0,1.0
23,32755.49,2765.6243,99.0,54.538425,4.0,5.0,2.0,3.0,17.0,12.0,7.99,3.0,1265.91,29.531822,94.29738,387.72662,0,0,0,0,0,0,0,0,1,1,0.0,0.0,0.0,0.0,0.0,0.0,0.0,0.0,0.0,0.0,0.0,0.0,0.0,1.0,0.0,0.0,1.0,0.0,1.0,0.0,0.0,0.0,1.0,0.0,0.0,0.0,2.0
31,12989.77,822.48083,61.0,62.214615,4.0,4.0,7.0,6.0,20.0,12.0,14.37,7.0,1298.38,33.50143,74.87,235.16347,1,1,0,0,1,0,1,0,0,1,0.0,0.0,0.0,0.0,0.0,0.0,0.0,0.0,0.0,0.0,0.0,0.0,0.0,0.0,1.0,0.0,0.0,1.0,0.0,1.0,0.0,0.0,0.0,0.0,0.0,1.0,1.0
35,55644.39,4715.0327,81.0,163.92484,9.0,8.0,21.0,6.0,20.0,22.0,2.24,10.0,1816.21,35.96322,82.56835,465.01007,0,1,0,0,1,0,1,0,1,1,0.0,0.0,0.0,0.0,0.0,0.0,0.0,0.0,0.0,0.0,0.0,1.0,0.0,0.0,0.0,1.0,0.0,0.0,0.0,1.0,1.0,0.0,0.0,0.0,0.0,0.0,0.0
29,19801.99,1625.1659,83.0,52.36934,3.0,3.0,17.0,4.0,25.0,17.0,10.84,7.0,2010.01,28.253157,108.298134,281.84912,1,0,0,0,1,0,1,0,0,0,0.0,0.0,0.0,0.0,0.0,0.0,0.0,0.0,0.0,0.0,0.0,0.0,1.0,0.0,0.0,0.0,0.0,1.0,0.0,1.0,0.0,0.0,0.0,0.0,1.0,0.0,0.0
19,20138.87,1373.079,95.0,194.49644,3.0,5.0,6.0,3.0,27.0,12.0,9.74,5.0,13.59,37.117954,91.95091,297.13678,0,0,0,1,1,0,0,1,0,0,0.0,0.0,0.0,0.0,0.0,1.0,0.0,0.0,0.0,0.0,0.0,0.0,0.0,0.0,0.0,0.0,0.0,1.0,0.0,1.0,0.0,0.0,0.0,0.0,1.0,0.0,1.0
38,101996.79,8498.732,104.0,211.04799,5.0,6.0,6.0,4.0,3.0,13.0,10.94,1.0,1260.27,37.584263,110.1437,768.6816,0,0,1,0,0,0,0,1,0,1,0.0,0.0,1.0,0.0,0.0,0.0,0.0,0.0,0.0,0.0,0.0,0.0,0.0,0.0,0.0,0.0,1.0,0.0,1.0,0.0,1.0,0.0,0.0,0.0,0.0,0.0,2.0
44,15989.085,1086.4237,78.0,33.79702,5.0,4.0,2.0,4.0,13.0,16.0,0.5,2.0,665.82,36.379055,52.03025,292.8151,1,1,0,0,1,0,0,0,0,0,1.0,0.0,0.0,0.0,0.0,0.0,0.0,0.0,0.0,0.0,0.0,0.0,0.0,0.0,0.0,0.0,1.0,0.0,1.0,0.0,0.0,0.0,0.0,1.0,0.0,0.0,2.0
18,62956.56,5147.38,24.0,135.3796,8.0,4.0,16.0,5.0,11.0,9.0,9.01,5.0,77.34,35.83241,92.05488,527.3035,0,0,1,0,0,0,1,0,1,0,0.0,0.0,0.0,0.0,1.0,0.0,0.0,0.0,0.0,0.0,0.0,0.0,0.0,0.0,0.0,0.0,0.0,1.0,0.0,1.0,1.0,0.0,0.0,0.0,0.0,0.0,1.0
41,17150.814,1345.2346,85.0,0.0,1.0,5.0,3.0,0.0,5.0,11.0,11.52,7.0,579.9,26.186594,115.58865,308.9348,0,0,0,0,0,1,0,0,0,0,0.0,0.0,0.0,0.0,0.0,0.0,0.0,0.0,1.0,0.0,0.0,0.0,0.0,0.0,0.0,0.0,1.0,0.0,1.0,0.0,0.0,0.0,0.0,0.0,0.0,1.0,2.0
37,44968.15,3528.346,72.0,0.0,1.0,5.0,2.0,0.0,9.0,13.0,1.22,6.0,871.85,34.45166,86.31346,506.52112,0,0,0,0,0,1,0,0,0,0,0.0,0.0,0.0,0.0,1.0,0.0,0.0,0.0,0.0,0.0,0.0,0.0,0.0,0.0,0.0,0.0,1.0,0.0,1.0,0.0,1.0,0.0,0.0,0.0,0.0,0.0,2.0
21,15472.34,994.49585,48.0,136.1558,7.0,8.0,19.0,2.0,25.0,18.0,1.86,12.0,2672.31,24.209497,118.93501,261.8112,0,0,1,0,0,0,0,0,0,1,0.0,0.0,0.0,0.0,0.0,0.0,0.0,1.0,0.0,0.0,0.0,0.0,0.0,0.0,0.0,1.0,0.0,0.0,0.0,1.0,0.0,0.0,0.0,0.0,0.0,1.0,0.0
44,16808.35,1188.6958,85.0,64.87719,8.0,6.0,11.0,7.0,4.0,16.0,15.51,5.0,1330.72,23.507265,53.75227,270.2401,1,1,1,1,0,0,0,1,0,0,0.0,0.0,0.0,0.0,0.0,1.0,0.0,0.0,0.0,0.0,0.0,0.0,0.0,0.0,0.0,0.0,0.0,1.0,0.0,1.0,0.0,0.0,0.0,1.0,0.0,0.0,1.0
19,61632.99,4856.0825,46.0,311.56497,9.0,9.0,27.0,7.0,32.0,23.0,14.88,12.0,1634.98,27.15153,93.33625,169.30405,1,0,1,1,1,0,1,0,0,1,0.0,1.0,0.0,0.0,0.0,0.0,0.0,0.0,0.0,0.0,0.0,0.0,0.0,0.0,0.0,1.0,0.0,0.0,0.0,1.0,0.0,0.0,1.0,0.0,0.0,0.0,0.0
20,64692.7,5150.058,82.0,129.32664,3.0,7.0,5.0,3.0,7.0,7.0,11.58,4.0,380.81,26.239372,202.12439,453.5548,0,0,0,0,0,0,1,1,0,1,1.0,0.0,0.0,0.0,0.0,0.0,0.0,0.0,0.0,0.0,0.0,0.0,0.0,0.0,0.0,0.0,1.0,0.0,1.0,0.0,0.0,0.0,0.0,1.0,0.0,0.0,1.0
22,37360.94,2864.4116,52.0,93.34174,10.0,5.0,33.0,5.0,44.0,12.0,9.89,11.0,1271.23,32.578705,63.44864,389.6508,1,0,1,1,1,0,1,0,0,0,0.0,0.0,0.0,0.0,0.0,1.0,0.0,0.0,0.0,0.0,0.0,0.0,0.0,0.0,0.0,0.0,0.0,1.0,0.0,1.0,0.0,0.0,1.0,0.0,0.0,0.0,0.0
39,34126.19,2619.849,56.0,50.6471,5.0,7.0,10.0,3.0,7.0,13.0,9.51,9.0,963.43,28.126919,222.05692,279.28088,1,0,0,0,0,0,0,0,1,0,0.0,0.0,0.0,0.0,0.0,0.0,0.0,0.0,0.0,0.0,0.0,0.0,0.0,0.0,1.0,0.0,0.0,1.0,0.0,1.0,0.0,0.0,0.0,0.0,0.0,1.0,1.0
20,25773.73,2359.8108,71.0,0.0,5.0,6.0,8.0,0.0,2.0,8.0,9.01,5.0,30.79,28.414658,77.74108,408.24,0,0,0,0,0,1,0,0,0,0,0.0,0.0,0.0,0.0,0.0,0.0,0.0,0.0,1.0,0.0,0.0,0.0,0.0,0.0,0.0,0.0,0.0,1.0,0.0,1.0,0.0,1.0,0.0,0.0,0.0,0.0,1.0
28,18354.805,1457.5671,72.0,13.915906,0.0,3.0,8.0,1.0,20.0,7.0,5.85,4.0,863.63,36.76918,11.157902,360.6829,0,0,0,0,0,0,0,0,1,0,0.0,0.0,0.0,0.0,1.0,0.0,0.0,0.0,0.0,0.0,0.0,0.0,0.0,0.0,0.0,0.0,1.0,0.0,1.0,0.0,1.0,0.0,0.0,0.0,0.0,0.0,0.0
35,10095.545,755.2954,125.0,20.024834,5.0,3.0,13.0,4.0,26.0,17.0,1.26,1.0,1205.77,31.108793,72.74289,272.7618,0,1,0,0,1,0,0,1,0,0,0.0,0.0,0.0,0.0,0.0,0.0,0.0,0.0,0.0,1.0,0.0,0.0,0.0,0.0,0.0,0.0,0.0,1.0,1.0,0.0,0.0,0.0,0.0,0.0,0.0,1.0,1.0
36,34425.62,2750.8018,86.0,56.789642,7.0,6.0,18.0,3.0,29.0,16.0,14.99,1.0,29.9,35.515785,51.599377,406.69116,0,0,0,0,0,0,0,1,1,1,0.0,0.0,0.0,0.0,0.0,0.0,1.0,0.0,0.0,0.0,0.0,0.0,0.0,0.0,0.0,0.0,0.0,1.0,1.0,0.0,1.0,0.0,0.0,0.0,0.0,0.0,1.0
28,81892.68,7112.39,45.0,198.16208,6.0,6.0,20.0,4.0,23.0,23.0,16.22,8.0,1933.98,32.217438,95.99998,657.07697,1,0,1,0,0,0,1,0,0,0,0.0,0.0,0.0,0.0,0.0,0.0,0.0,0.0,0.0,0.0,0.0,0.0,0.0,0.0,1.0,1.0,0.0,0.0,0.0,1.0,1.0,0.0,0.0,0.0,0.0,0.0,0.0
25,104177.61,8671.468,105.0,141.69615,3.0,6.0,1.0,2.0,8.0,2.0,4.22,3.0,581.83,42.229073,226.8372,768.6134,1,0,0,0,0,0,0,1,0,0,1.0,0.0,0.0,0.0,0.0,0.0,0.0,0.0,0.0,0.0,0.0,0.0,0.0,0.0,0.0,0.0,1.0,0.0,1.0,0.0,0.0,0.0,0.0,1.0,0.0,0.0,1.0
18,81935.42,6867.9517,87.0,66.45771,5.0,4.0,9.0,1.0,6.0,12.0,10.36,2.0,625.32,33.21213,176.26736,704.07007,0,0,0,1,0,0,0,0,0,0,0.0,0.0,0.0,0.0,0.0,1.0,0.0,0.0,0.0,0.0,0.0,0.0,0.0,0.0,0.0,0.0,1.0,0.0,1.0,0.0,0.0,0.0,1.0,0.0,0.0,0.0,0.0
18,18083.016,1780.918,114.0,8.350876,0.0,5.0,6.0,1.0,7.0,7.0,4.78,3.0,796.31,24.928322,56.336597,363.40433,0,0,0,0,1,0,0,0,0,0,0.0,0.0,0.0,0.0,0.0,0.0,0.0,0.0,0.0,0.0,0.0,0.0,1.0,0.0,0.0,0.0,1.0,0.0,1.0,0.0,0.0,1.0,0.0,0.0,0.0,0.0,2.0
25,17628.0,1625.0,75.0,79.6516,7.0,4.0,18.0,6.0,5.0,17.0,18.2,7.0,1443.38,35.189144,81.740166,291.10822,0,0,0,1,1,0,1,0,1,1,0.0,0.0,0.0,0.0,0.0,0.0,0.0,0.0,0.0,0.0,0.0,0.0,0.0,1.0,0.0,0.0,0.0,1.0,0.0,1.0,0.0,0.0,0.0,0.0,0.0,1.0,1.0
26,19956.75,1587.0625,98.0,28.52011,6.0,5.0,1.0,2.0,13.0,16.0,6.36,1.0,1271.85,30.493065,82.7568,307.42935,0,0,0,1,0,0,0,0,1,0,0.0,0.0,0.0,0.0,0.0,0.0,0.0,0.0,0.0,0.0,0.0,0.0,0.0,1.0,0.0,0.0,1.0,0.0,1.0,0.0,0.0,0.0,1.0,0.0,0.0,0.0,1.0
36,24881.15,2304.4292,72.0,40.173668,4.0,6.0,19.0,2.0,9.0,9.0,17.84,9.0,931.68,24.20071,127.81382,342.45544,0,0,1,0,0,0,0,0,0,1,0.0,0.0,0.0,0.0,0.0,0.0,0.0,0.0,0.0,0.0,1.0,0.0,0.0,0.0,0.0,0.0,0.0,1.0,0.0,1.0,0.0,0.0,0.0,0.0,1.0,0.0,1.0
41,16675.28,1451.6067,109.0,32.242836,6.0,5.0,16.0,3.0,5.0,9.0,12.71,8.0,1127.98,31.101723,101.04564,291.8722,0,0,0,1,0,0,0,0,1,0,0.0,0.0,0.0,0.0,0.0,0.0,0.0,0.0,0.0,0.0,1.0,0.0,0.0,0.0,0.0,0.0,0.0,1.0,0.0,1.0,0.0,0.0,0.0,0.0,1.0,0.0,1.0
21,19681.08,1454.09,76.0,33.87071,4.0,4.0,16.0,3.0,16.0,8.0,10.41,1.0,1122.31,23.771723,195.09476,206.44353,0,0,0,0,1,0,1,1,0,0,0.0,0.0,0.0,1.0,0.0,0.0,0.0,0.0,0.0,0.0,0.0,0.0,0.0,0.0,0.0,0.0,0.0,1.0,0.0,1.0,0.0,0.0,0.0,0.0,0.0,1.0,1.0
22,43729.32,3394.11,26.0,233.68573,8.0,5.0,32.0,9.0,51.0,17.0,7.86,9.0,1655.37,23.469433,230.70769,135.01758,0,1,0,1,1,0,0,1,1,0,1.0,0.0,0.0,0.0,0.0,0.0,0.0,0.0,0.0,0.0,0.0,0.0,0.0,0.0,0.0,1.0,0.0,0.0,0.0,1.0,0.0,0.0,1.0,0.0,0.0,0.0,0.0
48,17950.55,1646.8792,65.0,27.415693,7.0,3.0,10.0,3.0,18.0,11.0,3.23,3.0,453.73,38.061768,55.804905,371.46732,0,0,1,0,0,0,1,0,0,1,0.0,0.0,0.0,0.0,0.0,0.0,0.0,0.0,0.0,0.0,0.0,1.0,0.0,0.0,0.0,0.0,0.0,1.0,1.0,0.0,0.0,0.0,0.0,0.0,0.0,1.0,1.0
23,41153.9,3322.4917,106.0,42.985603,5.0,3.0,10.0,2.0,11.0,7.0,4.24,3.0,852.74,37.640068,113.57167,417.28632,0,0,0,0,0,0,0,1,1,0,0.0,0.0,0.0,0.0,0.0,1.0,0.0,0.0,0.0,0.0,0.0,0.0,0.0,0.0,0.0,0.0,1.0,0.0,1.0,0.0,0.0,1.0,0.0,0.0,0.0,0.0,2.0
37,7493.335,601.4446,80.0,12.319201,7.0,4.0,18.0,2.0,31.0,13.0,12.47,6.0,1332.45,36.083214,48.926388,288.89886,0,0,0,0,0,0,0,1,0,1,0.0,1.0,0.0,0.0,0.0,0.0,0.0,0.0,0.0,0.0,0.0,0.0,0.0,0.0,0.0,0.0,0.0,1.0,0.0,1.0,0.0,0.0,0.0,0.0,0.0,1.0,1.0
41,25856.84,1978.7367,74.0,58.726467,3.0,7.0,1.0,3.0,12.0,9.0,8.22,2.0,586.46,38.716045,162.45139,266.6958,0,0,1,0,0,0,1,0,0,0,0.0,0.0,0.0,0.0,0.0,1.0,0.0,0.0,0.0,0.0,0.0,0.0,0.0,0.0,0.0,0.0,1.0,0.0,1.0,0.0,0.0,0.0,0.0,0.0,0.0,1.0,0.0
39,62805.48,5247.79,80.0,134.01028,6.0,7.0,30.0,5.0,33.0,20.0,0.85,15.0,1584.95,26.849531,88.560684,542.208,1,0,1,0,1,0,0,0,0,1,0.0,0.0,0.0,0.0,0.0,1.0,0.0,0.0,0.0,0.0,0.0,0.0,0.0,0.0,0.0,1.0,0.0,0.0,0.0,1.0,1.0,0.0,0.0,0.0,0.0,0.0,0.0
35,59125.84,4933.1533,115.0,33.32984,0.0,6.0,2.0,1.0,5.0,12.0,1.18,5.0,53.9,30.570631,279.33444,423.44757,0,0,0,0,1,0,0,0,0,0,0.0,0.0,1.0,0.0,0.0,0.0,0.0,0.0,0.0,0.0,0.0,0.0,0.0,0.0,0.0,0.0,1.0,0.0,1.0,0.0,0.0,0.0,0.0,0.0,1.0,0.0,2.0
20,71892.94,6007.078,67.0,149.9629,5.0,7.0,18.0,3.0,26.0,7.0,9.85,7.0,1025.88,40.68113,151.32977,539.41516,0,0,1,0,1,0,0,0,1,0,0.0,0.0,0.0,0.0,0.0,0.0,0.0,0.0,0.0,0.0,1.0,0.0,0.0,0.0,0.0,0.0,0.0,1.0,0.0,1.0,1.0,0.0,0.0,0.0,0.0,0.0,1.0
25,33063.59,2741.299,74.0,143.75671,8.0,3.0,6.0,7.0,12.0,16.0,7.19,10.0,788.4,26.99972,102.01986,278.35333,1,1,0,1,0,0,0,1,1,1,0.0,0.0,0.0,0.0,0.0,1.0,0.0,0.0,0.0,0.0,0.0,0.0,0.0,0.0,0.0,0.0,0.0,1.0,0.0,1.0,0.0,1.0,0.0,0.0,0.0,0.0,1.0
32,45109.52,4018.1267,108.0,93.56116,6.0,6.0,1.0,4.0,20.0,12.0,8.71,0.0,651.79,27.300993,107.221504,461.03,1,1,0,0,1,0,0,0,0,1,0.0,0.0,0.0,0.0,0.0,0.0,0.0,0.0,0.0,0.0,0.0,0.0,0.0,1.0,0.0,0.0,0.0,1.0,1.0,0.0,0.0,0.0,1.0,0.0,0.0,0.0,1.0
51,93847.86,7599.655,64.0,196.7267,3.0,4.0,12.0,3.0,14.0,8.0,11.52,1.0,1405.22,29.709957,145.67242,657.5664,0,1,0,1,1,0,0,0,0,0,0.0,0.0,0.0,0.0,0.0,0.0,0.0,0.0,0.0,0.0,0.0,0.0,1.0,0.0,0.0,0.0,0.0,1.0,1.0,0.0,1.0,0.0,0.0,0.0,0.0,0.0,1.0
25,16562.01,1240.1675,85.0,25.549498,7.0,7.0,24.0,2.0,20.0,14.0,19.04,11.0,2577.29,30.97351,62.593647,295.8736,0,1,0,0,0,0,1,0,0,0,0.0,0.0,0.0,0.0,0.0,1.0,0.0,0.0,0.0,0.0,0.0,0.0,0.0,0.0,0.0,0.0,0.0,1.0,0.0,1.0,0.0,0.0,1.0,0.0,0.0,0.0,0.0
39,27217.23,2057.1025,58.0,145.75687,3.0,5.0,11.0,7.0,7.0,14.0,6.78,7.0,901.34,34.025253,67.17984,242.77354,1,1,1,1,0,0,0,0,0,1,0.0,1.0,0.0,0.0,0.0,0.0,0.0,0.0,0.0,0.0,0.0,0.0,0.0,0.0,0.0,0.0,0.0,1.0,0.0,1.0,0.0,1.0,0.0,0.0,0.0,0.0,1.0
46,66341.46,5369.455,143.0,155.45596,5.0,3.0,9.0,4.0,21.0,20.0,3.66,1.0,276.5,31.403967,240.09528,411.39426,0,1,1,1,0,0,0,0,1,0,0.0,0.0,0.0,0.0,0.0,1.0,0.0,0.0,0.0,0.0,0.0,0.0,0.0,0.0,0.0,0.0,0.0,1.0,1.0,0.0,0.0,0.0,0.0,1.0,0.0,0.0,1.0
19,79878.52,6535.5435,104.0,81.16999,3.0,1.0,7.0,2.0,0.0,8.0,1.42,4.0,189.33,34.2135,154.84433,657.54004,0,0,0,0,0,0,1,0,1,0,0.0,0.0,0.0,0.0,0.0,0.0,0.0,0.0,0.0,0.0,0.0,0.0,1.0,0.0,0.0,0.0,1.0,0.0,1.0,0.0,1.0,0.0,0.0,0.0,0.0,0.0,1.0
51,38107.36,2955.6133,98.0,73.57947,8.0,7.0,12.0,3.0,30.0,16.0,1.96,2.0,1472.7,24.91437,255.24155,236.74033,1,1,0,0,0,0,0,0,0,0,0.0,0.0,0.0,0.0,0.0,0.0,1.0,0.0,0.0,0.0,0.0,0.0,0.0,0.0,0.0,0.0,0.0,1.0,1.0,0.0,0.0,0.0,0.0,1.0,0.0,0.0,1.0
23,63528.7,5132.058,118.0,128.27783,4.0,6.0,9.0,3.0,21.0,10.0,7.09,3.0,617.89,28.906233,174.82031,460.1077,1,0,0,0,0,0,1,0,0,1,0.0,0.0,0.0,0.0,0.0,0.0,0.0,0.0,0.0,0.0,0.0,0.0,1.0,0.0,0.0,0.0,1.0,0.0,1.0,0.0,0.0,1.0,0.0,0.0,0.0,0.0,0.0
41,28954.04,2703.8367,67.0,96.25007,8.0,5.0,25.0,5.0,33.0,16.0,15.61,10.0,2077.68,35.514633,175.52432,258.60928,1,0,1,1,0,0,0,0,0,0,0.0,0.0,0.0,0.0,1.0,0.0,0.0,0.0,0.0,0.0,0.0,0.0,0.0,0.0,0.0,1.0,0.0,0.0,0.0,1.0,0.0,0.0,1.0,0.0,0.0,0.0,1.0
50,14957.52,1387.46,127.0,8.390857,7.0,6.0,12.0,1.0,23.0,9.0,4.64,4.0,1015.61,28.384491,162.39731,257.95782,0,0,0,0,0,0,0,0,0,1,0.0,0.0,1.0,0.0,0.0,0.0,0.0,0.0,0.0,0.0,0.0,0.0,0.0,0.0,0.0,0.0,0.0,1.0,1.0,0.0,0.0,0.0,0.0,0.0,0.0,1.0,1.0
51,88783.92,7405.66,80.0,160.52434,2.0,1.0,6.0,4.0,4.0,10.0,10.33,0.0,522.23,30.365194,251.91643,578.12524,0,1,0,1,0,0,1,1,0,0,0.0,1.0,0.0,0.0,0.0,0.0,0.0,0.0,0.0,0.0,0.0,0.0,0.0,0.0,0.0,0.0,1.0,0.0,1.0,0.0,0.0,1.0,0.0,0.0,0.0,0.0,2.0
43,16595.94,1175.995,33.0,40.69342,7.0,5.0,27.0,4.0,24.0,15.0,18.35,6.0,1747.16,33.180134,69.448494,287.45758,1,1,0,1,0,0,0,0,0,1,1.0,0.0,0.0,0.0,0.0,0.0,0.0,0.0,0.0,0.0,0.0,0.0,0.0,0.0,0.0,0.0,0.0,1.0,0.0,1.0,0.0,0.0,0.0,0.0,1.0,0.0,0.0
19,7290.88,406.57333,64.0,41.70317,3.0,4.0,27.0,7.0,12.0,16.0,13.53,17.0,2580.29,25.63695,30.956312,257.99786,1,0,1,1,0,0,1,0,1,0,0.0,0.0,0.0,0.0,0.0,0.0,0.0,0.0,1.0,0.0,0.0,0.0,0.0,0.0,0.0,0.0,0.0,1.0,0.0,1.0,0.0,0.0,0.0,0.0,0.0,1.0,1.0
37,94052.22,7704.685,89.0,39.575333,4.0,4.0,13.0,1.0,25.0,15.0,9.41,8.0,76.99,30.055706,286.13675,694.7564,0,0,0,0,0,0,0,1,0,0,0.0,0.0,0.0,1.0,0.0,0.0,0.0,0.0,0.0,0.0,0.0,0.0,0.0,0.0,0.0,0.0,0.0,1.0,0.0,1.0,0.0,1.0,0.0,0.0,0.0,0.0,1.0
19,68893.59,5989.1323,104.0,147.37003,3.0,7.0,2.0,4.0,16.0,14.0,2.53,5.0,1054.24,28.987999,376.81885,354.72437,0,1,0,0,1,0,1,0,1,0,1.0,0.0,0.0,0.0,0.0,0.0,0.0,0.0,0.0,0.0,0.0,0.0,0.0,0.0,0.0,0.0,1.0,0.0,1.0,0.0,0.0,0.0,0.0,0.0,1.0,0.0,2.0
42,11115.32,648.2767,60.0,31.910854,7.0,3.0,8.0,4.0,25.0,12.0,15.38,4.0,1138.26,36.437763,45.84999,257.06683,0,1,0,0,0,0,0,0,0,1,0.0,0.0,0.0,0.0,0.0,0.0,0.0,0.0,0.0,0.0,0.0,0.0,1.0,0.0,0.0,0.0,0.0,1.0,0.0,1.0,0.0,0.0,0.0,1.0,0.0,0.0,1.0
49,12763.795,1220.6495,120.0,31.04307,8.0,6.0,20.0,4.0,8.0,8.0,8.76,0.0,1472.02,32.688675,152.5971,228.42477,0,1,1,1,0,0,0,0,0,1,0.0,0.0,0.0,0.0,0.0,0.0,0.0,1.0,0.0,0.0,0.0,0.0,0.0,0.0,0.0,0.0,0.0,1.0,1.0,0.0,0.0,0.0,0.0,0.0,0.0,1.0,1.0
32,43978.14,3663.845,75.0,68.7851,6.0,7.0,9.0,2.0,27.0,19.0,7.07,1.0,1102.66,35.28413,245.43872,332.16068,1,1,0,0,0,0,0,0,0,0,0.0,0.0,0.0,0.0,0.0,0.0,0.0,0.0,0.0,1.0,0.0,0.0,0.0,0.0,0.0,0.0,0.0,1.0,0.0,1.0,0.0,0.0,0.0,0.0,1.0,0.0,1.0
40,34945.16,3043.0967,51.0,140.12097,7.0,6.0,21.0,5.0,20.0,15.0,17.45,13.0,2077.81,30.179491,362.74548,91.44321,1,0,1,0,1,0,1,0,0,0,0.0,0.0,0.0,0.0,0.0,0.0,1.0,0.0,0.0,0.0,0.0,0.0,0.0,0.0,0.0,0.0,0.0,1.0,0.0,1.0,0.0,0.0,0.0,0.0,0.0,1.0,0.0
32,26992.21,2181.3508,102.0,45.00032,8.0,4.0,3.0,3.0,21.0,11.0,10.11,4.0,865.86,37.867638,222.07198,231.06279,1,0,0,0,0,0,0,1,0,0,0.0,0.0,0.0,1.0,0.0,0.0,0.0,0.0,0.0,0.0,0.0,0.0,0.0,0.0,0.0,0.0,1.0,0.0,1.0,0.0,0.0,0.0,0.0,0.0,1.0,0.0,1.0
47,11274.515,689.5429,75.0,32.033653,3.0,5.0,6.0,4.0,5.0,16.0,2.25,2.0,771.99,35.886185,36.328934,270.5917,0,0,1,0,0,0,0,1,1,1,1.0,0.0,0.0,0.0,0.0,0.0,0.0,0.0,0.0,0.0,0.0,0.0,0.0,0.0,0.0,0.0,0.0,1.0,1.0,0.0,0.0,0.0,0.0,1.0,0.0,0.0,1.0
28,20340.29,1771.0242,83.0,45.260757,5.0,7.0,33.0,3.0,27.0,14.0,17.83,11.0,1325.41,37.019394,63.089832,358.75183,0,1,0,1,0,0,1,0,0,0,0.0,0.0,0.0,0.0,0.0,0.0,0.0,0.0,0.0,0.0,1.0,0.0,0.0,0.0,0.0,0.0,0.0,1.0,0.0,1.0,0.0,0.0,0.0,0.0,0.0,1.0,1.0
43,8177.41,803.4508,76.0,47.561493,7.0,10.0,22.0,7.0,13.0,19.0,17.02,7.0,1370.66,28.09375,59.59278,253.19081,0,1,0,0,1,0,1,0,0,1,0.0,0.0,0.0,0.0,0.0,0.0,0.0,0.0,0.0,0.0,1.0,0.0,0.0,0.0,0.0,0.0,0.0,1.0,0.0,1.0,0.0,0.0,0.0,0.0,1.0,0.0,0.0
17,32430.82,2597.5684,58.0,128.00912,10.0,9.0,21.0,8.0,20.0,21.0,23.85,12.0,2532.02,39.255074,165.4307,236.31702,0,1,1,0,0,0,0,1,0,0,0.0,1.0,0.0,0.0,0.0,0.0,0.0,0.0,0.0,0.0,0.0,0.0,0.0,0.0,0.0,1.0,0.0,0.0,0.0,1.0,0.0,0.0,0.0,1.0,0.0,0.0,1.0
19,31408.15,2609.346,89.0,30.791883,5.0,3.0,18.0,2.0,6.0,19.0,24.13,12.0,1408.66,34.811356,37.13401,433.0087,0,0,0,0,1,0,0,0,1,0,0.0,0.0,1.0,0.0,0.0,0.0,0.0,0.0,0.0,0.0,0.0,0.0,0.0,0.0,0.0,0.0,0.0,1.0,0.0,1.0,1.0,0.0,0.0,0.0,0.0,0.0,0.0
52,46683.12,3806.26,133.0,27.724981,7.0,7.0,19.0,1.0,20.0,20.0,11.72,0.0,230.77,29.090445,73.29073,529.6103,0,1,0,0,0,0,0,0,0,0,0.0,0.0,0.0,0.0,0.0,0.0,0.0,0.0,0.0,0.0,0.0,0.0,0.0,1.0,0.0,0.0,0.0,1.0,0.0,1.0,0.0,1.0,0.0,0.0,0.0,0.0,1.0
34,27880.82,2145.4016,71.0,51.061573,4.0,5.0,20.0,4.0,15.0,11.0,7.01,5.0,1499.92,28.02297,82.01499,371.4636,0,0,1,0,0,0,1,0,0,1,0.0,0.0,0.0,1.0,0.0,0.0,0.0,0.0,0.0,0.0,0.0,0.0,0.0,0.0,0.0,0.0,0.0,1.0,0.0,1.0,0.0,0.0,0.0,0.0,0.0,1.0,1.0
22,26135.86,2009.9883,115.0,33.711655,8.0,5.0,6.0,2.0,19.0,8.0,11.62,2.0,1233.42,26.579567,190.92339,266.3638,0,1,0,0,1,0,0,0,0,0,0.0,0.0,0.0,0.0,0.0,0.0,0.0,0.0,0.0,0.0,0.0,0.0,1.0,0.0,0.0,0.0,0.0,1.0,0.0,1.0,0.0,0.0,0.0,0.0,0.0,1.0,1.0
44,19675.25,1450.6041,139.0,0.0,5.0,3.0,1.0,0.0,10.0,5.0,2.9,3.0,856.75,30.588041,119.45012,315.6103,0,0,0,0,0,1,0,0,0,0,0.0,0.0,0.0,0.0,0.0,0.0,0.0,0.0,0.0,0.0,0.0,0.0,0.0,1.0,0.0,0.0,1.0,0.0,1.0,0.0,0.0,0.0,0.0,0.0,0.0,1.0,2.0
18,74800.0,5967.3335,117.0,244.58397,3.0,1.0,5.0,4.0,7.0,7.0,7.73,0.0,1132.51,27.423025,173.83658,428.31277,0,1,0,1,0,0,0,1,1,0,0.0,0.0,0.0,0.0,0.0,1.0,0.0,0.0,0.0,0.0,0.0,0.0,0.0,0.0,0.0,0.0,1.0,0.0,1.0,0.0,0.0,1.0,0.0,0.0,0.0,0.0,1.0
50,20203.625,1722.6354,118.0,0.0,0.0,5.0,5.0,0.0,27.0,6.0,9.07,4.0,318.06,32.875683,82.28182,379.98172,0,0,0,0,0,1,0,0,0,0,0.0,0.0,0.0,0.0,0.0,0.0,0.0,0.0,0.0,0.0,0.0,0.0,0.0,0.0,1.0,0.0,1.0,0.0,1.0,0.0,0.0,0.0,0.0,0.0,0.0,1.0,1.0
40,28023.54,2532.295,36.0,41.319553,5.0,4.0,12.0,3.0,9.0,8.0,16.37,4.0,1151.05,31.469742,268.1801,233.72983,1,0,1,1,0,0,0,0,0,0,0.0,0.0,0.0,0.0,0.0,0.0,0.0,0.0,0.0,0.0,0.0,0.0,0.0,1.0,0.0,0.0,0.0,1.0,0.0,1.0,0.0,0.0,0.0,0.0,0.0,1.0,1.0
32,93352.86,7629.405,71.0,51.769753,5.0,3.0,9.0,1.0,0.0,4.0,5.08,5.0,483.78,27.230848,387.75946,583.41125,0,0,0,0,1,0,0,0,0,0,0.0,0.0,0.0,0.0,0.0,0.0,0.0,0.0,0.0,0.0,0.0,0.0,0.0,1.0,0.0,0.0,1.0,0.0,1.0,0.0,0.0,0.0,1.0,0.0,0.0,0.0,1.0
31,37302.1,3320.5083,94.0,80.27175,3.0,2.0,12.0,4.0,11.0,12.0,3.07,1.0,907.73,38.90279,62.29897,429.4801,0,0,1,0,1,0,1,0,0,0,0.0,0.0,0.0,0.0,0.0,0.0,0.0,0.0,1.0,0.0,0.0,0.0,0.0,0.0,0.0,0.0,1.0,0.0,1.0,0.0,1.0,0.0,0.0,0.0,0.0,0.0,1.0
41,28570.38,2308.865,92.0,18.023502,4.0,5.0,18.0,1.0,7.0,12.0,11.2,0.0,1204.12,23.8229,103.81233,389.05066,0,0,0,0,1,0,0,0,0,0,0.0,0.0,0.0,0.0,0.0,0.0,0.0,1.0,0.0,0.0,0.0,0.0,0.0,0.0,0.0,0.0,0.0,1.0,0.0,1.0,0.0,0.0,0.0,0.0,1.0,0.0,1.0
33,33395.89,2902.9907,114.0,0.0,3.0,3.0,8.0,0.0,13.0,0.0,10.96,6.0,675.86,40.271282,35.187977,495.1111,0,0,0,0,0,1,0,0,0,0,0.0,0.0,0.0,0.0,0.0,0.0,0.0,0.0,0.0,0.0,0.0,0.0,0.0,0.0,1.0,0.0,1.0,0.0,1.0,0.0,1.0,0.0,0.0,0.0,0.0,0.0,0.0
43,32690.86,2910.2383,132.0,50.281845,4.0,5.0,6.0,3.0,17.0,18.0,9.48,2.0,1380.29,32.788292,32.477814,448.26416,0,0,1,1,0,0,0,1,0,0,0.0,0.0,0.0,0.0,0.0,0.0,0.0,0.0,0.0,0.0,0.0,0.0,0.0,1.0,0.0,0.0,0.0,1.0,1.0,0.0,1.0,0.0,0.0,0.0,0.0,0.0,1.0
46,30081.37,2333.7808,126.0,13.671713,1.0,2.0,3.0,1.0,6.0,12.0,9.18,1.0,1421.99,25.818943,170.79582,328.91055,0,0,0,0,1,0,0,0,0,0,0.0,0.0,0.0,1.0,0.0,0.0,0.0,0.0,0.0,0.0,0.0,0.0,0.0,0.0,0.0,0.0,1.0,0.0,1.0,0.0,0.0,0.0,0.0,0.0,1.0,0.0,2.0
18,33579.27,2523.2725,91.0,70.928505,6.0,5.0,20.0,3.0,18.0,14.0,13.51,2.0,517.8,34.376076,89.14867,362.2501,0,1,0,0,0,0,0,0,1,0,0.0,0.0,0.0,1.0,0.0,0.0,0.0,0.0,0.0,0.0,0.0,0.0,0.0,0.0,0.0,0.0,0.0,1.0,0.0,1.0,0.0,0.0,0.0,1.0,0.0,0.0,1.0
18,61266.63,5296.5527,40.0,74.69387,4.0,6.0,15.0,2.0,13.0,13.0,12.45,12.0,570.58,33.26013,249.49927,495.4621,0,0,1,0,1,0,0,0,0,0,0.0,0.0,0.0,0.0,0.0,0.0,0.0,0.0,0.0,0.0,0.0,0.0,0.0,0.0,1.0,0.0,0.0,1.0,0.0,1.0,0.0,0.0,0.0,0.0,0.0,1.0,0.0
20,93089.52,8007.46,49.0,295.08374,3.0,4.0,17.0,4.0,7.0,19.0,13.01,8.0,1351.26,32.405945,152.365,593.29724,0,0,1,0,0,0,1,0,0,1,0.0,1.0,0.0,0.0,0.0,0.0,0.0,0.0,0.0,0.0,0.0,0.0,0.0,0.0,0.0,0.0,0.0,1.0,0.0,1.0,0.0,0.0,0.0,0.0,0.0,1.0,1.0
45,34652.7,2975.725,85.0,64.68031,6.0,7.0,14.0,3.0,9.0,15.0,9.56,4.0,1096.33,27.628485,251.21565,271.67654,0,0,0,0,0,0,0,1,1,0,0.0,0.0,0.0,0.0,0.0,0.0,0.0,0.0,0.0,1.0,0.0,0.0,0.0,0.0,0.0,0.0,0.0,1.0,0.0,1.0,0.0,0.0,0.0,0.0,0.0,1.0,1.0
37,20634.78,1572.565,35.0,55.577194,5.0,3.0,18.0,4.0,29.0,12.0,17.98,12.0,2483.98,24.826157,164.82245,226.85686,1,0,0,1,1,0,0,0,0,0,0.0,0.0,0.0,0.0,0.0,0.0,0.0,1.0,0.0,0.0,0.0,0.0,0.0,0.0,0.0,0.0,0.0,1.0,0.0,1.0,0.0,0.0,0.0,0.0,0.0,1.0,0.0
27,39343.02,3049.585,119.0,64.28244,4.0,4.0,5.0,2.0,5.0,20.0,6.04,6.0,347.48,28.872368,232.56775,288.1083,0,0,0,0,1,0,0,0,0,1,0.0,0.0,0.0,0.0,0.0,0.0,0.0,0.0,1.0,0.0,0.0,0.0,0.0,0.0,0.0,0.0,0.0,1.0,1.0,0.0,0.0,0.0,0.0,0.0,1.0,0.0,1.0
25,16256.3,1116.6917,64.0,29.896465,3.0,3.0,8.0,4.0,0.0,3.0,1.65,1.0,204.66,37.4953,57.676968,314.09573,0,0,0,0,1,0,0,0,1,1,0.0,0.0,0.0,0.0,0.0,0.0,0.0,0.0,0.0,0.0,0.0,0.0,0.0,1.0,0.0,0.0,1.0,0.0,1.0,0.0,0.0,0.0,0.0,0.0,0.0,1.0,1.0
20,29489.63,2679.4692,93.0,0.0,5.0,4.0,5.0,0.0,3.0,10.0,8.79,5.0,462.49,36.157707,117.0135,410.9334,0,0,0,0,0,1,0,0,0,0,0.0,0.0,0.0,0.0,1.0,0.0,0.0,0.0,0.0,0.0,0.0,0.0,0.0,0.0,0.0,0.0,1.0,0.0,1.0,0.0,0.0,0.0,1.0,0.0,0.0,0.0,2.0
53,29536.93,2329.411,91.0,38.737263,4.0,7.0,7.0,2.0,23.0,16.0,10.92,3.0,607.5,24.625095,294.8718,189.33203,0,0,0,1,1,0,0,0,0,0,0.0,0.0,0.0,0.0,0.0,0.0,0.0,0.0,0.0,0.0,0.0,0.0,1.0,0.0,0.0,0.0,0.0,1.0,0.0,1.0,0.0,0.0,0.0,0.0,0.0,1.0,1.0
24,14156.88,1251.74,108.0,36.65801,3.0,4.0,4.0,4.0,0.0,8.0,8.86,4.0,602.3,31.110716,91.45229,287.0637,0,0,0,1,1,0,1,1,0,0,1.0,0.0,0.0,0.0,0.0,0.0,0.0,0.0,0.0,0.0,0.0,0.0,0.0,0.0,0.0,0.0,1.0,0.0,1.0,0.0,0.0,0.0,0.0,0.0,0.0,1.0,1.0
22,70361.76,5657.48,47.0,132.06058,4.0,6.0,18.0,4.0,9.0,20.0,16.48,6.0,2171.51,28.285814,415.81927,297.86813,0,0,0,1,1,0,0,0,1,1,0.0,0.0,0.0,0.0,0.0,1.0,0.0,0.0,0.0,0.0,0.0,0.0,0.0,0.0,0.0,0.0,0.0,1.0,0.0,1.0,0.0,0.0,0.0,0.0,1.0,0.0,1.0
50,14632.3,996.35834,95.0,15.871915,1.0,3.0,11.0,2.0,9.0,14.0,11.25,0.0,1373.01,26.507715,48.251003,325.5129,1,0,1,0,0,0,0,0,0,0,0.0,0.0,0.0,0.0,0.0,0.0,0.0,0.0,0.0,0.0,0.0,0.0,0.0,1.0,0.0,0.0,1.0,0.0,1.0,0.0,1.0,0.0,0.0,0.0,0.0,0.0,1.0
22,9388.27,978.35583,68.0,18.494965,4.0,4.0,32.0,4.0,5.0,19.0,11.73,10.0,2673.96,37.750977,66.195045,303.14557,0,1,0,0,1,0,1,0,0,1,0.0,0.0,0.0,0.0,0.0,0.0,0.0,0.0,0.0,0.0,0.0,0.0,0.0,0.0,1.0,0.0,0.0,1.0,0.0,1.0,0.0,0.0,0.0,0.0,0.0,1.0,0.0
37,9589.545,697.1287,30.0,25.248247,8.0,7.0,33.0,6.0,21.0,18.0,16.71,11.0,1907.73,24.300253,24.494503,309.97012,0,1,0,1,0,0,0,1,1,0,0.0,0.0,0.0,0.0,0.0,1.0,0.0,0.0,0.0,0.0,0.0,0.0,0.0,0.0,0.0,0.0,0.0,1.0,0.0,1.0,0.0,0.0,0.0,0.0,0.0,1.0,0.0
43,21637.516,1542.1262,133.0,0.0,3.0,5.0,9.0,0.0,6.0,2.0,3.15,3.0,999.48,41.31319,126.13667,308.07596,0,0,0,0,0,1,0,0,0,0,0.0,0.0,0.0,0.0,0.0,1.0,0.0,0.0,0.0,0.0,0.0,0.0,0.0,0.0,0.0,0.0,1.0,0.0,1.0,0.0,0.0,0.0,0.0,0.0,1.0,0.0,2.0
27,18247.18,1396.5984,13.0,40.76073,10.0,5.0,29.0,5.0,20.0,20.0,16.53,10.0,2536.58,38.262756,129.58893,239.31018,0,1,0,1,1,0,0,0,0,0,0.0,0.0,0.0,0.0,0.0,0.0,1.0,0.0,0.0,0.0,0.0,0.0,0.0,0.0,0.0,1.0,0.0,0.0,0.0,1.0,0.0,0.0,0.0,1.0,0.0,0.0,0.0
18,108818.2,9177.184,89.0,207.28706,6.0,5.0,4.0,3.0,25.0,16.0,4.5,6.0,1210.88,38.992477,461.4809,528.9504,1,0,1,0,0,0,1,0,0,0,0.0,0.0,0.0,0.0,1.0,0.0,0.0,0.0,0.0,0.0,0.0,0.0,0.0,0.0,0.0,0.0,1.0,0.0,1.0,0.0,0.0,0.0,0.0,0.0,1.0,0.0,2.0
52,11421.51,1030.7925,122.0,20.892937,5.0,3.0,14.0,3.0,19.0,15.0,15.72,7.0,1278.12,24.016558,55.8899,316.29642,0,0,0,1,0,0,0,1,0,1,0.0,0.0,0.0,0.0,0.0,0.0,0.0,0.0,1.0,0.0,0.0,0.0,0.0,0.0,0.0,0.0,0.0,1.0,0.0,1.0,0.0,0.0,0.0,0.0,0.0,1.0,1.0
30,75299.36,6367.947,124.0,0.0,3.0,3.0,9.0,0.0,25.0,4.0,1.16,6.0,1041.4,36.485596,307.95767,588.837,0,0,0,0,0,1,0,0,0,0,0.0,0.0,0.0,0.0,0.0,0.0,0.0,0.0,1.0,0.0,0.0,0.0,0.0,0.0,0.0,0.0,1.0,0.0,1.0,0.0,0.0,0.0,1.0,0.0,0.0,0.0,0.0
38,55071.72,4524.31,121.0,157.69144,6.0,3.0,20.0,4.0,7.0,16.0,0.69,4.0,224.35,38.721268,107.74817,436.9914,0,1,0,0,0,0,0,0,1,0,0.0,0.0,0.0,0.0,1.0,0.0,0.0,0.0,0.0,0.0,0.0,0.0,0.0,0.0,0.0,0.0,0.0,1.0,1.0,0.0,0.0,1.0,0.0,0.0,0.0,0.0,1.0
36,56052.42,4730.035,43.0,151.99004,9.0,8.0,32.0,5.0,51.0,20.0,15.23,12.0,2466.56,27.47353,40.1123,520.9012,0,1,0,0,0,0,1,1,1,0,0.0,0.0,1.0,0.0,0.0,0.0,0.0,0.0,0.0,0.0,0.0,0.0,0.0,0.0,0.0,1.0,0.0,0.0,0.0,1.0,1.0,0.0,0.0,0.0,0.0,0.0,0.0
33,16572.96,1317.08,89.0,21.719814,4.0,3.0,14.0,3.0,10.0,17.0,18.02,4.0,2253.31,29.64419,145.56552,254.42265,1,0,0,0,0,0,1,0,1,0,0.0,0.0,0.0,0.0,1.0,0.0,0.0,0.0,0.0,0.0,0.0,0.0,0.0,0.0,0.0,0.0,0.0,1.0,0.0,1.0,0.0,0.0,0.0,0.0,0.0,1.0,1.0
38,54236.86,4427.7383,72.0,0.0,3.0,6.0,7.0,0.0,29.0,11.0,6.82,4.0,1126.89,29.521662,474.32928,258.44455,0,0,0,0,0,1,0,0,0,0,0.0,0.0,0.0,0.0,0.0,0.0,0.0,0.0,0.0,1.0,0.0,0.0,0.0,0.0,0.0,0.0,0.0,1.0,1.0,0.0,0.0,0.0,0.0,0.0,0.0,1.0,1.0
46,45421.38,3942.115,84.0,49.802586,4.0,10.0,17.0,2.0,27.0,8.0,16.34,12.0,2632.69,31.310574,246.69376,357.71518,0,0,1,1,0,0,0,0,0,0,0.0,0.0,0.0,0.0,0.0,0.0,0.0,0.0,0.0,0.0,0.0,0.0,1.0,0.0,0.0,0.0,0.0,1.0,0.0,1.0,0.0,0.0,1.0,0.0,0.0,0.0,0.0
20,16212.015,1226.0012,105.0,0.0,6.0,5.0,15.0,0.0,15.0,13.0,3.31,3.0,1400.27,33.43823,140.88426,271.71585,0,0,0,0,0,1,0,0,0,0,0.0,0.0,0.0,0.0,0.0,0.0,1.0,0.0,0.0,0.0,0.0,0.0,0.0,0.0,0.0,0.0,0.0,1.0,1.0,0.0,0.0,0.0,0.0,0.0,0.0,1.0,1.0
29,8865.63,670.8025,50.0,13.338408,8.0,4.0,16.0,3.0,9.0,10.0,10.22,7.0,7.64,35.52152,56.86164,276.8802,0,1,0,0,1,0,0,0,0,0,1.0,0.0,0.0,0.0,0.0,0.0,0.0,0.0,0.0,0.0,0.0,0.0,0.0,0.0,0.0,0.0,0.0,1.0,0.0,1.0,0.0,0.0,0.0,0.0,0.0,1.0,0.0
31,17517.55,1293.7958,64.0,0.0,8.0,7.0,4.0,0.0,8.0,17.0,10.07,6.0,1321.23,30.558146,85.3085,314.07108,0,0,0,0,0,1,0,0,0,0,0.0,0.0,0.0,0.0,0.0,0.0,1.0,0.0,0.0,0.0,0.0,0.0,0.0,0.0,0.0,0.0,1.0,0.0,1.0,0.0,0.0,0.0,0.0,1.0,0.0,0.0,2.0
49,36512.4,3221.7,101.0,110.95997,1.0,3.0,3.0,4.0,3.0,9.0,10.66,1.0,623.42,38.138382,189.43452,291.7755,1,1,1,0,0,0,0,0,0,1,0.0,0.0,0.0,0.0,0.0,0.0,0.0,0.0,0.0,1.0,0.0,0.0,0.0,0.0,0.0,0.0,1.0,0.0,1.0,0.0,1.0,0.0,0.0,0.0,0.0,0.0,2.0
18,31916.17,2919.681,76.0,97.66276,4.0,3.0,20.0,4.0,13.0,19.0,2.73,0.0,90.18,26.189318,49.066185,395.23914,0,1,1,1,0,0,0,0,0,1,0.0,1.0,0.0,0.0,0.0,0.0,0.0,0.0,0.0,0.0,0.0,0.0,0.0,0.0,0.0,0.0,0.0,1.0,0.0,1.0,0.0,1.0,0.0,0.0,0.0,0.0,1.0
38,66858.27,5770.5225,118.0,175.01518,3.0,6.0,20.0,4.0,8.0,10.0,4.16,9.0,601.58,32.55575,76.774284,575.26276,0,0,0,1,0,0,0,1,0,1,0.0,0.0,0.0,0.0,0.0,0.0,0.0,0.0,1.0,0.0,0.0,0.0,0.0,0.0,0.0,0.0,0.0,1.0,1.0,0.0,0.0,1.0,0.0,0.0,0.0,0.0,1.0
45,34652.7,2975.725,80.0,64.68031,6.0,7.0,14.0,3.0,3.0,13.0,8.56,4.0,1096.33,37.636517,87.66288,405.2293,0,0,0,0,0,0,0,1,1,0,0.0,0.0,0.0,0.0,0.0,0.0,0.0,0.0,0.0,1.0,0.0,0.0,0.0,0.0,0.0,0.0,0.0,1.0,0.0,1.0,0.0,0.0,1.0,0.0,0.0,0.0,1.0
26,23681.87,1826.4891,91.0,41.64279,3.0,5.0,15.0,3.0,8.0,9.0,6.51,0.0,1433.17,23.929998,184.21175,236.79437,0,1,0,0,1,0,0,1,0,0,0.0,0.0,0.0,0.0,0.0,0.0,0.0,0.0,0.0,1.0,0.0,0.0,0.0,0.0,0.0,0.0,0.0,1.0,1.0,0.0,0.0,0.0,0.0,0.0,1.0,0.0,1.0
36,35719.4,2802.6167,89.0,48.00661,3.0,2.0,11.0,2.0,12.0,10.0,15.54,4.0,1468.61,38.76273,69.36484,422.89023,0,0,0,1,0,0,0,1,0,0,0.0,0.0,0.0,0.0,0.0,0.0,0.0,0.0,0.0,0.0,1.0,0.0,0.0,0.0,0.0,0.0,1.0,0.0,1.0,0.0,0.0,0.0,1.0,0.0,0.0,0.0,2.0
19,15833.87,1398.4891,57.0,23.14445,5.0,4.0,10.0,2.0,30.0,22.0,13.71,6.0,211.35,31.577139,166.09981,312.639,0,1,0,1,0,0,0,0,0,0,0.0,0.0,0.0,1.0,0.0,0.0,0.0,0.0,0.0,0.0,0.0,0.0,0.0,0.0,0.0,0.0,0.0,1.0,0.0,1.0,0.0,0.0,0.0,1.0,0.0,0.0,1.0
47,45013.44,3889.12,140.0,0.0,3.0,4.0,13.0,0.0,24.0,13.0,7.84,2.0,1378.25,29.059973,106.48396,532.42804,0,0,0,0,0,1,0,0,0,0,0.0,1.0,0.0,0.0,0.0,0.0,0.0,0.0,0.0,0.0,0.0,0.0,0.0,0.0,0.0,0.0,0.0,1.0,1.0,0.0,0.0,1.0,0.0,0.0,0.0,0.0,1.0
53,15285.495,1523.7913,131.0,0.0,0.0,3.0,9.0,0.0,25.0,11.0,11.16,0.0,955.15,25.989597,150.58846,291.79068,0,0,0,0,0,1,0,0,0,0,0.0,0.0,0.0,0.0,0.0,0.0,0.0,0.0,1.0,0.0,0.0,0.0,0.0,0.0,0.0,0.0,1.0,0.0,1.0,0.0,0.0,0.0,0.0,0.0,0.0,1.0,0.0
48,19592.49,1671.7075,90.0,37.7818,8.0,5.0,13.0,4.0,9.0,18.0,13.52,2.0,59.17,30.392645,209.4515,209.93744,0,0,0,1,1,0,0,0,1,0,0.0,0.0,0.0,0.0,0.0,0.0,0.0,1.0,0.0,0.0,0.0,0.0,0.0,0.0,0.0,0.0,0.0,1.0,0.0,1.0,0.0,0.0,0.0,0.0,0.0,1.0,1.0
31,29101.85,2485.154,102.0,0.0,6.0,3.0,5.0,0.0,25.0,9.0,4.77,9.0,1465.87,23.956959,169.72273,348.7927,0,0,0,0,0,1,0,0,0,0,0.0,0.0,0.0,0.0,0.0,0.0,0.0,0.0,0.0,0.0,0.0,0.0,0.0,0.0,1.0,0.0,0.0,1.0,1.0,0.0,0.0,0.0,0.0,1.0,0.0,0.0,1.0
24,109905.96,9096.83,86.0,90.58286,8.0,4.0,8.0,1.0,29.0,16.0,10.07,1.0,150.87,28.220442,396.19174,692.9084,0,0,0,0,0,0,0,0,1,0,0.0,0.0,0.0,0.0,0.0,0.0,0.0,0.0,0.0,0.0,0.0,1.0,0.0,0.0,0.0,0.0,0.0,1.0,0.0,1.0,0.0,0.0,0.0,1.0,0.0,0.0,0.0
26,34902.43,3128.536,88.0,44.143642,7.0,3.0,6.0,3.0,21.0,9.0,14.74,2.0,241.38,37.78288,132.59451,386.11542,1,1,0,1,0,0,0,0,0,0,0.0,0.0,0.0,0.0,0.0,0.0,0.0,0.0,0.0,0.0,0.0,0.0,0.0,1.0,0.0,0.0,0.0,1.0,0.0,1.0,0.0,1.0,0.0,0.0,0.0,0.0,1.0
49,20675.475,1899.9563,92.0,21.995943,3.0,1.0,11.0,2.0,11.0,4.0,5.76,3.0,78.09,36.72183,118.93652,329.06317,0,0,0,0,0,0,0,1,0,1,0.0,0.0,0.0,0.0,0.0,0.0,0.0,0.0,0.0,0.0,0.0,1.0,0.0,0.0,0.0,0.0,1.0,0.0,1.0,0.0,0.0,0.0,0.0,0.0,1.0,0.0,2.0
32,41293.1,3716.0916,83.0,47.714367,5.0,4.0,13.0,2.0,15.0,20.0,8.78,9.0,1416.43,33.329266,119.92506,473.96976,0,0,0,0,0,0,0,1,1,0,0.0,0.0,0.0,0.0,0.0,0.0,0.0,1.0,0.0,0.0,0.0,0.0,0.0,0.0,0.0,0.0,0.0,1.0,0.0,1.0,0.0,0.0,0.0,1.0,0.0,0.0,1.0
19,30355.01,2525.5842,116.0,20.510681,4.0,2.0,2.0,1.0,12.0,4.0,9.37,2.0,820.04,27.205362,213.68997,308.35776,0,0,0,0,0,0,0,0,0,1,0.0,1.0,0.0,0.0,0.0,0.0,0.0,0.0,0.0,0.0,0.0,0.0,0.0,0.0,0.0,0.0,1.0,0.0,1.0,0.0,0.0,0.0,0.0,0.0,0.0,1.0,2.0
32,32763.42,2819.285,93.0,53.77655,4.0,3.0,1.0,3.0,6.0,11.0,3.52,3.0,284.34,29.953028,106.25777,371.8942,1,0,0,0,0,0,0,0,1,1,1.0,0.0,0.0,0.0,0.0,0.0,0.0,0.0,0.0,0.0,0.0,0.0,0.0,0.0,0.0,0.0,1.0,0.0,1.0,0.0,0.0,1.0,0.0,0.0,0.0,0.0,2.0
23,16614.766,1424.5637,134.0,7.403525,4.0,7.0,20.0,1.0,20.0,15.0,4.55,4.0,931.36,38.80252,59.62728,345.42557,0,0,0,1,0,0,0,0,0,0,0.0,0.0,0.0,0.0,0.0,0.0,1.0,0.0,0.0,0.0,0.0,0.0,0.0,0.0,0.0,0.0,0.0,1.0,1.0,0.0,0.0,0.0,0.0,1.0,0.0,0.0,1.0
38,40085.46,3455.455,80.0,142.11263,6.0,6.0,18.0,5.0,45.0,15.0,1.97,12.0,2343.0,24.039244,421.69507,71.737816,1,0,1,0,0,0,0,1,0,1,0.0,0.0,0.0,0.0,0.0,0.0,0.0,0.0,0.0,0.0,0.0,0.0,0.0,0.0,1.0,1.0,0.0,0.0,0.0,1.0,0.0,0.0,0.0,0.0,0.0,1.0,1.0
24,82194.02,6799.5015,123.0,119.42219,0.0,3.0,2.0,3.0,7.0,1.0,8.62,3.0,957.94,27.100266,143.21712,667.31085,0,0,0,0,0,0,0,0,1,0,0.0,0.0,0.0,0.0,0.0,0.0,0.0,0.0,1.0,0.0,0.0,0.0,0.0,0.0,0.0,0.0,1.0,0.0,1.0,0.0,0.0,1.0,0.0,0.0,0.0,0.0,1.0
27,15755.455,1605.9546,104.0,0.0,8.0,4.0,9.0,0.0,13.0,15.0,17.17,3.0,149.94,26.985533,188.1067,262.48877,0,0,0,0,0,1,0,0,0,0,0.0,0.0,0.0,0.0,1.0,0.0,0.0,0.0,0.0,0.0,0.0,0.0,0.0,0.0,0.0,0.0,0.0,1.0,0.0,1.0,0.0,0.0,0.0,0.0,0.0,1.0,1.0
20,8037.285,924.77374,41.0,19.03591,5.0,3.0,29.0,5.0,21.0,15.0,13.66,8.0,2571.36,30.579071,66.60202,276.83945,1,1,1,0,0,0,0,0,1,1,0.0,0.0,0.0,0.0,0.0,1.0,0.0,0.0,0.0,0.0,0.0,0.0,0.0,0.0,0.0,0.0,0.0,1.0,0.0,1.0,0.0,0.0,0.0,1.0,0.0,0.0,0.0
44,71015.07,5866.9224,121.0,139.27837,7.0,7.0,8.0,4.0,9.0,11.0,10.16,4.0,1244.36,37.499878,170.18532,527.2286,1,0,1,0,0,0,1,1,0,0,0.0,0.0,0.0,1.0,0.0,0.0,0.0,0.0,0.0,0.0,0.0,0.0,0.0,0.0,0.0,0.0,0.0,1.0,0.0,1.0,0.0,1.0,0.0,0.0,0.0,0.0,1.0
23,25622.61,2251.2175,71.0,37.252865,6.0,7.0,7.0,2.0,16.0,15.0,15.74,4.0,326.09,27.72796,112.94391,334.925,1,0,0,0,0,0,0,1,0,0,0.0,0.0,0.0,0.0,0.0,0.0,0.0,0.0,1.0,0.0,0.0,0.0,0.0,0.0,0.0,0.0,0.0,1.0,0.0,1.0,0.0,0.0,1.0,0.0,0.0,0.0,1.0
47,101296.71,8456.393,71.0,234.49142,3.0,4.0,4.0,3.0,13.0,2.0,8.82,1.0,807.24,34.069267,116.69661,744.45123,0,0,0,1,1,0,1,0,0,0,0.0,0.0,1.0,0.0,0.0,0.0,0.0,0.0,0.0,0.0,0.0,0.0,0.0,0.0,0.0,0.0,1.0,0.0,1.0,0.0,0.0,1.0,0.0,0.0,0.0,0.0,2.0
47,57728.22,4661.685,83.0,174.14194,4.0,6.0,8.0,4.0,21.0,9.0,9.2,3.0,167.02,30.943924,37.3034,494.72318,0,0,0,0,1,0,0,1,0,0,0.0,0.0,0.0,0.0,0.0,0.0,0.0,0.0,0.0,0.0,0.0,0.0,0.0,1.0,0.0,0.0,1.0,0.0,1.0,0.0,1.0,0.0,0.0,0.0,0.0,0.0,1.0
42,39191.16,3238.93,85.0,119.92649,8.0,3.0,8.0,4.0,23.0,11.0,2.09,0.0,1146.38,28.158234,137.95966,326.00687,0,0,1,1,1,0,1,0,0,0,0.0,0.0,0.0,0.0,0.0,0.0,0.0,0.0,1.0,0.0,0.0,0.0,0.0,0.0,0.0,0.0,0.0,1.0,1.0,0.0,0.0,0.0,1.0,0.0,0.0,0.0,1.0
20,42373.7,3742.1416,121.0,88.8603,0.0,6.0,4.0,3.0,8.0,4.0,10.84,2.0,1391.5,27.197643,87.66821,447.68564,0,0,1,0,0,0,0,1,0,1,0.0,0.0,0.0,0.0,0.0,0.0,0.0,0.0,0.0,0.0,0.0,0.0,0.0,0.0,1.0,0.0,1.0,0.0,1.0,0.0,0.0,1.0,0.0,0.0,0.0,0.0,1.0
37,13603.41,863.6175,81.0,53.76196,6.0,5.0,16.0,6.0,25.0,18.0,19.91,5.0,45.82,24.187365,39.801144,282.79865,0,0,1,0,0,0,1,1,1,1,0.0,0.0,0.0,0.0,0.0,0.0,0.0,0.0,0.0,0.0,1.0,0.0,0.0,0.0,0.0,0.0,0.0,1.0,0.0,1.0,0.0,0.0,0.0,0.0,1.0,0.0,1.0
16,20813.06,1460.4216,64.0,70.48717,8.0,5.0,24.0,5.0,32.0,19.0,3.44,6.0,1402.23,31.040024,127.666405,237.8886,0,0,1,0,1,0,1,0,0,0,0.0,0.0,0.0,0.0,0.0,1.0,0.0,0.0,0.0,0.0,0.0,0.0,0.0,0.0,0.0,1.0,0.0,0.0,0.0,1.0,0.0,0.0,0.0,0.0,0.0,1.0,0.0
26,19853.35,1613.0033,80.0,141.51456,7.0,4.0,6.0,2.0,21.0,17.0,11.63,2.0,816.46,28.94069,64.8885,369.6841,0,0,1,1,0,0,0,0,0,0,0.0,0.0,0.0,0.0,0.0,1.0,0.0,0.0,0.0,0.0,0.0,0.0,0.0,0.0,0.0,0.0,0.0,1.0,1.0,0.0,0.0,0.0,0.0,0.0,0.0,1.0,1.0
41,19078.99,1867.9159,50.0,44.881207,9.0,9.0,28.0,5.0,44.0,22.0,-0.25,11.0,1367.42,34.066387,44.292854,367.61752,1,0,0,0,0,0,0,1,0,1,0.0,0.0,0.0,0.0,0.0,0.0,0.0,0.0,1.0,0.0,0.0,0.0,0.0,0.0,0.0,1.0,0.0,0.0,0.0,1.0,0.0,0.0,0.0,1.0,0.0,0.0,1.0
46,19956.6,1610.05,111.0,0.0,6.0,5.0,15.0,0.0,12.0,18.0,12.77,7.0,415.74,39.178432,88.243706,332.7613,0,0,0,0,0,1,0,0,0,0,0.0,0.0,0.0,0.0,0.0,0.0,0.0,0.0,0.0,0.0,0.0,0.0,1.0,0.0,0.0,0.0,0.0,1.0,0.0,1.0,0.0,0.0,1.0,0.0,0.0,0.0,1.0
23,16906.81,1167.9009,58.0,110.78863,9.0,8.0,33.0,9.0,49.0,21.0,3.43,6.0,1559.16,36.225967,74.283485,235.3754,1,1,0,1,1,0,1,0,1,0,0.0,1.0,0.0,0.0,0.0,0.0,0.0,0.0,0.0,0.0,0.0,0.0,0.0,0.0,0.0,1.0,0.0,0.0,0.0,1.0,1.0,0.0,0.0,0.0,0.0,0.0,1.0
29,19280.89,1550.7408,47.0,52.189728,6.0,4.0,12.0,6.0,22.0,8.0,9.69,6.0,884.87,34.78944,189.3451,203.53928,1,1,0,0,0,0,1,1,1,0,0.0,0.0,0.0,0.0,0.0,0.0,0.0,0.0,1.0,0.0,0.0,0.0,0.0,0.0,0.0,0.0,0.0,1.0,0.0,1.0,0.0,0.0,0.0,0.0,0.0,1.0,1.0
29,16798.15,1544.8458,37.0,31.318518,5.0,6.0,16.0,3.0,10.0,14.0,18.75,6.0,2266.73,34.328224,91.17144,321.99463,1,0,0,1,0,0,0,0,0,1,0.0,0.0,0.0,0.0,0.0,0.0,0.0,0.0,0.0,0.0,0.0,0.0,0.0,1.0,0.0,0.0,0.0,1.0,0.0,1.0,0.0,0.0,0.0,0.0,0.0,1.0,1.0
34,30771.54,2749.295,36.0,162.40181,4.0,6.0,18.0,7.0,19.0,18.0,19.25,4.0,246.06,29.352262,37.82134,324.70636,1,0,0,0,1,0,0,0,0,1,0.0,0.0,0.0,0.0,0.0,0.0,0.0,0.0,1.0,0.0,0.0,0.0,0.0,0.0,0.0,0.0,0.0,1.0,0.0,1.0,0.0,1.0,0.0,0.0,0.0,0.0,1.0
35,33089.51,3019.4592,116.0,15.654129,4.0,3.0,10.0,1.0,20.0,13.0,7.32,4.0,557.02,34.026615,100.76631,465.52548,0,0,0,0,0,0,1,0,0,0,0.0,0.0,0.0,0.0,0.0,0.0,0.0,0.0,0.0,0.0,0.0,0.0,0.0,1.0,0.0,0.0,0.0,1.0,0.0,1.0,0.0,0.0,0.0,0.0,1.0,0.0,1.0
25,32382.37,2960.5308,124.0,38.773567,4.0,7.0,5.0,2.0,16.0,16.0,11.3,4.0,626.47,31.742516,55.97296,441.30655,0,0,0,1,1,0,0,0,0,0,0.0,0.0,0.0,0.0,1.0,0.0,0.0,0.0,0.0,0.0,0.0,0.0,0.0,0.0,0.0,0.0,0.0,1.0,1.0,0.0,1.0,0.0,0.0,0.0,0.0,0.0,1.0
33,36029.25,3111.4375,129.0,83.18282,3.0,6.0,12.0,3.0,24.0,11.0,7.99,1.0,917.17,37.21341,280.05728,432.28802,0,1,0,0,1,0,1,0,0,0,0.0,0.0,0.0,0.0,0.0,0.0,0.0,0.0,1.0,0.0,0.0,0.0,0.0,0.0,0.0,0.0,1.0,0.0,1.0,0.0,0.0,1.0,0.0,0.0,0.0,0.0,0.0
24,12349.37,1288.1141,97.0,8.022343,4.0,7.0,17.0,1.0,9.0,17.0,7.89,0.0,896.92,28.198551,39.749214,331.03986,0,0,1,0,0,0,0,0,0,0,1.0,0.0,0.0,0.0,0.0,0.0,0.0,0.0,0.0,0.0,0.0,0.0,0.0,0.0,0.0,0.0,0.0,1.0,0.0,1.0,0.0,1.0,0.0,0.0,0.0,0.0,1.0
42,40600.61,3420.3843,91.0,63.614853,4.0,7.0,6.0,2.0,6.0,0.0,5.5,2.0,1198.96,37.906136,128.06573,400.35782,0,1,0,1,0,0,0,0,0,0,0.0,1.0,0.0,0.0,0.0,0.0,0.0,0.0,0.0,0.0,0.0,0.0,0.0,0.0,0.0,0.0,1.0,0.0,1.0,0.0,0.0,1.0,0.0,0.0,0.0,0.0,1.0
21,64662.04,5532.5034,102.0,83.842186,1.0,2.0,2.0,3.0,8.0,9.0,2.41,4.0,1376.25,32.03334,201.41373,517.99445,0,0,0,0,1,0,1,0,0,0,0.0,0.0,0.0,0.0,0.0,0.0,0.0,0.0,0.0,0.0,0.0,1.0,0.0,0.0,0.0,0.0,1.0,0.0,1.0,0.0,0.0,1.0,0.0,0.0,0.0,0.0,2.0
20,78208.96,6595.4136,133.0,184.3776,8.0,5.0,9.0,3.0,23.0,9.0,9.2,5.0,1419.42,33.23455,211.55385,513.60986,1,0,1,0,0,0,0,0,1,0,0.0,0.0,0.0,0.0,0.0,0.0,0.0,0.0,0.0,0.0,0.0,0.0,0.0,0.0,1.0,0.0,0.0,1.0,1.0,0.0,0.0,1.0,0.0,0.0,0.0,0.0,1.0
31,11431.775,930.6479,75.0,29.485472,8.0,6.0,16.0,4.0,7.0,15.0,0.52,3.0,117.57,29.18713,92.20264,261.37668,0,1,1,0,0,0,1,0,0,0,0.0,0.0,0.0,0.0,0.0,0.0,1.0,0.0,0.0,0.0,0.0,0.0,0.0,0.0,0.0,0.0,0.0,1.0,1.0,0.0,0.0,0.0,0.0,0.0,0.0,1.0,1.0
42,72618.32,6295.527,117.0,127.50073,5.0,6.0,14.0,3.0,6.0,17.0,10.02,1.0,805.95,28.996962,429.2294,342.82254,0,1,1,0,0,0,0,0,0,1,0.0,0.0,0.0,0.0,0.0,0.0,0.0,0.0,0.0,0.0,0.0,0.0,1.0,0.0,0.0,0.0,0.0,1.0,1.0,0.0,0.0,0.0,0.0,1.0,0.0,0.0,1.0
35,16253.0,1620.4166,66.0,75.13662,8.0,7.0,24.0,9.0,30.0,14.0,7.54,6.0,1467.62,24.531574,159.54253,217.36252,1,1,1,1,0,0,0,1,0,0,0.0,0.0,0.0,0.0,0.0,0.0,0.0,0.0,1.0,0.0,0.0,0.0,0.0,0.0,0.0,1.0,0.0,0.0,0.0,1.0,0.0,0.0,0.0,0.0,0.0,1.0,0.0
17,47330.91,3793.2424,57.0,103.17933,9.0,10.0,18.0,3.0,50.0,22.0,3.68,11.0,1455.64,24.405922,41.90038,474.24454,0,1,0,0,1,0,0,1,0,0,0.0,0.0,0.0,0.0,1.0,0.0,0.0,0.0,0.0,0.0,0.0,0.0,0.0,0.0,0.0,1.0,0.0,0.0,0.0,1.0,1.0,0.0,0.0,0.0,0.0,0.0,0.0
43,53956.32,4514.36,94.0,158.84558,4.0,6.0,12.0,4.0,17.0,12.0,19.13,0.0,432.92,37.10689,361.85733,210.73311,0,1,0,0,0,0,1,0,1,1,0.0,0.0,0.0,0.0,0.0,0.0,0.0,0.0,0.0,0.0,1.0,0.0,0.0,0.0,0.0,0.0,0.0,1.0,0.0,1.0,0.0,0.0,0.0,0.0,1.0,0.0,1.0
46,33647.34,2804.945,97.0,102.557556,8.0,5.0,9.0,4.0,15.0,10.0,11.07,4.0,1152.93,33.267303,45.50777,372.42917,0,0,1,0,1,0,1,0,0,0,0.0,0.0,0.0,0.0,0.0,1.0,0.0,0.0,0.0,0.0,0.0,0.0,0.0,0.0,0.0,0.0,0.0,1.0,1.0,0.0,1.0,0.0,0.0,0.0,0.0,0.0,1.0
44,14435.435,1376.6976,74.0,86.295876,3.0,5.0,20.0,4.0,9.0,17.0,2.2,4.0,799.07,32.077118,51.338833,326.51587,1,1,0,1,0,0,0,0,0,1,0.0,0.0,0.0,0.0,0.0,0.0,0.0,0.0,0.0,1.0,0.0,0.0,0.0,0.0,0.0,0.0,0.0,1.0,0.0,1.0,0.0,0.0,0.0,0.0,1.0,0.0,1.0
55,44280.31,3873.026,99.0,72.688644,4.0,3.0,8.0,2.0,17.0,3.0,9.23,1.0,1046.3,31.50237,182.18678,422.42715,0,1,0,0,0,0,0,0,0,1,0.0,0.0,0.0,0.0,0.0,0.0,0.0,0.0,1.0,0.0,0.0,0.0,0.0,0.0,0.0,0.0,1.0,0.0,1.0,0.0,0.0,0.0,0.0,0.0,0.0,1.0,1.0
30,82332.68,6814.0566,29.0,289.35556,6.0,9.0,20.0,7.0,50.0,11.0,9.25,10.0,1566.54,26.287727,109.56057,522.48956,0,1,1,0,0,0,1,1,1,1,1.0,0.0,0.0,0.0,0.0,0.0,0.0,0.0,0.0,0.0,0.0,0.0,0.0,0.0,0.0,0.0,0.0,1.0,0.0,1.0,1.0,0.0,0.0,0.0,0.0,0.0,0.0
16,38721.76,3104.8132,72.0,41.164303,10.0,6.0,23.0,2.0,35.0,24.0,7.26,11.0,2443.51,40.637455,54.992195,454.32483,0,0,0,1,0,0,0,0,0,0,0.0,0.0,0.0,0.0,0.0,0.0,0.0,0.0,0.0,0.0,0.0,0.0,0.0,0.0,1.0,1.0,0.0,0.0,0.0,1.0,1.0,0.0,0.0,0.0,0.0,0.0,0.0
31,85084.8,6997.4,91.0,69.20173,4.0,3.0,12.0,1.0,10.0,8.0,16.49,1.0,100.42,26.37306,314.10852,576.42975,1,0,0,0,0,0,0,0,0,0,0.0,0.0,0.0,0.0,0.0,0.0,1.0,0.0,0.0,0.0,0.0,0.0,0.0,0.0,0.0,0.0,0.0,1.0,0.0,1.0,0.0,0.0,1.0,0.0,0.0,0.0,1.0
16,31136.8,2612.7334,130.0,88.99986,4.0,7.0,18.0,4.0,7.0,17.0,13.73,7.0,930.08,39.089634,224.59514,237.67833,0,1,0,0,1,0,1,0,0,1,0.0,0.0,0.0,0.0,0.0,0.0,1.0,0.0,0.0,0.0,0.0,0.0,0.0,0.0,0.0,0.0,0.0,1.0,0.0,1.0,0.0,0.0,0.0,0.0,0.0,1.0,1.0
38,35033.11,3041.4258,103.0,86.86377,3.0,5.0,17.0,4.0,21.0,17.0,19.48,0.0,44.59,22.914062,153.54803,333.73077,1,0,0,1,0,0,1,1,0,0,1.0,0.0,0.0,0.0,0.0,0.0,0.0,0.0,0.0,0.0,0.0,0.0,0.0,0.0,0.0,0.0,0.0,1.0,0.0,1.0,0.0,0.0,0.0,1.0,0.0,0.0,1.0
53,42372.36,3448.03,71.0,77.146385,4.0,7.0,6.0,3.0,6.0,9.0,7.01,3.0,143.04,24.577,92.92887,424.72775,0,1,1,1,0,0,0,0,0,0,0.0,0.0,0.0,0.0,0.0,0.0,0.0,0.0,0.0,0.0,0.0,1.0,0.0,0.0,0.0,0.0,1.0,0.0,1.0,0.0,0.0,1.0,0.0,0.0,0.0,0.0,1.0
36,25573.07,1948.0891,75.0,52.241776,8.0,6.0,11.0,4.0,8.0,11.0,6.87,4.0,477.2,34.015625,81.672424,340.8947,1,0,0,1,0,0,0,1,0,0,0.0,0.0,0.0,0.0,0.0,0.0,0.0,0.0,0.0,0.0,0.0,0.0,0.0,1.0,0.0,0.0,1.0,0.0,1.0,0.0,0.0,0.0,0.0,0.0,1.0,0.0,2.0
22,23312.22,1814.685,127.0,25.17433,6.0,7.0,20.0,2.0,5.0,10.0,-5.05,7.0,1067.99,34.158016,54.861897,361.43228,0,0,0,0,0,0,0,1,1,0,1.0,0.0,0.0,0.0,0.0,0.0,0.0,0.0,0.0,0.0,0.0,0.0,0.0,0.0,0.0,0.0,0.0,1.0,1.0,0.0,0.0,0.0,1.0,0.0,0.0,0.0,1.0
32,23808.75,1993.0625,102.0,0.0,8.0,7.0,8.0,0.0,26.0,13.0,19.79,1.0,7.87,36.005997,111.99971,357.30655,0,0,0,0,0,1,0,0,0,0,0.0,0.0,0.0,0.0,0.0,0.0,0.0,0.0,0.0,0.0,0.0,0.0,1.0,0.0,0.0,0.0,0.0,1.0,0.0,1.0,0.0,0.0,0.0,1.0,0.0,0.0,1.0
32,55151.04,4704.92,59.0,171.82307,10.0,6.0,23.0,6.0,31.0,17.0,10.64,9.0,1743.83,32.493126,287.5477,291.12122,1,1,0,0,0,0,1,0,0,0,0.0,0.0,0.0,0.0,1.0,0.0,0.0,0.0,0.0,0.0,0.0,0.0,0.0,0.0,0.0,1.0,0.0,0.0,0.0,1.0,0.0,0.0,0.0,0.0,1.0,0.0,0.0
24,33065.8,2690.4834,95.0,69.13684,0.0,7.0,6.0,3.0,6.0,11.0,3.22,4.0,518.79,34.716038,235.71745,244.19405,1,0,1,1,0,0,0,0,0,0,0.0,0.0,0.0,0.0,0.0,1.0,0.0,0.0,0.0,0.0,0.0,0.0,0.0,0.0,0.0,0.0,1.0,0.0,1.0,0.0,0.0,0.0,0.0,0.0,1.0,0.0,0.0
36,42247.17,3501.5974,34.0,255.78775,9.0,8.0,20.0,9.0,31.0,18.0,19.77,6.0,2725.05,31.837757,288.58957,85.782425,1,1,0,1,1,0,1,1,1,1,0.0,0.0,0.0,0.0,0.0,0.0,0.0,0.0,0.0,0.0,1.0,0.0,0.0,0.0,0.0,1.0,0.0,0.0,0.0,1.0,0.0,0.0,0.0,0.0,1.0,0.0,0.0
36,62932.48,5437.3735,39.0,139.38084,6.0,10.0,23.0,4.0,9.0,17.0,19.12,13.0,2412.6,26.34864,135.90707,528.4494,1,1,1,1,0,0,0,0,0,0,0.0,0.0,0.0,0.0,0.0,1.0,0.0,0.0,0.0,0.0,0.0,0.0,0.0,0.0,0.0,0.0,0.0,1.0,0.0,1.0,1.0,0.0,0.0,0.0,0.0,0.0,1.0
45,29313.3,2151.775,128.0,52.217022,4.0,5.0,1.0,3.0,3.0,7.0,-1.05,4.0,341.96,34.807083,73.15471,349.8058,0,1,0,1,0,0,1,0,0,0,0.0,0.0,0.0,0.0,0.0,0.0,0.0,0.0,0.0,0.0,0.0,0.0,1.0,0.0,0.0,0.0,1.0,0.0,1.0,0.0,0.0,1.0,0.0,0.0,0.0,0.0,2.0
48,25376.73,2387.7275,80.0,25.915464,5.0,7.0,20.0,2.0,11.0,10.0,4.83,2.0,400.25,32.850574,231.19699,271.66028,0,0,0,0,0,0,0,1,1,0,0.0,0.0,0.0,1.0,0.0,0.0,0.0,0.0,0.0,0.0,0.0,0.0,0.0,0.0,0.0,0.0,0.0,1.0,0.0,1.0,0.0,0.0,0.0,0.0,0.0,1.0,1.0
28,21414.43,1963.5359,104.0,30.21423,5.0,2.0,5.0,3.0,14.0,1.0,10.58,4.0,39.47,24.13103,53.696312,392.44305,0,1,0,0,0,0,0,0,1,0,0.0,0.0,0.0,0.0,0.0,0.0,0.0,0.0,0.0,0.0,0.0,1.0,0.0,0.0,0.0,0.0,1.0,0.0,1.0,0.0,0.0,0.0,0.0,0.0,1.0,0.0,1.0
38,39994.31,3463.8591,110.0,0.0,5.0,3.0,7.0,0.0,3.0,3.0,2.75,2.0,651.27,37.841805,303.99493,332.391,0,0,0,0,0,1,0,0,0,0,0.0,0.0,0.0,0.0,0.0,0.0,0.0,0.0,1.0,0.0,0.0,0.0,0.0,0.0,0.0,0.0,1.0,0.0,1.0,0.0,0.0,0.0,0.0,0.0,0.0,1.0,2.0
39,58528.3,4661.3584,101.0,65.451965,4.0,5.0,6.0,2.0,7.0,14.0,20.13,3.0,1473.38,38.975212,178.86093,471.82294,0,0,0,0,1,0,0,0,1,0,0.0,1.0,0.0,0.0,0.0,0.0,0.0,0.0,0.0,0.0,0.0,0.0,0.0,0.0,0.0,0.0,0.0,1.0,0.0,1.0,0.0,1.0,0.0,0.0,0.0,0.0,1.0
30,73747.58,6166.632,128.0,93.21286,3.0,5.0,7.0,2.0,28.0,14.0,15.1,10.0,497.98,35.880737,344.93082,458.5195,0,0,1,0,1,0,0,0,0,0,0.0,0.0,0.0,0.0,0.0,0.0,0.0,0.0,0.0,0.0,1.0,0.0,0.0,0.0,0.0,0.0,0.0,1.0,0.0,1.0,0.0,0.0,0.0,0.0,1.0,0.0,1.0
33,35491.29,2883.6074,123.0,63.726646,3.0,3.0,12.0,3.0,18.0,11.0,1.51,0.0,359.63,23.14764,45.11399,419.5201,0,0,0,0,1,0,0,1,0,0,0.0,0.0,0.0,0.0,0.0,0.0,0.0,0.0,1.0,0.0,0.0,0.0,0.0,0.0,0.0,0.0,0.0,1.0,1.0,0.0,1.0,0.0,0.0,0.0,0.0,0.0,1.0
20,23265.78,2103.815,76.0,28.838541,7.0,4.0,16.0,2.0,8.0,11.0,11.24,0.0,1092.14,39.41003,143.69623,327.84674,0,0,0,1,0,0,0,0,1,0,0.0,0.0,0.0,0.0,0.0,0.0,1.0,0.0,0.0,0.0,0.0,0.0,0.0,0.0,0.0,0.0,0.0,1.0,0.0,1.0,0.0,0.0,0.0,0.0,0.0,1.0,1.0
24,17030.26,1625.1884,124.0,23.871428,5.0,7.0,8.0,3.0,16.0,19.0,16.21,8.0,299.0,36.775814,173.76778,254.87964,0,0,0,1,0,0,0,1,0,0,0.0,0.0,0.0,0.0,0.0,0.0,0.0,0.0,0.0,0.0,1.0,0.0,0.0,0.0,0.0,0.0,0.0,1.0,0.0,1.0,0.0,0.0,0.0,0.0,0.0,1.0,2.0
35,21687.46,2003.2883,92.0,56.529938,1.0,1.0,12.0,4.0,-1.0,5.0,6.39,2.0,1370.17,35.674675,234.69344,199.10545,0,1,0,1,0,0,0,0,0,1,0.0,0.0,0.0,0.0,0.0,0.0,1.0,0.0,0.0,0.0,0.0,0.0,0.0,0.0,0.0,0.0,1.0,0.0,1.0,0.0,0.0,0.0,0.0,0.0,0.0,1.0,1.0
29,58484.22,5043.685,50.0,199.56413,8.0,5.0,16.0,7.0,17.0,16.0,10.95,5.0,2389.36,35.700653,107.43127,447.3731,1,1,1,0,1,0,1,0,0,1,0.0,1.0,0.0,0.0,0.0,0.0,0.0,0.0,0.0,0.0,0.0,0.0,0.0,0.0,0.0,0.0,0.0,1.0,0.0,1.0,0.0,1.0,0.0,0.0,0.0,0.0,0.0
46,31877.72,2571.4766,107.0,21.794374,3.0,6.0,20.0,1.0,28.0,10.0,1.46,4.0,886.59,31.019375,93.63184,401.72144,0,1,0,0,0,0,0,0,0,0,0.0,0.0,1.0,0.0,0.0,0.0,0.0,0.0,0.0,0.0,0.0,0.0,0.0,0.0,0.0,0.0,0.0,1.0,1.0,0.0,0.0,0.0,1.0,0.0,0.0,0.0,1.0
54,65869.24,5702.1035,74.0,154.16223,1.0,7.0,10.0,3.0,5.0,4.0,4.2,2.0,506.2,26.30983,88.20809,577.84,0,0,0,1,0,0,1,0,0,1,0.0,0.0,0.0,0.0,0.0,0.0,0.0,0.0,0.0,0.0,1.0,0.0,0.0,0.0,0.0,0.0,1.0,0.0,1.0,0.0,0.0,1.0,0.0,0.0,0.0,0.0,2.0
38,22387.125,1677.5938,115.0,0.0,4.0,3.0,12.0,0.0,4.0,0.0,3.93,1.0,1389.37,26.578407,64.559074,353.2003,0,0,0,0,0,1,0,0,0,0,0.0,0.0,0.0,1.0,0.0,0.0,0.0,0.0,0.0,0.0,0.0,0.0,0.0,0.0,0.0,0.0,1.0,0.0,1.0,0.0,0.0,1.0,0.0,0.0,0.0,0.0,2.0
44,7226.435,662.20294,42.0,16.193506,8.0,5.0,20.0,3.0,13.0,14.0,8.72,9.0,1533.48,22.656797,19.823885,310.2029,0,0,0,0,1,0,1,0,0,1,0.0,0.0,0.0,0.0,0.0,0.0,0.0,0.0,0.0,0.0,1.0,0.0,0.0,0.0,0.0,0.0,0.0,1.0,0.0,1.0,0.0,0.0,0.0,0.0,1.0,0.0,0.0
25,45230.85,3471.2375,35.0,212.673,7.0,7.0,26.0,6.0,16.0,16.0,10.23,10.0,1712.99,27.46196,446.63898,261.12122,1,0,0,1,1,0,1,0,1,0,0.0,0.0,0.0,0.0,0.0,0.0,0.0,0.0,0.0,0.0,0.0,0.0,0.0,0.0,1.0,0.0,0.0,1.0,0.0,1.0,0.0,0.0,0.0,0.0,0.0,1.0,0.0
22,90794.28,7737.19,72.0,166.91898,5.0,4.0,5.0,3.0,21.0,14.0,13.34,8.0,622.21,42.649803,152.70651,694.0935,0,0,0,0,1,0,1,0,0,1,0.0,0.0,0.0,1.0,0.0,0.0,0.0,0.0,0.0,0.0,0.0,0.0,0.0,0.0,0.0,0.0,0.0,1.0,0.0,1.0,1.0,0.0,0.0,0.0,0.0,0.0,1.0
53,29536.93,2329.411,93.0,38.737263,4.0,7.0,7.0,2.0,26.0,18.0,10.92,3.0,607.5,39.813583,106.76264,347.44116,0,0,0,1,1,0,0,0,0,0,0.0,0.0,0.0,0.0,0.0,0.0,0.0,0.0,0.0,0.0,0.0,0.0,1.0,0.0,0.0,0.0,0.0,1.0,0.0,1.0,0.0,0.0,0.0,0.0,0.0,1.0,1.0
33,71285.0,6207.4165,98.0,159.20712,0.0,5.0,4.0,3.0,10.0,7.0,5.28,2.0,1308.67,32.557648,121.00789,580.5267,0,0,1,1,0,0,0,1,0,0,0.0,0.0,0.0,0.0,0.0,0.0,0.0,0.0,0.0,0.0,0.0,1.0,0.0,0.0,0.0,0.0,1.0,0.0,1.0,0.0,1.0,0.0,0.0,0.0,0.0,0.0,2.0
32,30953.51,2807.4592,112.0,28.539576,4.0,4.0,14.0,2.0,9.0,13.0,8.04,0.0,1106.09,34.137802,95.82717,426.37918,0,1,0,0,0,0,0,0,1,0,0.0,0.0,0.0,0.0,0.0,0.0,0.0,0.0,0.0,0.0,0.0,0.0,1.0,0.0,0.0,0.0,0.0,1.0,0.0,1.0,0.0,0.0,0.0,1.0,0.0,0.0,1.0
38,34433.18,2671.4316,86.0,36.285576,5.0,4.0,19.0,2.0,9.0,8.0,10.99,14.0,1683.88,25.867521,345.23523,175.62238,0,0,1,0,0,0,0,0,1,0,0.0,0.0,0.0,0.0,1.0,0.0,0.0,0.0,0.0,0.0,0.0,0.0,0.0,0.0,0.0,0.0,0.0,1.0,0.0,1.0,0.0,0.0,0.0,0.0,0.0,1.0,0.0
46,14707.375,1198.6146,71.0,0.0,3.0,1.0,2.0,0.0,7.0,0.0,9.13,4.0,516.4,35.466816,33.33171,356.52975,0,0,0,0,0,1,0,0,0,0,0.0,0.0,0.0,0.0,0.0,0.0,0.0,0.0,0.0,0.0,1.0,0.0,0.0,0.0,0.0,0.0,1.0,0.0,1.0,0.0,0.0,0.0,0.0,1.0,0.0,0.0,2.0
43,11900.03,1264.6692,83.0,35.546223,3.0,5.0,18.0,4.0,15.0,12.0,2.86,0.0,399.01,27.052118,95.07759,285.8431,0,0,0,0,1,0,1,0,0,0,0.0,0.0,0.0,0.0,1.0,0.0,0.0,0.0,0.0,0.0,0.0,0.0,0.0,0.0,0.0,0.0,0.0,1.0,1.0,0.0,0.0,0.0,0.0,0.0,0.0,1.0,1.0
29,10623.765,895.3137,72.0,26.51528,6.0,3.0,18.0,3.0,7.0,12.0,16.39,7.0,181.68,30.252417,35.279774,317.73633,0,0,0,1,0,0,0,0,1,0,0.0,0.0,1.0,0.0,0.0,0.0,0.0,0.0,0.0,0.0,0.0,0.0,0.0,0.0,0.0,0.0,0.0,1.0,0.0,1.0,0.0,0.0,0.0,0.0,0.0,1.0,1.0
49,70793.38,6103.448,88.0,51.12551,5.0,3.0,8.0,1.0,22.0,18.0,11.68,3.0,138.21,30.96782,182.81104,626.40826,0,1,0,0,0,0,0,0,0,0,0.0,0.0,0.0,0.0,0.0,0.0,0.0,0.0,0.0,0.0,1.0,0.0,0.0,0.0,0.0,0.0,0.0,1.0,1.0,0.0,0.0,1.0,0.0,0.0,0.0,0.0,1.0
19,61778.7,4955.225,70.0,131.98383,7.0,4.0,18.0,4.0,30.0,13.0,9.06,2.0,519.01,38.126007,179.58844,453.95023,1,0,1,1,0,0,0,0,1,0,0.0,0.0,0.0,0.0,0.0,0.0,0.0,1.0,0.0,0.0,0.0,0.0,0.0,0.0,0.0,0.0,0.0,1.0,1.0,0.0,0.0,0.0,0.0,1.0,0.0,0.0,1.0
19,53266.23,4310.8525,41.0,176.39476,4.0,6.0,16.0,4.0,17.0,20.0,9.62,6.0,1988.24,33.186558,133.04811,337.37207,0,0,0,0,0,0,1,1,0,1,0.0,0.0,0.0,0.0,0.0,0.0,0.0,0.0,0.0,0.0,0.0,0.0,0.0,0.0,1.0,0.0,0.0,1.0,0.0,1.0,0.0,1.0,0.0,0.0,0.0,0.0,1.0
52,20871.42,1522.285,74.0,51.128517,2.0,2.0,2.0,3.0,13.0,2.0,9.87,4.0,1177.09,26.002659,35.448814,325.65115,0,0,0,1,1,0,0,1,0,0,0.0,0.0,0.0,0.0,0.0,0.0,0.0,0.0,0.0,0.0,0.0,0.0,0.0,0.0,1.0,0.0,1.0,0.0,1.0,0.0,0.0,0.0,1.0,0.0,0.0,0.0,1.0
51,12221.185,853.43207,136.0,6.298573,3.0,5.0,18.0,1.0,29.0,9.0,19.2,5.0,1155.33,26.594847,48.731655,320.313,0,1,0,0,0,0,0,0,0,0,0.0,1.0,0.0,0.0,0.0,0.0,0.0,0.0,0.0,0.0,0.0,0.0,0.0,0.0,0.0,0.0,0.0,1.0,0.0,1.0,0.0,0.0,0.0,0.0,0.0,1.0,1.0
32,11703.605,993.3004,81.0,0.0,8.0,4.0,20.0,0.0,28.0,17.0,13.87,3.0,1175.56,29.915186,32.252243,327.0778,0,0,0,0,0,1,0,0,0,0,0.0,1.0,0.0,0.0,0.0,0.0,0.0,0.0,0.0,0.0,0.0,0.0,0.0,0.0,0.0,0.0,0.0,1.0,0.0,1.0,0.0,0.0,1.0,0.0,0.0,0.0,1.0
53,53003.18,4275.9316,123.0,175.35446,6.0,6.0,6.0,4.0,16.0,15.0,2.84,4.0,1387.17,31.796164,351.18427,191.05446,1,1,0,0,0,0,0,1,1,0,0.0,0.0,0.0,0.0,0.0,0.0,0.0,0.0,0.0,1.0,0.0,0.0,0.0,0.0,0.0,0.0,0.0,1.0,0.0,1.0,0.0,0.0,0.0,0.0,0.0,1.0,1.0
31,65714.32,5202.1934,39.0,183.69058,6.0,6.0,28.0,4.0,32.0,16.0,9.73,12.0,1727.71,29.173407,159.50198,427.02676,0,0,1,1,0,0,0,1,0,1,0.0,0.0,0.0,0.0,0.0,0.0,0.0,0.0,0.0,0.0,0.0,0.0,0.0,1.0,0.0,0.0,0.0,1.0,0.0,1.0,0.0,1.0,0.0,0.0,0.0,0.0,0.0
29,61880.06,5411.672,102.0,0.0,7.0,5.0,7.0,0.0,9.0,20.0,11.8,8.0,370.58,27.12998,107.581985,673.5852,0,0,0,0,0,1,0,0,0,0,0.0,0.0,0.0,0.0,0.0,0.0,0.0,0.0,0.0,0.0,0.0,0.0,0.0,0.0,1.0,0.0,0.0,1.0,0.0,1.0,1.0,0.0,0.0,0.0,0.0,0.0,1.0
18,19559.45,1665.9542,80.0,38.287216,5.0,4.0,20.0,4.0,17.0,20.0,13.77,5.0,1115.06,30.45276,108.3807,309.9275,0,0,0,1,1,0,0,0,1,1,0.0,0.0,0.0,0.0,0.0,1.0,0.0,0.0,0.0,0.0,0.0,0.0,0.0,0.0,0.0,0.0,0.0,1.0,0.0,1.0,0.0,0.0,0.0,0.0,0.0,1.0,0.0
18,20736.07,1618.0059,60.0,81.96774,10.0,6.0,17.0,9.0,44.0,17.0,19.06,7.0,3072.15,36.0333,210.48555,159.34729,1,1,1,0,0,0,0,1,1,0,0.0,0.0,0.0,0.0,0.0,0.0,0.0,0.0,0.0,0.0,0.0,0.0,0.0,1.0,0.0,1.0,0.0,0.0,0.0,1.0,0.0,0.0,0.0,0.0,0.0,1.0,2.0
37,28840.8,2169.4,83.0,19.437809,3.0,4.0,6.0,1.0,1.0,6.0,6.64,2.0,1147.59,27.64416,97.90793,359.59427,0,0,0,0,0,0,0,0,1,0,0.0,0.0,0.0,0.0,0.0,0.0,0.0,0.0,0.0,0.0,0.0,0.0,0.0,1.0,0.0,0.0,1.0,0.0,1.0,0.0,0.0,0.0,0.0,0.0,0.0,1.0,2.0
28,29758.46,2687.8716,108.0,71.50603,5.0,6.0,8.0,3.0,28.0,19.0,10.79,4.0,817.45,31.60819,315.7966,177.89725,0,0,0,1,0,0,0,1,0,1,0.0,0.0,0.0,0.0,0.0,0.0,0.0,0.0,0.0,0.0,1.0,0.0,0.0,0.0,0.0,0.0,0.0,1.0,1.0,0.0,0.0,0.0,0.0,0.0,0.0,1.0,1.0
43,98112.03,8417.003,129.0,197.32205,2.0,5.0,4.0,3.0,1.0,5.0,7.79,1.0,579.47,39.396145,97.07232,787.3059,1,0,1,0,0,0,1,0,0,0,0.0,0.0,0.0,0.0,0.0,0.0,0.0,0.0,0.0,0.0,0.0,0.0,0.0,0.0,1.0,0.0,1.0,0.0,1.0,0.0,1.0,0.0,0.0,0.0,0.0,0.0,2.0
20,19549.47,1897.1226,55.0,86.85516,3.0,7.0,25.0,7.0,16.0,14.0,12.05,4.0,1924.26,26.732334,53.852222,299.00485,0,0,0,1,0,0,1,1,1,0,0.0,0.0,0.0,1.0,0.0,0.0,0.0,0.0,0.0,0.0,0.0,0.0,0.0,0.0,0.0,0.0,0.0,1.0,0.0,1.0,0.0,1.0,0.0,0.0,0.0,0.0,1.0
33,73417.48,6001.1235,55.0,163.71306,7.0,4.0,20.0,4.0,30.0,19.0,14.53,5.0,2402.05,29.147923,101.07831,575.321,1,0,1,1,0,0,0,0,0,0,0.0,0.0,0.0,0.0,0.0,1.0,0.0,0.0,0.0,0.0,0.0,0.0,0.0,0.0,0.0,0.0,0.0,1.0,0.0,1.0,1.0,0.0,0.0,0.0,0.0,0.0,1.0
43,19331.53,1417.9608,41.0,21.28261,6.0,7.0,27.0,2.0,44.0,16.0,15.47,8.0,1268.03,31.672874,97.00405,313.50943,0,1,0,0,1,0,0,0,0,0,0.0,0.0,0.0,0.0,0.0,0.0,0.0,0.0,1.0,0.0,0.0,0.0,0.0,0.0,0.0,0.0,0.0,1.0,0.0,1.0,0.0,0.0,0.0,0.0,0.0,1.0,0.0
47,45013.44,3889.12,138.0,0.0,3.0,4.0,13.0,0.0,27.0,14.0,7.84,2.0,1378.25,31.812151,145.08466,493.82733,0,0,0,0,0,1,0,0,0,0,0.0,1.0,0.0,0.0,0.0,0.0,0.0,0.0,0.0,0.0,0.0,0.0,0.0,0.0,0.0,0.0,0.0,1.0,1.0,0.0,0.0,1.0,0.0,0.0,0.0,0.0,1.0
55,21989.266,1835.4387,78.0,0.0,5.0,5.0,1.0,0.0,-5.0,8.0,9.1,3.0,128.7,32.12147,45.20512,378.33875,0,0,0,0,0,1,0,0,0,0,0.0,0.0,0.0,0.0,0.0,0.0,0.0,0.0,0.0,0.0,0.0,0.0,0.0,0.0,1.0,0.0,1.0,0.0,1.0,0.0,1.0,0.0,0.0,0.0,0.0,0.0,2.0
24,77597.7,6619.475,131.0,225.27823,4.0,5.0,3.0,4.0,6.0,7.0,-0.97,2.0,404.69,39.988926,110.584305,576.08496,1,0,0,0,0,0,0,1,0,1,0.0,0.0,0.0,0.0,0.0,0.0,0.0,0.0,0.0,0.0,1.0,0.0,0.0,0.0,0.0,0.0,1.0,0.0,1.0,0.0,0.0,1.0,0.0,0.0,0.0,0.0,1.0
48,35730.44,2934.5366,92.0,74.46925,5.0,6.0,3.0,4.0,11.0,16.0,3.65,4.0,1185.95,31.440216,38.083828,420.90057,1,1,0,0,0,0,0,0,1,0,0.0,0.0,0.0,0.0,0.0,0.0,1.0,0.0,0.0,0.0,0.0,0.0,0.0,0.0,0.0,0.0,1.0,0.0,1.0,0.0,1.0,0.0,0.0,0.0,0.0,0.0,2.0
47,16319.375,1518.9479,98.0,16.291128,7.0,3.0,1.0,2.0,16.0,14.0,7.67,4.0,1275.32,38.311714,175.89995,249.70372,0,0,0,0,0,0,0,1,0,0,0.0,0.0,0.0,0.0,0.0,0.0,0.0,0.0,0.0,0.0,1.0,0.0,0.0,0.0,0.0,0.0,0.0,1.0,1.0,0.0,0.0,0.0,0.0,0.0,0.0,1.0,1.0
17,18425.6,1690.4667,46.0,67.23257,3.0,3.0,32.0,5.0,20.0,13.0,17.8,4.0,1773.7,29.208742,104.40072,209.61269,0,1,1,1,1,0,1,0,0,0,0.0,0.0,1.0,0.0,0.0,0.0,0.0,0.0,0.0,0.0,0.0,0.0,0.0,0.0,0.0,0.0,0.0,1.0,0.0,1.0,0.0,0.0,0.0,0.0,0.0,1.0,0.0
36,15334.13,1462.8441,59.0,19.401182,7.0,9.0,30.0,3.0,31.0,17.0,6.8,11.0,2339.82,33.69358,28.312561,338.57068,0,0,0,0,0,0,1,1,0,1,0.0,0.0,0.0,0.0,0.0,1.0,0.0,0.0,0.0,0.0,0.0,0.0,0.0,0.0,0.0,1.0,0.0,0.0,0.0,1.0,1.0,0.0,0.0,0.0,0.0,0.0,0.0
39,10395.46,1160.2883,63.0,68.93438,6.0,8.0,23.0,9.0,52.0,26.0,8.39,9.0,1781.57,32.215458,75.625565,261.46887,0,1,1,1,1,0,0,1,1,1,0.0,0.0,0.0,0.0,1.0,0.0,0.0,0.0,0.0,0.0,0.0,0.0,0.0,0.0,0.0,1.0,0.0,0.0,0.0,1.0,0.0,0.0,0.0,0.0,0.0,1.0,0.0
30,16381.95,1082.1625,73.0,0.0,7.0,6.0,14.0,0.0,18.0,21.0,18.43,7.0,1493.68,33.059235,95.90569,302.31055,0,0,0,0,0,1,0,0,0,0,0.0,0.0,0.0,0.0,0.0,0.0,0.0,0.0,0.0,0.0,0.0,0.0,0.0,0.0,1.0,0.0,0.0,1.0,0.0,1.0,0.0,0.0,0.0,0.0,0.0,1.0,1.0
19,28665.76,2582.8132,103.0,22.688177,7.0,3.0,5.0,1.0,16.0,10.0,4.32,0.0,1237.46,36.48459,236.88159,288.71155,0,0,1,0,0,0,0,0,0,0,0.0,0.0,1.0,0.0,0.0,0.0,0.0,0.0,0.0,0.0,0.0,0.0,0.0,0.0,0.0,0.0,0.0,1.0,1.0,0.0,0.0,1.0,0.0,0.0,0.0,0.0,1.0
30,77001.36,6561.78,80.0,210.57683,7.0,4.0,34.0,5.0,11.0,15.0,16.8,11.0,2456.49,33.318825,240.47937,455.1218,0,1,1,0,1,0,1,0,0,0,0.0,0.0,0.0,1.0,0.0,0.0,0.0,0.0,0.0,0.0,0.0,0.0,0.0,0.0,0.0,0.0,0.0,1.0,0.0,1.0,0.0,1.0,0.0,0.0,0.0,0.0,0.0
36,31067.03,2297.9192,73.0,79.25049,5.0,3.0,5.0,4.0,29.0,12.0,8.2,5.0,778.68,23.418282,192.84412,247.69731,1,0,0,0,0,0,1,0,0,0,0.0,0.0,0.0,0.0,1.0,0.0,0.0,0.0,0.0,0.0,0.0,0.0,0.0,0.0,0.0,0.0,0.0,1.0,0.0,1.0,0.0,0.0,0.0,0.0,0.0,1.0,0.0
50,16558.12,1217.8434,80.0,35.387554,3.0,7.0,10.0,3.0,5.0,5.0,3.57,1.0,15.43,27.779005,129.34099,247.05579,0,1,0,1,0,0,0,1,0,0,0.0,0.0,0.0,0.0,0.0,0.0,0.0,0.0,0.0,0.0,1.0,0.0,0.0,0.0,0.0,0.0,1.0,0.0,1.0,0.0,0.0,0.0,0.0,0.0,0.0,1.0,0.0
40,19125.48,1573.79,29.0,57.887,10.0,7.0,31.0,6.0,31.0,12.0,12.75,12.0,1386.79,29.842007,54.754547,334.73746,0,0,1,1,1,0,1,1,0,1,0.0,0.0,1.0,0.0,0.0,0.0,0.0,0.0,0.0,0.0,0.0,0.0,0.0,0.0,0.0,0.0,0.0,1.0,0.0,1.0,0.0,0.0,0.0,0.0,0.0,1.0,0.0
22,14475.63,1092.3025,31.0,15.777019,7.0,7.0,10.0,2.0,12.0,11.0,19.97,10.0,1695.75,38.036915,36.01822,307.435,0,1,0,0,0,0,0,0,0,1,0.0,1.0,0.0,0.0,0.0,0.0,0.0,0.0,0.0,0.0,0.0,0.0,0.0,0.0,0.0,0.0,0.0,1.0,0.0,1.0,0.0,1.0,0.0,0.0,0.0,0.0,1.0
23,12837.245,837.77045,115.0,21.243326,8.0,4.0,10.0,3.0,11.0,9.0,4.34,0.0,1222.28,36.274364,91.99142,260.5423,0,0,0,0,0,0,0,1,1,0,0.0,0.0,0.0,0.0,0.0,1.0,0.0,0.0,0.0,0.0,0.0,0.0,0.0,0.0,0.0,0.0,0.0,1.0,1.0,0.0,0.0,0.0,0.0,0.0,0.0,1.0,1.0
31,11431.775,930.6479,71.0,29.485472,8.0,6.0,16.0,4.0,7.0,15.0,1.52,3.0,117.57,35.226604,11.2406225,292.33868,0,1,1,0,0,0,1,0,0,0,0.0,0.0,0.0,0.0,0.0,0.0,1.0,0.0,0.0,0.0,0.0,0.0,0.0,0.0,0.0,0.0,0.0,1.0,1.0,0.0,1.0,0.0,0.0,0.0,0.0,0.0,2.0
19,37404.67,3344.056,138.0,25.520605,0.0,5.0,1.0,1.0,15.0,7.0,3.09,3.0,1292.8,24.445755,252.92249,325.9625,0,0,0,0,0,0,0,0,1,0,0.0,0.0,0.0,1.0,0.0,0.0,0.0,0.0,0.0,0.0,0.0,0.0,0.0,0.0,0.0,0.0,1.0,0.0,1.0,0.0,0.0,0.0,0.0,1.0,0.0,0.0,1.0
40,70045.84,6018.1533,83.0,102.31281,4.0,6.0,6.0,2.0,0.0,5.0,11.75,2.0,1438.66,34.786594,177.12408,602.3784,0,0,0,0,1,0,0,0,1,0,0.0,0.0,0.0,0.0,0.0,0.0,0.0,0.0,0.0,1.0,0.0,0.0,0.0,0.0,0.0,0.0,1.0,0.0,1.0,0.0,0.0,0.0,0.0,0.0,1.0,0.0,1.0
52,13074.395,1356.533,124.0,9.175797,8.0,7.0,8.0,1.0,9.0,14.0,5.96,6.0,1048.26,32.03317,99.576256,306.90125,0,0,0,0,0,0,0,0,1,0,0.0,0.0,0.0,0.0,0.0,0.0,0.0,0.0,0.0,1.0,0.0,0.0,0.0,0.0,0.0,0.0,1.0,0.0,1.0,0.0,0.0,0.0,0.0,0.0,1.0,0.0,1.0
23,78133.6,6636.1333,59.0,172.4891,5.0,7.0,17.0,4.0,8.0,7.0,12.88,6.0,1055.06,25.494604,495.3745,265.74973,1,0,1,0,0,0,0,1,1,0,0.0,0.0,0.0,0.0,0.0,0.0,1.0,0.0,0.0,0.0,0.0,0.0,0.0,0.0,0.0,0.0,0.0,1.0,0.0,1.0,0.0,0.0,0.0,1.0,0.0,0.0,1.0
22,89291.91,7740.9927,109.0,0.0,5.0,7.0,7.0,0.0,30.0,17.0,17.22,3.0,1166.88,42.18733,291.74353,732.3557,0,0,0,0,0,1,0,0,0,0,0.0,0.0,0.0,0.0,1.0,0.0,0.0,0.0,0.0,0.0,0.0,0.0,0.0,0.0,0.0,0.0,0.0,1.0,0.0,1.0,0.0,1.0,0.0,0.0,0.0,0.0,1.0
29,7056.405,486.03375,66.0,16.372293,4.0,3.0,30.0,4.0,22.0,18.0,14.06,11.0,2570.42,27.689901,24.411348,297.81973,1,0,0,1,1,0,0,0,0,1,0.0,0.0,0.0,0.0,1.0,0.0,0.0,0.0,0.0,0.0,0.0,0.0,0.0,0.0,0.0,0.0,0.0,1.0,0.0,1.0,0.0,0.0,0.0,0.0,0.0,1.0,0.0
36,15217.1,1448.0917,56.0,35.04243,8.0,5.0,27.0,3.0,48.0,16.0,3.62,12.0,1766.65,35.811344,136.83865,252.92809,0,0,1,0,0,0,0,0,1,0,0.0,0.0,0.0,0.0,0.0,1.0,0.0,0.0,0.0,0.0,0.0,0.0,0.0,0.0,0.0,1.0,0.0,0.0,0.0,1.0,0.0,0.0,0.0,0.0,1.0,0.0,0.0
40,15516.87,1396.0725,76.0,0.0,5.0,3.0,10.0,0.0,11.0,8.0,1.57,1.0,43.6,31.461706,52.44701,367.16025,0,0,0,0,0,1,0,0,0,0,0.0,0.0,0.0,0.0,0.0,0.0,0.0,0.0,0.0,0.0,0.0,0.0,1.0,0.0,0.0,0.0,1.0,0.0,1.0,0.0,0.0,0.0,0.0,0.0,1.0,0.0,2.0
32,35452.34,3209.3616,66.0,46.376755,7.0,6.0,12.0,2.0,25.0,14.0,19.97,7.0,1442.31,28.259056,153.79306,380.76636,0,0,0,1,0,0,0,0,0,1,0.0,0.0,1.0,0.0,0.0,0.0,0.0,0.0,0.0,0.0,0.0,0.0,0.0,0.0,0.0,0.0,0.0,1.0,0.0,1.0,0.0,0.0,1.0,0.0,0.0,0.0,1.0
20,15363.22,1286.2683,42.0,61.516594,7.0,5.0,22.0,6.0,27.0,18.0,11.79,8.0,2456.24,22.352657,82.41843,274.6918,0,1,0,1,1,0,0,1,0,1,0.0,0.0,1.0,0.0,0.0,0.0,0.0,0.0,0.0,0.0,0.0,0.0,0.0,0.0,0.0,1.0,0.0,0.0,0.0,1.0,0.0,0.0,0.0,0.0,0.0,1.0,0.0
39,8057.43,561.4525,77.0,37.002056,4.0,9.0,17.0,6.0,28.0,13.0,14.12,11.0,1452.74,35.90183,31.599545,267.54364,1,1,0,1,1,0,1,0,0,0,0.0,0.0,0.0,0.0,0.0,0.0,0.0,0.0,0.0,0.0,0.0,1.0,0.0,0.0,0.0,0.0,0.0,1.0,0.0,1.0,0.0,0.0,0.0,0.0,1.0,0.0,0.0
54,83859.84,6759.32,74.0,0.0,8.0,4.0,14.0,0.0,26.0,15.0,7.41,1.0,881.24,38.078644,464.97144,500.96054,0,0,0,0,0,1,0,0,0,0,0.0,0.0,0.0,0.0,0.0,0.0,0.0,0.0,0.0,0.0,0.0,0.0,0.0,1.0,0.0,0.0,0.0,1.0,1.0,0.0,0.0,0.0,0.0,0.0,0.0,1.0,1.0
53,37171.29,3231.6074,135.0,64.249985,1.0,6.0,1.0,4.0,0.0,2.0,4.48,4.0,103.82,28.226765,259.64755,279.2632,1,0,0,0,0,0,0,0,1,0,0.0,1.0,0.0,0.0,0.0,0.0,0.0,0.0,0.0,0.0,0.0,0.0,0.0,0.0,0.0,0.0,1.0,0.0,1.0,0.0,0.0,0.0,0.0,0.0,1.0,0.0,1.0
39,51031.6,4180.6333,74.0,113.159645,4.0,6.0,16.0,3.0,18.0,11.0,10.54,1.0,1437.83,34.358704,267.8289,297.0748,0,0,0,0,1,0,1,1,0,0,0.0,0.0,0.0,0.0,0.0,0.0,0.0,0.0,0.0,0.0,0.0,0.0,1.0,0.0,0.0,0.0,0.0,1.0,1.0,0.0,0.0,0.0,1.0,0.0,0.0,0.0,1.0
38,68824.42,5711.368,76.0,49.00799,4.0,1.0,4.0,1.0,11.0,10.0,3.03,3.0,1455.38,39.8983,153.77455,638.3543,0,0,0,0,0,0,1,0,0,0,1.0,0.0,0.0,0.0,0.0,0.0,0.0,0.0,0.0,0.0,0.0,0.0,0.0,0.0,0.0,0.0,1.0,0.0,1.0,0.0,0.0,0.0,0.0,1.0,0.0,0.0,2.0
32,88574.43,7417.2026,70.0,40.533092,4.0,5.0,2.0,1.0,9.0,9.0,15.65,4.0,1451.63,33.152172,167.45738,773.7298,0,1,0,0,0,0,0,0,0,0,0.0,0.0,0.0,0.0,0.0,1.0,0.0,0.0,0.0,0.0,0.0,0.0,0.0,0.0,0.0,0.0,1.0,0.0,1.0,0.0,1.0,0.0,0.0,0.0,0.0,0.0,1.0
48,13016.955,805.7463,99.0,7.3276787,5.0,5.0,14.0,1.0,20.0,8.0,13.81,4.0,519.51,23.059381,81.63453,281.61243,1,0,0,0,0,0,0,0,0,0,0.0,0.0,0.0,0.0,0.0,0.0,0.0,0.0,1.0,0.0,0.0,0.0,0.0,0.0,0.0,0.0,0.0,1.0,1.0,0.0,0.0,0.0,0.0,0.0,0.0,1.0,1.0
33,19741.36,1543.1133,46.0,87.43158,4.0,5.0,15.0,6.0,18.0,8.0,11.46,6.0,1250.19,36.0197,69.03373,287.84604,1,0,1,0,0,0,0,0,1,1,0.0,0.0,0.0,0.0,0.0,0.0,0.0,0.0,0.0,1.0,0.0,0.0,0.0,0.0,0.0,0.0,0.0,1.0,0.0,1.0,0.0,0.0,0.0,0.0,0.0,1.0,1.0
28,38212.84,3306.4033,38.0,148.66472,7.0,10.0,23.0,8.0,35.0,24.0,6.4,8.0,1384.44,40.44852,127.79164,290.97745,1,0,0,1,1,0,1,1,1,0,0.0,1.0,0.0,0.0,0.0,0.0,0.0,0.0,0.0,0.0,0.0,0.0,0.0,0.0,0.0,1.0,0.0,0.0,0.0,1.0,0.0,0.0,1.0,0.0,0.0,0.0,0.0
25,14830.48,1414.8733,72.0,19.628101,7.0,9.0,20.0,2.0,15.0,19.0,7.05,10.0,2398.69,36.940826,85.70614,316.1531,0,1,0,0,0,0,0,1,0,0,0.0,0.0,0.0,0.0,0.0,0.0,0.0,0.0,0.0,0.0,0.0,0.0,0.0,1.0,0.0,1.0,0.0,0.0,0.0,1.0,0.0,0.0,0.0,0.0,1.0,0.0,0.0
30,39418.47,3099.8726,123.0,69.72618,5.0,4.0,1.0,3.0,10.0,1.0,-0.44,0.0,517.87,23.685171,384.859,145.40207,0,0,0,1,1,0,0,0,1,0,0.0,0.0,0.0,0.0,1.0,0.0,0.0,0.0,0.0,0.0,0.0,0.0,0.0,0.0,0.0,0.0,1.0,0.0,1.0,0.0,0.0,0.0,0.0,0.0,0.0,1.0,2.0
41,33287.12,2844.9268,72.0,45.78584,7.0,5.0,9.0,2.0,23.0,10.0,10.64,6.0,1137.16,38.534485,23.637583,455.06924,0,0,0,0,1,0,0,0,1,0,0.0,0.0,0.0,0.0,1.0,0.0,0.0,0.0,0.0,0.0,0.0,0.0,0.0,0.0,0.0,0.0,0.0,1.0,1.0,0.0,1.0,0.0,0.0,0.0,0.0,0.0,1.0
18,14677.92,1289.16,70.0,36.693394,10.0,8.0,21.0,4.0,44.0,18.0,16.08,7.0,2127.73,34.800003,114.92559,247.29701,0,1,1,0,0,0,1,0,0,1,0.0,0.0,0.0,0.0,0.0,0.0,0.0,1.0,0.0,0.0,0.0,0.0,0.0,0.0,0.0,1.0,0.0,0.0,0.0,1.0,0.0,0.0,0.0,1.0,0.0,0.0,1.0
34,27880.82,2145.4016,69.0,51.061573,4.0,5.0,20.0,4.0,15.0,11.0,8.01,5.0,1499.92,26.335665,33.88963,369.58896,0,0,1,0,0,0,1,0,0,1,0.0,0.0,0.0,1.0,0.0,0.0,0.0,0.0,0.0,0.0,0.0,0.0,0.0,0.0,0.0,0.0,0.0,1.0,0.0,1.0,1.0,0.0,0.0,0.0,0.0,0.0,1.0
31,20914.47,1799.8726,52.0,25.958244,8.0,5.0,16.0,2.0,11.0,12.0,12.98,4.0,1360.66,24.630316,125.37002,383.11856,0,0,1,0,0,0,0,0,1,0,0.0,0.0,0.0,0.0,0.0,0.0,0.0,0.0,0.0,0.0,0.0,0.0,0.0,1.0,0.0,0.0,0.0,1.0,0.0,1.0,0.0,1.0,0.0,0.0,0.0,0.0,0.0
20,19563.14,1902.2617,24.0,64.79137,8.0,7.0,29.0,6.0,28.0,24.0,2.32,6.0,2375.12,39.273247,52.667442,352.76736,0,1,0,0,0,0,1,1,1,1,0.0,0.0,0.0,0.0,0.0,0.0,0.0,0.0,0.0,0.0,1.0,0.0,0.0,0.0,0.0,1.0,0.0,0.0,0.0,1.0,0.0,0.0,0.0,0.0,1.0,0.0,0.0
28,33136.35,2681.3625,143.0,31.923634,0.0,3.0,12.0,2.0,3.0,1.0,2.34,0.0,4.64,27.968706,94.17218,432.04044,0,0,0,0,0,0,1,1,0,0,0.0,0.0,1.0,0.0,0.0,0.0,0.0,0.0,0.0,0.0,0.0,0.0,0.0,0.0,0.0,0.0,1.0,0.0,1.0,0.0,0.0,0.0,0.0,0.0,0.0,1.0,2.0
32,74394.2,6393.5166,22.0,270.5891,9.0,5.0,24.0,5.0,32.0,17.0,23.6,16.0,2915.01,32.44245,415.0132,233.74933,1,1,0,0,0,0,0,1,1,0,0.0,0.0,0.0,0.0,0.0,0.0,0.0,1.0,0.0,0.0,0.0,0.0,0.0,0.0,0.0,1.0,0.0,0.0,0.0,1.0,0.0,0.0,0.0,0.0,1.0,0.0,0.0
26,49077.12,4200.76,122.0,74.294174,5.0,3.0,8.0,2.0,28.0,18.0,-4.48,3.0,201.05,37.00509,171.05223,434.72958,0,0,0,0,0,0,1,0,1,0,0.0,1.0,0.0,0.0,0.0,0.0,0.0,0.0,0.0,0.0,0.0,0.0,0.0,0.0,0.0,0.0,0.0,1.0,1.0,0.0,0.0,0.0,1.0,0.0,0.0,0.0,1.0
22,27131.57,2273.964,71.0,23.08466,4.0,4.0,11.0,2.0,15.0,18.0,15.02,8.0,783.37,24.939783,142.64023,321.67154,1,0,0,0,0,0,0,0,0,0,0.0,0.0,0.0,0.0,0.0,0.0,0.0,0.0,0.0,0.0,0.0,0.0,1.0,0.0,0.0,0.0,0.0,1.0,0.0,1.0,0.0,0.0,1.0,0.0,0.0,0.0,1.0
30,32488.7,2456.3916,33.0,82.23269,7.0,7.0,25.0,6.0,52.0,10.0,8.34,12.0,2561.04,37.10727,128.93698,324.4695,0,0,1,1,0,0,1,1,0,1,0.0,0.0,0.0,0.0,0.0,1.0,0.0,0.0,0.0,0.0,0.0,0.0,0.0,0.0,0.0,0.0,0.0,1.0,0.0,1.0,0.0,0.0,0.0,0.0,0.0,1.0,0.0
23,9307.24,1013.60333,50.0,20.887196,4.0,3.0,15.0,3.0,23.0,13.0,12.78,5.0,486.05,30.854298,44.68283,305.7903,0,1,0,1,0,0,0,0,1,0,0.0,0.0,0.0,0.0,0.0,0.0,0.0,0.0,0.0,0.0,1.0,0.0,0.0,0.0,0.0,0.0,0.0,1.0,0.0,1.0,0.0,0.0,0.0,1.0,0.0,0.0,1.0
34,60574.48,5338.8735,35.0,94.27304,6.0,10.0,24.0,2.0,27.0,12.0,7.41,11.0,1304.08,30.120169,181.2405,508.37378,1,0,0,0,1,0,0,0,0,0,0.0,1.0,0.0,0.0,0.0,0.0,0.0,0.0,0.0,0.0,0.0,0.0,0.0,0.0,0.0,0.0,0.0,1.0,0.0,1.0,0.0,1.0,0.0,0.0,0.0,0.0,0.0
40,29079.95,2654.329,68.0,68.113815,3.0,4.0,14.0,4.0,28.0,8.0,9.4,2.0,1234.91,38.424004,31.336548,261.95483,1,0,0,1,0,0,0,1,0,0,1.0,0.0,0.0,0.0,0.0,0.0,0.0,0.0,0.0,0.0,0.0,0.0,0.0,0.0,0.0,0.0,0.0,1.0,1.0,0.0,0.0,0.0,0.0,1.0,0.0,0.0,1.0
24,58233.58,4702.7983,127.0,97.873184,7.0,3.0,9.0,3.0,26.0,8.0,10.55,4.0,544.6,31.80042,188.46992,433.9367,1,0,1,0,0,0,0,0,0,1,0.0,0.0,0.0,0.0,0.0,0.0,0.0,0.0,0.0,0.0,1.0,0.0,0.0,0.0,0.0,0.0,0.0,1.0,0.0,1.0,0.0,1.0,0.0,0.0,0.0,0.0,1.0
40,20540.49,1859.7075,69.0,8.82166,0.0,4.0,8.0,1.0,4.0,3.0,7.09,2.0,1118.37,23.633636,39.923573,377.22552,0,0,0,0,0,0,0,1,0,0,0.0,0.0,0.0,0.0,0.0,0.0,0.0,0.0,0.0,0.0,0.0,0.0,0.0,1.0,0.0,0.0,1.0,0.0,1.0,0.0,1.0,0.0,0.0,0.0,0.0,0.0,2.0
44,32766.46,2499.5383,69.0,54.05562,3.0,6.0,9.0,3.0,32.0,11.0,10.1,8.0,521.1,39.162003,47.20555,388.69266,0,0,0,0,1,0,1,0,0,1,0.0,0.0,0.0,0.0,0.0,0.0,0.0,0.0,1.0,0.0,0.0,0.0,0.0,0.0,0.0,0.0,0.0,1.0,0.0,1.0,1.0,0.0,0.0,0.0,0.0,0.0,2.0
38,37263.45,3156.2876,126.0,0.0,3.0,3.0,7.0,0.0,3.0,6.0,0.76,2.0,1238.06,27.864775,116.47927,449.14948,0,0,0,0,0,1,0,0,0,0,0.0,0.0,0.0,0.0,0.0,0.0,0.0,0.0,0.0,0.0,1.0,0.0,0.0,0.0,0.0,0.0,1.0,0.0,1.0,0.0,0.0,1.0,0.0,0.0,0.0,0.0,1.0
20,34642.94,3180.9116,114.0,49.685272,3.0,5.0,7.0,3.0,10.0,20.0,10.84,2.0,1079.65,30.020037,152.86502,375.5409,0,1,0,0,1,0,0,1,0,0,1.0,0.0,0.0,0.0,0.0,0.0,0.0,0.0,0.0,0.0,0.0,0.0,0.0,0.0,0.0,0.0,0.0,1.0,0.0,1.0,0.0,0.0,1.0,0.0,0.0,0.0,1.0
43,15117.51,1216.7925,34.0,78.696594,6.0,5.0,28.0,7.0,14.0,12.0,19.94,13.0,2032.74,28.671656,35.727386,287.25528,1,0,1,1,0,0,1,0,1,0,1.0,0.0,0.0,0.0,0.0,0.0,0.0,0.0,0.0,0.0,0.0,0.0,0.0,0.0,0.0,0.0,0.0,1.0,0.0,1.0,0.0,0.0,0.0,0.0,1.0,0.0,0.0
31,20914.47,1799.8726,54.0,25.958244,8.0,5.0,16.0,2.0,11.0,13.0,7.98,4.0,1360.66,31.545713,36.79579,377.23322,0,0,1,0,0,0,0,0,1,0,0.0,0.0,0.0,0.0,0.0,0.0,0.0,0.0,0.0,0.0,0.0,0.0,0.0,1.0,0.0,0.0,0.0,1.0,0.0,1.0,0.0,0.0,1.0,0.0,0.0,0.0,0.0
43,38266.44,3282.87,54.0,258.8077,9.0,8.0,29.0,9.0,51.0,19.0,8.93,13.0,2318.76,37.433407,179.68147,149.79784,1,1,1,1,0,0,0,0,1,1,0.0,0.0,0.0,0.0,0.0,0.0,0.0,0.0,0.0,1.0,0.0,0.0,0.0,0.0,0.0,1.0,0.0,0.0,0.0,1.0,0.0,0.0,1.0,0.0,0.0,0.0,0.0
22,60460.92,4855.41,70.0,40.275013,4.0,6.0,16.0,1.0,18.0,8.0,9.3,8.0,1040.47,38.68281,230.06091,485.20508,0,0,0,0,0,0,0,1,0,0,0.0,0.0,0.0,0.0,0.0,0.0,0.0,0.0,0.0,0.0,0.0,1.0,0.0,0.0,0.0,0.0,0.0,1.0,0.0,1.0,0.0,0.0,0.0,1.0,0.0,0.0,1.0
43,74820.12,6511.01,15.0,255.58015,9.0,6.0,27.0,5.0,22.0,16.0,4.72,9.0,2532.0,31.725826,107.21009,528.3107,0,1,0,0,1,0,1,0,1,1,0.0,0.0,0.0,1.0,0.0,0.0,0.0,0.0,0.0,0.0,0.0,0.0,0.0,0.0,0.0,1.0,0.0,0.0,0.0,1.0,1.0,0.0,0.0,0.0,0.0,0.0,0.0
45,9058.045,643.8371,81.0,28.629528,6.0,9.0,24.0,5.0,33.0,18.0,4.03,9.0,1338.74,39.00337,45.084885,260.6693,0,0,0,0,1,0,1,1,0,0,0.0,0.0,0.0,0.0,0.0,0.0,0.0,0.0,0.0,0.0,0.0,0.0,1.0,0.0,0.0,1.0,0.0,0.0,0.0,1.0,0.0,0.0,0.0,1.0,0.0,0.0,1.0
49,39398.74,3002.2283,101.0,82.98423,2.0,3.0,9.0,3.0,11.0,2.0,13.38,4.0,62.37,36.259197,101.24895,365.98965,0,0,0,0,1,0,0,0,1,1,0.0,0.0,0.0,0.0,0.0,0.0,0.0,0.0,0.0,0.0,0.0,0.0,0.0,0.0,1.0,0.0,1.0,0.0,1.0,0.0,0.0,0.0,0.0,0.0,1.0,0.0,1.0
37,14620.51,1176.3759,60.0,82.51268,9.0,7.0,29.0,7.0,29.0,13.0,9.4,12.0,2482.1,27.459646,56.735317,258.3896,0,1,1,1,0,0,0,0,1,1,0.0,0.0,0.0,0.0,0.0,0.0,0.0,0.0,0.0,0.0,1.0,0.0,0.0,0.0,0.0,0.0,0.0,1.0,0.0,1.0,0.0,0.0,0.0,0.0,1.0,0.0,1.0
42,87538.24,7139.8535,101.0,0.0,2.0,4.0,3.0,0.0,11.0,6.0,4.6,2.0,41.82,29.212177,416.73428,577.25104,0,0,0,0,0,1,0,0,0,0,0.0,0.0,0.0,0.0,0.0,0.0,0.0,0.0,0.0,0.0,0.0,0.0,1.0,0.0,0.0,0.0,1.0,0.0,1.0,0.0,0.0,0.0,0.0,0.0,1.0,0.0,2.0
23,16614.766,1424.5637,130.0,7.403525,4.0,7.0,20.0,1.0,16.0,17.0,4.55,8.0,931.36,24.10223,67.2801,347.77277,0,0,0,1,0,0,0,0,0,0,0.0,0.0,0.0,0.0,0.0,0.0,1.0,0.0,0.0,0.0,0.0,0.0,0.0,0.0,0.0,0.0,0.0,1.0,1.0,0.0,0.0,0.0,0.0,0.0,1.0,0.0,0.0
23,44178.15,3446.5125,72.0,123.549904,4.0,3.0,6.0,4.0,-5.0,1.0,12.08,4.0,300.68,29.409098,307.19824,183.90312,1,0,1,1,0,0,1,0,0,0,0.0,0.0,0.0,0.0,0.0,0.0,0.0,0.0,0.0,0.0,0.0,0.0,1.0,0.0,0.0,0.0,1.0,0.0,1.0,0.0,0.0,0.0,0.0,1.0,0.0,0.0,1.0
53,33991.62,2973.635,111.0,57.748615,3.0,6.0,6.0,4.0,4.0,5.0,9.48,0.0,1326.98,23.998936,49.4157,440.1992,1,0,1,1,0,0,0,0,0,0,0.0,0.0,0.0,0.0,0.0,0.0,0.0,0.0,0.0,0.0,1.0,0.0,0.0,0.0,0.0,0.0,1.0,0.0,1.0,0.0,0.0,1.0,0.0,0.0,0.0,0.0,1.0
37,25899.18,2100.265,134.0,64.20246,8.0,4.0,9.0,3.0,12.0,9.0,9.05,6.0,69.74,28.950243,263.82547,171.99857,0,0,0,1,1,0,0,0,1,0,1.0,0.0,0.0,0.0,0.0,0.0,0.0,0.0,0.0,0.0,0.0,0.0,0.0,0.0,0.0,0.0,0.0,1.0,0.0,1.0,0.0,0.0,0.0,0.0,0.0,1.0,1.0
39,35669.97,3196.4976,70.0,57.647957,5.0,7.0,19.0,2.0,14.0,16.0,14.45,6.0,657.81,36.666798,60.276493,451.7253,0,0,0,1,0,0,0,0,0,1,0.0,0.0,0.0,0.0,0.0,0.0,0.0,0.0,0.0,0.0,0.0,0.0,0.0,0.0,1.0,0.0,0.0,1.0,0.0,1.0,0.0,1.0,0.0,0.0,0.0,0.0,1.0
45,10105.995,552.16626,28.0,43.98007,7.0,8.0,16.0,7.0,20.0,19.0,3.46,8.0,2056.61,31.904995,19.556818,281.67975,1,1,1,0,1,0,0,0,0,1,0.0,0.0,0.0,0.0,0.0,0.0,0.0,0.0,0.0,1.0,0.0,0.0,0.0,0.0,0.0,1.0,0.0,0.0,0.0,1.0,0.0,0.0,0.0,0.0,1.0,0.0,0.0
27,69363.87,6028.3223,72.0,228.48148,4.0,4.0,19.0,6.0,29.0,7.0,20.04,6.0,449.06,40.953068,151.88947,462.4613,1,1,0,0,0,0,0,0,1,1,0.0,0.0,0.0,0.0,0.0,1.0,0.0,0.0,0.0,0.0,0.0,0.0,0.0,0.0,0.0,0.0,0.0,1.0,0.0,1.0,1.0,0.0,0.0,0.0,0.0,0.0,1.0
52,18666.56,1323.5466,128.0,58.886044,3.0,4.0,11.0,4.0,3.0,5.0,3.67,2.0,770.81,23.391829,84.937515,278.5311,0,1,0,0,0,0,0,1,0,1,0.0,0.0,0.0,0.0,0.0,0.0,0.0,0.0,0.0,0.0,1.0,0.0,0.0,0.0,0.0,0.0,1.0,0.0,1.0,0.0,0.0,0.0,0.0,0.0,0.0,1.0,2.0
24,14156.88,1251.74,111.0,36.65801,3.0,4.0,4.0,4.0,0.0,14.0,8.86,4.0,602.3,27.233097,143.69928,234.81671,0,0,0,1,1,0,1,1,0,0,1.0,0.0,0.0,0.0,0.0,0.0,0.0,0.0,0.0,0.0,0.0,0.0,0.0,0.0,0.0,0.0,1.0,0.0,1.0,0.0,0.0,0.0,0.0,0.0,0.0,1.0,2.0
42,87883.92,7250.66,65.0,205.59985,8.0,5.0,17.0,4.0,18.0,13.0,9.91,0.0,1294.9,37.571022,65.9859,693.4802,0,0,1,0,1,0,0,0,0,1,0.0,1.0,0.0,0.0,0.0,0.0,0.0,0.0,0.0,0.0,0.0,0.0,0.0,0.0,0.0,0.0,0.0,1.0,0.0,1.0,1.0,0.0,0.0,0.0,0.0,0.0,1.0
20,11336.835,992.73627,62.0,35.562733,4.0,6.0,14.0,6.0,30.0,17.0,16.44,7.0,177.98,32.220432,45.392307,308.31857,1,0,0,0,0,0,0,1,1,1,0.0,1.0,0.0,0.0,0.0,0.0,0.0,0.0,0.0,0.0,0.0,0.0,0.0,0.0,0.0,0.0,0.0,1.0,0.0,1.0,0.0,0.0,0.0,0.0,0.0,1.0,1.0
30,54734.0,4607.1665,73.0,155.36703,5.0,3.0,8.0,4.0,24.0,14.0,2.18,0.0,1241.94,39.438473,158.01105,397.3386,1,0,0,0,1,0,1,0,1,0,0.0,0.0,0.0,0.0,0.0,0.0,0.0,0.0,1.0,0.0,0.0,0.0,0.0,0.0,0.0,0.0,0.0,1.0,0.0,1.0,0.0,1.0,0.0,0.0,0.0,0.0,1.0
41,15636.605,1575.0504,139.0,43.51635,8.0,7.0,3.0,4.0,30.0,10.0,1.75,4.0,592.29,27.610235,209.87762,194.11107,0,0,1,0,1,0,0,1,0,1,0.0,0.0,0.0,0.0,0.0,0.0,0.0,1.0,0.0,0.0,0.0,0.0,0.0,0.0,0.0,0.0,0.0,1.0,1.0,0.0,0.0,0.0,0.0,0.0,0.0,1.0,0.0
52,88296.18,7386.015,99.0,127.29563,4.0,4.0,11.0,3.0,14.0,6.0,6.87,3.0,1301.98,26.340294,313.6181,577.68774,0,0,1,0,1,0,0,0,1,0,0.0,0.0,0.0,0.0,0.0,1.0,0.0,0.0,0.0,0.0,0.0,0.0,0.0,0.0,0.0,0.0,1.0,0.0,1.0,0.0,0.0,0.0,0.0,0.0,1.0,0.0,0.0
39,15605.73,1505.4775,54.0,59.17489,10.0,7.0,30.0,6.0,36.0,24.0,7.66,7.0,1937.91,24.615782,169.31557,212.0573,0,1,0,0,1,0,1,0,0,0,0.0,0.0,0.0,0.0,0.0,0.0,0.0,0.0,0.0,1.0,0.0,0.0,0.0,0.0,0.0,1.0,0.0,0.0,0.0,1.0,0.0,0.0,0.0,0.0,0.0,1.0,0.0
29,50276.79,4410.7324,72.0,198.7361,7.0,6.0,23.0,7.0,49.0,20.0,15.12,11.0,2629.04,24.163952,156.12888,336.20828,0,1,1,0,0,0,1,1,0,1,0.0,0.0,0.0,0.0,0.0,0.0,0.0,0.0,0.0,0.0,0.0,0.0,0.0,1.0,0.0,0.0,0.0,1.0,0.0,1.0,0.0,1.0,0.0,0.0,0.0,0.0,0.0
35,95111.1,7724.925,85.0,75.39016,5.0,2.0,12.0,1.0,7.0,1.0,11.65,0.0,467.35,33.97359,378.89627,578.20605,0,0,0,0,1,0,0,0,0,0,0.0,0.0,0.0,0.0,0.0,0.0,0.0,0.0,0.0,0.0,1.0,0.0,0.0,0.0,0.0,0.0,1.0,0.0,1.0,0.0,0.0,0.0,1.0,0.0,0.0,0.0,1.0
49,93790.65,7644.8877,74.0,183.2145,0.0,7.0,10.0,4.0,2.0,5.0,1.84,7.0,78.41,28.500914,126.88356,704.3907,1,0,0,0,0,0,0,1,0,0,0.0,0.0,0.0,0.0,0.0,0.0,0.0,1.0,0.0,0.0,0.0,0.0,0.0,0.0,0.0,0.0,1.0,0.0,1.0,0.0,0.0,1.0,0.0,0.0,0.0,0.0,1.0
36,31941.88,2526.8232,83.0,0.0,5.0,6.0,16.0,0.0,11.0,16.0,4.9,3.0,1048.97,25.181334,254.41212,288.2702,0,0,0,0,0,1,0,0,0,0,0.0,0.0,0.0,0.0,0.0,0.0,0.0,0.0,0.0,0.0,0.0,0.0,0.0,0.0,1.0,0.0,0.0,1.0,1.0,0.0,0.0,0.0,0.0,0.0,0.0,1.0,1.0
32,8002.575,644.8812,70.0,8.0568695,6.0,9.0,29.0,2.0,21.0,26.0,7.51,7.0,1699.99,38.029377,39.600285,286.83096,0,0,0,0,1,0,1,0,0,0,0.0,0.0,0.0,0.0,0.0,0.0,1.0,0.0,0.0,0.0,0.0,0.0,0.0,0.0,0.0,1.0,0.0,0.0,0.0,1.0,1.0,0.0,0.0,0.0,0.0,0.0,1.0
18,14755.09,1072.5908,39.0,14.8038435,6.0,6.0,17.0,2.0,50.0,17.0,15.65,11.0,2460.77,28.317114,21.011093,311.44415,0,0,1,0,0,0,0,0,0,1,0.0,0.0,0.0,0.0,0.0,1.0,0.0,0.0,0.0,0.0,0.0,0.0,0.0,0.0,0.0,1.0,0.0,0.0,0.0,1.0,1.0,0.0,0.0,0.0,0.0,0.0,1.0
46,28817.1,2191.425,104.0,24.250526,5.0,4.0,3.0,2.0,5.0,8.0,5.08,0.0,890.13,39.16772,43.099106,401.79288,0,0,0,1,0,0,1,0,0,0,0.0,0.0,0.0,1.0,0.0,0.0,0.0,0.0,0.0,0.0,0.0,0.0,0.0,0.0,0.0,0.0,1.0,0.0,1.0,0.0,0.0,1.0,0.0,0.0,0.0,0.0,2.0
45,28766.28,2582.19,82.0,45.687267,4.0,3.0,3.0,2.0,7.0,1.0,4.51,3.0,263.42,29.13093,79.02154,383.5102,1,0,0,0,0,0,1,0,0,0,0.0,0.0,0.0,0.0,1.0,0.0,0.0,0.0,0.0,0.0,0.0,0.0,0.0,0.0,0.0,0.0,1.0,0.0,1.0,0.0,0.0,0.0,0.0,0.0,0.0,1.0,1.0
38,20378.795,1428.2329,64.0,50.095856,3.0,5.0,2.0,4.0,2.0,3.0,0.85,3.0,1438.9,38.39804,50.87042,311.85703,0,1,1,0,0,0,1,1,0,0,0.0,0.0,0.0,0.0,0.0,1.0,0.0,0.0,0.0,0.0,0.0,0.0,0.0,0.0,0.0,0.0,1.0,0.0,1.0,0.0,0.0,0.0,0.0,1.0,0.0,0.0,1.0
52,33768.99,2904.0825,72.0,0.0,5.0,4.0,5.0,0.0,2.0,2.0,10.06,2.0,209.22,36.378166,70.36701,460.04123,0,0,0,0,0,1,0,0,0,0,0.0,0.0,0.0,0.0,0.0,0.0,0.0,0.0,1.0,0.0,0.0,0.0,0.0,0.0,0.0,0.0,1.0,0.0,1.0,0.0,1.0,0.0,0.0,0.0,0.0,0.0,1.0
31,25696.65,1879.3875,107.0,0.0,7.0,7.0,10.0,0.0,27.0,12.0,7.99,9.0,841.23,40.248238,126.03625,321.9025,0,0,0,0,0,1,0,0,0,0,0.0,0.0,0.0,0.0,1.0,0.0,0.0,0.0,0.0,0.0,0.0,0.0,0.0,0.0,0.0,0.0,0.0,1.0,0.0,1.0,0.0,0.0,1.0,0.0,0.0,0.0,1.0
41,22195.605,2021.6338,83.0,0.0,0.0,4.0,4.0,0.0,7.0,8.0,3.61,6.0,1378.67,29.022812,59.120686,413.0427,0,0,0,0,0,1,0,0,0,0,0.0,0.0,0.0,0.0,1.0,0.0,0.0,0.0,0.0,0.0,0.0,0.0,0.0,0.0,0.0,0.0,1.0,0.0,1.0,0.0,0.0,0.0,0.0,1.0,0.0,0.0,2.0
26,31731.94,2629.3284,118.0,75.00231,5.0,6.0,10.0,3.0,25.0,12.0,11.51,3.0,889.42,33.632652,81.08476,366.84576,0,1,0,0,0,0,0,1,0,1,0.0,0.0,0.0,0.0,0.0,0.0,0.0,0.0,0.0,0.0,1.0,0.0,0.0,0.0,0.0,0.0,0.0,1.0,1.0,0.0,0.0,0.0,1.0,0.0,0.0,0.0,1.0
22,12246.215,1181.518,94.0,13.783563,8.0,6.0,18.0,2.0,19.0,17.0,9.32,0.0,641.98,35.579227,133.25417,261.11407,1,1,0,0,0,0,0,0,0,0,0.0,0.0,0.0,0.0,0.0,0.0,1.0,0.0,0.0,0.0,0.0,0.0,0.0,0.0,0.0,0.0,0.0,1.0,0.0,1.0,0.0,0.0,0.0,0.0,0.0,1.0,1.0
51,34593.98,3060.8318,127.0,43.33549,4.0,4.0,12.0,2.0,23.0,11.0,10.47,4.0,1453.07,36.83133,107.27075,405.47693,0,0,0,0,1,0,0,0,0,0,0.0,0.0,1.0,0.0,0.0,0.0,0.0,0.0,0.0,0.0,0.0,0.0,0.0,0.0,0.0,0.0,0.0,1.0,1.0,0.0,0.0,1.0,0.0,0.0,0.0,0.0,1.0
18,21695.12,1684.9266,91.0,85.076935,8.0,6.0,17.0,5.0,11.0,9.0,12.44,6.0,1120.28,24.177017,109.24036,264.17538,0,0,1,0,1,0,1,1,0,0,0.0,0.0,0.0,0.0,1.0,0.0,0.0,0.0,0.0,0.0,0.0,0.0,0.0,0.0,0.0,0.0,0.0,1.0,0.0,1.0,0.0,0.0,0.0,0.0,0.0,1.0,1.0
50,42150.69,3359.5576,130.0,33.366756,3.0,3.0,6.0,1.0,3.0,11.0,7.87,2.0,1013.95,29.227192,116.17623,446.41275,0,0,0,1,0,0,0,0,0,0,0.0,0.0,0.0,0.0,0.0,0.0,0.0,0.0,0.0,0.0,0.0,0.0,1.0,0.0,0.0,0.0,1.0,0.0,1.0,0.0,0.0,0.0,1.0,0.0,0.0,0.0,0.0
47,78039.48,6236.29,119.0,236.23961,5.0,7.0,4.0,4.0,21.0,17.0,2.59,1.0,1188.91,38.886997,114.021095,513.3683,0,1,1,0,1,0,0,0,0,1,1.0,0.0,0.0,0.0,0.0,0.0,0.0,0.0,0.0,0.0,0.0,0.0,0.0,0.0,0.0,0.0,1.0,0.0,1.0,0.0,1.0,0.0,0.0,0.0,0.0,0.0,2.0
19,41543.64,3620.97,63.0,53.274624,8.0,5.0,21.0,3.0,17.0,19.0,16.56,9.0,2638.03,37.17724,76.24652,482.57587,0,0,0,0,0,0,1,1,1,0,0.0,0.0,0.0,1.0,0.0,0.0,0.0,0.0,0.0,0.0,0.0,0.0,0.0,0.0,0.0,0.0,0.0,1.0,0.0,1.0,0.0,1.0,0.0,0.0,0.0,0.0,0.0
26,43428.47,3731.039,75.0,0.0,5.0,6.0,12.0,0.0,6.0,2.0,18.96,1.0,1244.42,32.649673,330.17883,322.92508,0,0,0,0,0,1,0,0,0,0,1.0,0.0,0.0,0.0,0.0,0.0,0.0,0.0,0.0,0.0,0.0,0.0,0.0,0.0,0.0,0.0,1.0,0.0,1.0,0.0,0.0,0.0,0.0,0.0,1.0,0.0,1.0
20,9067.12,637.5933,14.0,39.710224,10.0,5.0,30.0,6.0,20.0,22.0,20.79,16.0,2563.0,32.43698,32.570312,251.47879,0,1,0,0,1,0,0,0,1,1,0.0,0.0,0.0,0.0,0.0,0.0,0.0,0.0,0.0,0.0,0.0,0.0,0.0,0.0,1.0,1.0,0.0,0.0,0.0,1.0,0.0,0.0,1.0,0.0,0.0,0.0,1.0
24,31182.38,2569.5317,74.0,181.57283,10.0,7.0,33.0,7.0,40.0,17.0,7.87,9.0,2525.66,34.11076,108.53208,216.84825,1,0,1,0,0,0,1,1,1,1,0.0,0.0,0.0,0.0,0.0,0.0,0.0,1.0,0.0,0.0,0.0,0.0,0.0,0.0,0.0,0.0,0.0,1.0,0.0,1.0,0.0,1.0,0.0,0.0,0.0,0.0,0.0
41,35124.99,2937.0825,79.0,106.89646,0.0,1.0,10.0,4.0,11.0,9.0,9.52,0.0,384.22,37.809315,243.01904,213.79274,0,0,0,0,0,0,0,1,1,1,0.0,0.0,0.0,0.0,0.0,1.0,0.0,0.0,0.0,0.0,0.0,0.0,0.0,0.0,0.0,0.0,1.0,0.0,1.0,0.0,0.0,0.0,0.0,1.0,0.0,0.0,2.0
19,60801.28,4858.7734,95.0,89.58348,3.0,7.0,2.0,2.0,10.0,11.0,7.39,3.0,1272.77,37.51251,191.50627,464.78757,0,0,0,0,0,0,0,0,1,1,1.0,0.0,0.0,0.0,0.0,0.0,0.0,0.0,0.0,0.0,0.0,0.0,0.0,0.0,0.0,0.0,1.0,0.0,1.0,0.0,0.0,0.0,1.0,0.0,0.0,0.0,2.0
52,70741.04,5917.0864,133.0,0.0,1.0,5.0,8.0,0.0,15.0,6.0,2.85,1.0,799.89,42.047092,106.70062,735.00806,0,0,0,0,0,1,0,0,0,0,0.0,0.0,0.0,0.0,0.0,0.0,0.0,0.0,0.0,0.0,0.0,0.0,0.0,0.0,1.0,0.0,1.0,0.0,1.0,0.0,0.0,0.0,0.0,0.0,0.0,1.0,1.0
40,34945.16,3043.0967,45.0,140.12097,7.0,6.0,21.0,5.0,20.0,15.0,13.45,13.0,2077.81,28.524105,128.39111,325.79758,1,0,1,0,1,0,1,0,0,0,0.0,0.0,0.0,0.0,0.0,0.0,1.0,0.0,0.0,0.0,0.0,0.0,0.0,0.0,0.0,0.0,0.0,1.0,0.0,1.0,0.0,0.0,0.0,0.0,0.0,1.0,0.0
56,37547.68,3292.9734,88.0,24.840073,4.0,6.0,8.0,1.0,21.0,3.0,0.89,1.0,1328.69,33.39441,435.83597,158.62129,0,0,0,0,1,0,0,0,0,0,0.0,0.0,0.0,0.0,1.0,0.0,0.0,0.0,0.0,0.0,0.0,0.0,0.0,0.0,0.0,0.0,1.0,0.0,1.0,0.0,0.0,0.0,0.0,0.0,0.0,1.0,0.0
27,29394.88,2626.5732,82.0,0.0,6.0,3.0,8.0,0.0,30.0,19.0,7.17,7.0,519.81,25.066072,226.93327,315.72406,0,0,0,0,0,1,0,0,0,0,0.0,0.0,0.0,0.0,0.0,0.0,0.0,0.0,0.0,0.0,0.0,0.0,0.0,0.0,1.0,0.0,0.0,1.0,1.0,0.0,0.0,0.0,0.0,0.0,1.0,0.0,1.0
54,19797.895,1816.8246,67.0,13.0471945,4.0,4.0,6.0,1.0,2.0,6.0,9.28,0.0,607.67,26.74988,87.14957,371.4857,1,0,0,0,0,0,0,0,0,0,0.0,0.0,0.0,0.0,0.0,0.0,0.0,0.0,0.0,0.0,1.0,0.0,0.0,0.0,0.0,0.0,1.0,0.0,1.0,0.0,0.0,0.0,0.0,0.0,0.0,1.0,1.0
37,38117.06,3245.4216,36.0,143.50885,8.0,5.0,34.0,6.0,22.0,22.0,23.16,15.0,2639.35,37.400608,54.909054,376.12427,0,1,0,0,1,0,1,1,0,1,0.0,0.0,0.0,0.0,0.0,0.0,0.0,0.0,0.0,0.0,0.0,1.0,0.0,0.0,0.0,1.0,0.0,0.0,0.0,1.0,0.0,1.0,0.0,0.0,0.0,0.0,0.0
19,74800.0,5967.3335,114.0,244.58397,3.0,1.0,5.0,4.0,8.0,9.0,7.73,4.0,1132.51,40.07916,249.11035,383.039,0,1,0,1,0,0,0,1,1,0,0.0,0.0,0.0,0.0,0.0,1.0,0.0,0.0,0.0,0.0,0.0,0.0,0.0,0.0,0.0,0.0,1.0,0.0,1.0,0.0,0.0,0.0,0.0,0.0,1.0,0.0,1.0
55,57079.5,4669.625,139.0,125.73114,8.0,3.0,9.0,4.0,18.0,14.0,4.48,3.0,26.47,34.478996,388.41086,222.8205,0,0,0,0,0,0,1,0,1,1,0.0,0.0,0.0,0.0,0.0,0.0,0.0,0.0,0.0,1.0,0.0,0.0,0.0,0.0,0.0,0.0,0.0,1.0,1.0,0.0,0.0,0.0,0.0,1.0,0.0,0.0,1.0
29,16471.35,1211.6125,63.0,46.673447,3.0,8.0,21.0,4.0,8.0,17.0,15.77,15.0,1898.34,36.32472,77.539024,266.9488,0,0,1,0,0,0,0,0,0,1,0.0,0.0,0.0,0.0,1.0,0.0,0.0,0.0,0.0,0.0,0.0,0.0,0.0,0.0,0.0,0.0,0.0,1.0,0.0,1.0,0.0,0.0,0.0,1.0,0.0,0.0,0.0
26,87314.67,7121.2227,74.0,96.90847,5.0,2.0,9.0,2.0,15.0,4.0,4.72,1.0,774.36,29.960087,380.30957,514.90424,0,0,0,0,1,0,1,0,0,0,0.0,0.0,0.0,0.0,0.0,0.0,0.0,0.0,0.0,0.0,1.0,0.0,0.0,0.0,0.0,0.0,1.0,0.0,1.0,0.0,0.0,0.0,0.0,0.0,1.0,0.0,2.0
36,59658.09,5250.5073,38.0,235.4215,8.0,6.0,8.0,5.0,19.0,9.0,14.6,6.0,2034.67,30.67825,50.482685,479.14658,0,1,1,0,1,0,1,0,1,0,0.0,0.0,0.0,1.0,0.0,0.0,0.0,0.0,0.0,0.0,0.0,0.0,0.0,0.0,0.0,0.0,0.0,1.0,0.0,1.0,1.0,0.0,0.0,0.0,0.0,0.0,1.0
29,10339.53,747.6275,39.0,65.86111,10.0,7.0,28.0,8.0,27.0,17.0,27.93,11.0,2681.84,28.620922,36.500916,262.40073,1,0,0,1,0,0,1,1,1,1,0.0,1.0,0.0,0.0,0.0,0.0,0.0,0.0,0.0,0.0,0.0,0.0,0.0,0.0,0.0,1.0,0.0,0.0,0.0,1.0,0.0,0.0,0.0,0.0,0.0,1.0,1.0
34,17646.25,1230.5209,33.0,40.65314,4.0,6.0,14.0,4.0,26.0,20.0,25.7,4.0,414.4,26.594381,54.34992,318.049,1,0,0,0,0,0,1,1,0,1,0.0,0.0,0.0,0.0,0.0,0.0,0.0,0.0,0.0,0.0,0.0,0.0,0.0,1.0,0.0,0.0,0.0,1.0,0.0,1.0,0.0,0.0,0.0,0.0,0.0,1.0,1.0
33,100716.36,8413.03,72.0,0.0,8.0,4.0,17.0,0.0,7.0,8.0,9.69,6.0,605.24,25.511442,398.1634,723.1396,0,0,0,0,0,1,0,0,0,0,0.0,0.0,0.0,0.0,0.0,0.0,0.0,0.0,0.0,0.0,0.0,0.0,0.0,0.0,1.0,0.0,0.0,1.0,1.0,0.0,0.0,0.0,0.0,0.0,1.0,0.0,0.0
23,42767.89,3420.9907,110.0,20.338018,1.0,7.0,11.0,1.0,9.0,6.0,2.63,3.0,1413.55,40.448895,29.219025,532.54205,0,0,0,0,0,0,0,0,0,1,0.0,0.0,0.0,0.0,0.0,0.0,0.0,0.0,0.0,0.0,0.0,1.0,0.0,0.0,0.0,0.0,1.0,0.0,1.0,0.0,1.0,0.0,0.0,0.0,0.0,0.0,1.0
39,38047.31,2891.6091,64.0,0.0,4.0,2.0,12.0,0.0,3.0,1.0,3.53,1.0,273.5,36.19825,359.69046,219.47044,0,0,0,0,0,1,0,0,0,0,0.0,0.0,0.0,0.0,0.0,0.0,0.0,0.0,0.0,0.0,0.0,0.0,1.0,0.0,0.0,0.0,1.0,0.0,1.0,0.0,0.0,0.0,0.0,0.0,0.0,1.0,2.0
19,35844.02,2703.0017,90.0,24.568537,3.0,7.0,13.0,1.0,5.0,21.0,13.17,10.0,1072.28,40.32804,154.51619,361.21545,0,0,0,0,1,0,0,0,0,0,0.0,0.0,0.0,0.0,1.0,0.0,0.0,0.0,0.0,0.0,0.0,0.0,0.0,0.0,0.0,0.0,0.0,1.0,0.0,1.0,0.0,0.0,0.0,1.0,0.0,0.0,1.0
48,134533.31,11114.11,65.0,251.98828,7.0,4.0,6.0,3.0,28.0,19.0,0.97,5.0,434.36,33.82417,466.18832,643.2344,1,0,1,0,1,0,0,0,0,0,0.0,0.0,0.0,0.0,0.0,0.0,0.0,0.0,1.0,0.0,0.0,0.0,0.0,0.0,0.0,0.0,0.0,1.0,1.0,0.0,0.0,1.0,0.0,0.0,0.0,0.0,2.0
35,14329.24,1173.1034,37.0,100.67619,9.0,5.0,21.0,9.0,44.0,22.0,5.85,7.0,2182.6,34.40457,55.132107,251.50203,1,0,1,1,0,0,1,1,1,0,0.0,0.0,0.0,1.0,0.0,0.0,0.0,0.0,0.0,0.0,0.0,0.0,0.0,0.0,0.0,1.0,0.0,0.0,0.0,1.0,0.0,0.0,0.0,0.0,0.0,1.0,0.0
43,93139.65,7936.6377,118.0,192.78842,3.0,6.0,6.0,3.0,12.0,3.0,1.97,4.0,1016.37,34.651012,58.63359,782.24176,1,0,0,1,0,0,0,0,1,0,0.0,0.0,0.0,0.0,0.0,1.0,0.0,0.0,0.0,0.0,0.0,0.0,0.0,0.0,0.0,0.0,1.0,0.0,1.0,0.0,1.0,0.0,0.0,0.0,0.0,0.0,1.0
50,28880.56,2502.7134,102.0,20.969728,3.0,5.0,10.0,1.0,21.0,10.0,17.66,4.0,412.8,38.809383,259.72086,259.58075,0,0,0,0,0,0,0,0,1,0,0.0,0.0,0.0,0.0,0.0,0.0,0.0,0.0,0.0,0.0,0.0,0.0,1.0,0.0,0.0,0.0,0.0,1.0,0.0,1.0,0.0,0.0,0.0,0.0,0.0,1.0,1.0
21,30197.28,2594.44,47.0,57.08104,5.0,7.0,14.0,4.0,20.0,11.0,17.0,5.0,811.08,35.865242,227.23404,265.12894,0,0,0,1,1,0,0,1,0,0,0.0,0.0,0.0,0.0,0.0,0.0,1.0,0.0,0.0,0.0,0.0,0.0,0.0,0.0,0.0,0.0,0.0,1.0,0.0,1.0,0.0,0.0,0.0,0.0,0.0,1.0,1.0
21,35329.84,2819.1533,129.0,15.141197,4.0,2.0,6.0,1.0,2.0,0.0,5.5,4.0,898.38,31.683092,157.1664,369.60773,0,0,0,0,0,0,0,0,1,0,0.0,0.0,0.0,0.0,0.0,0.0,0.0,0.0,0.0,0.0,1.0,0.0,0.0,0.0,0.0,0.0,1.0,0.0,1.0,0.0,0.0,0.0,1.0,0.0,0.0,0.0,2.0
32,53320.98,4343.415,119.0,93.09328,7.0,6.0,20.0,4.0,17.0,20.0,9.95,1.0,167.15,29.399015,140.4361,460.81213,0,0,0,1,0,0,1,1,0,1,0.0,0.0,0.0,0.0,0.0,0.0,1.0,0.0,0.0,0.0,0.0,0.0,0.0,0.0,0.0,0.0,0.0,1.0,0.0,1.0,0.0,0.0,1.0,0.0,0.0,0.0,1.0
34,8108.77,535.73083,26.0,29.750181,6.0,3.0,34.0,6.0,13.0,16.0,10.62,11.0,2004.87,29.755756,21.885614,291.9373,1,1,0,1,1,0,0,1,0,0,0.0,0.0,0.0,0.0,0.0,0.0,0.0,0.0,0.0,0.0,1.0,0.0,0.0,0.0,0.0,0.0,0.0,1.0,0.0,1.0,0.0,0.0,0.0,0.0,0.0,1.0,0.0
16,60909.15,5079.7627,34.0,131.16673,3.0,6.0,9.0,5.0,14.0,20.0,16.8,8.0,1423.88,28.300152,60.678898,556.1306,1,1,0,0,1,0,0,0,0,0,0.0,1.0,0.0,0.0,0.0,0.0,0.0,0.0,0.0,0.0,0.0,0.0,0.0,0.0,0.0,0.0,0.0,1.0,0.0,1.0,1.0,0.0,0.0,0.0,0.0,0.0,0.0
43,20397.26,1670.7716,37.0,19.381882,4.0,4.0,7.0,2.0,19.0,11.0,11.16,8.0,2264.71,25.05279,20.28628,378.16425,0,0,0,0,0,0,0,0,1,0,0.0,0.0,0.0,0.0,0.0,0.0,0.0,0.0,0.0,1.0,0.0,0.0,0.0,0.0,0.0,0.0,0.0,1.0,0.0,1.0,0.0,0.0,0.0,0.0,0.0,1.0,1.0
30,41296.81,3680.401,89.0,33.747326,3.0,6.0,11.0,1.0,24.0,1.0,6.94,1.0,761.2,25.779093,70.05674,504.23602,0,0,0,0,0,0,0,0,0,1,0.0,0.0,0.0,0.0,0.0,1.0,0.0,0.0,0.0,0.0,0.0,0.0,0.0,0.0,0.0,0.0,1.0,0.0,1.0,0.0,1.0,0.0,0.0,0.0,0.0,0.0,0.0
29,14239.41,1255.6176,55.0,18.467495,5.0,3.0,7.0,2.0,16.0,16.0,17.01,5.0,55.46,28.363451,48.761177,308.33307,0,0,0,0,0,0,0,0,1,1,0.0,0.0,0.0,0.0,0.0,0.0,0.0,0.0,0.0,0.0,0.0,0.0,0.0,1.0,0.0,0.0,0.0,1.0,0.0,1.0,0.0,1.0,0.0,0.0,0.0,0.0,1.0
34,36237.51,2902.7925,84.0,59.88225,7.0,3.0,15.0,3.0,19.0,21.0,19.68,7.0,588.79,25.507029,100.463196,379.9338,0,1,1,1,0,0,0,0,0,0,0.0,0.0,0.0,0.0,1.0,0.0,0.0,0.0,0.0,0.0,0.0,0.0,0.0,0.0,0.0,0.0,0.0,1.0,0.0,1.0,0.0,1.0,0.0,0.0,0.0,0.0,1.0
39,46248.72,3884.06,62.0,207.84686,8.0,7.0,14.0,7.0,30.0,11.0,18.43,9.0,214.72,33.707047,174.41002,266.1491,0,0,1,1,1,0,1,1,0,0,0.0,0.0,0.0,0.0,0.0,1.0,0.0,0.0,0.0,0.0,0.0,0.0,0.0,0.0,0.0,0.0,0.0,1.0,0.0,1.0,0.0,0.0,1.0,0.0,0.0,0.0,1.0
37,34739.35,2909.9458,92.0,65.139244,8.0,3.0,10.0,3.0,25.0,17.0,26.7,8.0,1408.63,23.395535,271.3051,244.55023,0,0,0,0,1,0,0,0,0,1,0.0,0.0,0.0,0.0,0.0,0.0,0.0,0.0,1.0,0.0,0.0,0.0,0.0,0.0,0.0,0.0,0.0,1.0,0.0,1.0,0.0,0.0,0.0,0.0,0.0,1.0,1.0
23,41026.38,3166.865,63.0,181.80402,5.0,7.0,9.0,6.0,5.0,19.0,23.24,7.0,1241.69,40.267345,72.30915,322.57333,0,0,0,0,1,0,0,0,1,1,0.0,0.0,0.0,1.0,0.0,0.0,0.0,0.0,0.0,0.0,0.0,0.0,0.0,0.0,0.0,0.0,0.0,1.0,0.0,1.0,0.0,0.0,1.0,0.0,0.0,0.0,1.0
20,9470.255,1077.1879,25.0,47.431637,10.0,8.0,23.0,7.0,34.0,21.0,17.71,14.0,3109.05,34.85784,89.13912,251.14804,1,0,0,1,0,0,0,1,1,1,0.0,0.0,0.0,0.0,0.0,0.0,0.0,1.0,0.0,0.0,0.0,0.0,0.0,0.0,0.0,1.0,0.0,0.0,0.0,1.0,0.0,0.0,0.0,0.0,1.0,0.0,0.0
31,19632.64,1537.0533,83.0,54.48329,5.0,5.0,12.0,5.0,20.0,11.0,10.95,4.0,2157.76,27.700792,123.32174,255.9003,0,0,1,1,0,0,1,1,0,0,0.0,0.0,0.0,0.0,0.0,0.0,0.0,1.0,0.0,0.0,0.0,0.0,0.0,0.0,0.0,0.0,0.0,1.0,0.0,1.0,0.0,0.0,0.0,0.0,1.0,0.0,1.0
55,66674.38,5356.198,80.0,102.31355,4.0,3.0,17.0,2.0,25.0,10.0,11.02,1.0,577.97,24.277874,175.76596,507.5403,0,1,0,1,0,0,0,0,0,0,0.0,0.0,0.0,0.0,0.0,0.0,0.0,0.0,0.0,1.0,0.0,0.0,0.0,0.0,0.0,0.0,0.0,1.0,1.0,0.0,0.0,1.0,0.0,0.0,0.0,0.0,1.0
18,57786.12,4686.51,60.0,271.74902,6.0,6.0,32.0,6.0,21.0,21.0,18.69,7.0,1730.05,29.640644,33.681034,340.83096,0,1,1,0,0,0,0,1,0,0,1.0,0.0,0.0,0.0,0.0,0.0,0.0,0.0,0.0,0.0,0.0,0.0,0.0,0.0,0.0,0.0,0.0,1.0,0.0,1.0,1.0,0.0,0.0,0.0,0.0,0.0,1.0
30,56286.51,4601.5425,78.0,201.49817,7.0,5.0,15.0,5.0,33.0,18.0,18.59,10.0,2554.66,28.05122,137.9996,370.6565,1,1,0,0,1,0,0,0,1,1,0.0,0.0,0.0,0.0,1.0,0.0,0.0,0.0,0.0,0.0,0.0,0.0,0.0,0.0,0.0,0.0,0.0,1.0,0.0,1.0,0.0,1.0,0.0,0.0,0.0,0.0,0.0
28,39800.12,3047.6768,76.0,58.487656,7.0,5.0,12.0,3.0,17.0,20.0,11.53,4.0,660.69,28.62288,274.45624,251.82376,1,0,0,0,0,0,0,1,1,0,0.0,0.0,0.0,0.0,0.0,0.0,0.0,0.0,0.0,0.0,0.0,0.0,0.0,0.0,1.0,0.0,0.0,1.0,0.0,1.0,0.0,0.0,0.0,0.0,1.0,0.0,1.0
20,39269.97,3446.4976,101.0,105.55031,1.0,7.0,1.0,4.0,0.0,5.0,6.32,1.0,785.78,27.71191,60.629868,257.40143,1,1,0,1,0,0,1,0,0,0,0.0,0.0,0.0,0.0,0.0,0.0,0.0,0.0,0.0,0.0,0.0,0.0,0.0,1.0,0.0,0.0,1.0,0.0,1.0,0.0,0.0,0.0,0.0,0.0,0.0,1.0,0.0
25,39323.36,3467.9468,53.0,58.674038,7.0,3.0,34.0,3.0,22.0,14.0,12.39,7.0,1425.04,38.276,239.077,309.04364,1,0,1,1,0,0,0,0,0,0,0.0,0.0,1.0,0.0,0.0,0.0,0.0,0.0,0.0,0.0,0.0,0.0,0.0,0.0,0.0,0.0,0.0,1.0,0.0,1.0,0.0,0.0,1.0,0.0,0.0,0.0,0.0
44,30174.03,2409.2969,126.0,282.27286,3.0,2.0,10.0,2.0,6.0,12.0,11.13,2.0,57.51,27.339516,261.2287,258.15433,0,1,0,0,0,0,0,0,0,1,0.0,0.0,0.0,0.0,0.0,0.0,0.0,0.0,0.0,0.0,0.0,0.0,1.0,0.0,0.0,0.0,1.0,0.0,1.0,0.0,0.0,0.0,0.0,0.0,1.0,0.0,2.0
23,33882.6,2841.55,43.0,36.26075,6.0,7.0,5.0,2.0,3.0,10.0,3.55,6.0,1240.48,40.0401,60.60875,427.2855,0,0,0,1,0,0,0,0,0,0,0.0,1.0,0.0,0.0,0.0,0.0,0.0,0.0,0.0,0.0,0.0,0.0,0.0,0.0,0.0,0.0,0.0,1.0,0.0,1.0,0.0,1.0,0.0,0.0,0.0,0.0,1.0
27,39471.98,3166.3318,63.0,77.35697,5.0,3.0,21.0,4.0,14.0,12.0,10.74,8.0,2244.32,33.208824,157.55345,341.72275,0,1,1,0,0,0,0,1,1,0,0.0,0.0,0.0,0.0,0.0,0.0,0.0,0.0,0.0,0.0,0.0,0.0,0.0,1.0,0.0,0.0,0.0,1.0,0.0,1.0,0.0,1.0,0.0,0.0,0.0,0.0,0.0
23,35805.25,3106.7708,101.0,0.0,4.0,7.0,16.0,0.0,30.0,17.0,3.81,2.0,723.27,29.863527,121.14632,459.53076,0,0,0,0,0,1,0,0,0,0,0.0,0.0,0.0,0.0,0.0,0.0,0.0,0.0,0.0,0.0,0.0,0.0,0.0,1.0,0.0,0.0,0.0,1.0,1.0,0.0,0.0,0.0,0.0,1.0,0.0,0.0,1.0
51,80362.35,6908.8623,119.0,166.41179,5.0,5.0,16.0,4.0,27.0,9.0,1.16,6.0,60.04,39.845642,268.99994,505.47452,0,1,0,0,1,0,0,1,0,1,0.0,0.0,0.0,0.0,0.0,0.0,0.0,0.0,0.0,0.0,0.0,0.0,1.0,0.0,0.0,0.0,0.0,1.0,0.0,1.0,0.0,1.0,0.0,0.0,0.0,0.0,2.0
35,19194.75,1870.5625,33.0,28.386854,6.0,8.0,23.0,2.0,17.0,19.0,2.05,6.0,2456.95,35.719524,77.15416,351.51523,0,1,0,0,0,0,0,0,1,0,0.0,0.0,0.0,0.0,0.0,0.0,0.0,0.0,0.0,1.0,0.0,0.0,0.0,0.0,0.0,1.0,0.0,0.0,0.0,1.0,0.0,0.0,0.0,1.0,0.0,0.0,0.0
30,44982.74,3774.5618,86.0,72.30836,4.0,2.0,11.0,2.0,7.0,6.0,6.14,3.0,388.78,34.64298,330.11313,245.03467,1,0,0,0,0,0,0,1,0,0,0.0,0.0,0.0,0.0,0.0,0.0,0.0,0.0,0.0,0.0,0.0,0.0,0.0,1.0,0.0,0.0,1.0,0.0,1.0,0.0,0.0,0.0,0.0,1.0,0.0,0.0,2.0
26,49967.01,4091.9175,73.0,156.00331,6.0,5.0,31.0,6.0,27.0,11.0,19.87,12.0,2253.95,31.520782,116.3613,386.82715,1,0,1,0,0,0,1,1,0,1,0.0,0.0,0.0,0.0,0.0,0.0,0.0,0.0,1.0,0.0,0.0,0.0,0.0,0.0,0.0,0.0,0.0,1.0,0.0,1.0,0.0,1.0,0.0,0.0,0.0,0.0,0.0
33,20040.64,1508.0533,131.0,32.71829,3.0,6.0,9.0,2.0,22.0,10.0,10.68,0.0,1255.55,31.978878,46.110916,331.97614,0,0,1,0,0,0,0,1,0,0,0.0,0.0,0.0,0.0,0.0,0.0,0.0,1.0,0.0,0.0,0.0,0.0,0.0,0.0,0.0,0.0,1.0,0.0,1.0,0.0,0.0,0.0,1.0,0.0,0.0,0.0,1.0
44,29951.57,2254.964,82.0,0.0,8.0,6.0,20.0,0.0,18.0,16.0,6.44,7.0,704.02,32.53666,27.33131,448.1651,0,0,0,0,0,1,0,0,0,0,0.0,0.0,0.0,0.0,0.0,0.0,0.0,0.0,0.0,0.0,0.0,0.0,1.0,0.0,0.0,0.0,0.0,1.0,0.0,1.0,0.0,1.0,0.0,0.0,0.0,0.0,1.0
37,34500.94,2644.0784,94.0,38.77126,4.0,5.0,20.0,2.0,6.0,17.0,5.28,1.0,899.48,32.759525,75.46707,420.1695,0,0,0,0,0,0,0,1,0,0,0.0,0.0,0.0,0.0,0.0,0.0,0.0,1.0,0.0,0.0,0.0,0.0,0.0,0.0,0.0,0.0,0.0,1.0,0.0,1.0,0.0,0.0,0.0,1.0,0.0,0.0,1.0
27,43755.33,3828.2776,122.0,0.0,0.0,4.0,4.0,0.0,4.0,9.0,2.67,1.0,1282.77,29.030321,232.23785,410.5899,0,0,0,0,0,1,0,0,0,0,0.0,0.0,0.0,0.0,0.0,0.0,0.0,0.0,0.0,0.0,0.0,0.0,0.0,0.0,1.0,0.0,1.0,0.0,1.0,0.0,0.0,0.0,1.0,0.0,0.0,0.0,2.0
16,93220.71,7647.3926,53.0,238.28726,3.0,7.0,9.0,5.0,16.0,20.0,9.25,8.0,200.89,39.497837,209.66359,576.7884,0,1,0,0,1,0,1,0,0,0,0.0,0.0,0.0,0.0,0.0,0.0,0.0,1.0,0.0,0.0,0.0,0.0,0.0,0.0,0.0,0.0,0.0,1.0,0.0,1.0,0.0,0.0,1.0,0.0,0.0,0.0,1.0
45,36403.98,3012.665,68.0,133.1855,6.0,5.0,17.0,6.0,20.0,10.0,16.89,7.0,524.79,39.12243,115.04987,333.03113,1,1,1,1,1,0,0,1,0,0,0.0,1.0,0.0,0.0,0.0,0.0,0.0,0.0,0.0,0.0,0.0,0.0,0.0,0.0,0.0,0.0,0.0,1.0,0.0,1.0,0.0,0.0,0.0,0.0,1.0,0.0,1.0
47,17766.93,1219.5775,123.0,9.712735,5.0,6.0,11.0,1.0,15.0,0.0,8.56,2.0,195.48,36.53539,35.64873,336.59628,0,0,0,0,0,0,0,1,0,0,0.0,0.0,0.0,0.0,0.0,0.0,0.0,0.0,0.0,1.0,0.0,0.0,0.0,0.0,0.0,0.0,1.0,0.0,1.0,0.0,0.0,0.0,1.0,0.0,0.0,0.0,1.0
20,16038.68,1538.5566,80.0,0.0,3.0,4.0,15.0,0.0,9.0,11.0,11.12,4.0,984.67,39.980602,117.67195,316.18372,0,0,0,0,0,1,0,0,0,0,0.0,0.0,0.0,0.0,0.0,0.0,0.0,0.0,0.0,0.0,0.0,0.0,1.0,0.0,0.0,0.0,0.0,1.0,1.0,0.0,0.0,0.0,0.0,0.0,1.0,0.0,2.0
45,44441.99,3993.4993,105.0,20.330946,2.0,3.0,8.0,1.0,13.0,12.0,9.24,8.0,191.55,25.531181,289.25433,369.76465,0,0,0,1,0,0,0,0,0,0,0.0,0.0,0.0,0.0,0.0,0.0,0.0,0.0,0.0,0.0,1.0,0.0,0.0,0.0,0.0,0.0,1.0,0.0,1.0,0.0,0.0,0.0,0.0,0.0,1.0,0.0,2.0
38,20758.37,1458.8641,130.0,53.70497,0.0,5.0,11.0,4.0,28.0,7.0,9.91,7.0,1328.24,33.985786,81.83056,300.3509,0,0,0,1,0,0,1,0,0,0,1.0,0.0,0.0,0.0,0.0,0.0,0.0,0.0,0.0,0.0,0.0,0.0,0.0,0.0,0.0,0.0,1.0,0.0,1.0,0.0,0.0,0.0,0.0,0.0,0.0,1.0,0.0
24,63847.8,5156.65,31.0,257.22128,8.0,3.0,32.0,7.0,19.0,14.0,14.23,6.0,2440.4,38.711796,115.60724,392.8365,1,0,0,1,1,0,1,0,0,1,0.0,0.0,0.0,0.0,0.0,0.0,0.0,0.0,0.0,0.0,1.0,0.0,0.0,0.0,0.0,0.0,0.0,1.0,0.0,1.0,0.0,1.0,0.0,0.0,0.0,0.0,0.0
35,14243.265,1303.9387,110.0,11.732091,1.0,1.0,7.0,1.0,7.0,7.0,5.06,6.0,1008.32,39.342525,66.364174,342.2976,1,0,0,0,0,0,0,0,0,0,0.0,0.0,0.0,0.0,0.0,0.0,0.0,0.0,0.0,0.0,0.0,0.0,0.0,0.0,1.0,0.0,1.0,0.0,1.0,0.0,1.0,0.0,0.0,0.0,0.0,0.0,2.0
19,20855.32,2015.9434,122.0,0.0,5.0,7.0,20.0,0.0,24.0,14.0,19.38,5.0,57.51,34.851036,78.40577,403.18857,0,0,0,0,0,1,0,0,0,0,0.0,0.0,0.0,0.0,0.0,0.0,0.0,1.0,0.0,0.0,0.0,0.0,0.0,0.0,0.0,0.0,0.0,1.0,0.0,1.0,0.0,0.0,0.0,0.0,1.0,0.0,1.0
28,48181.11,3888.0925,30.0,82.03862,8.0,8.0,34.0,4.0,10.0,9.0,13.08,9.0,2623.14,30.723112,243.0371,333.73355,0,1,1,0,1,0,1,0,0,0,0.0,0.0,0.0,0.0,0.0,0.0,0.0,0.0,0.0,0.0,0.0,0.0,1.0,0.0,0.0,0.0,0.0,1.0,0.0,1.0,0.0,0.0,0.0,1.0,0.0,0.0,0.0
41,53226.52,4432.5435,76.0,60.927303,7.0,4.0,17.0,2.0,15.0,14.0,16.84,4.0,816.31,30.283169,135.00421,507.3228,1,0,0,0,0,0,0,0,0,1,0.0,0.0,0.0,0.0,0.0,0.0,0.0,1.0,0.0,0.0,0.0,0.0,0.0,0.0,0.0,0.0,0.0,1.0,0.0,1.0,0.0,0.0,1.0,0.0,0.0,0.0,1.0
53,12741.58,1234.7983,115.0,28.731829,5.0,7.0,9.0,3.0,31.0,22.0,9.4,2.0,530.93,26.107092,89.386894,295.3611,1,0,0,0,1,0,0,0,1,0,0.0,0.0,1.0,0.0,0.0,0.0,0.0,0.0,0.0,0.0,0.0,0.0,0.0,0.0,0.0,0.0,1.0,0.0,1.0,0.0,0.0,0.0,0.0,0.0,0.0,1.0,0.0
25,16100.17,1184.6808,33.0,85.48267,9.0,5.0,20.0,7.0,52.0,16.0,18.09,7.0,2375.63,25.37694,25.887136,267.09827,1,0,0,1,1,0,0,1,0,0,0.0,0.0,0.0,0.0,0.0,0.0,0.0,0.0,0.0,0.0,0.0,0.0,0.0,0.0,1.0,0.0,0.0,1.0,0.0,1.0,0.0,0.0,1.0,0.0,0.0,0.0,0.0
36,34378.42,2628.8684,51.0,37.650967,6.0,9.0,18.0,2.0,42.0,13.0,19.28,17.0,1471.32,40.36661,41.34697,423.8889,0,0,1,0,0,0,1,0,0,0,1.0,0.0,0.0,0.0,0.0,0.0,0.0,0.0,0.0,0.0,0.0,0.0,0.0,0.0,0.0,0.0,0.0,1.0,0.0,1.0,1.0,0.0,0.0,0.0,0.0,0.0,0.0
38,16449.27,1089.7725,38.0,16.598135,8.0,6.0,20.0,2.0,19.0,15.0,21.86,4.0,1385.18,31.621164,131.50082,250.8783,0,0,1,0,0,0,1,0,0,0,0.0,0.0,0.0,0.0,1.0,0.0,0.0,0.0,0.0,0.0,0.0,0.0,0.0,0.0,0.0,0.0,0.0,1.0,0.0,1.0,0.0,0.0,0.0,0.0,0.0,1.0,1.0
20,81769.35,6995.1123,70.0,183.2771,7.0,5.0,13.0,4.0,15.0,14.0,2.27,0.0,535.75,32.730244,75.86811,680.366,0,0,0,1,1,0,0,0,1,0,0.0,0.0,0.0,0.0,0.0,0.0,0.0,1.0,0.0,0.0,0.0,0.0,0.0,0.0,0.0,0.0,0.0,1.0,1.0,0.0,1.0,0.0,0.0,0.0,0.0,0.0,1.0
53,44330.2,3744.1833,89.0,20.272736,4.0,3.0,9.0,1.0,5.0,0.0,10.02,3.0,1483.39,35.311058,255.42105,378.72455,0,0,0,0,1,0,0,0,0,0,0.0,0.0,0.0,0.0,1.0,0.0,0.0,0.0,0.0,0.0,0.0,0.0,0.0,0.0,0.0,0.0,1.0,0.0,1.0,0.0,0.0,0.0,0.0,0.0,1.0,0.0,2.0
20,73140.38,5799.0317,105.0,44.981594,3.0,5.0,15.0,1.0,9.0,12.0,14.56,5.0,1056.32,31.263706,169.6848,615.23676,1,0,0,0,0,0,0,0,0,0,0.0,0.0,0.0,0.0,0.0,0.0,0.0,0.0,0.0,0.0,0.0,0.0,1.0,0.0,0.0,0.0,0.0,1.0,0.0,1.0,0.0,1.0,0.0,0.0,0.0,0.0,1.0
29,75654.81,6113.5674,91.0,43.037857,7.0,6.0,12.0,1.0,10.0,14.0,9.4,2.0,1063.69,30.05138,120.38831,697.9306,0,0,0,0,1,0,0,0,0,0,0.0,0.0,0.0,0.0,1.0,0.0,0.0,0.0,0.0,0.0,0.0,0.0,0.0,0.0,0.0,0.0,0.0,1.0,0.0,1.0,0.0,1.0,0.0,0.0,0.0,0.0,1.0
31,59519.79,4966.9824,14.0,174.81885,10.0,10.0,31.0,6.0,30.0,19.0,19.84,7.0,2979.78,37.627445,139.66435,432.21506,0,0,1,1,0,0,1,0,1,1,1.0,0.0,0.0,0.0,0.0,0.0,0.0,0.0,0.0,0.0,0.0,0.0,0.0,0.0,0.0,1.0,0.0,0.0,0.0,1.0,0.0,1.0,0.0,0.0,0.0,0.0,1.0
34,60195.36,4912.28,123.0,52.935455,0.0,5.0,3.0,2.0,14.0,3.0,7.69,3.0,376.47,31.603357,416.39557,291.89697,0,0,0,0,0,0,0,1,0,1,0.0,1.0,0.0,0.0,0.0,0.0,0.0,0.0,0.0,0.0,0.0,0.0,0.0,0.0,0.0,0.0,1.0,0.0,1.0,0.0,0.0,0.0,0.0,1.0,0.0,0.0,1.0
29,20511.16,1922.2633,72.0,106.95347,7.0,8.0,34.0,7.0,38.0,23.0,6.63,8.0,2438.68,36.03528,28.080118,307.19275,0,1,0,1,0,0,1,1,1,1,0.0,0.0,0.0,0.0,0.0,0.0,0.0,0.0,0.0,1.0,0.0,0.0,0.0,0.0,0.0,1.0,0.0,0.0,0.0,1.0,0.0,1.0,0.0,0.0,0.0,0.0,0.0
37,33540.43,2655.036,102.0,0.0,6.0,3.0,17.0,0.0,22.0,11.0,14.11,10.0,1138.97,33.265152,337.19974,218.30385,0,0,0,0,0,1,0,0,0,0,0.0,0.0,1.0,0.0,0.0,0.0,0.0,0.0,0.0,0.0,0.0,0.0,0.0,0.0,0.0,0.0,0.0,1.0,0.0,1.0,0.0,0.0,0.0,0.0,0.0,1.0,1.0
44,74538.87,6280.5723,90.0,0.0,8.0,5.0,12.0,0.0,6.0,13.0,9.57,4.0,1433.43,30.294537,92.78435,775.2729,0,0,0,0,0,1,0,0,0,0,0.0,0.0,0.0,0.0,0.0,0.0,0.0,0.0,0.0,0.0,1.0,0.0,0.0,0.0,0.0,0.0,0.0,1.0,1.0,0.0,1.0,0.0,0.0,0.0,0.0,0.0,1.0
27,42796.52,3461.3767,85.0,0.0,4.0,4.0,9.0,0.0,6.0,15.0,15.85,10.0,631.12,36.279568,271.6687,354.46896,0,0,0,0,0,1,0,0,0,0,0.0,1.0,0.0,0.0,0.0,0.0,0.0,0.0,0.0,0.0,0.0,0.0,0.0,0.0,0.0,0.0,0.0,1.0,0.0,1.0,0.0,0.0,0.0,0.0,1.0,0.0,1.0
23,36641.86,3008.4883,125.0,37.41636,6.0,6.0,15.0,2.0,30.0,17.0,10.23,4.0,1467.95,37.531406,93.44192,429.99054,0,0,0,0,1,0,0,0,0,1,0.0,0.0,0.0,0.0,0.0,0.0,0.0,0.0,0.0,0.0,0.0,1.0,0.0,0.0,0.0,0.0,0.0,1.0,0.0,1.0,0.0,0.0,1.0,0.0,0.0,0.0,1.0
34,82565.52,6917.46,68.0,164.16104,3.0,7.0,6.0,3.0,18.0,10.0,19.37,5.0,445.9,26.964287,172.16193,595.42303,0,1,0,0,0,0,1,1,0,0,0.0,0.0,0.0,1.0,0.0,0.0,0.0,0.0,0.0,0.0,0.0,0.0,0.0,0.0,0.0,0.0,0.0,1.0,0.0,1.0,1.0,0.0,0.0,0.0,0.0,0.0,1.0
31,16490.8,1574.2333,85.0,17.10948,1.0,3.0,5.0,2.0,5.0,13.0,1.5,3.0,1015.0,25.77396,153.74934,276.5645,0,0,0,0,0,0,0,1,0,1,0.0,0.0,0.0,0.0,0.0,0.0,0.0,0.0,0.0,1.0,0.0,0.0,0.0,0.0,0.0,0.0,1.0,0.0,1.0,0.0,0.0,0.0,0.0,0.0,0.0,1.0,2.0
35,41544.52,3337.0432,31.0,65.990204,4.0,3.0,6.0,2.0,30.0,15.0,14.75,7.0,2434.12,34.727478,65.21701,452.49713,0,0,1,0,0,0,0,0,1,0,0.0,0.0,0.0,0.0,0.0,0.0,1.0,0.0,0.0,0.0,0.0,0.0,0.0,0.0,0.0,0.0,0.0,1.0,0.0,1.0,0.0,1.0,0.0,0.0,0.0,0.0,1.0
21,67518.81,5365.5674,91.0,28.65858,8.0,5.0,8.0,1.0,9.0,11.0,9.88,3.0,264.7,25.387949,340.33615,707.0575,0,0,0,0,0,0,0,0,1,0,0.0,1.0,0.0,0.0,0.0,0.0,0.0,0.0,0.0,0.0,0.0,0.0,0.0,0.0,0.0,0.0,0.0,1.0,1.0,0.0,1.0,0.0,0.0,0.0,0.0,0.0,1.0
55,120644.88,10043.74,76.0,257.89978,4.0,6.0,7.0,4.0,6.0,10.0,10.49,1.0,1437.99,25.736654,496.69766,509.77655,0,1,0,0,0,0,1,0,0,1,0.0,0.0,0.0,0.0,0.0,0.0,0.0,1.0,0.0,0.0,0.0,0.0,0.0,0.0,0.0,0.0,1.0,0.0,1.0,0.0,0.0,0.0,1.0,0.0,0.0,0.0,0.0
35,57353.16,4738.43,92.0,125.00868,3.0,7.0,20.0,3.0,6.0,20.0,12.45,0.0,1095.32,34.75552,487.5609,141.2734,0,0,1,1,1,0,0,0,0,0,0.0,0.0,0.0,0.0,0.0,0.0,0.0,0.0,0.0,0.0,0.0,0.0,0.0,0.0,1.0,0.0,0.0,1.0,1.0,0.0,0.0,0.0,0.0,0.0,1.0,0.0,1.0
18,7471.91,597.6592,83.0,18.694162,8.0,8.0,18.0,6.0,33.0,20.0,18.95,8.0,1814.13,29.905792,53.089256,277.98248,0,0,0,1,1,0,1,1,1,0,0.0,0.0,0.0,0.0,0.0,0.0,1.0,0.0,0.0,0.0,0.0,0.0,0.0,0.0,0.0,0.0,0.0,1.0,0.0,1.0,0.0,0.0,0.0,0.0,0.0,1.0,0.0
37,8499.645,817.3038,65.0,34.70069,8.0,7.0,20.0,8.0,30.0,18.0,5.65,9.0,2573.1,25.255621,35.44881,291.58087,1,1,0,1,0,0,1,1,0,1,0.0,0.0,1.0,0.0,0.0,0.0,0.0,0.0,0.0,0.0,0.0,0.0,0.0,0.0,0.0,1.0,0.0,0.0,0.0,1.0,0.0,0.0,0.0,0.0,1.0,0.0,0.0
49,15217.59,999.1325,102.0,0.0,5.0,6.0,17.0,0.0,15.0,13.0,9.48,3.0,296.54,32.04055,71.79422,318.11902,0,0,0,0,0,1,0,0,0,0,0.0,1.0,0.0,0.0,0.0,0.0,0.0,0.0,0.0,0.0,0.0,0.0,0.0,0.0,0.0,0.0,0.0,1.0,1.0,0.0,0.0,0.0,0.0,0.0,0.0,1.0,0.0
45,32520.18,2928.015,87.0,126.41028,9.0,6.0,27.0,6.0,52.0,19.0,2.6,7.0,2196.5,35.776386,246.86525,209.52597,0,0,1,1,1,0,0,0,1,1,0.0,0.0,0.0,0.0,0.0,1.0,0.0,0.0,0.0,0.0,0.0,0.0,0.0,0.0,0.0,1.0,0.0,0.0,0.0,1.0,0.0,0.0,0.0,0.0,0.0,1.0,0.0
22,30623.61,2599.0679,89.0,299.91214,3.0,6.0,5.0,4.0,9.0,0.0,11.07,0.0,1125.03,34.295998,101.18344,381.5008,0,0,0,0,1,0,1,0,1,0,0.0,0.0,0.0,1.0,0.0,0.0,0.0,0.0,0.0,0.0,0.0,0.0,0.0,0.0,0.0,0.0,1.0,0.0,1.0,0.0,0.0,1.0,0.0,0.0,0.0,0.0,2.0
21,7201.155,650.09625,58.0,35.8647,8.0,10.0,32.0,7.0,44.0,18.0,15.99,7.0,1926.88,39.88484,28.577137,270.56778,0,0,1,0,1,0,1,1,1,1,0.0,0.0,0.0,1.0,0.0,0.0,0.0,0.0,0.0,0.0,0.0,0.0,0.0,0.0,0.0,1.0,0.0,0.0,0.0,1.0,0.0,0.0,0.0,1.0,0.0,0.0,0.0
27,31454.22,2618.185,47.0,141.38171,7.0,8.0,28.0,6.0,26.0,23.0,18.63,8.0,1996.6,37.273888,111.74756,268.68924,0,1,1,1,1,0,0,0,1,0,0.0,0.0,0.0,0.0,0.0,0.0,1.0,0.0,0.0,0.0,0.0,0.0,0.0,0.0,0.0,1.0,0.0,0.0,0.0,1.0,0.0,0.0,1.0,0.0,0.0,0.0,1.0
22,12585.205,919.7671,61.0,24.408619,8.0,6.0,18.0,3.0,16.0,20.0,15.33,8.0,1259.3,22.62706,77.83703,259.73105,0,0,1,0,0,0,0,1,1,0,1.0,0.0,0.0,0.0,0.0,0.0,0.0,0.0,0.0,0.0,0.0,0.0,0.0,0.0,0.0,0.0,0.0,1.0,0.0,1.0,0.0,0.0,0.0,1.0,0.0,0.0,1.0
19,34860.05,2622.0042,92.0,51.292324,3.0,1.0,10.0,3.0,10.0,1.0,9.6,2.0,1218.18,29.411211,51.290882,409.61722,1,0,0,0,0,0,1,0,0,1,0.0,0.0,0.0,0.0,1.0,0.0,0.0,0.0,0.0,0.0,0.0,0.0,0.0,0.0,0.0,0.0,1.0,0.0,1.0,0.0,0.0,1.0,0.0,0.0,0.0,0.0,2.0
38,7467.86,661.32166,60.0,12.353958,9.0,10.0,20.0,2.0,30.0,9.0,10.84,15.0,1379.19,36.971687,32.958878,300.81934,0,0,0,0,0,0,0,1,0,0,0.0,0.0,1.0,0.0,0.0,0.0,0.0,0.0,0.0,0.0,0.0,0.0,0.0,0.0,0.0,0.0,0.0,1.0,0.0,1.0,0.0,0.0,0.0,0.0,1.0,0.0,0.0
29,20637.2,1668.7667,93.0,68.574905,4.0,5.0,14.0,4.0,15.0,18.0,9.74,2.0,1387.48,36.991615,112.64939,275.65237,0,0,0,0,1,0,0,0,1,0,0.0,0.0,0.0,0.0,0.0,0.0,0.0,1.0,0.0,0.0,0.0,0.0,0.0,0.0,0.0,0.0,0.0,1.0,0.0,1.0,0.0,0.0,0.0,0.0,0.0,1.0,1.0
34,22375.64,2039.6367,132.0,45.22591,6.0,5.0,20.0,3.0,22.0,7.0,5.4,0.0,182.26,32.072437,30.67699,378.06076,1,0,0,0,0,0,1,1,0,0,0.0,1.0,0.0,0.0,0.0,0.0,0.0,0.0,0.0,0.0,0.0,0.0,0.0,0.0,0.0,0.0,0.0,1.0,0.0,1.0,0.0,1.0,0.0,0.0,0.0,0.0,1.0
49,19042.55,1716.8792,97.0,0.0,3.0,7.0,15.0,0.0,12.0,16.0,17.3,3.0,36.36,35.195255,72.18483,349.50308,0,0,0,0,0,1,0,0,0,0,0.0,0.0,0.0,0.0,0.0,0.0,0.0,0.0,0.0,0.0,1.0,0.0,0.0,0.0,0.0,0.0,0.0,1.0,0.0,1.0,0.0,1.0,0.0,0.0,0.0,0.0,1.0
33,61869.04,5098.7534,135.0,50.851833,3.0,5.0,16.0,1.0,25.0,11.0,7.57,3.0,1065.89,33.37439,486.30563,252.71788,0,0,1,0,0,0,0,0,0,0,0.0,0.0,0.0,1.0,0.0,0.0,0.0,0.0,0.0,0.0,0.0,0.0,0.0,0.0,0.0,0.0,0.0,1.0,1.0,0.0,0.0,0.0,0.0,0.0,1.0,0.0,1.0
18,126971.0,10672.917,75.0,293.52887,0.0,7.0,6.0,3.0,25.0,1.0,6.83,1.0,772.58,32.63545,258.02823,765.73456,1,1,0,0,0,0,0,0,0,0,0.0,0.0,0.0,0.0,0.0,0.0,1.0,0.0,0.0,0.0,0.0,0.0,0.0,0.0,0.0,0.0,1.0,0.0,1.0,0.0,0.0,1.0,0.0,0.0,0.0,0.0,1.0
30,28866.94,2682.5784,44.0,138.32553,10.0,5.0,29.0,9.0,19.0,17.0,6.12,6.0,1587.62,26.035154,134.6797,275.2526,1,1,1,1,0,0,1,0,0,0,0.0,1.0,0.0,0.0,0.0,0.0,0.0,0.0,0.0,0.0,0.0,0.0,0.0,0.0,0.0,1.0,0.0,0.0,0.0,1.0,0.0,0.0,0.0,0.0,1.0,0.0,0.0
24,112282.4,9102.866,119.0,0.0,4.0,3.0,16.0,0.0,21.0,14.0,9.63,3.0,1113.98,37.057156,498.09775,682.1889,0,0,0,0,0,1,0,0,0,0,0.0,0.0,0.0,0.0,1.0,0.0,0.0,0.0,0.0,0.0,0.0,0.0,0.0,0.0,0.0,0.0,0.0,1.0,0.0,1.0,0.0,0.0,0.0,1.0,0.0,0.0,1.0
23,8983.565,645.63043,68.0,9.885125,6.0,4.0,6.0,2.0,8.0,16.0,11.25,7.0,1270.65,23.641562,37.902046,276.77588,1,1,0,0,0,0,0,0,0,0,0.0,0.0,0.0,0.0,0.0,0.0,1.0,0.0,0.0,0.0,0.0,0.0,0.0,0.0,0.0,0.0,0.0,1.0,0.0,1.0,0.0,0.0,1.0,0.0,0.0,0.0,1.0
35,11482.565,1128.8804,65.0,15.370863,4.0,3.0,10.0,3.0,19.0,22.0,3.05,3.0,517.07,26.685879,134.27046,253.24672,0,0,1,0,0,0,0,0,1,1,0.0,0.0,0.0,0.0,0.0,0.0,0.0,0.0,0.0,0.0,0.0,1.0,0.0,0.0,0.0,0.0,0.0,1.0,1.0,0.0,0.0,0.0,0.0,0.0,0.0,1.0,1.0
16,7546.68,391.89,19.0,40.131794,8.0,6.0,29.0,7.0,26.0,19.0,18.63,8.0,3207.74,25.024734,19.6064,259.4508,1,0,1,0,1,0,0,0,0,1,0.0,0.0,0.0,0.0,0.0,0.0,1.0,0.0,0.0,0.0,0.0,0.0,0.0,0.0,0.0,1.0,0.0,0.0,0.0,1.0,0.0,0.0,0.0,0.0,1.0,0.0,1.0
23,14114.89,1155.2408,46.0,53.148987,8.0,5.0,5.0,5.0,18.0,14.0,18.37,7.0,1453.95,28.685543,61.1225,291.2526,0,0,1,0,0,0,0,1,1,1,0.0,0.0,0.0,0.0,0.0,1.0,0.0,0.0,0.0,0.0,0.0,0.0,0.0,0.0,0.0,0.0,0.0,1.0,0.0,1.0,0.0,0.0,0.0,0.0,0.0,1.0,1.0
45,31029.7,2519.8083,78.0,96.46996,6.0,7.0,4.0,4.0,21.0,14.0,10.74,1.0,1157.08,34.593338,101.929245,303.58163,0,0,0,1,0,0,1,1,0,1,0.0,0.0,0.0,0.0,0.0,0.0,0.0,0.0,0.0,0.0,0.0,1.0,0.0,0.0,0.0,0.0,1.0,0.0,1.0,0.0,0.0,1.0,0.0,0.0,0.0,0.0,1.0
42,20039.58,1862.965,81.0,64.038536,6.0,6.0,17.0,6.0,16.0,20.0,2.28,6.0,2507.45,40.01018,54.231613,338.02637,0,1,0,1,1,0,1,0,0,1,0.0,0.0,0.0,1.0,0.0,0.0,0.0,0.0,0.0,0.0,0.0,0.0,0.0,0.0,0.0,1.0,0.0,0.0,0.0,1.0,0.0,0.0,0.0,1.0,0.0,0.0,0.0
33,10732.78,1117.3983,66.0,11.438276,6.0,6.0,15.0,2.0,16.0,15.0,8.24,6.0,915.78,30.880903,94.8274,275.47415,1,0,0,0,1,0,0,0,0,0,0.0,0.0,1.0,0.0,0.0,0.0,0.0,0.0,0.0,0.0,0.0,0.0,0.0,0.0,0.0,0.0,0.0,1.0,0.0,1.0,0.0,0.0,0.0,1.0,0.0,0.0,1.0
41,25434.13,2318.5107,35.0,17.080133,8.0,5.0,12.0,1.0,17.0,14.0,14.04,8.0,606.48,32.132195,85.676735,379.0942,0,0,0,0,0,0,0,1,0,0,0.0,0.0,0.0,0.0,0.0,0.0,1.0,0.0,0.0,0.0,0.0,0.0,0.0,0.0,0.0,0.0,0.0,1.0,0.0,1.0,0.0,1.0,0.0,0.0,0.0,0.0,1.0
21,28102.36,2209.8633,61.0,112.473595,3.0,6.0,24.0,6.0,25.0,14.0,19.98,14.0,2059.36,35.993614,262.7314,135.78131,1,1,1,1,0,0,0,1,1,0,0.0,0.0,0.0,0.0,0.0,0.0,0.0,0.0,0.0,1.0,0.0,0.0,0.0,0.0,0.0,0.0,0.0,1.0,0.0,1.0,0.0,0.0,0.0,0.0,0.0,1.0,1.0
42,73394.12,5968.177,33.0,168.17679,9.0,9.0,23.0,5.0,20.0,17.0,19.85,10.0,2704.68,33.684166,453.72058,254.9203,1,1,1,0,0,0,0,1,1,0,1.0,0.0,0.0,0.0,0.0,0.0,0.0,0.0,0.0,0.0,0.0,0.0,0.0,0.0,0.0,1.0,0.0,0.0,0.0,1.0,0.0,0.0,0.0,0.0,1.0,0.0,1.0
41,9615.485,607.2904,68.0,40.694878,7.0,6.0,32.0,6.0,11.0,13.0,17.31,12.0,2107.04,28.56859,35.086388,274.94778,0,0,0,1,0,0,1,0,1,1,0.0,0.0,1.0,0.0,0.0,0.0,0.0,0.0,0.0,0.0,0.0,0.0,0.0,0.0,0.0,0.0,0.0,1.0,0.0,1.0,0.0,0.0,0.0,0.0,0.0,1.0,0.0
29,27653.79,2411.4824,135.0,49.87672,8.0,7.0,12.0,4.0,27.0,9.0,10.8,3.0,13.24,35.248047,133.4473,337.82425,0,0,1,0,0,0,0,0,1,1,0.0,0.0,0.0,0.0,0.0,0.0,0.0,0.0,0.0,1.0,0.0,0.0,0.0,0.0,0.0,0.0,0.0,1.0,1.0,0.0,0.0,0.0,0.0,0.0,1.0,0.0,1.0
32,66614.64,5704.22,55.0,241.37144,6.0,4.0,27.0,7.0,21.0,9.0,15.27,8.0,1287.55,28.049356,46.583893,522.4667,0,0,0,1,0,0,1,1,0,1,0.0,0.0,0.0,0.0,0.0,0.0,0.0,1.0,0.0,0.0,0.0,0.0,0.0,0.0,0.0,0.0,0.0,1.0,0.0,1.0,1.0,0.0,0.0,0.0,0.0,0.0,0.0
40,81831.72,6910.31,73.0,234.5094,6.0,5.0,1.0,4.0,9.0,4.0,5.14,4.0,446.42,28.056517,204.22374,502.29785,1,0,1,0,1,0,0,0,0,1,0.0,0.0,0.0,0.0,0.0,1.0,0.0,0.0,0.0,0.0,0.0,0.0,0.0,0.0,0.0,0.0,1.0,0.0,1.0,0.0,0.0,1.0,0.0,0.0,0.0,0.0,1.0
16,13699.52,1327.6267,113.0,32.118023,6.0,7.0,7.0,4.0,14.0,17.0,13.76,4.0,608.16,27.454655,81.10222,299.54242,1,0,0,0,0,0,0,1,0,1,0.0,0.0,0.0,0.0,0.0,0.0,0.0,0.0,0.0,0.0,0.0,1.0,0.0,0.0,0.0,0.0,0.0,1.0,0.0,1.0,0.0,0.0,0.0,0.0,1.0,0.0,1.0
20,81609.78,7084.815,90.0,134.2601,5.0,4.0,2.0,3.0,4.0,2.0,6.94,2.0,102.02,29.008017,467.85922,396.36218,1,0,0,1,0,0,0,0,0,1,0.0,1.0,0.0,0.0,0.0,0.0,0.0,0.0,0.0,0.0,0.0,0.0,0.0,0.0,0.0,0.0,1.0,0.0,1.0,0.0,0.0,0.0,0.0,0.0,0.0,1.0,2.0
28,94256.48,7558.7065,31.0,148.75493,6.0,4.0,8.0,3.0,15.0,20.0,10.43,7.0,191.78,33.017246,155.0083,692.1074,1,0,1,0,0,0,1,0,0,0,0.0,0.0,0.0,0.0,0.0,0.0,0.0,0.0,0.0,0.0,0.0,0.0,0.0,1.0,0.0,0.0,0.0,1.0,0.0,1.0,1.0,0.0,0.0,0.0,0.0,0.0,1.0
28,61131.36,4880.28,72.0,88.193665,3.0,5.0,23.0,2.0,7.0,10.0,14.51,14.0,2358.58,33.36451,501.49496,188.33936,0,1,1,0,0,0,0,0,0,0,0.0,0.0,0.0,0.0,0.0,0.0,0.0,0.0,0.0,0.0,0.0,1.0,0.0,0.0,0.0,0.0,0.0,1.0,0.0,1.0,0.0,0.0,0.0,0.0,0.0,1.0,0.0
18,9536.42,769.70166,85.0,37.0934,7.0,5.0,26.0,6.0,26.0,24.0,4.26,15.0,1298.56,24.430952,32.014748,267.86203,0,1,0,1,1,0,1,0,1,1,0.0,0.0,0.0,0.0,0.0,0.0,0.0,0.0,0.0,0.0,0.0,0.0,1.0,0.0,0.0,1.0,0.0,0.0,0.0,1.0,0.0,0.0,1.0,0.0,0.0,0.0,0.0
41,17908.01,1152.6768,81.0,179.78104,5.0,4.0,12.0,2.0,10.0,12.0,3.93,1.0,1456.12,38.13492,162.55608,242.95374,0,1,0,0,0,0,1,0,0,0,0.0,0.0,0.0,0.0,0.0,0.0,0.0,0.0,0.0,1.0,0.0,0.0,0.0,0.0,0.0,0.0,1.0,0.0,1.0,0.0,0.0,0.0,0.0,0.0,0.0,1.0,2.0
43,82920.2,7201.0166,113.0,163.04659,4.0,7.0,7.0,3.0,6.0,10.0,1.04,2.0,1197.23,25.61624,262.15744,544.89764,1,0,0,0,0,0,0,1,0,1,0.0,0.0,1.0,0.0,0.0,0.0,0.0,0.0,0.0,0.0,0.0,0.0,0.0,0.0,0.0,0.0,1.0,0.0,1.0,0.0,0.0,1.0,0.0,0.0,0.0,0.0,2.0
24,28195.29,2044.2234,101.0,148.31726,3.0,4.0,11.0,3.0,14.0,5.0,4.04,8.0,1281.29,31.660715,202.89244,318.81174,1,0,0,0,0,0,0,0,0,1,0.0,0.0,0.0,0.0,0.0,0.0,0.0,0.0,0.0,0.0,0.0,1.0,0.0,0.0,0.0,0.0,1.0,0.0,1.0,0.0,0.0,0.0,0.0,0.0,0.0,1.0,2.0
47,16520.865,1492.7388,72.0,24.13138,4.0,1.0,8.0,2.0,1.0,5.0,1.53,8.0,841.69,30.75257,95.60161,309.5409,0,0,1,0,0,0,1,0,0,0,0.0,0.0,0.0,0.0,0.0,0.0,0.0,0.0,0.0,0.0,1.0,0.0,0.0,0.0,0.0,0.0,1.0,0.0,1.0,0.0,0.0,0.0,0.0,0.0,1.0,0.0,2.0
30,51582.54,4016.545,101.0,35.85752,3.0,6.0,16.0,1.0,22.0,16.0,18.84,2.0,1354.35,37.874516,167.72095,478.07602,0,0,0,1,0,0,0,0,0,0,0.0,0.0,0.0,1.0,0.0,0.0,0.0,0.0,0.0,0.0,0.0,0.0,0.0,0.0,0.0,0.0,0.0,1.0,0.0,1.0,0.0,0.0,0.0,0.0,1.0,0.0,1.0
33,86274.99,6929.5825,87.0,167.0844,6.0,7.0,12.0,3.0,10.0,7.0,17.33,0.0,138.25,25.56809,303.499,482.37488,0,1,0,1,1,0,0,0,0,0,0.0,0.0,0.0,0.0,0.0,1.0,0.0,0.0,0.0,0.0,0.0,0.0,0.0,0.0,0.0,0.0,0.0,1.0,0.0,1.0,0.0,0.0,1.0,0.0,0.0,0.0,1.0
45,15371.47,986.9558,26.0,43.21405,9.0,10.0,27.0,4.0,35.0,7.0,9.6,9.0,1582.34,26.045609,43.057163,302.42438,0,1,0,1,1,0,0,0,0,1,0.0,0.0,0.0,0.0,0.0,0.0,0.0,0.0,0.0,0.0,0.0,0.0,0.0,0.0,1.0,0.0,0.0,1.0,0.0,1.0,0.0,1.0,0.0,0.0,0.0,0.0,0.0
26,29901.97,2462.8308,92.0,42.434307,3.0,4.0,7.0,2.0,15.0,9.0,1.07,1.0,319.85,22.849415,88.6413,365.2075,0,0,1,0,0,0,0,0,0,0,0.0,0.0,0.0,0.0,0.0,1.0,0.0,0.0,0.0,0.0,0.0,0.0,0.0,0.0,0.0,0.0,1.0,0.0,1.0,0.0,0.0,0.0,1.0,0.0,0.0,0.0,0.0
46,99776.28,8051.69,126.0,296.52283,4.0,6.0,6.0,4.0,14.0,18.0,5.34,4.0,743.69,35.18902,135.82457,622.8216,0,0,0,1,0,0,1,0,0,1,0.0,0.0,0.0,0.0,0.0,0.0,0.0,0.0,0.0,0.0,1.0,0.0,0.0,0.0,0.0,0.0,1.0,0.0,1.0,0.0,0.0,1.0,0.0,0.0,0.0,0.0,2.0
38,36841.39,2966.1157,67.0,29.835762,0.0,5.0,4.0,1.0,3.0,11.0,3.16,4.0,414.56,34.204655,95.30911,421.4667,0,0,0,0,0,0,0,0,0,1,1.0,0.0,0.0,0.0,0.0,0.0,0.0,0.0,0.0,0.0,0.0,0.0,0.0,0.0,0.0,0.0,1.0,0.0,1.0,0.0,0.0,1.0,0.0,0.0,0.0,0.0,2.0
37,71111.1,6113.925,41.0,80.10439,8.0,6.0,14.0,2.0,26.0,15.0,15.14,4.0,1085.48,33.8107,54.57421,716.7139,0,0,0,0,0,0,0,0,1,0,0.0,0.0,0.0,0.0,0.0,1.0,0.0,0.0,0.0,0.0,0.0,0.0,0.0,0.0,0.0,0.0,0.0,1.0,0.0,1.0,1.0,0.0,0.0,0.0,0.0,0.0,1.0
34,28431.06,2610.255,95.0,31.150497,5.0,6.0,14.0,2.0,6.0,15.0,7.94,4.0,1098.59,25.355824,217.27065,292.60434,0,0,0,1,1,0,0,0,0,0,0.0,0.0,0.0,0.0,0.0,0.0,1.0,0.0,0.0,0.0,0.0,0.0,0.0,0.0,0.0,0.0,0.0,1.0,0.0,1.0,0.0,0.0,0.0,0.0,1.0,0.0,1.0
41,60901.36,5351.1133,80.0,94.33599,1.0,1.0,7.0,3.0,3.0,2.0,10.69,2.0,475.75,28.61774,70.98906,609.78625,0,1,0,0,1,0,0,0,0,0,0.0,0.0,1.0,0.0,0.0,0.0,0.0,0.0,0.0,0.0,0.0,0.0,0.0,0.0,0.0,0.0,1.0,0.0,1.0,0.0,1.0,0.0,0.0,0.0,0.0,0.0,2.0
49,34981.59,2463.3877,82.0,291.55002,6.0,6.0,15.0,3.0,27.0,16.0,7.2,5.0,349.84,37.64215,49.740906,399.9671,1,0,0,1,0,0,1,0,0,0,0.0,0.0,1.0,0.0,0.0,0.0,0.0,0.0,0.0,0.0,0.0,0.0,0.0,0.0,0.0,0.0,0.0,1.0,1.0,0.0,1.0,0.0,0.0,0.0,0.0,0.0,2.0
45,13139.855,1015.9879,101.0,7.183338,5.0,5.0,15.0,1.0,8.0,13.0,8.54,3.0,361.58,38.405838,19.63634,314.7791,0,0,1,0,0,0,0,0,0,0,0.0,0.0,0.0,0.0,0.0,0.0,0.0,1.0,0.0,0.0,0.0,0.0,0.0,0.0,0.0,0.0,0.0,1.0,1.0,0.0,1.0,0.0,0.0,0.0,0.0,0.0,1.0
55,14726.775,1366.2312,69.0,0.0,7.0,6.0,1.0,0.0,10.0,7.0,6.64,5.0,442.21,26.089811,119.94225,306.68088,0,0,0,0,0,1,0,0,0,0,0.0,0.0,0.0,0.0,0.0,0.0,0.0,1.0,0.0,0.0,0.0,0.0,0.0,0.0,0.0,0.0,1.0,0.0,1.0,0.0,0.0,0.0,0.0,0.0,0.0,1.0,2.0
54,98796.84,8206.07,99.0,110.28338,1.0,3.0,4.0,2.0,14.0,3.0,4.31,0.0,324.1,36.48393,401.12155,569.2021,1,0,0,0,1,0,0,0,0,0,0.0,0.0,0.0,0.0,0.0,0.0,0.0,0.0,0.0,0.0,0.0,0.0,1.0,0.0,0.0,0.0,1.0,0.0,1.0,0.0,0.0,0.0,1.0,0.0,0.0,0.0,1.0
31,14058.455,1205.538,119.0,0.0,3.0,6.0,6.0,0.0,7.0,21.0,22.67,11.0,1423.08,37.958168,137.94698,272.6068,0,0,0,0,0,1,0,0,0,0,0.0,0.0,0.0,0.0,0.0,0.0,1.0,0.0,0.0,0.0,0.0,0.0,0.0,0.0,0.0,0.0,0.0,1.0,0.0,1.0,0.0,0.0,0.0,0.0,0.0,1.0,1.0
24,59103.06,4806.255,64.0,0.0,8.0,6.0,7.0,0.0,27.0,9.0,2.57,2.0,1428.53,37.63178,144.91841,605.7071,0,0,0,0,0,1,0,0,0,0,0.0,0.0,0.0,0.0,0.0,0.0,0.0,1.0,0.0,0.0,0.0,0.0,0.0,0.0,0.0,0.0,1.0,0.0,1.0,0.0,0.0,0.0,0.0,1.0,0.0,0.0,2.0
38,65214.96,5403.58,111.0,0.0,2.0,1.0,12.0,0.0,0.0,5.0,10.82,2.0,341.02,31.541853,324.15314,476.20486,0,0,0,0,0,1,0,0,0,0,0.0,0.0,0.0,0.0,0.0,0.0,0.0,0.0,1.0,0.0,0.0,0.0,0.0,0.0,0.0,0.0,1.0,0.0,1.0,0.0,0.0,0.0,1.0,0.0,0.0,0.0,2.0
31,35746.07,2979.839,79.0,59.88078,2.0,5.0,10.0,4.0,33.0,12.0,3.04,8.0,553.5,32.927242,199.44252,298.6606,0,0,0,0,0,0,0,1,0,1,0.0,0.0,0.0,0.0,0.0,0.0,1.0,0.0,0.0,0.0,0.0,0.0,0.0,0.0,0.0,0.0,1.0,0.0,1.0,0.0,0.0,0.0,1.0,0.0,0.0,0.0,1.0
42,34956.58,2809.0483,68.0,59.155212,0.0,4.0,11.0,3.0,0.0,3.0,16.86,5.0,595.8,35.967075,30.402124,441.3475,1,0,1,0,0,0,0,0,1,0,0.0,0.0,0.0,0.0,0.0,0.0,0.0,0.0,0.0,0.0,1.0,0.0,0.0,0.0,0.0,0.0,1.0,0.0,1.0,0.0,0.0,1.0,0.0,0.0,0.0,0.0,1.0
25,16063.455,1142.6212,71.0,22.05965,8.0,6.0,7.0,2.0,17.0,19.0,10.79,8.0,355.79,26.075178,127.35139,254.85109,0,1,0,0,1,0,0,0,0,0,1.0,0.0,0.0,0.0,0.0,0.0,0.0,0.0,0.0,0.0,0.0,0.0,0.0,0.0,0.0,0.0,0.0,1.0,0.0,1.0,0.0,0.0,0.0,0.0,0.0,1.0,1.0
24,17692.26,1380.355,60.0,73.93818,6.0,7.0,21.0,6.0,18.0,19.0,19.29,10.0,1467.79,23.86411,110.02074,244.07658,0,0,0,1,1,0,0,1,0,1,0.0,0.0,0.0,0.0,0.0,0.0,1.0,0.0,0.0,0.0,0.0,0.0,0.0,0.0,0.0,0.0,0.0,1.0,0.0,1.0,0.0,0.0,0.0,0.0,0.0,1.0,0.0
38,79631.28,6459.94,67.0,289.47122,6.0,7.0,23.0,6.0,13.0,19.0,7.37,6.0,2692.66,26.649721,130.10216,466.42062,1,1,0,0,1,0,0,1,0,1,0.0,1.0,0.0,0.0,0.0,0.0,0.0,0.0,0.0,0.0,0.0,0.0,0.0,0.0,0.0,1.0,0.0,0.0,0.0,1.0,1.0,0.0,0.0,0.0,0.0,0.0,0.0
31,19042.82,1635.9016,96.0,10.908776,6.0,5.0,18.0,1.0,15.0,15.0,-2.88,0.0,659.68,28.557743,49.511852,353.16953,0,0,0,0,0,0,1,0,0,0,0.0,0.0,0.0,0.0,0.0,1.0,0.0,0.0,0.0,0.0,0.0,0.0,0.0,0.0,0.0,0.0,0.0,1.0,1.0,0.0,0.0,1.0,0.0,0.0,0.0,0.0,1.0
23,65234.24,5433.1865,128.0,0.0,3.0,4.0,1.0,0.0,13.0,8.0,8.9,1.0,39.46,36.842133,71.69256,711.6261,0,0,0,0,0,1,0,0,0,0,1.0,0.0,0.0,0.0,0.0,0.0,0.0,0.0,0.0,0.0,0.0,0.0,0.0,0.0,0.0,0.0,1.0,0.0,1.0,0.0,0.0,0.0,0.0,0.0,0.0,1.0,0.0
36,36729.93,3135.8274,112.0,0.0,2.0,1.0,12.0,0.0,3.0,11.0,6.64,1.0,921.03,37.124294,292.42062,291.16214,0,0,0,0,0,1,0,0,0,0,0.0,0.0,0.0,0.0,0.0,0.0,0.0,1.0,0.0,0.0,0.0,0.0,0.0,0.0,0.0,0.0,1.0,0.0,1.0,0.0,0.0,0.0,0.0,1.0,0.0,0.0,2.0
37,60396.26,4779.0215,77.0,81.379616,6.0,3.0,3.0,2.0,13.0,22.0,1.81,1.0,633.75,25.920115,242.78047,413.74207,0,0,1,1,0,0,0,0,0,0,0.0,0.0,0.0,0.0,0.0,0.0,0.0,0.0,0.0,0.0,0.0,0.0,1.0,0.0,0.0,0.0,1.0,0.0,1.0,0.0,0.0,0.0,1.0,0.0,0.0,0.0,2.0
54,63402.48,5574.54,68.0,55.219135,5.0,7.0,2.0,2.0,16.0,6.0,1.86,0.0,707.85,38.136246,235.90714,516.32776,1,0,0,0,1,0,0,0,0,0,1.0,0.0,0.0,0.0,0.0,0.0,0.0,0.0,0.0,0.0,0.0,0.0,0.0,0.0,0.0,0.0,1.0,0.0,1.0,0.0,0.0,1.0,0.0,0.0,0.0,0.0,1.0
31,77001.36,6561.78,82.0,210.57683,7.0,4.0,34.0,5.0,9.0,16.0,23.8,11.0,2456.49,40.51796,144.83719,540.764,0,1,1,0,1,0,1,0,0,0,0.0,0.0,0.0,1.0,0.0,0.0,0.0,0.0,0.0,0.0,0.0,0.0,0.0,0.0,0.0,0.0,0.0,1.0,0.0,1.0,0.0,0.0,0.0,0.0,0.0,1.0,0.0
21,21156.88,1643.0734,73.0,0.0,5.0,6.0,13.0,0.0,27.0,7.0,14.12,5.0,386.38,28.78429,87.862656,336.44467,0,0,0,0,0,1,0,0,0,0,0.0,0.0,0.0,0.0,0.0,0.0,0.0,0.0,0.0,0.0,0.0,0.0,0.0,0.0,1.0,0.0,0.0,1.0,0.0,1.0,0.0,0.0,1.0,0.0,0.0,0.0,1.0
17,46107.16,4048.2634,44.0,41.902378,5.0,3.0,17.0,2.0,25.0,16.0,8.4,6.0,2.04,23.569824,258.84827,364.0757,0,0,0,0,0,0,0,1,0,0,0.0,0.0,0.0,0.0,0.0,1.0,0.0,0.0,0.0,0.0,0.0,0.0,0.0,0.0,0.0,0.0,0.0,1.0,0.0,1.0,0.0,0.0,1.0,0.0,0.0,0.0,1.0
28,23956.27,1773.3558,64.0,46.975655,3.0,7.0,12.0,3.0,5.0,16.0,10.52,11.0,893.87,34.622665,117.35028,303.00964,0,0,1,0,0,0,0,1,0,1,0.0,0.0,0.0,0.0,0.0,0.0,0.0,0.0,1.0,0.0,0.0,0.0,0.0,0.0,0.0,0.0,0.0,1.0,0.0,1.0,0.0,0.0,0.0,0.0,0.0,1.0,0.0
23,28769.52,2575.46,97.0,0.0,4.0,7.0,2.0,0.0,18.0,15.0,9.39,4.0,413.08,33.34088,96.228714,411.3173,0,0,0,0,0,1,0,0,0,0,0.0,0.0,0.0,0.0,0.0,0.0,0.0,1.0,0.0,0.0,0.0,0.0,0.0,0.0,0.0,0.0,1.0,0.0,1.0,0.0,0.0,1.0,0.0,0.0,0.0,0.0,2.0
39,31407.1,2615.2583,29.0,115.20687,7.0,7.0,29.0,8.0,27.0,25.0,24.16,7.0,2949.79,25.75723,177.44836,248.8706,0,1,1,0,1,0,0,0,1,0,1.0,0.0,0.0,0.0,0.0,0.0,0.0,0.0,0.0,0.0,0.0,0.0,0.0,0.0,0.0,1.0,0.0,0.0,0.0,1.0,0.0,0.0,0.0,0.0,1.0,0.0,0.0
26,36628.57,2836.3809,91.0,24.552128,5.0,4.0,15.0,1.0,12.0,19.0,14.46,1.0,982.98,33.90049,32.09848,466.9875,0,0,0,0,0,0,1,0,0,0,0.0,0.0,0.0,0.0,0.0,0.0,0.0,0.0,0.0,1.0,0.0,0.0,0.0,0.0,0.0,0.0,0.0,1.0,0.0,1.0,1.0,0.0,0.0,0.0,0.0,0.0,1.0
22,19803.82,1526.3184,50.0,73.58321,7.0,7.0,25.0,5.0,28.0,17.0,3.06,12.0,1958.78,38.32803,85.56199,283.48663,1,1,1,1,0,0,0,1,0,0,0.0,0.0,0.0,0.0,0.0,0.0,0.0,0.0,0.0,0.0,0.0,1.0,0.0,0.0,0.0,1.0,0.0,0.0,0.0,1.0,0.0,0.0,0.0,0.0,0.0,1.0,0.0
40,90662.43,7701.2026,48.0,267.1839,8.0,5.0,8.0,6.0,24.0,13.0,13.76,8.0,208.35,39.22037,219.86627,533.07007,0,0,1,0,1,0,1,0,0,1,0.0,0.0,0.0,0.0,0.0,0.0,0.0,0.0,0.0,0.0,0.0,0.0,1.0,0.0,0.0,0.0,0.0,1.0,0.0,1.0,0.0,1.0,0.0,0.0,0.0,0.0,1.0
33,16826.494,1555.2079,62.0,39.671814,5.0,7.0,20.0,4.0,26.0,14.0,12.12,8.0,464.4,36.012493,80.86195,294.98703,0,1,0,1,0,0,0,1,0,1,0.0,0.0,0.0,0.0,0.0,0.0,1.0,0.0,0.0,0.0,0.0,0.0,0.0,0.0,0.0,0.0,0.0,1.0,0.0,1.0,0.0,0.0,1.0,0.0,0.0,0.0,1.0
22,20622.28,1479.5233,45.0,32.6401,7.0,6.0,21.0,3.0,27.0,15.0,13.22,11.0,2528.49,38.018097,63.470646,341.84158,1,0,0,0,0,0,1,0,0,0,0.0,0.0,0.0,0.0,0.0,0.0,1.0,0.0,0.0,0.0,0.0,0.0,0.0,0.0,0.0,0.0,0.0,1.0,0.0,1.0,0.0,0.0,0.0,0.0,0.0,1.0,0.0
42,20501.07,1731.4225,32.0,41.569817,7.0,3.0,19.0,3.0,17.0,8.0,11.24,7.0,2012.25,37.341316,26.93409,354.63834,0,0,0,1,1,0,0,0,0,0,0.0,0.0,0.0,0.0,0.0,0.0,0.0,0.0,0.0,0.0,0.0,0.0,0.0,1.0,0.0,0.0,0.0,1.0,0.0,1.0,0.0,1.0,0.0,0.0,0.0,0.0,1.0
39,32777.51,2701.4592,110.0,64.97591,5.0,4.0,1.0,3.0,5.0,3.0,4.22,2.0,653.37,30.660515,99.713295,395.4567,0,0,0,0,1,0,0,0,1,1,1.0,0.0,0.0,0.0,0.0,0.0,0.0,0.0,0.0,0.0,0.0,0.0,0.0,0.0,0.0,0.0,1.0,0.0,1.0,0.0,0.0,0.0,0.0,0.0,0.0,1.0,1.0
33,32045.78,2677.4817,28.0,169.77037,6.0,9.0,30.0,7.0,10.0,10.0,17.19,11.0,1333.18,30.053862,62.68118,285.2966,1,0,1,1,0,0,1,0,1,1,0.0,0.0,0.0,0.0,0.0,0.0,0.0,0.0,0.0,0.0,0.0,0.0,0.0,1.0,0.0,0.0,0.0,1.0,0.0,1.0,0.0,1.0,0.0,0.0,0.0,0.0,0.0
26,35180.42,2695.7017,103.0,44.607162,5.0,7.0,12.0,2.0,17.0,0.0,7.2,2.0,33.8,37.92271,175.92374,309.03928,0,0,0,0,1,0,0,0,0,0,0.0,0.0,0.0,0.0,0.0,0.0,0.0,0.0,0.0,0.0,1.0,0.0,0.0,0.0,0.0,0.0,1.0,0.0,1.0,0.0,0.0,0.0,1.0,0.0,0.0,0.0,0.0
41,25856.84,1978.7367,75.0,58.726467,3.0,7.0,1.0,3.0,12.0,12.0,8.22,5.0,586.46,35.449547,178.87529,250.27191,0,0,1,0,0,0,1,0,0,0,0.0,0.0,0.0,0.0,0.0,1.0,0.0,0.0,0.0,0.0,0.0,0.0,0.0,0.0,0.0,0.0,1.0,0.0,1.0,0.0,0.0,0.0,0.0,0.0,0.0,1.0,0.0
36,21085.67,1919.1392,122.0,10.653354,5.0,7.0,11.0,1.0,30.0,15.0,1.78,1.0,1384.38,34.17731,85.80499,392.402,0,0,0,0,0,0,0,1,0,0,0.0,0.0,1.0,0.0,0.0,0.0,0.0,0.0,0.0,0.0,0.0,0.0,0.0,0.0,0.0,0.0,1.0,0.0,1.0,0.0,0.0,1.0,0.0,0.0,0.0,0.0,2.0
34,90403.77,7433.6475,85.0,0.0,4.0,6.0,2.0,0.0,18.0,7.0,0.84,3.0,575.68,31.32324,246.32182,777.0429,0,0,0,0,0,1,0,0,0,0,0.0,0.0,0.0,0.0,0.0,0.0,0.0,1.0,0.0,0.0,0.0,0.0,0.0,0.0,0.0,0.0,1.0,0.0,1.0,0.0,0.0,0.0,0.0,0.0,1.0,0.0,1.0
45,9856.98,754.415,60.0,28.410824,6.0,5.0,23.0,6.0,22.0,13.0,8.43,10.0,1455.73,29.037422,78.87126,258.15942,1,1,0,0,0,0,1,0,1,0,0.0,0.0,0.0,0.0,0.0,0.0,0.0,1.0,0.0,0.0,0.0,0.0,0.0,0.0,0.0,0.0,0.0,1.0,0.0,1.0,0.0,0.0,0.0,0.0,0.0,1.0,0.0
35,106030.05,8628.838,50.0,136.49324,7.0,3.0,14.0,3.0,12.0,14.0,9.51,8.0,136.53,41.199814,369.9244,636.4661,0,0,0,1,1,0,0,0,0,1,0.0,0.0,0.0,0.0,0.0,0.0,0.0,0.0,0.0,1.0,0.0,0.0,0.0,0.0,0.0,0.0,0.0,1.0,0.0,1.0,0.0,0.0,0.0,0.0,1.0,0.0,1.0
16,7546.68,391.89,20.0,40.131794,8.0,6.0,29.0,7.0,26.0,17.0,13.63,8.0,3207.74,31.058905,25.569376,263.48782,1,0,1,0,1,0,0,0,0,1,0.0,0.0,0.0,0.0,0.0,0.0,1.0,0.0,0.0,0.0,0.0,0.0,0.0,0.0,0.0,1.0,0.0,0.0,0.0,1.0,0.0,0.0,0.0,0.0,0.0,1.0,1.0
40,9989.875,618.48956,76.0,56.947475,3.0,6.0,34.0,7.0,17.0,14.0,13.36,6.0,1287.97,22.738558,44.509888,250.3916,1,0,1,1,1,0,0,1,1,0,1.0,0.0,0.0,0.0,0.0,0.0,0.0,0.0,0.0,0.0,0.0,0.0,0.0,0.0,0.0,0.0,0.0,1.0,0.0,1.0,0.0,0.0,0.0,0.0,0.0,1.0,0.0
51,49497.34,4201.7783,101.0,151.74342,8.0,4.0,8.0,4.0,12.0,14.0,1.29,1.0,129.5,35.503925,128.07925,390.35516,0,1,0,1,1,0,0,0,0,0,0.0,0.0,0.0,0.0,0.0,0.0,0.0,0.0,1.0,0.0,0.0,0.0,0.0,0.0,0.0,0.0,0.0,1.0,1.0,0.0,0.0,1.0,0.0,0.0,0.0,0.0,1.0
53,14709.295,969.7746,85.0,17.599674,1.0,6.0,11.0,2.0,11.0,2.0,18.29,7.0,557.78,30.34963,118.042915,251.33487,0,0,0,1,0,0,0,0,0,1,0.0,0.0,0.0,0.0,0.0,0.0,0.0,0.0,0.0,1.0,0.0,0.0,0.0,0.0,0.0,0.0,1.0,0.0,1.0,0.0,0.0,0.0,0.0,0.0,0.0,1.0,1.0
41,54491.84,4769.987,73.0,0.0,3.0,4.0,5.0,0.0,19.0,14.0,14.17,4.0,555.42,36.945488,54.57874,662.4199,0,0,0,0,0,1,0,0,0,0,0.0,0.0,0.0,0.0,0.0,0.0,0.0,0.0,0.0,0.0,0.0,0.0,0.0,1.0,0.0,0.0,0.0,1.0,0.0,1.0,1.0,0.0,0.0,0.0,0.0,0.0,1.0
45,9967.82,684.6517,83.0,37.178867,6.0,9.0,18.0,6.0,40.0,25.0,8.66,6.0,1841.86,29.77557,55.89639,265.38992,1,1,1,1,0,0,0,0,0,1,0.0,0.0,0.0,0.0,0.0,0.0,0.0,0.0,0.0,0.0,0.0,0.0,0.0,1.0,0.0,1.0,0.0,0.0,0.0,1.0,0.0,0.0,0.0,1.0,0.0,0.0,0.0
52,74213.52,6405.46,83.0,0.0,5.0,6.0,6.0,0.0,17.0,9.0,5.65,1.0,201.35,36.696518,161.6615,718.8845,0,0,0,0,0,1,0,0,0,0,0.0,0.0,0.0,0.0,0.0,0.0,0.0,0.0,0.0,0.0,0.0,0.0,0.0,1.0,0.0,0.0,0.0,1.0,1.0,0.0,1.0,0.0,0.0,0.0,0.0,0.0,1.0
44,70686.44,5805.5366,101.0,164.45695,0.0,1.0,4.0,4.0,15.0,10.0,-0.07,2.0,1488.12,31.534958,142.82845,533.26825,1,0,0,0,1,0,1,1,0,0,0.0,0.0,0.0,0.0,0.0,0.0,0.0,1.0,0.0,0.0,0.0,0.0,0.0,0.0,0.0,0.0,1.0,0.0,1.0,0.0,0.0,0.0,1.0,0.0,0.0,0.0,2.0
25,19070.064,1411.1721,83.0,35.001846,3.0,5.0,11.0,3.0,14.0,5.0,9.42,3.0,801.19,28.946796,149.49619,246.61917,0,0,0,0,1,0,0,0,0,1,0.0,0.0,0.0,0.0,0.0,0.0,0.0,0.0,0.0,1.0,0.0,0.0,0.0,0.0,0.0,0.0,1.0,0.0,1.0,0.0,0.0,0.0,0.0,0.0,0.0,1.0,0.0
25,98544.99,8379.082,135.0,197.80057,5.0,3.0,2.0,3.0,12.0,4.0,12.63,1.0,198.46,27.877903,140.22617,739.88153,0,1,0,0,1,0,0,0,0,1,1.0,0.0,0.0,0.0,0.0,0.0,0.0,0.0,0.0,0.0,0.0,0.0,0.0,0.0,0.0,0.0,1.0,0.0,1.0,0.0,1.0,0.0,0.0,0.0,0.0,0.0,2.0
33,9110.175,753.1813,79.0,39.014965,7.0,7.0,33.0,6.0,42.0,23.0,15.8,12.0,1814.67,31.74603,49.962864,266.3403,1,1,0,1,0,0,0,1,0,0,0.0,0.0,0.0,0.0,0.0,0.0,0.0,0.0,0.0,0.0,0.0,0.0,1.0,0.0,0.0,1.0,0.0,0.0,0.0,1.0,0.0,0.0,0.0,0.0,1.0,0.0,0.0
36,39843.14,3401.2617,73.0,83.78711,6.0,3.0,10.0,3.0,30.0,10.0,1.59,2.0,461.36,39.768356,80.21667,426.12238,0,1,1,0,1,0,0,0,0,0,1.0,0.0,0.0,0.0,0.0,0.0,0.0,0.0,0.0,0.0,0.0,0.0,0.0,0.0,0.0,0.0,0.0,1.0,1.0,0.0,0.0,1.0,0.0,0.0,0.0,0.0,1.0
33,76448.44,6134.703,45.0,141.2967,6.0,5.0,17.0,3.0,23.0,8.0,11.37,6.0,2063.55,30.17989,217.68672,504.4869,1,0,1,0,1,0,0,0,0,0,0.0,0.0,0.0,0.0,0.0,0.0,0.0,0.0,0.0,0.0,1.0,0.0,0.0,0.0,0.0,0.0,0.0,1.0,0.0,1.0,0.0,1.0,0.0,0.0,0.0,0.0,0.0
23,24859.96,2045.6633,112.0,59.014744,4.0,7.0,12.0,3.0,14.0,10.0,6.02,2.0,407.48,35.19101,75.270454,330.28113,1,0,1,0,0,0,1,0,0,0,0.0,0.0,0.0,0.0,0.0,0.0,1.0,0.0,0.0,0.0,0.0,0.0,0.0,0.0,0.0,0.0,0.0,1.0,1.0,0.0,0.0,0.0,1.0,0.0,0.0,0.0,1.0
31,70543.77,5986.6475,99.0,218.0111,5.0,5.0,16.0,4.0,16.0,16.0,18.68,7.0,1395.86,38.668552,258.24344,467.3106,0,0,0,1,1,0,1,0,0,0,0.0,0.0,0.0,0.0,0.0,0.0,0.0,0.0,1.0,0.0,0.0,0.0,0.0,0.0,0.0,0.0,0.0,1.0,0.0,1.0,1.0,0.0,0.0,0.0,0.0,0.0,2.0
27,116114.76,9541.23,71.0,0.0,5.0,3.0,18.0,0.0,8.0,8.0,9.96,7.0,37.71,27.997902,496.08658,738.03644,0,0,0,0,0,1,0,0,0,0,1.0,0.0,0.0,0.0,0.0,0.0,0.0,0.0,0.0,0.0,0.0,0.0,0.0,0.0,0.0,0.0,0.0,1.0,0.0,1.0,0.0,0.0,0.0,0.0,1.0,0.0,1.0
31,22853.37,1708.4475,80.0,12.319784,6.0,3.0,12.0,1.0,29.0,15.0,6.68,2.0,423.83,25.752266,201.16408,247.3609,0,0,0,0,0,0,1,0,0,0,0.0,0.0,0.0,0.0,0.0,0.0,0.0,1.0,0.0,0.0,0.0,0.0,0.0,0.0,0.0,0.0,0.0,1.0,0.0,1.0,0.0,0.0,0.0,0.0,0.0,1.0,1.0
16,93220.71,7647.3926,59.0,238.28726,3.0,7.0,9.0,5.0,12.0,20.0,9.25,8.0,200.89,34.42626,154.60945,611.8425,0,1,0,0,1,0,1,0,0,0,0.0,0.0,0.0,0.0,0.0,0.0,0.0,1.0,0.0,0.0,0.0,0.0,0.0,0.0,0.0,0.0,0.0,1.0,0.0,1.0,1.0,0.0,0.0,0.0,0.0,0.0,1.0
45,42947.49,3470.9575,61.0,47.936687,4.0,7.0,15.0,2.0,13.0,23.0,18.38,7.0,2266.69,38.76168,123.799355,455.3597,1,0,0,0,0,0,0,0,1,0,0.0,0.0,0.0,0.0,0.0,0.0,0.0,1.0,0.0,0.0,0.0,0.0,0.0,0.0,0.0,0.0,0.0,1.0,0.0,1.0,0.0,0.0,0.0,0.0,1.0,0.0,0.0
41,33978.57,2685.5476,69.0,60.06864,5.0,5.0,6.0,3.0,30.0,10.0,15.98,7.0,1082.25,34.95616,339.6407,158.84543,0,0,0,0,1,0,1,0,1,0,0.0,0.0,0.0,0.0,0.0,0.0,0.0,0.0,0.0,0.0,0.0,1.0,0.0,0.0,0.0,0.0,0.0,1.0,0.0,1.0,0.0,0.0,0.0,0.0,0.0,1.0,1.0
36,28485.95,2639.829,132.0,17.434952,8.0,5.0,5.0,1.0,18.0,16.0,19.51,5.0,339.45,28.503948,33.23207,463.3159,0,0,0,0,0,0,0,0,0,1,0.0,0.0,0.0,0.0,0.0,0.0,0.0,0.0,0.0,0.0,0.0,1.0,0.0,0.0,0.0,0.0,0.0,1.0,0.0,1.0,0.0,1.0,0.0,0.0,0.0,0.0,1.0
19,15131.6,1505.9667,107.0,25.930431,5.0,5.0,8.0,3.0,4.0,4.0,1.59,1.0,463.82,28.196898,111.401306,303.26492,1,0,1,0,0,0,0,1,0,0,0.0,0.0,0.0,0.0,1.0,0.0,0.0,0.0,0.0,0.0,0.0,0.0,0.0,0.0,0.0,0.0,1.0,0.0,1.0,0.0,0.0,0.0,0.0,0.0,0.0,1.0,1.0
23,121029.6,9878.8,87.0,169.13048,2.0,4.0,12.0,2.0,13.0,0.0,7.18,2.0,1278.56,24.878866,441.39706,637.3525,1,0,0,0,0,0,0,1,0,0,0.0,0.0,0.0,0.0,0.0,0.0,1.0,0.0,0.0,0.0,0.0,0.0,0.0,0.0,0.0,0.0,1.0,0.0,1.0,0.0,0.0,0.0,1.0,0.0,0.0,0.0,0.0
22,51411.1,4178.2583,78.0,113.67193,3.0,5.0,12.0,3.0,33.0,20.0,7.7,4.0,404.88,25.900177,156.25345,397.90045,0,1,0,1,0,0,1,0,0,0,0.0,0.0,0.0,0.0,0.0,0.0,0.0,0.0,0.0,0.0,0.0,0.0,0.0,0.0,1.0,0.0,0.0,1.0,0.0,1.0,0.0,1.0,0.0,0.0,0.0,0.0,1.0
19,43430.88,3418.24,77.0,20.440817,6.0,4.0,12.0,1.0,20.0,16.0,12.54,4.0,1288.94,35.81932,232.72096,348.6622,0,0,0,0,0,0,1,0,0,0,0.0,0.0,0.0,0.0,0.0,0.0,0.0,0.0,1.0,0.0,0.0,0.0,0.0,0.0,0.0,0.0,0.0,1.0,1.0,0.0,0.0,0.0,1.0,0.0,0.0,0.0,1.0
30,7084.365,710.3638,24.0,26.758123,6.0,6.0,27.0,7.0,23.0,16.0,17.3,4.0,1293.67,37.715397,23.112755,281.1655,0,1,1,0,0,0,0,1,1,0,0.0,0.0,0.0,0.0,0.0,0.0,0.0,1.0,0.0,0.0,0.0,0.0,0.0,0.0,0.0,0.0,0.0,1.0,0.0,1.0,0.0,0.0,1.0,0.0,0.0,0.0,0.0
25,17234.695,1347.2246,120.0,33.49155,7.0,3.0,7.0,3.0,16.0,10.0,11.63,2.0,901.12,30.989706,89.05514,282.17578,0,1,1,1,0,0,0,0,0,0,0.0,0.0,0.0,0.0,0.0,0.0,0.0,0.0,0.0,0.0,0.0,1.0,0.0,0.0,0.0,0.0,0.0,1.0,0.0,1.0,0.0,0.0,0.0,1.0,0.0,0.0,1.0
38,41015.55,3152.9624,103.0,25.671257,0.0,4.0,4.0,1.0,9.0,1.0,1.58,2.0,599.4,26.268475,76.05722,453.56778,0,0,0,0,0,0,0,1,0,0,0.0,0.0,0.0,0.0,0.0,0.0,0.0,1.0,0.0,0.0,0.0,0.0,0.0,0.0,0.0,0.0,1.0,0.0,1.0,0.0,1.0,0.0,0.0,0.0,0.0,0.0,1.0
17,8884.825,869.4021,67.0,20.760363,3.0,5.0,9.0,3.0,12.0,10.0,8.71,11.0,446.31,32.202305,28.36294,297.8169,0,0,1,0,0,0,1,0,1,0,0.0,0.0,1.0,0.0,0.0,0.0,0.0,0.0,0.0,0.0,0.0,0.0,0.0,0.0,0.0,0.0,0.0,1.0,0.0,1.0,0.0,0.0,1.0,0.0,0.0,0.0,2.0
25,16100.17,1184.6808,29.0,85.48267,9.0,5.0,20.0,7.0,52.0,14.0,18.09,7.0,2375.63,24.189283,140.37375,182.61166,1,0,0,1,1,0,0,1,0,0,0.0,0.0,0.0,0.0,0.0,0.0,0.0,0.0,0.0,0.0,0.0,0.0,0.0,0.0,1.0,0.0,0.0,1.0,0.0,1.0,0.0,0.0,0.0,0.0,0.0,1.0,0.0
24,35342.98,2919.2483,102.0,113.7131,5.0,5.0,3.0,4.0,10.0,10.0,5.84,2.0,994.4,32.721573,50.307423,377.90433,0,0,0,0,1,0,1,1,0,1,0.0,0.0,0.0,0.0,0.0,0.0,1.0,0.0,0.0,0.0,0.0,0.0,0.0,0.0,0.0,0.0,1.0,0.0,1.0,0.0,0.0,1.0,0.0,0.0,0.0,0.0,1.0
30,19995.55,1644.2379,31.0,114.4479,6.0,6.0,29.0,5.0,27.0,18.0,17.26,11.0,1358.9,25.370375,117.04336,259.09625,0,0,1,1,0,0,1,0,0,1,0.0,0.0,0.0,0.0,0.0,0.0,0.0,0.0,1.0,0.0,0.0,0.0,0.0,0.0,0.0,0.0,0.0,1.0,0.0,1.0,0.0,0.0,0.0,1.0,0.0,0.0,0.0
45,71148.94,5972.078,94.0,0.0,1.0,3.0,1.0,0.0,13.0,8.0,7.84,3.0,518.43,27.15256,167.4944,709.71344,0,0,0,0,0,1,0,0,0,0,0.0,0.0,0.0,0.0,0.0,0.0,0.0,0.0,0.0,0.0,0.0,1.0,0.0,0.0,0.0,0.0,1.0,0.0,1.0,0.0,0.0,0.0,0.0,0.0,1.0,0.0,1.0
27,82316.18,6625.6816,73.0,133.89375,0.0,5.0,4.0,3.0,23.0,15.0,11.0,2.0,42.98,34.096153,58.004932,710.6695,0,0,1,0,0,0,1,1,0,0,0.0,0.0,0.0,0.0,0.0,0.0,0.0,0.0,0.0,1.0,0.0,0.0,0.0,0.0,0.0,0.0,1.0,0.0,1.0,0.0,1.0,0.0,0.0,0.0,0.0,0.0,0.0
40,28572.39,2210.0325,125.0,69.60292,6.0,3.0,15.0,3.0,28.0,10.0,4.89,0.0,400.07,29.323517,53.484203,347.91614,1,0,0,0,0,0,1,1,0,0,0.0,1.0,0.0,0.0,0.0,0.0,0.0,0.0,0.0,0.0,0.0,0.0,0.0,0.0,0.0,0.0,0.0,1.0,0.0,1.0,0.0,1.0,0.0,0.0,0.0,0.0,1.0
34,15185.65,1329.4708,72.0,22.73084,8.0,9.0,27.0,3.0,43.0,14.0,17.75,12.0,2265.53,38.37938,70.73784,329.4784,1,0,1,0,0,0,0,1,0,0,0.0,0.0,0.0,0.0,0.0,0.0,0.0,1.0,0.0,0.0,0.0,0.0,0.0,0.0,0.0,0.0,0.0,1.0,0.0,1.0,0.0,0.0,0.0,0.0,0.0,1.0,0.0
44,18702.5,1736.5416,24.0,42.11387,4.0,4.0,10.0,3.0,14.0,17.0,16.21,6.0,2576.87,26.185066,80.99866,330.54166,0,0,0,0,1,0,0,0,1,0,0.0,0.0,0.0,0.0,1.0,0.0,0.0,0.0,0.0,0.0,0.0,0.0,0.0,0.0,0.0,0.0,0.0,1.0,0.0,1.0,0.0,0.0,0.0,0.0,1.0,0.0,1.0
32,55151.04,4704.92,56.0,171.82307,10.0,6.0,23.0,6.0,29.0,19.0,10.64,9.0,1743.83,37.182003,112.549614,436.11932,1,1,0,0,0,0,1,0,0,0,0.0,0.0,0.0,0.0,1.0,0.0,0.0,0.0,0.0,0.0,0.0,0.0,0.0,0.0,0.0,1.0,0.0,0.0,0.0,1.0,0.0,1.0,0.0,0.0,0.0,0.0,0.0
42,101029.59,8224.133,57.0,192.89502,3.0,5.0,9.0,3.0,30.0,16.0,10.02,5.0,267.98,40.374783,428.651,382.0578,1,0,0,0,0,0,1,0,0,0,0.0,1.0,0.0,0.0,0.0,0.0,0.0,0.0,0.0,0.0,0.0,0.0,0.0,0.0,0.0,0.0,0.0,1.0,0.0,1.0,0.0,0.0,1.0,0.0,0.0,0.0,1.0
24,37419.7,3174.3083,94.0,76.18253,1.0,7.0,5.0,4.0,8.0,4.0,7.69,0.0,653.66,25.87512,80.30148,410.9468,1,0,1,0,0,0,0,0,0,1,0.0,0.0,0.0,0.0,1.0,0.0,0.0,0.0,0.0,0.0,0.0,0.0,0.0,0.0,0.0,0.0,1.0,0.0,1.0,0.0,0.0,1.0,0.0,0.0,0.0,0.0,2.0
29,60116.7,5091.725,58.0,218.5149,5.0,8.0,19.0,7.0,19.0,13.0,12.62,11.0,2042.27,37.671135,220.278,330.3796,0,1,1,1,0,0,1,0,0,1,0.0,0.0,0.0,0.0,0.0,1.0,0.0,0.0,0.0,0.0,0.0,0.0,0.0,0.0,0.0,0.0,0.0,1.0,0.0,1.0,0.0,0.0,1.0,0.0,0.0,0.0,0.0
43,59039.52,4840.96,123.0,130.5135,5.0,6.0,12.0,3.0,17.0,16.0,13.06,0.0,1136.34,28.749372,103.50063,490.08188,1,0,0,0,1,0,1,0,0,0,0.0,0.0,0.0,0.0,0.0,0.0,0.0,0.0,0.0,0.0,0.0,1.0,0.0,0.0,0.0,0.0,1.0,0.0,1.0,0.0,1.0,0.0,0.0,0.0,0.0,0.0,2.0
39,37421.88,3060.49,125.0,59.188797,2.0,4.0,9.0,3.0,5.0,11.0,3.14,2.0,1083.06,23.985258,112.50986,384.35034,0,1,1,0,0,0,0,0,0,1,0.0,0.0,0.0,0.0,0.0,0.0,0.0,0.0,0.0,1.0,0.0,0.0,0.0,0.0,0.0,0.0,1.0,0.0,1.0,0.0,0.0,1.0,0.0,0.0,0.0,0.0,2.0
33,15660.15,1363.0125,29.0,57.29068,9.0,10.0,23.0,5.0,45.0,17.0,2.46,9.0,1354.33,31.860924,97.22995,271.7806,0,0,1,0,0,0,1,0,1,0,0.0,0.0,0.0,0.0,0.0,0.0,0.0,0.0,0.0,0.0,0.0,1.0,0.0,0.0,0.0,1.0,0.0,0.0,0.0,1.0,0.0,0.0,0.0,0.0,0.0,1.0,0.0
32,35836.84,2865.4033,127.0,50.906693,4.0,6.0,18.0,3.0,13.0,17.0,3.66,1.0,1004.66,38.642975,382.97467,142.65897,1,1,0,0,0,0,0,0,0,0,0.0,0.0,0.0,0.0,0.0,0.0,0.0,0.0,0.0,0.0,1.0,0.0,0.0,0.0,0.0,0.0,0.0,1.0,1.0,0.0,0.0,0.0,0.0,0.0,0.0,1.0,1.0
18,20403.52,1755.2933,128.0,13.890726,1.0,7.0,12.0,1.0,2.0,6.0,3.85,4.0,397.38,27.747606,57.44516,354.19345,0,0,1,0,0,0,0,0,0,0,0.0,0.0,0.0,0.0,0.0,0.0,0.0,0.0,0.0,1.0,0.0,0.0,0.0,0.0,0.0,0.0,1.0,0.0,1.0,0.0,0.0,1.0,0.0,0.0,0.0,0.0,2.0
21,20917.51,1547.1259,82.0,151.4147,6.0,5.0,22.0,9.0,23.0,15.0,13.92,7.0,1743.25,29.559305,121.35021,171.94768,1,1,0,1,0,0,1,0,0,1,0.0,0.0,0.0,0.0,0.0,0.0,1.0,0.0,0.0,0.0,0.0,0.0,0.0,0.0,0.0,1.0,0.0,0.0,0.0,1.0,0.0,0.0,0.0,0.0,0.0,1.0,0.0
25,114987.15,9517.263,83.0,0.0,5.0,4.0,4.0,0.0,13.0,0.0,9.99,6.0,1494.07,42.303223,492.97836,738.74786,0,0,0,0,0,1,0,0,0,0,0.0,0.0,0.0,0.0,1.0,0.0,0.0,0.0,0.0,0.0,0.0,0.0,0.0,0.0,0.0,0.0,1.0,0.0,1.0,0.0,0.0,1.0,0.0,0.0,0.0,0.0,1.0
18,30355.35,2307.6125,66.0,64.48094,6.0,3.0,12.0,4.0,30.0,8.0,0.91,1.0,1328.41,33.623993,113.67456,332.60574,1,0,0,1,1,0,0,0,1,0,0.0,0.0,0.0,0.0,0.0,0.0,0.0,1.0,0.0,0.0,0.0,0.0,0.0,0.0,0.0,0.0,0.0,1.0,1.0,0.0,0.0,0.0,0.0,0.0,1.0,0.0,1.0
37,21833.79,1814.4825,103.0,71.28001,5.0,4.0,6.0,4.0,10.0,9.0,5.53,3.0,14.56,24.156841,95.40914,183.32509,1,0,0,0,1,0,0,1,0,0,0.0,0.0,0.0,0.0,0.0,0.0,0.0,0.0,0.0,0.0,0.0,0.0,0.0,1.0,0.0,0.0,1.0,0.0,1.0,0.0,0.0,0.0,0.0,0.0,0.0,1.0,2.0
39,40908.16,3273.0134,74.0,0.0,0.0,7.0,10.0,0.0,12.0,7.0,8.01,4.0,1210.4,38.514977,27.27224,540.0291,0,0,0,0,0,1,0,0,0,0,0.0,0.0,0.0,0.0,0.0,0.0,0.0,0.0,0.0,1.0,0.0,0.0,0.0,0.0,0.0,0.0,1.0,0.0,1.0,0.0,1.0,0.0,0.0,0.0,0.0,0.0,1.0
19,100809.78,8439.815,45.0,219.71556,4.0,5.0,12.0,3.0,5.0,18.0,19.15,5.0,640.78,25.551855,457.95624,436.3097,1,1,0,0,0,0,0,0,0,1,0.0,0.0,0.0,0.0,0.0,0.0,1.0,0.0,0.0,0.0,0.0,0.0,0.0,0.0,0.0,0.0,0.0,1.0,0.0,1.0,0.0,0.0,0.0,1.0,0.0,0.0,1.0
33,38364.56,2901.0466,33.0,118.10091,7.0,10.0,26.0,4.0,16.0,11.0,11.7,9.0,2661.65,31.859507,71.295555,370.70822,0,0,0,1,0,0,1,1,0,1,0.0,0.0,0.0,0.0,0.0,0.0,0.0,0.0,0.0,0.0,0.0,0.0,0.0,0.0,1.0,0.0,0.0,1.0,0.0,1.0,0.0,0.0,0.0,1.0,0.0,0.0,0.0
23,41806.16,3564.8467,112.0,21.864681,2.0,7.0,7.0,1.0,7.0,2.0,6.04,5.0,300.61,33.768597,131.42711,453.19287,0,0,0,0,0,0,0,0,1,0,0.0,0.0,0.0,0.0,0.0,0.0,0.0,0.0,1.0,0.0,0.0,0.0,0.0,0.0,0.0,0.0,1.0,0.0,1.0,0.0,0.0,1.0,0.0,0.0,0.0,0.0,2.0
55,29485.44,2644.12,83.0,0.0,6.0,7.0,2.0,0.0,8.0,11.0,-2.54,4.0,679.47,24.024307,89.40927,455.00272,0,0,0,0,0,1,0,0,0,0,0.0,0.0,0.0,0.0,0.0,0.0,0.0,0.0,0.0,0.0,0.0,0.0,0.0,1.0,0.0,0.0,1.0,0.0,1.0,0.0,0.0,0.0,0.0,0.0,1.0,0.0,0.0
54,39161.2,3088.4333,89.0,42.112823,2.0,4.0,5.0,2.0,11.0,4.0,0.56,0.0,1344.45,38.923237,70.373924,446.3566,0,0,0,1,0,0,0,1,0,0,1.0,0.0,0.0,0.0,0.0,0.0,0.0,0.0,0.0,0.0,0.0,0.0,0.0,0.0,0.0,0.0,1.0,0.0,1.0,0.0,0.0,0.0,1.0,0.0,0.0,0.0,0.0
19,40626.05,3516.5042,72.0,53.881195,1.0,4.0,4.0,3.0,14.0,8.0,10.56,2.0,74.14,23.955875,88.25541,182.93166,0,0,0,0,1,0,1,1,0,0,0.0,0.0,0.0,0.0,0.0,0.0,1.0,0.0,0.0,0.0,0.0,0.0,0.0,0.0,0.0,0.0,1.0,0.0,1.0,0.0,0.0,0.0,0.0,0.0,0.0,1.0,1.0
45,16197.91,1319.8258,40.0,64.3245,7.0,4.0,10.0,7.0,13.0,19.0,7.07,6.0,119.94,23.389677,81.11378,256.5443,1,1,1,1,0,0,1,0,0,1,1.0,0.0,0.0,0.0,0.0,0.0,0.0,0.0,0.0,0.0,0.0,0.0,0.0,0.0,0.0,0.0,0.0,1.0,0.0,1.0,0.0,0.0,0.0,1.0,0.0,0.0,1.0
41,7451.97,463.9975,52.0,24.08719,10.0,6.0,29.0,5.0,46.0,20.0,9.41,9.0,1428.75,36.74555,50.32516,264.29584,0,1,0,1,1,0,0,1,0,0,0.0,0.0,0.0,0.0,0.0,0.0,0.0,1.0,0.0,0.0,0.0,0.0,0.0,0.0,0.0,1.0,0.0,0.0,0.0,1.0,0.0,0.0,0.0,0.0,1.0,0.0,0.0
52,79370.76,6849.23,126.0,115.4856,8.0,3.0,19.0,3.0,14.0,16.0,8.59,3.0,715.18,34.44511,196.17531,623.2621,0,1,0,1,0,0,0,0,0,0,0.0,0.0,0.0,0.0,0.0,0.0,0.0,0.0,0.0,0.0,0.0,0.0,0.0,1.0,0.0,0.0,0.0,1.0,1.0,0.0,0.0,1.0,0.0,0.0,0.0,0.0,1.0
27,55593.99,4874.8325,74.0,269.03323,7.0,6.0,30.0,6.0,17.0,23.0,16.09,11.0,1314.25,27.387917,128.30467,340.14536,1,0,1,1,0,0,0,1,0,1,0.0,0.0,1.0,0.0,0.0,0.0,0.0,0.0,0.0,0.0,0.0,0.0,0.0,0.0,0.0,0.0,0.0,1.0,0.0,1.0,0.0,1.0,0.0,0.0,0.0,0.0,0.0
36,20426.38,1653.1984,134.0,44.639492,1.0,7.0,11.0,4.0,-3.0,4.0,3.45,1.0,622.66,23.745142,152.42445,238.25587,0,1,0,0,0,0,0,1,1,0,0.0,0.0,0.0,0.0,0.0,1.0,0.0,0.0,0.0,0.0,0.0,0.0,0.0,0.0,0.0,0.0,1.0,0.0,1.0,0.0,0.0,0.0,0.0,1.0,0.0,0.0,0.0
40,33694.79,2999.8992,68.0,65.81274,8.0,3.0,20.0,3.0,10.0,16.0,4.82,1.0,472.42,33.376026,230.75171,293.42548,0,0,0,1,1,0,0,0,1,0,0.0,0.0,0.0,0.0,0.0,1.0,0.0,0.0,0.0,0.0,0.0,0.0,0.0,0.0,0.0,0.0,0.0,1.0,1.0,0.0,0.0,0.0,0.0,0.0,0.0,1.0,1.0
33,56539.04,4780.5864,83.0,231.30823,7.0,6.0,16.0,6.0,35.0,23.0,8.42,12.0,1857.21,36.18996,123.379585,373.37085,1,1,0,0,1,0,0,1,0,1,0.0,0.0,0.0,0.0,0.0,0.0,0.0,0.0,0.0,0.0,0.0,0.0,0.0,1.0,0.0,1.0,0.0,0.0,0.0,1.0,0.0,0.0,1.0,0.0,0.0,0.0,0.0
32,20101.36,1520.1133,71.0,67.91218,10.0,8.0,21.0,8.0,17.0,25.0,5.94,12.0,1576.38,33.7799,56.998516,307.10065,1,1,1,1,0,0,1,0,0,1,0.0,0.0,0.0,0.0,0.0,0.0,0.0,0.0,0.0,0.0,0.0,1.0,0.0,0.0,0.0,1.0,0.0,0.0,0.0,1.0,0.0,0.0,0.0,0.0,1.0,0.0,1.0
40,72936.68,5800.0566,130.0,51.672176,0.0,2.0,12.0,1.0,5.0,9.0,17.47,0.0,827.89,40.58639,170.35445,607.97906,0,0,0,0,0,0,0,0,0,1,1.0,0.0,0.0,0.0,0.0,0.0,0.0,0.0,0.0,0.0,0.0,0.0,0.0,0.0,0.0,0.0,1.0,0.0,1.0,0.0,0.0,1.0,0.0,0.0,0.0,0.0,2.0
53,76476.66,6536.055,89.0,108.961365,1.0,2.0,10.0,2.0,2.0,4.0,0.78,3.0,1020.69,41.891094,92.23866,702.40546,1,0,0,0,0,0,1,0,0,0,0.0,0.0,0.0,0.0,0.0,0.0,0.0,0.0,1.0,0.0,0.0,0.0,0.0,0.0,0.0,0.0,1.0,0.0,1.0,0.0,0.0,1.0,0.0,0.0,0.0,0.0,1.0
21,14125.04,1202.0867,76.0,14.539657,5.0,4.0,7.0,2.0,2.0,6.0,3.0,0.0,446.31,27.36611,146.27722,249.39178,0,0,0,1,1,0,0,0,0,0,0.0,0.0,0.0,0.0,0.0,0.0,0.0,0.0,0.0,0.0,0.0,0.0,1.0,0.0,0.0,0.0,1.0,0.0,1.0,0.0,0.0,0.0,0.0,0.0,0.0,1.0,1.0
37,38392.96,3031.4133,69.0,46.918278,8.0,10.0,26.0,2.0,41.0,22.0,7.88,10.0,1305.12,28.730938,275.72733,260.49573,0,0,0,0,0,0,0,0,1,1,0.0,0.0,0.0,0.0,0.0,0.0,1.0,0.0,0.0,0.0,0.0,0.0,0.0,0.0,0.0,1.0,0.0,0.0,0.0,1.0,0.0,0.0,0.0,0.0,1.0,0.0,0.0
16,61463.94,5309.995,50.0,256.96643,7.0,8.0,30.0,9.0,46.0,17.0,5.79,7.0,1751.87,33.990795,77.74912,275.4053,0,1,1,1,1,0,0,1,0,1,0.0,0.0,0.0,0.0,0.0,0.0,0.0,0.0,0.0,0.0,0.0,1.0,0.0,0.0,0.0,1.0,0.0,0.0,0.0,1.0,0.0,1.0,0.0,0.0,0.0,0.0,0.0
22,15680.0,1571.6666,76.0,27.052765,7.0,9.0,16.0,4.0,40.0,16.0,11.55,11.0,1823.34,25.357069,121.895035,298.21887,1,1,0,0,0,0,0,0,0,0,0.0,0.0,0.0,0.0,0.0,0.0,0.0,0.0,0.0,0.0,0.0,1.0,0.0,0.0,0.0,1.0,0.0,0.0,0.0,1.0,0.0,0.0,0.0,0.0,0.0,1.0,0.0
38,55139.82,4703.985,107.0,110.39204,3.0,4.0,5.0,4.0,24.0,13.0,8.4,8.0,95.73,26.45805,70.63399,529.3725,1,0,0,0,1,0,0,0,0,1,0.0,0.0,0.0,0.0,0.0,0.0,0.0,0.0,0.0,0.0,0.0,0.0,0.0,0.0,1.0,0.0,0.0,1.0,0.0,1.0,1.0,0.0,0.0,0.0,0.0,0.0,1.0
29,25145.36,2047.4467,132.0,31.28003,3.0,3.0,18.0,2.0,14.0,17.0,14.2,0.0,904.83,34.88431,40.826984,372.63766,0,0,0,0,0,0,1,1,0,0,0.0,0.0,0.0,0.0,0.0,0.0,1.0,0.0,0.0,0.0,0.0,0.0,0.0,0.0,0.0,0.0,0.0,1.0,0.0,1.0,1.0,0.0,0.0,0.0,0.0,0.0,2.0
28,85589.68,6841.473,107.0,217.5014,8.0,4.0,8.0,4.0,27.0,9.0,4.29,4.0,428.42,32.38231,78.713615,627.9323,1,0,1,0,0,0,0,1,0,1,0.0,0.0,0.0,0.0,0.0,0.0,0.0,0.0,0.0,0.0,0.0,0.0,1.0,0.0,0.0,0.0,0.0,1.0,0.0,1.0,1.0,0.0,0.0,0.0,0.0,0.0,1.0
39,18670.98,1553.915,48.0,32.444454,5.0,5.0,14.0,4.0,25.0,20.0,15.92,7.0,1397.21,32.66093,93.203514,289.74353,0,0,1,0,0,0,0,1,0,0,0.0,0.0,0.0,0.0,0.0,0.0,0.0,0.0,0.0,0.0,0.0,1.0,0.0,0.0,0.0,0.0,0.0,1.0,0.0,1.0,0.0,0.0,1.0,0.0,0.0,0.0,2.0
25,45002.48,3485.2068,79.0,26.13019,4.0,7.0,2.0,1.0,29.0,17.0,0.65,0.0,1221.95,29.531527,100.87187,471.51862,0,0,0,0,0,0,0,0,0,1,0.0,0.0,0.0,0.0,0.0,0.0,1.0,0.0,0.0,0.0,0.0,0.0,0.0,0.0,0.0,0.0,0.0,1.0,1.0,0.0,0.0,1.0,0.0,0.0,0.0,0.0,1.0
18,40000.96,3187.4133,86.0,17.28816,3.0,3.0,5.0,1.0,29.0,13.0,14.58,2.0,1326.39,26.359396,116.31824,455.13495,0,0,1,0,0,0,0,0,0,0,0.0,0.0,0.0,0.0,1.0,0.0,0.0,0.0,0.0,0.0,0.0,0.0,0.0,0.0,0.0,0.0,0.0,1.0,0.0,1.0,0.0,0.0,0.0,1.0,0.0,0.0,1.0
35,8990.5,949.2083,55.0,14.744316,10.0,9.0,33.0,3.0,44.0,21.0,5.98,7.0,2663.62,22.861996,118.99572,251.1808,0,0,0,1,0,0,0,1,0,0,0.0,0.0,0.0,1.0,0.0,0.0,0.0,0.0,0.0,0.0,0.0,0.0,0.0,0.0,0.0,1.0,0.0,0.0,0.0,1.0,0.0,0.0,0.0,0.0,0.0,1.0,1.0
30,106520.68,8789.724,61.0,98.337814,3.0,3.0,13.0,2.0,10.0,19.0,12.39,8.0,653.6,25.70706,247.15166,793.48285,0,0,0,1,1,0,0,0,0,0,0.0,0.0,0.0,0.0,0.0,0.0,0.0,0.0,0.0,0.0,0.0,0.0,1.0,0.0,0.0,0.0,0.0,1.0,0.0,1.0,0.0,0.0,1.0,0.0,0.0,0.0,1.0
39,81438.56,6989.547,33.0,84.27396,3.0,4.0,20.0,2.0,19.0,13.0,8.21,8.0,509.44,28.843351,286.10614,578.5746,0,0,1,0,1,0,0,0,0,0,0.0,0.0,0.0,0.0,0.0,0.0,0.0,0.0,0.0,0.0,0.0,0.0,0.0,0.0,1.0,0.0,0.0,1.0,0.0,1.0,0.0,1.0,0.0,0.0,0.0,0.0,1.0
41,14096.44,977.9596,68.0,166.65143,9.0,7.0,28.0,8.0,26.0,15.0,1.27,12.0,1398.28,35.507008,80.111565,241.95108,1,1,1,1,1,0,1,0,0,1,0.0,0.0,0.0,0.0,0.0,0.0,0.0,0.0,0.0,0.0,0.0,1.0,0.0,0.0,0.0,1.0,0.0,0.0,0.0,1.0,0.0,0.0,0.0,0.0,0.0,1.0,1.0
50,36372.21,3269.0176,114.0,105.79737,5.0,4.0,5.0,4.0,9.0,8.0,14.78,5.0,1455.94,27.428041,93.46514,407.63922,1,0,0,1,0,0,0,0,0,1,0.0,0.0,0.0,0.0,0.0,0.0,0.0,0.0,0.0,0.0,0.0,0.0,0.0,1.0,0.0,0.0,1.0,0.0,1.0,0.0,0.0,0.0,0.0,0.0,1.0,0.0,2.0
41,48144.78,3994.065,35.0,217.26704,7.0,6.0,28.0,6.0,25.0,20.0,4.59,7.0,3150.66,30.454887,148.26004,283.87943,0,0,1,1,1,0,0,0,1,0,0.0,0.0,0.0,0.0,0.0,0.0,0.0,0.0,0.0,0.0,0.0,0.0,0.0,0.0,1.0,1.0,0.0,0.0,0.0,1.0,0.0,1.0,0.0,0.0,0.0,0.0,0.0
54,22332.37,1907.0309,102.0,14.231962,8.0,4.0,12.0,1.0,30.0,18.0,2.59,2.0,1154.5,35.36739,156.85242,299.6187,0,1,0,0,0,0,0,0,0,0,1.0,0.0,0.0,0.0,0.0,0.0,0.0,0.0,0.0,0.0,0.0,0.0,0.0,0.0,0.0,0.0,1.0,0.0,1.0,0.0,0.0,0.0,0.0,1.0,0.0,0.0,1.0
45,51548.56,4193.7134,68.0,92.04787,8.0,5.0,8.0,4.0,30.0,8.0,6.98,7.0,382.14,36.327,217.94179,389.38168,1,0,1,1,0,0,0,0,1,0,0.0,0.0,1.0,0.0,0.0,0.0,0.0,0.0,0.0,0.0,0.0,0.0,0.0,0.0,0.0,0.0,0.0,1.0,1.0,0.0,0.0,0.0,0.0,0.0,1.0,0.0,1.0
55,35012.78,2964.7317,126.0,41.408062,8.0,4.0,9.0,2.0,26.0,14.0,10.06,0.0,279.53,28.941694,255.71996,289.34515,0,1,0,0,0,0,0,0,0,0,0.0,0.0,0.0,0.0,0.0,0.0,0.0,0.0,0.0,0.0,0.0,0.0,1.0,0.0,0.0,0.0,0.0,1.0,0.0,1.0,0.0,0.0,0.0,0.0,0.0,1.0,1.0
46,31104.32,2871.0266,130.0,22.687151,6.0,5.0,12.0,1.0,13.0,11.0,6.8,6.0,1354.0,37.720882,375.2808,179.1347,0,1,0,0,0,0,0,0,0,0,0.0,0.0,0.0,0.0,0.0,1.0,0.0,0.0,0.0,0.0,0.0,0.0,0.0,0.0,0.0,0.0,0.0,1.0,1.0,0.0,0.0,0.0,0.0,0.0,0.0,1.0,1.0
41,8406.375,944.53125,72.0,44.00521,9.0,5.0,25.0,9.0,49.0,20.0,5.8,10.0,1853.17,29.988947,62.0213,268.4266,1,1,1,1,1,0,1,1,0,0,0.0,0.0,0.0,0.0,0.0,0.0,1.0,0.0,0.0,0.0,0.0,0.0,0.0,0.0,0.0,1.0,0.0,0.0,0.0,1.0,0.0,0.0,0.0,0.0,1.0,0.0,0.0
24,86255.8,7427.9834,60.0,104.5345,4.0,6.0,19.0,2.0,23.0,9.0,13.53,6.0,875.22,36.76267,127.95617,750.3077,0,1,0,0,0,0,0,1,0,0,1.0,0.0,0.0,0.0,0.0,0.0,0.0,0.0,0.0,0.0,0.0,0.0,0.0,0.0,0.0,0.0,0.0,1.0,0.0,1.0,1.0,0.0,0.0,0.0,0.0,0.0,1.0
40,15005.31,1334.4425,51.0,66.836555,4.0,4.0,20.0,7.0,13.0,13.0,17.98,9.0,1101.54,27.312765,110.40679,215.4627,0,1,1,0,0,0,1,1,0,0,0.0,0.0,0.0,0.0,0.0,0.0,0.0,0.0,0.0,0.0,1.0,0.0,0.0,0.0,0.0,0.0,0.0,1.0,0.0,1.0,0.0,0.0,0.0,0.0,0.0,1.0,0.0
29,8453.49,977.4575,70.0,29.236416,9.0,7.0,18.0,5.0,32.0,17.0,1.52,10.0,2314.96,23.222054,101.44343,257.06592,1,0,1,0,0,0,0,1,1,0,0.0,0.0,0.0,0.0,0.0,0.0,0.0,0.0,1.0,0.0,0.0,0.0,0.0,0.0,0.0,1.0,0.0,0.0,0.0,1.0,0.0,0.0,0.0,0.0,0.0,1.0,1.0
47,115556.37,9617.697,93.0,222.07349,1.0,3.0,6.0,4.0,11.0,8.0,10.83,6.0,1080.06,37.07205,292.41385,717.2824,0,1,1,0,1,0,0,0,1,0,1.0,0.0,0.0,0.0,0.0,0.0,0.0,0.0,0.0,0.0,0.0,0.0,0.0,0.0,0.0,0.0,1.0,0.0,1.0,0.0,0.0,0.0,0.0,1.0,0.0,0.0,1.0
44,20974.05,1914.8375,56.0,83.763245,7.0,8.0,27.0,6.0,38.0,12.0,14.54,12.0,1460.23,36.075577,101.96427,295.75623,1,1,1,1,0,0,0,1,0,0,0.0,0.0,1.0,0.0,0.0,0.0,0.0,0.0,0.0,0.0,0.0,0.0,0.0,0.0,0.0,0.0,0.0,1.0,0.0,1.0,0.0,0.0,0.0,0.0,0.0,1.0,0.0
27,16268.51,1447.7091,74.0,25.12606,7.0,7.0,19.0,2.0,23.0,20.0,12.8,4.0,2181.28,30.679184,108.166,301.47885,0,0,0,0,1,0,1,0,0,0,0.0,0.0,0.0,0.0,0.0,0.0,0.0,0.0,0.0,0.0,0.0,0.0,1.0,0.0,0.0,0.0,0.0,1.0,0.0,1.0,0.0,0.0,0.0,0.0,0.0,1.0,0.0
29,28397.31,2119.4424,109.0,27.767025,7.0,4.0,7.0,2.0,30.0,10.0,9.4,2.0,1398.33,26.032608,64.324486,399.85272,0,0,0,0,0,0,1,0,0,1,0.0,0.0,0.0,0.0,0.0,0.0,0.0,0.0,0.0,0.0,0.0,0.0,0.0,0.0,1.0,0.0,0.0,1.0,1.0,0.0,0.0,0.0,0.0,0.0,1.0,0.0,1.0
39,47634.45,3678.5376,57.0,170.6618,10.0,6.0,20.0,5.0,14.0,22.0,3.16,11.0,1626.64,36.304,122.45186,324.74008,1,1,1,0,0,0,0,0,1,0,0.0,0.0,0.0,0.0,0.0,0.0,0.0,1.0,0.0,0.0,0.0,0.0,0.0,0.0,0.0,1.0,0.0,0.0,0.0,1.0,0.0,1.0,0.0,0.0,0.0,0.0,0.0
32,60856.6,5282.3833,64.0,124.3913,3.0,6.0,9.0,3.0,14.0,6.0,3.88,3.0,1159.43,37.02734,101.2724,552.57465,0,0,0,0,0,0,0,1,0,1,0.0,0.0,0.0,0.0,0.0,1.0,0.0,0.0,0.0,0.0,0.0,0.0,0.0,0.0,0.0,0.0,1.0,0.0,1.0,0.0,0.0,1.0,0.0,0.0,0.0,0.0,1.0
19,39891.42,3246.285,30.0,195.22037,4.0,4.0,22.0,6.0,17.0,16.0,7.69,8.0,2411.32,39.077744,124.07956,265.32858,1,0,1,0,0,0,1,1,0,1,0.0,0.0,0.0,0.0,0.0,0.0,0.0,0.0,0.0,0.0,0.0,0.0,1.0,0.0,0.0,0.0,0.0,1.0,0.0,1.0,0.0,0.0,1.0,0.0,0.0,0.0,1.0
45,20884.58,1855.3817,100.0,12.480008,6.0,6.0,15.0,1.0,7.0,12.0,16.15,3.0,22.45,30.011606,125.779236,317.27893,0,0,0,1,0,0,0,0,0,0,0.0,0.0,0.0,0.0,0.0,0.0,0.0,1.0,0.0,0.0,0.0,0.0,0.0,0.0,0.0,0.0,0.0,1.0,0.0,1.0,0.0,0.0,0.0,1.0,0.0,0.0,1.0
37,104158.68,8387.89,124.0,225.65381,4.0,3.0,15.0,3.0,14.0,13.0,11.78,0.0,330.7,42.859325,234.87242,628.26276,1,0,0,1,0,0,0,0,0,0,0.0,1.0,0.0,0.0,0.0,0.0,0.0,0.0,0.0,0.0,0.0,0.0,0.0,0.0,0.0,0.0,0.0,1.0,1.0,0.0,0.0,1.0,0.0,0.0,0.0,0.0,1.0
24,18065.0,1539.5886,85.0,194.55408,10.0,9.0,28.0,9.0,34.0,18.0,4.68,10.0,2580.19,38.166725,73.00573,258.70996,0,1,1,0,1,0,0,1,1,1,0.0,0.0,0.0,0.0,0.0,0.0,0.0,0.0,0.0,1.0,0.0,0.0,0.0,0.0,0.0,1.0,0.0,0.0,0.0,1.0,0.0,0.0,0.0,0.0,0.0,1.0,0.0
52,23211.26,2136.2717,104.0,42.557716,7.0,5.0,10.0,3.0,19.0,16.0,15.14,1.0,361.52,28.138342,91.17819,359.89127,0,0,0,0,1,0,0,0,1,0,0.0,0.0,0.0,0.0,0.0,0.0,0.0,0.0,0.0,0.0,0.0,1.0,0.0,0.0,0.0,0.0,0.0,1.0,0.0,1.0,0.0,0.0,0.0,0.0,1.0,0.0,1.0
39,19426.81,1397.9009,86.0,54.997196,7.0,6.0,19.0,4.0,16.0,19.0,10.28,4.0,658.69,32.426807,71.94921,272.8437,1,0,0,1,0,0,0,1,1,0,0.0,0.0,0.0,0.0,0.0,0.0,1.0,0.0,0.0,0.0,0.0,0.0,0.0,0.0,0.0,0.0,0.0,1.0,0.0,1.0,0.0,0.0,1.0,0.0,0.0,0.0,1.0
41,13986.835,1411.5696,71.0,20.527575,6.0,3.0,15.0,2.0,5.0,14.0,8.21,3.0,482.88,31.890284,53.707733,356.92166,0,0,1,0,0,0,0,0,0,0,0.0,0.0,0.0,0.0,0.0,0.0,0.0,0.0,0.0,1.0,0.0,0.0,0.0,0.0,0.0,0.0,0.0,1.0,1.0,0.0,0.0,0.0,0.0,0.0,0.0,1.0,1.0
42,41975.0,3761.9167,106.0,0.0,2.0,7.0,5.0,0.0,8.0,1.0,6.74,0.0,72.24,29.946085,108.825905,517.3658,0,0,0,0,0,1,0,0,0,0,0.0,0.0,0.0,0.0,0.0,0.0,0.0,0.0,0.0,0.0,0.0,1.0,0.0,0.0,0.0,0.0,1.0,0.0,1.0,0.0,0.0,1.0,0.0,0.0,0.0,0.0,2.0
24,29663.44,2676.9534,74.0,49.345913,5.0,6.0,18.0,2.0,9.0,9.0,17.76,8.0,598.51,36.434387,183.58269,324.76672,0,1,0,0,0,0,1,0,0,0,0.0,0.0,0.0,0.0,0.0,0.0,0.0,0.0,0.0,0.0,1.0,0.0,0.0,0.0,0.0,0.0,0.0,1.0,0.0,1.0,0.0,0.0,0.0,0.0,0.0,1.0,1.0
25,9988.76,999.39667,102.0,4.8656898,4.0,7.0,5.0,1.0,21.0,14.0,19.19,6.0,71.42,37.80817,57.482433,307.59155,0,1,0,0,0,0,0,0,0,0,0.0,0.0,0.0,0.0,0.0,0.0,0.0,0.0,0.0,0.0,0.0,0.0,1.0,0.0,0.0,0.0,0.0,1.0,0.0,1.0,0.0,0.0,0.0,1.0,0.0,0.0,1.0
40,41588.74,3201.7283,113.0,61.942867,5.0,3.0,7.0,2.0,10.0,9.0,11.95,6.0,630.25,27.90045,84.24441,433.4643,0,0,1,0,0,0,0,0,1,0,0.0,0.0,0.0,0.0,0.0,0.0,0.0,0.0,0.0,0.0,0.0,0.0,0.0,0.0,1.0,0.0,1.0,0.0,1.0,0.0,0.0,1.0,0.0,0.0,0.0,0.0,1.0
22,91459.48,7591.6235,123.0,168.56313,8.0,6.0,20.0,4.0,30.0,17.0,11.79,3.0,1323.08,36.411247,416.27887,434.32034,0,0,1,1,0,0,1,0,0,0,0.0,0.0,0.0,0.0,0.0,1.0,0.0,0.0,0.0,0.0,0.0,0.0,0.0,0.0,0.0,0.0,0.0,1.0,1.0,0.0,0.0,0.0,1.0,0.0,0.0,0.0,1.0
38,27947.42,2488.9517,134.0,31.335361,7.0,5.0,15.0,2.0,27.0,19.0,11.04,4.0,1472.05,25.509098,302.15576,205.40404,1,0,0,0,0,0,1,0,0,0,0.0,0.0,0.0,0.0,0.0,0.0,0.0,1.0,0.0,0.0,0.0,0.0,0.0,0.0,0.0,0.0,0.0,1.0,0.0,1.0,0.0,0.0,0.0,0.0,0.0,1.0,1.0
24,84127.96,6919.6636,109.0,176.49744,5.0,4.0,8.0,4.0,22.0,14.0,9.81,0.0,1383.41,36.892273,55.2284,700.2405,1,0,0,1,0,0,0,1,0,0,0.0,0.0,1.0,0.0,0.0,0.0,0.0,0.0,0.0,0.0,0.0,0.0,0.0,0.0,0.0,0.0,0.0,1.0,0.0,1.0,1.0,0.0,0.0,0.0,0.0,0.0,0.0
44,63354.36,5421.53,70.0,27.55392,6.0,6.0,10.0,1.0,21.0,16.0,12.2,7.0,895.41,30.116493,289.1114,505.48767,0,0,0,0,0,0,1,0,0,0,0.0,0.0,0.0,0.0,0.0,0.0,0.0,0.0,0.0,0.0,0.0,0.0,0.0,0.0,1.0,0.0,0.0,1.0,0.0,1.0,0.0,0.0,0.0,0.0,1.0,0.0,1.0
31,44689.77,3741.1475,63.0,202.06108,6.0,6.0,20.0,7.0,8.0,11.0,8.31,7.0,2319.8,27.260904,130.52002,331.53366,0,0,1,1,0,0,0,1,0,1,1.0,0.0,0.0,0.0,0.0,0.0,0.0,0.0,0.0,0.0,0.0,0.0,0.0,0.0,0.0,0.0,0.0,1.0,0.0,1.0,0.0,0.0,0.0,0.0,0.0,1.0,0.0
47,37071.2,3006.2666,81.0,74.69027,1.0,6.0,6.0,4.0,14.0,5.0,16.56,3.0,869.99,28.319395,142.89438,353.04202,0,0,1,1,0,0,0,1,1,0,1.0,0.0,0.0,0.0,0.0,0.0,0.0,0.0,0.0,0.0,0.0,0.0,0.0,0.0,0.0,0.0,1.0,0.0,1.0,0.0,0.0,0.0,0.0,1.0,0.0,0.0,1.0
19,32414.96,2826.2466,63.0,81.551704,6.0,5.0,15.0,6.0,35.0,15.0,9.06,11.0,2129.39,32.589195,65.86969,385.20328,0,0,1,0,1,0,1,0,0,1,0.0,0.0,1.0,0.0,0.0,0.0,0.0,0.0,0.0,0.0,0.0,0.0,0.0,0.0,0.0,1.0,0.0,0.0,0.0,1.0,0.0,1.0,0.0,0.0,0.0,0.0,1.0
21,31069.32,2361.11,80.0,34.168606,2.0,3.0,12.0,2.0,14.0,2.0,7.78,7.0,343.6,37.58609,64.64985,397.29254,1,0,0,0,0,0,0,0,0,1,1.0,0.0,0.0,0.0,0.0,0.0,0.0,0.0,0.0,0.0,0.0,0.0,0.0,0.0,0.0,0.0,1.0,0.0,1.0,0.0,0.0,0.0,0.0,0.0,0.0,1.0,2.0
42,16524.395,1645.033,111.0,44.23686,5.0,5.0,20.0,4.0,26.0,17.0,11.65,3.0,988.27,31.802078,110.069695,280.19675,1,0,1,0,1,0,0,0,0,0,0.0,0.0,0.0,0.0,0.0,0.0,0.0,0.0,1.0,0.0,0.0,0.0,0.0,0.0,0.0,0.0,0.0,1.0,1.0,0.0,0.0,0.0,0.0,1.0,0.0,0.0,1.0
45,15915.73,1461.3108,48.0,50.660263,5.0,7.0,24.0,4.0,0.0,12.0,15.05,9.0,1554.95,26.934448,106.272964,269.19785,0,0,1,1,0,0,1,0,1,0,1.0,0.0,0.0,0.0,0.0,0.0,0.0,0.0,0.0,0.0,0.0,0.0,0.0,0.0,0.0,0.0,0.0,1.0,0.0,1.0,0.0,0.0,0.0,0.0,1.0,0.0,0.0
31,78188.84,6296.737,66.0,195.10234,3.0,6.0,17.0,3.0,13.0,19.0,13.56,8.0,605.86,38.73256,336.4046,368.16672,0,0,1,0,0,0,1,0,1,0,0.0,0.0,0.0,0.0,0.0,0.0,0.0,0.0,0.0,0.0,0.0,1.0,0.0,0.0,0.0,0.0,0.0,1.0,0.0,1.0,0.0,0.0,0.0,1.0,0.0,0.0,1.0
36,70144.54,5665.3784,66.0,156.99239,3.0,3.0,14.0,3.0,28.0,14.0,11.95,5.0,819.99,40.85722,175.81909,483.72635,1,0,0,0,1,0,0,0,0,1,0.0,0.0,1.0,0.0,0.0,0.0,0.0,0.0,0.0,0.0,0.0,0.0,0.0,0.0,0.0,0.0,0.0,1.0,0.0,1.0,0.0,1.0,0.0,0.0,0.0,0.0,1.0
39,62927.92,4943.993,73.0,193.81137,7.0,5.0,31.0,4.0,16.0,15.0,9.32,6.0,2379.02,24.281115,191.52151,359.06644,0,0,1,0,0,0,0,0,1,1,0.0,0.0,0.0,0.0,0.0,0.0,0.0,0.0,0.0,1.0,0.0,0.0,0.0,0.0,0.0,0.0,0.0,1.0,0.0,1.0,0.0,0.0,0.0,1.0,0.0,0.0,1.0
34,63617.92,5231.493,36.0,257.5238,6.0,9.0,30.0,7.0,9.0,23.0,14.07,9.0,1826.94,27.118835,377.07684,178.5487,1,1,1,0,0,0,0,1,0,1,0.0,0.0,1.0,0.0,0.0,0.0,0.0,0.0,0.0,0.0,0.0,0.0,0.0,0.0,0.0,0.0,0.0,1.0,0.0,1.0,0.0,0.0,0.0,0.0,0.0,1.0,0.0
22,81431.96,6790.9966,42.0,104.24904,4.0,7.0,5.0,2.0,23.0,19.0,16.16,7.0,2352.06,38.92519,244.5155,600.33514,1,1,0,0,0,0,0,0,0,0,0.0,0.0,0.0,0.0,0.0,0.0,0.0,0.0,1.0,0.0,0.0,0.0,0.0,0.0,0.0,0.0,0.0,1.0,0.0,1.0,0.0,0.0,0.0,1.0,0.0,0.0,1.0
27,44423.16,3825.93,114.0,57.48555,5.0,4.0,20.0,3.0,18.0,8.0,10.06,4.0,1149.63,31.648874,147.144,427.96344,1,0,1,0,0,0,0,1,0,0,0.0,0.0,0.0,0.0,0.0,0.0,0.0,0.0,0.0,0.0,1.0,0.0,0.0,0.0,0.0,0.0,0.0,1.0,1.0,0.0,0.0,1.0,0.0,0.0,0.0,0.0,1.0
36,26309.54,2247.4617,115.0,14.978241,8.0,4.0,19.0,1.0,24.0,13.0,1.32,3.0,1178.24,35.559246,61.310406,398.45752,0,0,1,0,0,0,0,0,0,0,0.0,0.0,0.0,0.0,0.0,0.0,0.0,0.0,1.0,0.0,0.0,0.0,0.0,0.0,0.0,0.0,0.0,1.0,1.0,0.0,0.0,1.0,0.0,0.0,0.0,0.0,1.0
22,9968.5,1123.7084,81.0,34.811325,8.0,6.0,31.0,6.0,32.0,24.0,-4.62,6.0,1756.54,33.22703,67.37001,290.1895,0,0,0,1,0,0,1,1,1,0,0.0,0.0,0.0,0.0,1.0,0.0,0.0,0.0,0.0,0.0,0.0,0.0,0.0,0.0,0.0,1.0,0.0,0.0,0.0,1.0,0.0,0.0,0.0,1.0,0.0,0.0,0.0
42,87027.66,7494.305,72.0,139.93428,1.0,6.0,5.0,3.0,28.0,6.0,12.96,1.0,884.63,36.11489,86.10903,773.3872,0,0,0,1,0,0,0,1,1,0,0.0,0.0,0.0,0.0,0.0,0.0,0.0,0.0,0.0,0.0,0.0,1.0,0.0,0.0,0.0,0.0,1.0,0.0,1.0,0.0,0.0,1.0,0.0,0.0,0.0,0.0,1.0
36,32901.79,2549.816,105.0,19.324081,4.0,5.0,1.0,1.0,9.0,10.0,5.89,0.0,798.71,40.572754,28.731155,456.92636,0,0,0,0,1,0,0,0,0,0,0.0,0.0,0.0,0.0,1.0,0.0,0.0,0.0,0.0,0.0,0.0,0.0,0.0,0.0,0.0,0.0,1.0,0.0,1.0,0.0,0.0,1.0,0.0,0.0,0.0,0.0,1.0
26,34693.86,2718.155,112.0,16.783525,1.0,5.0,3.0,1.0,10.0,4.0,10.99,7.0,1400.6,41.172844,182.54202,362.48996,0,1,0,0,0,0,0,0,0,0,0.0,0.0,0.0,0.0,0.0,1.0,0.0,0.0,0.0,0.0,0.0,0.0,0.0,0.0,0.0,0.0,1.0,0.0,1.0,0.0,0.0,0.0,0.0,0.0,0.0,1.0,1.0
28,80892.92,6767.0767,35.0,250.54715,8.0,5.0,23.0,6.0,9.0,12.0,14.11,11.0,1701.02,30.551352,322.30707,383.85345,1,0,0,0,1,0,0,1,0,0,0.0,0.0,0.0,0.0,0.0,1.0,0.0,0.0,0.0,0.0,0.0,0.0,0.0,0.0,0.0,0.0,0.0,1.0,0.0,1.0,0.0,0.0,0.0,0.0,1.0,0.0,0.0
53,105870.6,8763.55,98.0,205.65227,7.0,3.0,5.0,4.0,22.0,13.0,3.98,7.0,1174.48,27.974504,310.4856,620.21716,0,0,1,0,0,0,1,0,1,1,0.0,0.0,0.0,0.0,0.0,0.0,0.0,0.0,0.0,0.0,1.0,0.0,0.0,0.0,0.0,0.0,0.0,1.0,0.0,1.0,0.0,0.0,1.0,0.0,0.0,0.0,1.0
27,36190.17,3259.8474,71.0,0.0,5.0,3.0,10.0,0.0,11.0,6.0,2.96,5.0,1406.85,28.17702,183.87497,432.1098,0,0,0,0,0,1,0,0,0,0,1.0,0.0,0.0,0.0,0.0,0.0,0.0,0.0,0.0,0.0,0.0,0.0,0.0,0.0,0.0,0.0,1.0,0.0,1.0,0.0,0.0,0.0,0.0,0.0,0.0,1.0,1.0
54,15904.85,1085.4042,82.0,47.5979,3.0,5.0,1.0,4.0,4.0,2.0,6.34,2.0,1377.16,26.417135,34.23518,257.95755,0,1,1,0,0,0,1,0,0,1,0.0,0.0,0.0,0.0,0.0,1.0,0.0,0.0,0.0,0.0,0.0,0.0,0.0,0.0,0.0,0.0,1.0,0.0,1.0,0.0,0.0,0.0,1.0,0.0,0.0,0.0,2.0
44,86902.59,7005.8823,34.0,170.64882,5.0,4.0,12.0,4.0,18.0,9.0,7.85,4.0,746.14,28.278763,63.089977,706.8494,0,0,0,1,0,0,0,1,0,1,0.0,0.0,0.0,1.0,0.0,0.0,0.0,0.0,0.0,0.0,0.0,0.0,0.0,0.0,0.0,0.0,0.0,1.0,0.0,1.0,1.0,0.0,0.0,0.0,0.0,0.0,1.0
26,35793.97,2799.8308,95.0,113.83339,5.0,6.0,8.0,4.0,15.0,11.0,7.92,0.0,82.15,34.9622,66.28941,359.8603,0,0,0,0,0,0,1,1,1,0,0.0,0.0,0.0,1.0,0.0,0.0,0.0,0.0,0.0,0.0,0.0,0.0,0.0,0.0,0.0,0.0,1.0,0.0,1.0,0.0,0.0,0.0,1.0,0.0,0.0,0.0,1.0
38,32072.42,2768.7017,89.0,76.468796,4.0,7.0,1.0,3.0,2.0,11.0,6.11,1.0,441.0,25.962364,145.87056,314.53082,1,1,0,0,0,0,0,1,0,0,0.0,0.0,0.0,0.0,0.0,0.0,0.0,1.0,0.0,0.0,0.0,0.0,0.0,0.0,0.0,0.0,1.0,0.0,1.0,0.0,0.0,0.0,0.0,1.0,0.0,0.0,0.0
36,64173.56,5163.797,123.0,68.3488,7.0,4.0,11.0,2.0,12.0,17.0,6.66,3.0,497.23,30.053923,167.64096,540.3899,0,1,0,0,0,0,0,0,0,1,0.0,0.0,0.0,0.0,0.0,0.0,0.0,0.0,0.0,0.0,0.0,1.0,0.0,0.0,0.0,0.0,0.0,1.0,1.0,0.0,0.0,0.0,1.0,0.0,0.0,0.0,1.0
20,26862.64,2409.5532,77.0,94.46191,6.0,6.0,9.0,6.0,28.0,8.0,8.52,8.0,829.49,28.48978,222.70193,193.7915,0,1,0,1,1,0,0,1,0,1,0.0,0.0,0.0,0.0,0.0,0.0,1.0,0.0,0.0,0.0,0.0,0.0,0.0,0.0,0.0,0.0,0.0,1.0,0.0,1.0,0.0,0.0,0.0,1.0,0.0,0.0,2.0
29,78066.48,6673.54,70.0,132.91118,8.0,9.0,20.0,4.0,38.0,8.0,6.2,9.0,1703.06,39.726524,233.43759,551.00525,1,0,0,1,0,0,0,1,1,0,0.0,0.0,0.0,0.0,0.0,0.0,0.0,0.0,0.0,0.0,1.0,0.0,0.0,0.0,0.0,0.0,0.0,1.0,0.0,1.0,0.0,1.0,0.0,0.0,0.0,0.0,0.0
39,73905.76,6241.8135,112.0,0.0,2.0,4.0,10.0,0.0,10.0,6.0,5.01,3.0,1344.31,30.490252,236.1497,668.0316,0,0,0,0,0,1,0,0,0,0,0.0,0.0,0.0,0.0,0.0,0.0,0.0,0.0,0.0,0.0,0.0,0.0,1.0,0.0,0.0,0.0,1.0,0.0,1.0,0.0,0.0,0.0,0.0,0.0,1.0,0.0,2.0
37,28443.42,2314.285,101.0,39.80748,7.0,4.0,9.0,2.0,23.0,12.0,7.23,4.0,1476.31,41.041008,44.82686,386.79416,0,0,0,0,0,0,1,0,0,0,0.0,0.0,0.0,0.0,0.0,0.0,0.0,0.0,0.0,0.0,0.0,0.0,0.0,0.0,1.0,0.0,0.0,1.0,1.0,0.0,1.0,0.0,0.0,0.0,0.0,0.0,1.0
17,14173.65,1283.1375,45.0,43.970814,5.0,5.0,30.0,4.0,30.0,16.0,16.98,9.0,2297.52,23.897078,57.47059,296.87234,0,1,1,0,0,0,0,0,1,1,0.0,0.0,0.0,0.0,0.0,0.0,0.0,0.0,0.0,0.0,0.0,0.0,1.0,0.0,0.0,0.0,0.0,1.0,0.0,1.0,0.0,0.0,0.0,1.0,0.0,0.0,1.0
40,72608.32,5855.6934,101.0,43.569614,5.0,6.0,9.0,1.0,0.0,8.0,9.78,2.0,339.2,25.999136,161.09962,640.9001,0,0,0,0,0,0,0,1,0,0,0.0,1.0,0.0,0.0,0.0,0.0,0.0,0.0,0.0,0.0,0.0,0.0,0.0,0.0,0.0,0.0,1.0,0.0,1.0,0.0,0.0,0.0,1.0,0.0,0.0,0.0,1.0
37,10025.2,1089.4333,69.0,41.431576,10.0,10.0,21.0,7.0,23.0,14.0,16.88,12.0,1409.58,27.18101,42.329525,315.18222,1,1,0,1,0,0,0,0,1,0,0.0,0.0,0.0,0.0,0.0,0.0,0.0,0.0,0.0,0.0,0.0,1.0,0.0,0.0,0.0,0.0,0.0,1.0,0.0,1.0,0.0,0.0,0.0,0.0,0.0,1.0,0.0
36,16698.08,1438.5067,57.0,49.35562,8.0,6.0,25.0,6.0,22.0,21.0,8.41,12.0,1382.71,30.380678,148.07008,226.42496,0,0,1,1,0,0,1,1,0,0,0.0,1.0,0.0,0.0,0.0,0.0,0.0,0.0,0.0,0.0,0.0,0.0,0.0,0.0,0.0,0.0,0.0,1.0,0.0,1.0,0.0,0.0,0.0,0.0,1.0,0.0,0.0
28,34392.44,2703.0366,49.0,80.04324,9.0,6.0,30.0,3.0,33.0,19.0,15.84,10.0,2405.43,32.520283,105.395,397.76395,1,1,0,0,0,0,0,1,0,0,1.0,0.0,0.0,0.0,0.0,0.0,0.0,0.0,0.0,0.0,0.0,0.0,0.0,0.0,0.0,0.0,0.0,1.0,0.0,1.0,1.0,0.0,0.0,0.0,0.0,0.0,0.0
35,57353.16,4738.43,91.0,125.00868,3.0,7.0,20.0,3.0,6.0,18.0,10.45,0.0,1095.32,25.382341,217.75766,421.07666,0,0,1,1,1,0,0,0,0,0,0.0,0.0,0.0,0.0,0.0,0.0,0.0,0.0,0.0,0.0,0.0,0.0,0.0,0.0,1.0,0.0,0.0,1.0,1.0,0.0,0.0,0.0,0.0,0.0,0.0,1.0,1.0
35,18419.57,1243.9641,101.0,9.803353,4.0,4.0,10.0,1.0,14.0,6.0,9.08,1.0,699.06,23.406534,79.09736,295.4957,1,0,0,0,0,0,0,0,0,0,0.0,0.0,1.0,0.0,0.0,0.0,0.0,0.0,0.0,0.0,0.0,0.0,0.0,0.0,0.0,0.0,1.0,0.0,1.0,0.0,0.0,0.0,0.0,0.0,1.0,0.0,2.0
44,16117.63,1322.1359,68.0,23.316807,6.0,9.0,26.0,2.0,32.0,24.0,7.83,9.0,1488.01,26.770384,19.191753,329.70502,0,0,0,0,0,0,0,0,1,1,0.0,0.0,0.0,0.0,0.0,0.0,0.0,0.0,0.0,1.0,0.0,0.0,0.0,0.0,0.0,1.0,0.0,0.0,0.0,1.0,1.0,0.0,0.0,0.0,0.0,0.0,1.0
33,51568.11,4016.3425,42.0,172.0831,6.0,10.0,26.0,5.0,27.0,14.0,6.99,11.0,2620.12,36.118042,94.300476,375.25067,1,0,1,0,1,0,1,0,0,0,0.0,0.0,0.0,0.0,0.0,0.0,0.0,1.0,0.0,0.0,0.0,0.0,0.0,0.0,0.0,1.0,0.0,0.0,0.0,1.0,1.0,0.0,0.0,0.0,0.0,0.0,1.0
51,32469.29,2738.7742,79.0,0.0,5.0,4.0,9.0,0.0,12.0,8.0,1.39,6.0,129.41,24.530735,237.6011,306.2763,0,0,0,0,0,1,0,0,0,0,0.0,0.0,0.0,0.0,0.0,0.0,0.0,0.0,0.0,0.0,0.0,1.0,0.0,0.0,0.0,0.0,1.0,0.0,1.0,0.0,0.0,0.0,0.0,1.0,0.0,0.0,2.0
28,21060.63,1484.0525,73.0,42.825855,5.0,6.0,20.0,4.0,21.0,12.0,10.73,7.0,1072.32,25.441458,160.3389,235.2405,1,0,1,0,0,0,1,0,0,1,0.0,0.0,0.0,0.0,0.0,0.0,0.0,0.0,0.0,0.0,0.0,1.0,0.0,0.0,0.0,0.0,0.0,1.0,1.0,0.0,0.0,0.0,0.0,0.0,0.0,1.0,1.0
27,7153.435,532.11957,59.0,7.054436,8.0,9.0,24.0,2.0,48.0,11.0,16.98,10.0,1272.77,35.4832,48.527317,267.63022,0,0,0,0,0,0,0,0,1,0,0.0,0.0,0.0,1.0,0.0,0.0,0.0,0.0,0.0,0.0,0.0,0.0,0.0,0.0,0.0,0.0,0.0,1.0,0.0,1.0,0.0,0.0,0.0,1.0,0.0,0.0,0.0
36,72841.32,5827.11,71.0,279.29153,3.0,6.0,30.0,5.0,12.0,12.0,16.93,7.0,1992.97,26.67576,486.79108,86.6284,0,0,0,1,1,0,0,1,0,0,0.0,0.0,0.0,0.0,0.0,0.0,0.0,0.0,1.0,0.0,0.0,0.0,0.0,0.0,0.0,0.0,0.0,1.0,0.0,1.0,0.0,0.0,1.0,0.0,0.0,0.0,0.0
50,20782.66,1886.8883,127.0,68.07779,1.0,6.0,11.0,4.0,13.0,6.0,5.85,4.0,1002.18,32.26478,38.565193,332.04584,0,0,1,1,0,0,1,0,0,0,0.0,0.0,0.0,0.0,0.0,0.0,1.0,0.0,0.0,0.0,0.0,0.0,0.0,0.0,0.0,0.0,1.0,0.0,1.0,0.0,0.0,1.0,0.0,0.0,0.0,0.0,1.0
52,42103.18,3327.5984,132.0,42.46858,4.0,2.0,12.0,2.0,3.0,4.0,9.0,2.0,725.53,25.516497,122.44186,417.8494,0,0,0,0,0,0,0,1,0,0,0.0,1.0,0.0,0.0,0.0,0.0,0.0,0.0,0.0,0.0,0.0,0.0,0.0,0.0,0.0,0.0,1.0,0.0,1.0,0.0,0.0,0.0,0.0,0.0,1.0,0.0,2.0
40,9983.345,758.94543,45.0,29.241518,7.0,11.0,15.0,5.0,22.0,16.0,14.26,11.0,1823.35,30.274878,0.0,277.74146,1,0,0,0,0,0,1,1,0,1,0.0,1.0,0.0,0.0,0.0,0.0,0.0,0.0,0.0,0.0,0.0,0.0,0.0,0.0,0.0,0.0,0.0,1.0,0.0,1.0,1.0,0.0,0.0,0.0,0.0,0.0,1.0
42,40600.61,3420.3843,91.0,63.614853,4.0,7.0,6.0,2.0,6.0,0.0,5.5,2.0,1198.96,37.906136,128.06573,400.35782,0,1,0,1,0,0,0,0,0,0,0.0,1.0,0.0,0.0,0.0,0.0,0.0,0.0,0.0,0.0,0.0,0.0,0.0,0.0,0.0,0.0,1.0,0.0,1.0,0.0,0.0,1.0,0.0,0.0,0.0,0.0,1.0
18,94913.16,8128.43,91.0,131.99835,7.0,5.0,10.0,3.0,19.0,8.0,1.51,1.0,740.42,26.620188,386.7678,584.07684,0,0,1,1,1,0,0,0,0,0,0.0,0.0,0.0,0.0,1.0,0.0,0.0,0.0,0.0,0.0,0.0,0.0,0.0,0.0,0.0,0.0,0.0,1.0,1.0,0.0,0.0,0.0,0.0,0.0,0.0,1.0,1.0
22,8693.97,675.4975,49.0,29.310509,6.0,5.0,18.0,7.0,41.0,25.0,17.72,9.0,1496.11,33.142796,25.863815,302.37543,1,0,1,0,1,0,0,1,1,0,0.0,0.0,0.0,0.0,0.0,0.0,0.0,0.0,0.0,0.0,0.0,0.0,0.0,1.0,0.0,1.0,0.0,0.0,0.0,1.0,0.0,0.0,0.0,0.0,0.0,1.0,0.0
45,48052.7,4266.3916,41.0,59.89857,4.0,5.0,17.0,2.0,12.0,16.0,15.89,7.0,346.41,31.187452,100.92849,505.8121,0,0,0,0,0,0,0,1,0,1,0.0,0.0,0.0,0.0,0.0,1.0,0.0,0.0,0.0,0.0,0.0,0.0,0.0,0.0,0.0,0.0,0.0,1.0,0.0,1.0,1.0,0.0,0.0,0.0,0.0,0.0,1.0
22,22157.27,1834.4392,48.0,64.04102,6.0,6.0,19.0,4.0,33.0,11.0,14.37,8.0,1345.58,40.70463,58.54774,310.85516,0,0,1,0,1,0,0,0,1,1,0.0,0.0,0.0,0.0,0.0,0.0,0.0,0.0,0.0,1.0,0.0,0.0,0.0,0.0,0.0,0.0,0.0,1.0,0.0,1.0,0.0,1.0,0.0,0.0,0.0,0.0,1.0
51,22336.27,1669.274,120.0,177.55287,4.0,4.0,6.0,4.0,15.0,4.0,8.43,3.0,506.06,37.196964,19.560106,337.6044,1,0,1,0,0,0,0,0,1,0,0.0,0.0,0.0,0.0,0.0,1.0,0.0,0.0,0.0,0.0,0.0,0.0,0.0,0.0,0.0,0.0,1.0,0.0,1.0,0.0,0.0,1.0,0.0,0.0,0.0,0.0,1.0
30,69362.92,5944.243,76.0,67.55351,6.0,6.0,9.0,2.0,23.0,7.0,11.41,5.0,1042.95,25.645397,456.89166,359.97913,0,0,0,1,0,0,0,0,0,1,0.0,0.0,0.0,0.0,0.0,0.0,0.0,0.0,0.0,0.0,0.0,0.0,0.0,0.0,1.0,0.0,0.0,1.0,0.0,1.0,0.0,0.0,0.0,0.0,0.0,1.0,1.0
41,15754.53,1472.8774,59.0,50.603523,9.0,9.0,22.0,7.0,27.0,17.0,16.21,11.0,1378.73,35.77574,109.13047,277.55374,0,1,1,1,0,0,1,1,0,0,0.0,0.0,0.0,0.0,0.0,0.0,0.0,0.0,0.0,0.0,0.0,0.0,1.0,0.0,0.0,0.0,0.0,1.0,0.0,1.0,0.0,0.0,0.0,0.0,0.0,1.0,0.0
29,20900.51,1879.7091,27.0,75.14225,9.0,5.0,34.0,7.0,33.0,21.0,4.62,14.0,1317.37,35.35793,83.081215,319.74744,0,0,1,0,1,0,1,1,0,1,0.0,0.0,0.0,0.0,0.0,0.0,0.0,0.0,0.0,0.0,0.0,1.0,0.0,0.0,0.0,1.0,0.0,0.0,0.0,1.0,0.0,0.0,0.0,0.0,0.0,1.0,1.0
18,71368.6,5844.3833,113.0,0.0,6.0,3.0,6.0,0.0,19.0,16.0,10.88,11.0,1161.1,24.857256,407.02084,437.41748,0,0,0,0,0,1,0,0,0,0,0.0,0.0,0.0,0.0,0.0,0.0,1.0,0.0,0.0,0.0,0.0,0.0,0.0,0.0,0.0,0.0,0.0,1.0,0.0,1.0,0.0,0.0,1.0,0.0,0.0,0.0,1.0
45,70566.82,6070.5684,86.0,30.093714,8.0,6.0,14.0,1.0,30.0,12.0,12.43,0.0,1256.67,37.35199,229.98468,626.97845,0,0,0,0,0,0,0,0,1,0,1.0,0.0,0.0,0.0,0.0,0.0,0.0,0.0,0.0,0.0,0.0,0.0,0.0,0.0,0.0,0.0,0.0,1.0,0.0,1.0,0.0,0.0,0.0,0.0,1.0,0.0,0.0
42,60364.08,5045.34,42.0,179.02928,7.0,6.0,24.0,7.0,16.0,7.0,19.47,8.0,1855.46,41.836857,321.50107,515.5964,1,0,1,0,1,0,1,1,1,1,0.0,0.0,0.0,0.0,0.0,0.0,0.0,0.0,0.0,0.0,1.0,0.0,0.0,0.0,0.0,0.0,0.0,1.0,0.0,1.0,0.0,1.0,0.0,0.0,0.0,0.0,0.0
35,30256.85,2226.404,84.0,62.105156,0.0,5.0,5.0,3.0,23.0,2.0,0.73,4.0,1483.23,29.336922,260.60983,189.92542,0,0,0,1,0,0,0,1,0,0,0.0,0.0,1.0,0.0,0.0,0.0,0.0,0.0,0.0,0.0,0.0,0.0,0.0,0.0,0.0,0.0,1.0,0.0,1.0,0.0,0.0,0.0,0.0,0.0,0.0,1.0,0.0
31,20625.07,1619.7559,56.0,38.96319,10.0,10.0,32.0,3.0,23.0,22.0,20.31,7.0,2341.96,37.52105,99.3235,303.6889,1,0,0,1,1,0,0,0,0,0,0.0,0.0,0.0,0.0,0.0,0.0,0.0,0.0,1.0,0.0,0.0,0.0,0.0,0.0,0.0,1.0,0.0,0.0,0.0,1.0,0.0,0.0,0.0,0.0,1.0,0.0,0.0
20,54025.95,4426.1626,84.0,114.632034,6.0,3.0,29.0,4.0,16.0,15.0,15.19,10.0,2331.61,34.934353,101.48999,466.49423,1,0,0,0,1,0,0,0,0,0,0.0,0.0,0.0,0.0,0.0,0.0,0.0,0.0,0.0,0.0,0.0,1.0,0.0,0.0,0.0,0.0,0.0,1.0,0.0,1.0,1.0,0.0,0.0,0.0,0.0,0.0,0.0
23,14070.22,1148.5183,61.0,40.165737,9.0,9.0,24.0,6.0,39.0,15.0,18.61,9.0,2075.81,23.904156,77.48862,287.19748,1,1,0,1,1,0,0,1,0,0,0.0,0.0,0.0,0.0,0.0,0.0,1.0,0.0,0.0,0.0,0.0,0.0,0.0,0.0,0.0,1.0,0.0,0.0,0.0,1.0,0.0,0.0,0.0,0.0,0.0,1.0,0.0
21,7830.03,775.5025,29.0,31.5936,8.0,7.0,30.0,5.0,39.0,23.0,0.92,10.0,1255.57,37.78095,35.666996,300.28964,1,1,0,1,1,0,0,1,0,0,0.0,0.0,0.0,0.0,0.0,0.0,0.0,0.0,0.0,0.0,0.0,0.0,0.0,0.0,1.0,1.0,0.0,0.0,0.0,1.0,0.0,0.0,0.0,0.0,0.0,1.0,0.0
29,23550.47,1922.5392,90.0,63.242916,4.0,6.0,15.0,4.0,15.0,15.0,15.1,4.0,937.64,38.62362,119.7607,279.2503,0,0,0,0,0,0,0,1,1,1,0.0,0.0,0.0,0.0,0.0,0.0,0.0,0.0,0.0,0.0,0.0,1.0,0.0,0.0,0.0,0.0,0.0,1.0,0.0,1.0,0.0,0.0,0.0,1.0,0.0,0.0,1.0
53,53003.18,4275.9316,119.0,175.35446,6.0,6.0,6.0,4.0,20.0,15.0,2.84,4.0,1387.17,26.860073,211.76445,320.47424,1,1,0,0,0,0,0,1,1,0,0.0,0.0,0.0,0.0,0.0,0.0,0.0,0.0,0.0,1.0,0.0,0.0,0.0,0.0,0.0,0.0,0.0,1.0,0.0,1.0,0.0,0.0,0.0,0.0,1.0,0.0,1.0
28,14520.69,1299.357,28.0,148.09663,7.0,10.0,32.0,7.0,15.0,23.0,15.62,7.0,2921.07,23.988684,104.99016,244.51942,0,0,0,1,1,0,1,1,0,0,0.0,0.0,0.0,0.0,0.0,0.0,0.0,0.0,0.0,1.0,0.0,0.0,0.0,0.0,0.0,1.0,0.0,0.0,0.0,1.0,0.0,0.0,0.0,0.0,1.0,0.0,1.0
38,29948.76,2398.73,71.0,49.106388,4.0,3.0,31.0,2.0,21.0,21.0,19.96,11.0,2438.57,25.163822,197.17943,273.5872,0,0,0,0,0,0,0,1,0,0,1.0,0.0,0.0,0.0,0.0,0.0,0.0,0.0,0.0,0.0,0.0,0.0,0.0,0.0,0.0,0.0,0.0,1.0,0.0,1.0,0.0,0.0,0.0,0.0,1.0,0.0,0.0
55,21818.285,1874.1904,100.0,30.133133,2.0,2.0,12.0,2.0,1.0,6.0,7.53,3.0,818.31,37.718716,126.79198,310.49393,0,0,0,0,0,0,0,0,0,1,0.0,0.0,0.0,0.0,0.0,1.0,0.0,0.0,0.0,0.0,0.0,0.0,0.0,0.0,0.0,0.0,1.0,0.0,1.0,0.0,0.0,0.0,0.0,0.0,1.0,0.0,1.0
43,9897.565,1073.7971,33.0,68.138504,10.0,10.0,25.0,9.0,42.0,19.0,21.83,11.0,2546.75,34.930813,18.501127,270.74008,1,0,1,1,1,0,1,0,1,0,0.0,0.0,0.0,0.0,0.0,1.0,0.0,0.0,0.0,0.0,0.0,0.0,0.0,0.0,0.0,1.0,0.0,0.0,0.0,1.0,0.0,0.0,0.0,0.0,1.0,0.0,1.0
39,37080.88,3347.0732,20.0,222.07222,7.0,7.0,29.0,9.0,32.0,23.0,23.96,7.0,3004.98,31.538263,95.964966,266.67014,1,0,1,1,0,0,0,1,1,1,0.0,0.0,0.0,0.0,0.0,0.0,0.0,0.0,0.0,1.0,0.0,0.0,0.0,0.0,0.0,1.0,0.0,0.0,0.0,1.0,0.0,1.0,0.0,0.0,0.0,0.0,1.0
41,87481.62,7022.135,102.0,55.65337,0.0,4.0,3.0,1.0,15.0,6.0,1.45,3.0,214.43,23.679878,56.55072,260.63373,0,1,0,0,0,0,0,0,0,0,0.0,0.0,0.0,0.0,0.0,1.0,0.0,0.0,0.0,0.0,0.0,0.0,0.0,0.0,0.0,0.0,1.0,0.0,1.0,0.0,0.0,0.0,0.0,0.0,0.0,1.0,1.0
30,132872.72,11203.727,117.0,144.83069,3.0,3.0,10.0,2.0,14.0,6.0,10.28,2.0,89.68,42.397884,475.9168,779.6252,0,0,0,1,0,0,0,0,0,1,0.0,0.0,0.0,0.0,1.0,0.0,0.0,0.0,0.0,0.0,0.0,0.0,0.0,0.0,0.0,0.0,1.0,0.0,1.0,0.0,0.0,0.0,0.0,0.0,1.0,0.0,2.0
39,76395.28,6074.2734,43.0,208.7696,9.0,8.0,30.0,5.0,21.0,20.0,24.94,9.0,3026.97,31.765408,274.93082,403.72693,0,1,0,1,1,0,1,0,0,0,0.0,0.0,1.0,0.0,0.0,0.0,0.0,0.0,0.0,0.0,0.0,0.0,0.0,0.0,0.0,1.0,0.0,0.0,0.0,1.0,0.0,0.0,0.0,0.0,1.0,0.0,1.0
40,19186.4,1645.8667,39.0,47.83431,6.0,10.0,24.0,4.0,34.0,16.0,15.98,9.0,1753.33,28.22737,62.183334,304.56903,0,1,0,1,0,0,0,0,1,0,0.0,0.0,0.0,0.0,0.0,0.0,0.0,0.0,0.0,0.0,0.0,0.0,0.0,0.0,1.0,0.0,0.0,1.0,0.0,1.0,0.0,1.0,0.0,0.0,0.0,0.0,1.0
21,57986.32,4740.1934,106.0,132.96735,3.0,5.0,2.0,3.0,5.0,7.0,1.36,1.0,222.83,34.375885,231.3257,369.7263,0,0,0,0,1,0,1,0,1,0,0.0,0.0,0.0,0.0,0.0,0.0,0.0,0.0,0.0,0.0,0.0,0.0,1.0,0.0,0.0,0.0,1.0,0.0,1.0,0.0,0.0,0.0,1.0,0.0,0.0,0.0,1.0
40,19070.62,1303.2184,67.0,111.470535,7.0,5.0,27.0,8.0,38.0,23.0,2.1,11.0,2279.0,24.538254,70.36177,208.48953,1,1,1,0,0,0,1,1,1,0,0.0,1.0,0.0,0.0,0.0,0.0,0.0,0.0,0.0,0.0,0.0,0.0,0.0,0.0,0.0,1.0,0.0,0.0,0.0,1.0,0.0,0.0,1.0,0.0,0.0,0.0,0.0
37,26450.59,2079.2158,120.0,73.67019,5.0,6.0,20.0,4.0,24.0,18.0,11.8,1.0,952.9,26.399803,19.552471,354.6989,1,0,1,1,0,0,0,0,0,0,0.0,0.0,0.0,0.0,0.0,0.0,0.0,0.0,0.0,0.0,1.0,0.0,0.0,0.0,0.0,0.0,0.0,1.0,1.0,0.0,1.0,0.0,0.0,0.0,0.0,0.0,1.0
33,28603.64,2539.6367,133.0,0.0,1.0,1.0,2.0,0.0,12.0,2.0,4.23,4.0,1428.43,24.769985,98.271164,425.6925,0,0,0,0,0,1,0,0,0,0,0.0,0.0,0.0,0.0,0.0,0.0,0.0,0.0,0.0,0.0,0.0,0.0,1.0,0.0,0.0,0.0,1.0,0.0,1.0,0.0,0.0,0.0,0.0,1.0,0.0,0.0,1.0
33,14066.87,1272.2391,134.0,16.22361,2.0,4.0,1.0,2.0,15.0,2.0,11.42,3.0,805.77,34.444588,107.223625,293.77667,1,0,0,0,0,0,0,0,1,0,0.0,0.0,0.0,0.0,0.0,0.0,1.0,0.0,0.0,0.0,0.0,0.0,0.0,0.0,0.0,0.0,1.0,0.0,1.0,0.0,0.0,0.0,0.0,0.0,0.0,1.0,1.0
20,53564.88,4207.74,65.0,80.56983,5.0,3.0,13.0,2.0,6.0,10.0,23.98,2.0,1008.31,40.343872,46.538147,543.666,0,0,0,0,1,0,0,0,1,0,0.0,0.0,0.0,0.0,0.0,0.0,0.0,1.0,0.0,0.0,0.0,0.0,0.0,0.0,0.0,0.0,0.0,1.0,0.0,1.0,0.0,1.0,0.0,0.0,0.0,0.0,1.0
53,24041.97,2276.4976,108.0,18.437737,6.0,7.0,17.0,1.0,22.0,18.0,13.03,3.0,655.52,38.238335,48.077766,401.13425,0,1,0,0,0,0,0,0,0,0,1.0,0.0,0.0,0.0,0.0,0.0,0.0,0.0,0.0,0.0,0.0,0.0,0.0,0.0,0.0,0.0,0.0,1.0,0.0,1.0,0.0,0.0,0.0,0.0,0.0,1.0,1.0
46,71367.5,5860.2915,99.0,0.0,5.0,4.0,17.0,0.0,21.0,9.0,0.81,3.0,363.59,24.636751,262.97607,603.0531,0,0,0,0,0,1,0,0,0,0,0.0,0.0,1.0,0.0,0.0,0.0,0.0,0.0,0.0,0.0,0.0,0.0,0.0,0.0,0.0,0.0,0.0,1.0,0.0,1.0,0.0,0.0,0.0,0.0,1.0,0.0,1.0
29,80235.27,6684.2725,76.0,91.17655,7.0,7.0,9.0,2.0,17.0,18.0,19.8,6.0,291.72,28.277729,372.56863,484.68207,0,1,1,0,0,0,0,0,0,0,0.0,0.0,0.0,0.0,0.0,0.0,0.0,0.0,0.0,1.0,0.0,0.0,0.0,0.0,0.0,0.0,0.0,1.0,0.0,1.0,0.0,0.0,0.0,0.0,1.0,0.0,1.0
46,19951.766,1592.6471,135.0,28.213058,1.0,1.0,12.0,2.0,15.0,6.0,-2.11,5.0,1463.07,23.755882,175.8433,245.20834,0,0,0,0,1,0,0,0,1,0,0.0,0.0,0.0,0.0,0.0,0.0,0.0,0.0,0.0,1.0,0.0,0.0,0.0,0.0,0.0,0.0,1.0,0.0,1.0,0.0,0.0,0.0,0.0,0.0,0.0,1.0,2.0
23,20389.3,1876.1083,112.0,48.443638,7.0,4.0,11.0,4.0,10.0,11.0,10.45,0.0,1136.37,36.20563,62.105816,337.06137,0,1,0,0,1,0,1,0,0,0,0.0,0.0,0.0,0.0,0.0,0.0,0.0,0.0,0.0,0.0,0.0,0.0,1.0,0.0,0.0,0.0,1.0,0.0,1.0,0.0,0.0,0.0,1.0,0.0,0.0,0.0,1.0
23,61224.33,4862.0273,72.0,38.30981,4.0,5.0,12.0,1.0,29.0,12.0,12.65,5.0,707.43,24.283947,70.3585,617.5344,0,0,0,1,0,0,0,0,0,0,0.0,0.0,0.0,0.0,0.0,0.0,0.0,0.0,0.0,0.0,0.0,0.0,0.0,0.0,1.0,0.0,0.0,1.0,0.0,1.0,1.0,0.0,0.0,0.0,0.0,0.0,1.0
19,34315.71,3018.6426,70.0,37.611668,4.0,4.0,19.0,2.0,17.0,13.0,13.36,4.0,24.75,38.86463,58.402878,445.8497,0,0,1,1,0,0,0,0,0,0,0.0,0.0,0.0,0.0,0.0,0.0,1.0,0.0,0.0,0.0,0.0,0.0,0.0,0.0,0.0,0.0,0.0,1.0,0.0,1.0,1.0,0.0,0.0,0.0,0.0,0.0,1.0
31,93256.68,7697.39,76.0,69.62122,5.0,7.0,19.0,1.0,25.0,17.0,16.79,5.0,1125.67,26.220715,464.31818,515.7996,0,1,0,0,0,0,0,0,0,0,0.0,0.0,0.0,0.0,0.0,0.0,1.0,0.0,0.0,0.0,0.0,0.0,0.0,0.0,0.0,0.0,0.0,1.0,0.0,1.0,0.0,0.0,0.0,0.0,1.0,0.0,1.0
32,43450.25,3711.8542,97.0,41.399643,0.0,3.0,4.0,2.0,6.0,0.0,7.47,2.0,588.59,25.33602,95.54988,494.2359,0,1,1,0,0,0,0,0,0,0,1.0,0.0,0.0,0.0,0.0,0.0,0.0,0.0,0.0,0.0,0.0,0.0,0.0,0.0,0.0,0.0,1.0,0.0,1.0,0.0,0.0,0.0,1.0,0.0,0.0,0.0,2.0
48,22978.67,1954.8892,85.0,0.0,3.0,7.0,9.0,0.0,24.0,16.0,11.87,0.0,904.76,29.868076,262.8447,222.64423,0,0,0,0,0,1,0,0,0,0,0.0,0.0,0.0,0.0,0.0,0.0,0.0,0.0,1.0,0.0,0.0,0.0,0.0,0.0,0.0,0.0,0.0,1.0,1.0,0.0,0.0,0.0,0.0,0.0,0.0,1.0,1.0
18,20138.87,1524.2391,96.0,43.336227,3.0,5.0,6.0,3.0,23.0,12.0,9.74,0.0,13.59,38.374294,106.77203,292.31564,0,0,0,1,1,0,0,1,0,0,0.0,0.0,0.0,0.0,0.0,1.0,0.0,0.0,0.0,0.0,0.0,0.0,0.0,0.0,0.0,0.0,0.0,1.0,0.0,1.0,0.0,0.0,0.0,0.0,0.0,1.0,1.0
22,25208.64,2146.3445,120.0,276.45132,3.0,5.0,19.0,4.0,9.0,17.0,4.15,5.0,173.09,37.075733,267.0192,188.17688,0,1,0,1,0,0,1,0,0,1,0.0,0.0,0.0,0.0,0.0,0.0,0.0,0.0,0.0,0.0,0.0,0.0,1.0,0.0,0.0,0.0,0.0,1.0,1.0,0.0,0.0,0.0,0.0,0.0,0.0,1.0,1.0
40,55910.68,4649.223,122.0,0.0,5.0,3.0,11.0,0.0,9.0,12.0,9.76,0.0,7.54,29.202326,424.69113,310.2312,0,0,0,0,0,1,0,0,0,0,0.0,0.0,0.0,0.0,0.0,0.0,0.0,0.0,1.0,0.0,0.0,0.0,0.0,0.0,0.0,0.0,0.0,1.0,1.0,0.0,0.0,0.0,0.0,1.0,0.0,0.0,2.0
50,21905.096,1787.4246,128.0,17.201641,0.0,4.0,6.0,1.0,5.0,2.0,2.73,3.0,306.88,30.764956,185.48842,266.0524,0,0,0,0,0,0,0,0,0,1,0.0,0.0,0.0,0.0,1.0,0.0,0.0,0.0,0.0,0.0,0.0,0.0,0.0,0.0,0.0,0.0,1.0,0.0,1.0,0.0,0.0,0.0,0.0,0.0,0.0,1.0,2.0
55,59782.0,5114.8335,101.0,155.90915,0.0,5.0,7.0,4.0,14.0,3.0,8.2,3.0,264.0,40.003944,60.874554,544.69965,0,0,1,1,1,0,0,1,0,0,0.0,0.0,0.0,0.0,0.0,0.0,0.0,0.0,0.0,0.0,0.0,0.0,0.0,1.0,0.0,0.0,1.0,0.0,1.0,0.0,0.0,1.0,0.0,0.0,0.0,0.0,2.0
54,84094.1,6874.842,98.0,185.23248,0.0,2.0,3.0,3.0,-4.0,12.0,11.12,4.0,554.82,42.24584,305.80188,486.4498,0,0,1,0,0,0,0,0,1,1,0.0,0.0,0.0,0.0,0.0,0.0,0.0,0.0,1.0,0.0,0.0,0.0,0.0,0.0,0.0,0.0,1.0,0.0,1.0,0.0,0.0,0.0,0.0,0.0,0.0,1.0,2.0
41,44678.57,3502.214,122.0,25.157866,3.0,6.0,9.0,1.0,8.0,10.0,10.41,2.0,834.0,33.085667,27.245733,537.8178,0,1,0,0,0,0,0,0,0,0,0.0,0.0,0.0,0.0,0.0,0.0,0.0,1.0,0.0,0.0,0.0,0.0,0.0,0.0,0.0,0.0,1.0,0.0,1.0,0.0,1.0,0.0,0.0,0.0,0.0,0.0,0.0
43,20348.57,1486.7141,33.0,110.50058,9.0,8.0,16.0,8.0,36.0,22.0,5.78,6.0,3194.2,35.02763,47.835342,250.3355,1,0,0,1,1,0,1,0,1,1,0.0,0.0,0.0,0.0,0.0,0.0,0.0,0.0,0.0,0.0,0.0,1.0,0.0,0.0,0.0,1.0,0.0,0.0,0.0,1.0,0.0,0.0,1.0,0.0,0.0,0.0,0.0
20,41735.55,3357.9624,100.0,109.61414,0.0,3.0,8.0,4.0,19.0,6.0,11.25,2.0,1480.92,32.503284,98.89487,387.28723,0,0,1,0,0,0,1,1,0,0,0.0,0.0,0.0,0.0,0.0,1.0,0.0,0.0,0.0,0.0,0.0,0.0,0.0,0.0,0.0,0.0,1.0,0.0,1.0,0.0,0.0,0.0,1.0,0.0,0.0,0.0,1.0
48,23627.63,1712.9691,73.0,37.99638,7.0,3.0,19.0,3.0,6.0,12.0,1.23,1.0,277.93,24.045359,172.36285,250.93768,0,1,1,0,0,0,0,1,0,0,0.0,0.0,0.0,0.0,0.0,0.0,1.0,0.0,0.0,0.0,0.0,0.0,0.0,0.0,0.0,0.0,0.0,1.0,1.0,0.0,0.0,0.0,0.0,0.0,0.0,1.0,1.0
41,31490.63,2766.2192,125.0,0.0,7.0,5.0,17.0,0.0,18.0,8.0,7.39,0.0,708.5,25.92709,196.70932,349.9126,0,0,0,0,0,1,0,0,0,0,0.0,0.0,0.0,0.0,0.0,0.0,0.0,1.0,0.0,0.0,0.0,0.0,0.0,0.0,0.0,0.0,0.0,1.0,0.0,1.0,0.0,0.0,0.0,1.0,0.0,0.0,1.0
21,17856.72,1440.06,77.0,75.867775,8.0,6.0,23.0,6.0,41.0,19.0,-4.35,10.0,1431.47,38.489773,87.08662,271.0516,0,0,1,1,0,0,0,1,0,0,0.0,1.0,0.0,0.0,0.0,0.0,0.0,0.0,0.0,0.0,0.0,0.0,0.0,0.0,0.0,1.0,0.0,0.0,0.0,1.0,0.0,0.0,0.0,0.0,0.0,1.0,0.0
21,7177.535,412.12793,29.0,22.084282,9.0,9.0,16.0,5.0,45.0,15.0,7.48,10.0,1339.34,35.35403,41.913498,267.21503,1,1,0,0,1,0,1,1,0,0,1.0,0.0,0.0,0.0,0.0,0.0,0.0,0.0,0.0,0.0,0.0,0.0,0.0,0.0,0.0,0.0,0.0,1.0,0.0,1.0,0.0,0.0,0.0,0.0,0.0,1.0,0.0
21,14403.86,1032.3217,127.0,0.0,4.0,4.0,13.0,0.0,29.0,10.0,5.08,4.0,1431.62,34.911625,77.874306,295.35785,0,0,0,0,0,1,0,0,0,0,0.0,0.0,0.0,0.0,0.0,0.0,0.0,0.0,1.0,0.0,0.0,0.0,0.0,0.0,0.0,0.0,0.0,1.0,0.0,1.0,0.0,0.0,0.0,0.0,0.0,1.0,1.0
28,63030.88,5532.573,60.0,288.00418,10.0,7.0,31.0,6.0,24.0,11.0,9.28,8.0,1767.61,25.060944,62.467667,452.7855,0,1,0,1,0,0,0,0,1,1,0.0,0.0,0.0,0.0,0.0,1.0,0.0,0.0,0.0,0.0,0.0,0.0,0.0,0.0,0.0,0.0,0.0,1.0,0.0,1.0,0.0,1.0,0.0,0.0,0.0,0.0,0.0
55,27175.69,2236.6409,110.0,14.742148,8.0,3.0,17.0,1.0,11.0,14.0,0.47,3.0,1010.89,30.031658,28.52954,420.3924,0,0,1,0,0,0,0,0,0,0,0.0,0.0,0.0,0.0,1.0,0.0,0.0,0.0,0.0,0.0,0.0,0.0,0.0,0.0,0.0,0.0,0.0,1.0,0.0,1.0,1.0,0.0,0.0,0.0,0.0,0.0,1.0
43,26848.21,2022.3508,79.0,22.08256,4.0,7.0,9.0,1.0,12.0,17.0,1.68,1.0,1476.59,33.854282,190.39563,269.7569,0,1,0,0,0,0,0,0,0,0,0.0,0.0,0.0,0.0,0.0,0.0,0.0,0.0,0.0,0.0,0.0,0.0,0.0,0.0,1.0,0.0,0.0,1.0,1.0,0.0,0.0,0.0,0.0,0.0,1.0,0.0,2.0
35,18630.47,1549.5392,58.0,25.625586,9.0,6.0,32.0,3.0,52.0,16.0,5.42,9.0,2315.02,27.42241,98.5897,320.73865,1,0,0,0,1,0,0,1,0,0,0.0,0.0,0.0,0.0,0.0,0.0,1.0,0.0,0.0,0.0,0.0,0.0,0.0,0.0,0.0,1.0,0.0,0.0,0.0,1.0,0.0,0.0,0.0,0.0,0.0,1.0,0.0
21,19395.73,1550.3108,52.0,60.387897,5.0,4.0,17.0,6.0,14.0,19.0,9.33,8.0,2694.8,27.161179,174.51128,210.13191,1,0,0,0,0,0,1,1,1,0,0.0,0.0,0.0,0.0,0.0,0.0,0.0,0.0,0.0,1.0,0.0,0.0,0.0,0.0,0.0,0.0,0.0,1.0,0.0,1.0,0.0,0.0,0.0,0.0,0.0,1.0,1.0
21,68751.75,5468.3125,119.0,0.0,6.0,3.0,10.0,0.0,29.0,14.0,3.61,1.0,64.47,31.492592,95.48374,691.34753,0,0,0,0,0,1,0,0,0,0,0.0,0.0,0.0,0.0,0.0,0.0,0.0,1.0,0.0,0.0,0.0,0.0,0.0,0.0,0.0,0.0,1.0,0.0,1.0,0.0,1.0,0.0,0.0,0.0,0.0,0.0,2.0
31,30429.91,2808.826,116.0,29.914076,4.0,6.0,16.0,2.0,29.0,17.0,3.67,3.0,362.48,33.903603,62.098484,438.87003,1,0,0,0,0,0,0,0,0,0,0.0,0.0,0.0,0.0,0.0,0.0,0.0,0.0,1.0,0.0,0.0,0.0,0.0,0.0,0.0,0.0,0.0,1.0,1.0,0.0,0.0,1.0,0.0,0.0,0.0,0.0,1.0
21,29937.85,2605.8208,80.0,20.779413,0.0,1.0,2.0,1.0,8.0,3.0,2.05,6.0,720.68,23.412676,189.45082,340.35184,0,0,0,0,0,0,0,0,0,1,0.0,0.0,1.0,0.0,0.0,0.0,0.0,0.0,0.0,0.0,0.0,0.0,0.0,0.0,0.0,0.0,1.0,0.0,1.0,0.0,0.0,0.0,0.0,0.0,0.0,1.0,1.0
45,10024.955,941.4129,79.0,47.27916,4.0,4.0,11.0,7.0,22.0,20.0,15.03,7.0,1157.35,37.146347,83.74667,243.11546,0,1,1,1,1,0,0,1,1,0,0.0,0.0,0.0,0.0,0.0,0.0,0.0,1.0,0.0,0.0,0.0,0.0,0.0,0.0,0.0,0.0,0.0,1.0,0.0,1.0,0.0,0.0,0.0,0.0,1.0,0.0,1.0
43,44295.54,3677.295,51.0,65.57597,8.0,6.0,30.0,2.0,38.0,18.0,11.96,6.0,1280.42,36.666718,42.346157,509.80737,0,1,0,0,0,0,0,0,0,1,0.0,0.0,0.0,0.0,0.0,0.0,0.0,0.0,1.0,0.0,0.0,0.0,0.0,0.0,0.0,0.0,0.0,1.0,0.0,1.0,0.0,1.0,0.0,0.0,0.0,0.0,1.0
22,17701.62,1345.135,60.0,38.24883,5.0,4.0,13.0,4.0,25.0,13.0,9.37,11.0,816.95,27.453405,66.86626,299.3984,0,0,0,1,0,0,1,0,1,0,0.0,0.0,1.0,0.0,0.0,0.0,0.0,0.0,0.0,0.0,0.0,0.0,0.0,0.0,0.0,0.0,0.0,1.0,0.0,1.0,0.0,0.0,0.0,1.0,0.0,0.0,1.0
43,13613.385,1078.4487,73.0,0.0,7.0,6.0,11.0,0.0,5.0,19.0,15.83,5.0,506.93,29.669989,68.925575,318.9193,0,0,0,0,0,1,0,0,0,0,0.0,0.0,0.0,0.0,0.0,0.0,0.0,0.0,0.0,0.0,0.0,0.0,0.0,1.0,0.0,0.0,0.0,1.0,0.0,1.0,0.0,0.0,0.0,0.0,1.0,0.0,1.0
41,12162.055,805.5046,125.0,27.806879,5.0,7.0,13.0,3.0,20.0,11.0,13.84,0.0,1179.95,34.80674,95.57902,247.16457,1,0,0,1,0,0,0,1,0,0,0.0,0.0,1.0,0.0,0.0,0.0,0.0,0.0,0.0,0.0,0.0,0.0,0.0,0.0,0.0,0.0,0.0,1.0,0.0,1.0,0.0,0.0,0.0,0.0,0.0,1.0,1.0
33,16114.17,1160.8475,82.0,25.779886,3.0,6.0,13.0,2.0,26.0,13.0,16.99,6.0,1246.74,27.514805,35.396362,304.9085,0,1,0,0,0,0,0,0,0,1,0.0,0.0,0.0,0.0,0.0,0.0,0.0,0.0,0.0,0.0,0.0,0.0,0.0,0.0,1.0,0.0,0.0,1.0,0.0,1.0,0.0,1.0,0.0,0.0,0.0,0.0,2.0
36,22312.07,2013.3391,98.0,32.891186,0.0,4.0,4.0,3.0,9.0,8.0,9.04,3.0,51.37,29.672066,241.07207,217.37065,0,0,1,1,0,0,0,0,0,1,0.0,0.0,0.0,0.0,0.0,0.0,0.0,1.0,0.0,0.0,0.0,0.0,0.0,0.0,0.0,0.0,1.0,0.0,1.0,0.0,0.0,0.0,0.0,0.0,0.0,1.0,2.0
53,18579.36,1298.28,122.0,16.174858,0.0,4.0,2.0,2.0,4.0,10.0,10.14,1.0,1329.98,35.65027,133.06042,270.5927,0,0,0,1,0,0,0,0,0,1,0.0,0.0,0.0,0.0,0.0,0.0,0.0,0.0,0.0,0.0,0.0,0.0,0.0,0.0,1.0,0.0,1.0,0.0,1.0,0.0,0.0,0.0,0.0,0.0,0.0,1.0,0.0
51,38107.36,2955.6133,96.0,73.57947,8.0,7.0,12.0,3.0,30.0,16.0,1.96,2.0,1472.7,32.685165,164.52625,347.45563,1,1,0,0,0,0,0,0,0,0,0.0,0.0,0.0,0.0,0.0,0.0,1.0,0.0,0.0,0.0,0.0,0.0,0.0,0.0,0.0,0.0,0.0,1.0,1.0,0.0,0.0,0.0,0.0,0.0,0.0,1.0,0.0
40,7518.71,505.55917,35.0,9.552502,6.0,4.0,15.0,3.0,16.0,19.0,12.89,9.0,832.0,36.390884,20.161345,280.84207,1,0,0,0,0,0,1,0,0,0,0.0,0.0,0.0,0.0,0.0,0.0,0.0,0.0,0.0,0.0,0.0,0.0,1.0,0.0,0.0,0.0,0.0,1.0,0.0,1.0,0.0,0.0,1.0,0.0,0.0,0.0,1.0
51,24749.2,2142.4333,135.0,12.428472,4.0,4.0,19.0,1.0,30.0,10.0,4.41,4.0,1188.44,29.410929,32.368343,419.44653,0,0,0,0,0,0,1,0,0,0,0.0,0.0,0.0,0.0,0.0,0.0,0.0,0.0,1.0,0.0,0.0,0.0,0.0,0.0,0.0,0.0,0.0,1.0,1.0,0.0,0.0,1.0,0.0,0.0,0.0,0.0,1.0
24,71172.68,5685.0566,112.0,94.03522,4.0,5.0,11.0,2.0,20.0,20.0,1.32,1.0,193.48,37.307285,116.59358,607.87683,1,0,0,0,0,0,0,0,1,0,0.0,0.0,0.0,0.0,0.0,0.0,1.0,0.0,0.0,0.0,0.0,0.0,0.0,0.0,0.0,0.0,1.0,0.0,1.0,0.0,0.0,1.0,0.0,0.0,0.0,0.0,2.0
22,20655.07,1726.2559,85.0,27.516481,7.0,5.0,9.0,2.0,15.0,13.0,9.88,10.0,1027.83,32.985363,68.03091,327.0782,1,0,0,0,0,0,1,0,0,0,0.0,1.0,0.0,0.0,0.0,0.0,0.0,0.0,0.0,0.0,0.0,0.0,0.0,0.0,0.0,0.0,0.0,1.0,0.0,1.0,0.0,1.0,0.0,0.0,0.0,0.0,2.0
43,16595.94,1175.995,32.0,40.69342,7.0,5.0,27.0,4.0,29.0,15.0,18.35,6.0,1747.16,24.385073,117.69063,249.21545,1,1,0,1,0,0,0,0,0,1,1.0,0.0,0.0,0.0,0.0,0.0,0.0,0.0,0.0,0.0,0.0,0.0,0.0,0.0,0.0,0.0,0.0,1.0,0.0,1.0,0.0,0.0,0.0,0.0,0.0,1.0,0.0
18,28631.79,2453.9824,78.0,65.284966,3.0,3.0,11.0,3.0,31.0,17.0,13.94,9.0,685.37,33.71095,232.4021,227.71118,0,1,0,1,0,0,0,1,0,0,0.0,0.0,0.0,0.0,0.0,1.0,0.0,0.0,0.0,0.0,0.0,0.0,0.0,0.0,0.0,0.0,0.0,1.0,0.0,1.0,0.0,0.0,0.0,0.0,1.0,0.0,1.0
26,45834.57,3816.5476,69.0,54.293095,7.0,7.0,19.0,2.0,9.0,15.0,15.07,8.0,2482.46,26.895702,230.12137,387.2403,0,0,0,0,1,0,0,0,0,1,0.0,0.0,0.0,0.0,0.0,0.0,0.0,0.0,0.0,0.0,0.0,0.0,0.0,0.0,1.0,0.0,0.0,1.0,0.0,1.0,0.0,0.0,0.0,0.0,0.0,1.0,0.0
16,38721.76,3104.8132,73.0,41.164303,10.0,6.0,23.0,2.0,34.0,22.0,8.26,11.0,2443.51,32.844837,196.35611,332.9609,0,0,0,1,0,0,0,0,0,0,0.0,0.0,0.0,0.0,0.0,0.0,0.0,0.0,0.0,0.0,0.0,0.0,0.0,0.0,1.0,1.0,0.0,0.0,0.0,1.0,0.0,0.0,1.0,0.0,0.0,0.0,0.0
32,16481.715,1537.4762,41.0,66.68122,7.0,3.0,15.0,6.0,11.0,5.0,16.59,8.0,145.32,32.097977,112.153465,254.91293,1,0,0,0,0,0,1,1,0,1,0.0,0.0,0.0,0.0,0.0,0.0,0.0,1.0,0.0,0.0,0.0,0.0,0.0,0.0,0.0,0.0,0.0,1.0,0.0,1.0,0.0,0.0,0.0,0.0,1.0,0.0,1.0
31,37302.1,3320.5083,90.0,80.27175,3.0,2.0,12.0,4.0,13.0,12.0,3.07,1.0,907.73,31.328772,130.7174,371.06168,0,0,1,0,1,0,1,0,0,0,0.0,0.0,0.0,0.0,0.0,0.0,0.0,0.0,1.0,0.0,0.0,0.0,0.0,0.0,0.0,0.0,1.0,0.0,1.0,0.0,0.0,1.0,0.0,0.0,0.0,0.0,2.0
29,93169.92,7794.16,108.0,112.340294,6.0,7.0,18.0,2.0,6.0,12.0,19.62,1.0,1110.09,29.109188,241.85143,705.22424,0,0,0,0,1,0,0,1,0,0,0.0,0.0,0.0,0.0,0.0,0.0,0.0,1.0,0.0,0.0,0.0,0.0,0.0,0.0,0.0,0.0,0.0,1.0,0.0,1.0,0.0,0.0,0.0,0.0,1.0,0.0,1.0
25,12593.445,763.45374,71.0,18.944548,4.0,4.0,7.0,2.0,7.0,12.0,15.42,5.0,43.68,34.6357,91.50274,255.89809,0,1,0,0,0,0,0,0,1,0,0.0,1.0,0.0,0.0,0.0,0.0,0.0,0.0,0.0,0.0,0.0,0.0,0.0,0.0,0.0,0.0,0.0,1.0,0.0,1.0,0.0,0.0,0.0,0.0,0.0,1.0,1.0
42,73683.69,5952.3076,136.0,152.87177,8.0,7.0,9.0,3.0,18.0,8.0,8.35,5.0,520.26,32.93502,426.1584,306.20062,0,0,0,0,0,0,1,1,1,0,0.0,1.0,0.0,0.0,0.0,0.0,0.0,0.0,0.0,0.0,0.0,0.0,0.0,0.0,0.0,0.0,0.0,1.0,0.0,1.0,0.0,0.0,0.0,0.0,0.0,1.0,1.0
27,97868.73,8272.728,136.0,156.05536,6.0,5.0,11.0,2.0,8.0,20.0,4.68,4.0,355.24,36.1497,194.75279,716.4646,0,0,0,0,0,0,1,0,0,1,0.0,0.0,0.0,0.0,0.0,0.0,0.0,0.0,0.0,0.0,0.0,0.0,1.0,0.0,0.0,0.0,1.0,0.0,1.0,0.0,1.0,0.0,0.0,0.0,0.0,0.0,2.0
38,38580.05,3385.0042,119.0,16.22521,0.0,5.0,4.0,1.0,9.0,6.0,7.73,4.0,211.92,34.341797,55.212585,507.06262,0,0,0,0,0,0,0,1,0,0,0.0,0.0,0.0,0.0,0.0,0.0,0.0,1.0,0.0,0.0,0.0,0.0,0.0,0.0,0.0,0.0,1.0,0.0,1.0,0.0,1.0,0.0,0.0,0.0,0.0,0.0,0.0
19,64933.76,5368.1465,56.0,193.69258,3.0,3.0,33.0,4.0,15.0,19.0,19.04,6.0,2699.17,32.00633,62.668163,520.4539,1,0,1,1,1,0,0,0,0,0,0.0,0.0,0.0,0.0,1.0,0.0,0.0,0.0,0.0,0.0,0.0,0.0,0.0,0.0,0.0,0.0,0.0,1.0,0.0,1.0,1.0,0.0,0.0,0.0,0.0,0.0,0.0
51,112400.24,9657.687,133.0,203.51756,7.0,7.0,19.0,4.0,22.0,16.0,18.63,4.0,57.91,39.06995,282.53976,354.79333,0,0,0,0,1,0,0,0,1,0,0.0,0.0,0.0,0.0,0.0,0.0,0.0,0.0,0.0,0.0,0.0,0.0,0.0,0.0,1.0,0.0,0.0,1.0,0.0,1.0,0.0,0.0,0.0,0.0,1.0,0.0,1.0
42,19833.55,1674.7958,32.0,50.84006,7.0,7.0,23.0,4.0,28.0,20.0,2.88,8.0,1316.95,32.162495,125.768234,280.87128,1,1,0,1,0,0,1,0,0,0,0.0,0.0,0.0,0.0,0.0,1.0,0.0,0.0,0.0,0.0,0.0,0.0,0.0,0.0,0.0,1.0,0.0,0.0,0.0,1.0,0.0,0.0,0.0,0.0,0.0,1.0,0.0
24,47504.49,3760.7075,53.0,146.04816,8.0,7.0,28.0,6.0,47.0,15.0,22.55,8.0,2515.23,37.83103,105.13129,374.8913,1,0,1,0,1,0,1,0,0,0,0.0,0.0,1.0,0.0,0.0,0.0,0.0,0.0,0.0,0.0,0.0,0.0,0.0,0.0,0.0,1.0,0.0,0.0,0.0,1.0,0.0,1.0,0.0,0.0,0.0,0.0,1.0
37,104653.62,9004.135,82.0,198.3747,0.0,2.0,5.0,4.0,7.0,9.0,-1.39,1.0,1221.03,30.357105,307.45258,644.58624,0,0,1,0,0,0,1,1,0,1,0.0,0.0,1.0,0.0,0.0,0.0,0.0,0.0,0.0,0.0,0.0,0.0,0.0,0.0,0.0,0.0,1.0,0.0,1.0,0.0,0.0,1.0,0.0,0.0,0.0,0.0,1.0
39,16041.33,1281.7775,31.0,76.80902,9.0,6.0,24.0,9.0,49.0,20.0,27.32,11.0,2509.58,26.400053,49.71077,291.65796,1,1,1,0,1,0,0,0,1,1,0.0,1.0,0.0,0.0,0.0,0.0,0.0,0.0,0.0,0.0,0.0,0.0,0.0,0.0,0.0,1.0,0.0,0.0,0.0,1.0,0.0,0.0,0.0,0.0,0.0,1.0,1.0
28,44219.46,3855.955,33.0,206.32104,6.0,7.0,12.0,7.0,25.0,10.0,18.21,7.0,1685.8,21.264254,360.28845,88.98599,1,0,1,1,1,0,1,1,0,0,0.0,0.0,0.0,0.0,0.0,0.0,0.0,0.0,0.0,0.0,0.0,0.0,1.0,0.0,0.0,0.0,0.0,1.0,0.0,1.0,0.0,0.0,0.0,1.0,0.0,0.0,1.0
24,14156.88,1251.74,114.0,36.65801,3.0,4.0,4.0,4.0,-1.0,9.0,8.86,4.0,602.3,28.227135,102.571106,255.94489,0,0,0,1,1,0,1,1,0,0,1.0,0.0,0.0,0.0,0.0,0.0,0.0,0.0,0.0,0.0,0.0,0.0,0.0,0.0,0.0,0.0,1.0,0.0,1.0,0.0,0.0,0.0,0.0,1.0,0.0,0.0,2.0
34,31906.07,2847.839,64.0,16.18594,5.0,4.0,13.0,1.0,17.0,14.0,3.38,0.0,901.87,28.469458,241.71277,296.8852,0,1,0,0,0,0,0,0,0,0,0.0,0.0,0.0,0.0,0.0,0.0,0.0,0.0,0.0,0.0,0.0,0.0,0.0,1.0,0.0,0.0,0.0,1.0,0.0,1.0,0.0,0.0,0.0,1.0,0.0,0.0,1.0
43,17889.404,1244.7837,112.0,57.3385,1.0,1.0,4.0,4.0,6.0,5.0,0.93,3.0,1035.28,23.745436,81.54771,275.59216,1,1,0,1,0,0,0,0,0,0,0.0,0.0,0.0,0.0,0.0,0.0,0.0,0.0,0.0,1.0,0.0,0.0,0.0,0.0,0.0,0.0,1.0,0.0,1.0,0.0,0.0,0.0,0.0,0.0,0.0,1.0,2.0
33,17685.03,1358.7524,76.0,27.207443,8.0,7.0,2.0,2.0,11.0,19.0,15.63,0.0,207.1,31.33847,91.91569,306.75214,0,1,1,0,0,0,0,0,0,0,0.0,0.0,0.0,0.0,0.0,1.0,0.0,0.0,0.0,0.0,0.0,0.0,0.0,0.0,0.0,0.0,1.0,0.0,1.0,0.0,0.0,0.0,0.0,0.0,0.0,1.0,1.0
46,25759.24,2007.6034,138.0,19.759716,4.0,5.0,6.0,1.0,22.0,18.0,3.69,2.0,766.58,37.542797,72.95388,358.04672,0,0,0,1,0,0,0,0,0,0,0.0,0.0,0.0,0.0,0.0,1.0,0.0,0.0,0.0,0.0,0.0,0.0,0.0,0.0,0.0,0.0,0.0,1.0,1.0,0.0,0.0,1.0,0.0,0.0,0.0,0.0,1.0
20,42321.5,3345.7917,124.0,0.0,3.0,3.0,9.0,0.0,6.0,2.0,8.43,4.0,688.61,41.20645,30.280037,544.29913,0,0,0,0,0,1,0,0,0,0,0.0,0.0,0.0,0.0,0.0,0.0,0.0,0.0,0.0,0.0,0.0,0.0,0.0,1.0,0.0,0.0,1.0,0.0,1.0,0.0,1.0,0.0,0.0,0.0,0.0,0.0,2.0
34,56135.16,4753.93,35.0,190.10228,7.0,5.0,17.0,7.0,19.0,13.0,14.23,7.0,2689.93,31.608076,183.5097,351.781,1,1,0,0,1,0,1,1,0,1,1.0,0.0,0.0,0.0,0.0,0.0,0.0,0.0,0.0,0.0,0.0,0.0,0.0,0.0,0.0,0.0,0.0,1.0,0.0,1.0,0.0,0.0,1.0,0.0,0.0,0.0,1.0
54,35664.72,3258.06,101.0,15.548043,5.0,5.0,3.0,1.0,15.0,1.0,9.41,8.0,724.12,36.543575,102.63332,457.62463,0,0,0,0,0,0,0,0,1,0,0.0,0.0,0.0,0.0,0.0,0.0,0.0,0.0,0.0,0.0,0.0,0.0,0.0,0.0,1.0,0.0,1.0,0.0,1.0,0.0,0.0,1.0,0.0,0.0,0.0,0.0,0.0
41,21088.46,1517.3717,130.0,33.446545,0.0,7.0,8.0,2.0,7.0,14.0,4.85,0.0,810.51,31.833231,143.70734,264.58328,0,1,1,0,0,0,0,0,0,0,0.0,0.0,0.0,0.0,0.0,0.0,0.0,0.0,0.0,1.0,0.0,0.0,0.0,0.0,0.0,0.0,1.0,0.0,1.0,0.0,0.0,0.0,0.0,0.0,0.0,1.0,2.0
40,103744.83,8398.402,108.0,160.9704,6.0,6.0,18.0,3.0,28.0,17.0,0.78,6.0,484.98,34.434772,420.9803,527.8896,0,0,1,0,0,0,1,1,0,0,0.0,0.0,0.0,0.0,0.0,1.0,0.0,0.0,0.0,0.0,0.0,0.0,0.0,0.0,0.0,0.0,0.0,1.0,1.0,0.0,0.0,0.0,0.0,1.0,0.0,0.0,1.0
24,65844.86,5363.072,77.0,199.63576,7.0,4.0,10.0,7.0,15.0,14.0,8.23,8.0,1460.73,36.52268,187.07333,399.59808,0,1,0,1,1,0,1,0,1,1,0.0,0.0,0.0,0.0,0.0,1.0,0.0,0.0,0.0,0.0,0.0,0.0,0.0,0.0,0.0,0.0,0.0,1.0,0.0,1.0,0.0,1.0,0.0,0.0,0.0,0.0,1.0
45,8779.145,507.59543,32.0,32.40643,10.0,6.0,32.0,7.0,22.0,22.0,3.33,11.0,1636.23,38.686085,18.621353,289.73175,1,0,0,1,1,0,0,1,0,1,0.0,0.0,1.0,0.0,0.0,0.0,0.0,0.0,0.0,0.0,0.0,0.0,0.0,0.0,0.0,1.0,0.0,0.0,0.0,1.0,0.0,0.0,0.0,0.0,0.0,1.0,0.0
32,28694.16,2544.18,24.0,123.7044,8.0,9.0,15.0,8.0,44.0,23.0,6.52,10.0,2481.83,30.823242,84.82437,315.88922,0,1,0,1,1,0,0,0,1,0,0.0,0.0,0.0,0.0,0.0,0.0,0.0,1.0,0.0,0.0,0.0,0.0,0.0,0.0,0.0,1.0,0.0,0.0,0.0,1.0,0.0,1.0,0.0,0.0,0.0,0.0,0.0
42,67841.78,5562.4814,112.0,177.35078,8.0,3.0,14.0,4.0,28.0,17.0,2.35,3.0,1475.39,36.470894,214.02516,424.87222,0,0,0,0,1,0,0,1,0,0,1.0,0.0,0.0,0.0,0.0,0.0,0.0,0.0,0.0,0.0,0.0,0.0,0.0,0.0,0.0,0.0,0.0,1.0,0.0,1.0,0.0,0.0,0.0,0.0,0.0,1.0,1.0
37,25173.5,2219.7917,71.0,61.857273,6.0,4.0,14.0,3.0,9.0,13.0,17.2,7.0,955.58,39.779922,204.9797,225.14218,0,0,1,0,0,0,1,0,0,0,0.0,0.0,0.0,0.0,0.0,0.0,1.0,0.0,0.0,0.0,0.0,0.0,0.0,0.0,0.0,0.0,0.0,1.0,0.0,1.0,0.0,0.0,0.0,1.0,0.0,0.0,1.0
27,14388.77,1060.0642,27.0,30.09507,4.0,5.0,16.0,3.0,6.0,10.0,18.17,6.0,1836.93,35.46395,37.65544,328.25592,1,1,0,1,0,0,0,0,0,0,0.0,0.0,0.0,0.0,0.0,0.0,0.0,0.0,0.0,0.0,0.0,0.0,0.0,1.0,0.0,0.0,0.0,1.0,0.0,1.0,0.0,0.0,0.0,0.0,0.0,1.0,0.0
40,90662.43,7701.2026,53.0,267.1839,8.0,5.0,8.0,6.0,21.0,8.0,13.76,8.0,208.35,32.306576,160.59546,582.3409,0,0,1,0,1,0,1,0,0,1,0.0,0.0,0.0,0.0,0.0,0.0,0.0,0.0,0.0,0.0,0.0,0.0,1.0,0.0,0.0,0.0,0.0,1.0,0.0,1.0,1.0,0.0,0.0,0.0,0.0,0.0,1.0
23,18769.1,1460.0917,58.0,81.021324,5.0,3.0,21.0,7.0,24.0,18.0,15.87,10.0,2590.93,33.782578,47.6013,267.38654,0,0,1,0,0,0,1,1,1,1,0.0,0.0,1.0,0.0,0.0,0.0,0.0,0.0,0.0,0.0,0.0,0.0,0.0,0.0,0.0,0.0,0.0,1.0,0.0,1.0,0.0,1.0,0.0,0.0,0.0,0.0,0.0
30,57857.1,4812.425,38.0,85.77312,4.0,8.0,30.0,3.0,27.0,11.0,11.8,8.0,2019.49,23.994091,284.8648,400.60458,1,0,0,0,0,0,0,0,0,1,0.0,0.0,1.0,0.0,0.0,0.0,0.0,0.0,0.0,0.0,0.0,0.0,0.0,0.0,0.0,0.0,0.0,1.0,0.0,1.0,0.0,0.0,0.0,0.0,0.0,1.0,0.0
16,16157.79,1159.4825,70.0,88.83505,6.0,4.0,9.0,7.0,9.0,13.0,13.54,5.0,1665.02,22.152948,73.86597,226.87967,0,0,0,0,1,0,0,1,1,1,0.0,0.0,0.0,0.0,0.0,0.0,0.0,0.0,0.0,0.0,0.0,0.0,0.0,1.0,0.0,0.0,0.0,1.0,0.0,1.0,0.0,0.0,0.0,0.0,1.0,0.0,1.0
20,16944.54,1689.045,134.0,0.0,8.0,5.0,16.0,0.0,17.0,17.0,19.04,4.0,1066.99,36.183598,85.251625,373.6529,0,0,0,0,0,1,0,0,0,0,0.0,0.0,0.0,0.0,0.0,1.0,0.0,0.0,0.0,0.0,0.0,0.0,0.0,0.0,0.0,0.0,0.0,1.0,0.0,1.0,0.0,0.0,0.0,0.0,0.0,1.0,1.0
16,30773.87,2593.4893,66.0,28.910975,4.0,4.0,19.0,2.0,30.0,15.0,15.84,4.0,1449.51,27.806196,121.134514,379.30344,1,0,1,0,0,0,0,0,0,0,0.0,0.0,0.0,0.0,0.0,0.0,0.0,0.0,0.0,0.0,0.0,0.0,1.0,0.0,0.0,0.0,0.0,1.0,0.0,1.0,0.0,0.0,0.0,1.0,0.0,0.0,1.0
35,37898.34,3244.195,61.0,49.670387,8.0,7.0,24.0,3.0,15.0,9.0,9.97,11.0,2543.03,25.873318,27.933853,486.81525,0,0,1,0,0,0,1,1,0,0,1.0,0.0,0.0,0.0,0.0,0.0,0.0,0.0,0.0,0.0,0.0,0.0,0.0,0.0,0.0,0.0,0.0,1.0,0.0,1.0,1.0,0.0,0.0,0.0,0.0,0.0,0.0
38,33683.95,3076.9958,95.0,111.91061,3.0,5.0,19.0,4.0,17.0,17.0,11.23,2.0,1390.77,24.186695,304.3097,181.47928,0,0,0,0,0,0,1,1,1,1,0.0,0.0,0.0,0.0,1.0,0.0,0.0,0.0,0.0,0.0,0.0,0.0,0.0,0.0,0.0,0.0,0.0,1.0,1.0,0.0,0.0,0.0,0.0,0.0,0.0,1.0,1.0
41,60182.7,4800.225,83.0,265.40054,6.0,7.0,5.0,7.0,30.0,9.0,17.86,5.0,1742.58,27.178585,191.08078,313.54117,0,0,0,1,1,0,1,0,1,1,0.0,0.0,0.0,0.0,0.0,0.0,0.0,0.0,0.0,0.0,0.0,0.0,1.0,0.0,0.0,0.0,0.0,1.0,0.0,1.0,0.0,0.0,0.0,0.0,0.0,1.0,0.0
29,14129.42,1027.4517,73.0,55.225506,5.0,4.0,27.0,5.0,29.0,11.0,8.63,8.0,2550.42,29.37581,49.985035,287.53464,0,1,0,1,0,0,1,0,0,0,0.0,0.0,0.0,0.0,0.0,0.0,0.0,1.0,0.0,0.0,0.0,0.0,0.0,0.0,0.0,0.0,0.0,1.0,0.0,1.0,0.0,0.0,0.0,0.0,0.0,1.0,0.0
43,21759.54,1693.295,102.0,10.444344,3.0,4.0,11.0,1.0,18.0,16.0,13.1,2.0,1218.27,35.41374,177.8845,271.00064,1,0,0,0,0,0,0,0,0,0,0.0,0.0,0.0,0.0,0.0,0.0,0.0,0.0,0.0,0.0,0.0,0.0,0.0,1.0,0.0,0.0,0.0,1.0,1.0,0.0,0.0,0.0,0.0,0.0,0.0,1.0,0.0
55,26918.64,2494.22,112.0,11.854837,7.0,4.0,9.0,1.0,5.0,17.0,9.24,3.0,226.5,33.72981,49.995026,437.57214,0,0,0,0,0,0,1,0,0,0,0.0,0.0,0.0,0.0,0.0,0.0,0.0,0.0,0.0,0.0,1.0,0.0,0.0,0.0,0.0,0.0,0.0,1.0,0.0,1.0,0.0,1.0,0.0,0.0,0.0,0.0,2.0
22,20290.79,1477.2195,52.0,235.0544,6.0,8.0,23.0,5.0,39.0,23.0,15.81,10.0,2727.69,27.88694,63.257076,276.15808,1,0,0,0,1,0,1,0,1,1,0.0,0.0,0.0,0.0,0.0,0.0,0.0,0.0,1.0,0.0,0.0,0.0,0.0,0.0,0.0,1.0,0.0,0.0,0.0,1.0,0.0,1.0,0.0,0.0,0.0,0.0,1.0
37,54315.46,4473.2886,83.0,109.07535,8.0,4.0,5.0,4.0,28.0,20.0,17.39,5.0,286.69,28.378618,39.16156,539.0919,1,0,1,0,0,0,0,0,1,0,0.0,0.0,1.0,0.0,0.0,0.0,0.0,0.0,0.0,0.0,0.0,0.0,0.0,0.0,0.0,0.0,0.0,1.0,0.0,1.0,1.0,0.0,0.0,0.0,0.0,0.0,1.0
42,20562.56,1651.5466,46.0,28.58877,5.0,6.0,31.0,2.0,23.0,13.0,11.16,9.0,2491.07,26.665045,111.7796,304.7863,0,1,0,0,0,0,1,0,0,0,0.0,0.0,0.0,0.0,0.0,0.0,0.0,0.0,0.0,0.0,0.0,0.0,0.0,0.0,1.0,0.0,0.0,1.0,0.0,1.0,0.0,0.0,0.0,0.0,1.0,0.0,1.0
43,26980.83,2363.4026,72.0,38.552628,7.0,3.0,6.0,2.0,10.0,14.0,2.41,2.0,156.14,29.229136,124.08216,343.70547,0,0,1,0,0,0,0,1,0,0,0.0,0.0,0.0,0.0,0.0,1.0,0.0,0.0,0.0,0.0,0.0,0.0,0.0,0.0,0.0,0.0,0.0,1.0,1.0,0.0,0.0,0.0,0.0,1.0,0.0,0.0,1.0
32,16216.795,1454.3995,102.0,0.0,5.0,6.0,13.0,0.0,22.0,10.0,1.1,4.0,1470.14,32.311047,82.7466,322.69336,0,0,0,0,0,1,0,0,0,0,0.0,0.0,0.0,0.0,0.0,0.0,0.0,0.0,1.0,0.0,0.0,0.0,0.0,0.0,0.0,0.0,0.0,1.0,1.0,0.0,0.0,0.0,0.0,1.0,0.0,0.0,1.0
42,40225.32,3609.11,69.0,18.377422,0.0,5.0,11.0,1.0,11.0,1.0,8.02,8.0,674.01,38.963066,116.31641,375.10855,0,0,0,0,0,0,0,0,0,1,0.0,0.0,0.0,0.0,0.0,0.0,0.0,0.0,0.0,0.0,0.0,0.0,0.0,1.0,0.0,0.0,1.0,0.0,1.0,0.0,0.0,0.0,0.0,0.0,1.0,0.0,1.0
32,33652.17,2602.3474,68.0,18.995377,2.0,5.0,8.0,1.0,10.0,10.0,4.07,1.0,306.53,34.39923,41.23665,450.00272,0,0,1,0,0,0,0,0,0,0,0.0,0.0,0.0,0.0,1.0,0.0,0.0,0.0,0.0,0.0,0.0,0.0,0.0,0.0,0.0,0.0,1.0,0.0,1.0,0.0,0.0,1.0,0.0,0.0,0.0,0.0,2.0
50,19519.66,1400.6383,132.0,45.557415,3.0,3.0,16.0,3.0,27.0,17.0,5.84,1.0,529.09,26.898952,111.32919,273.17722,0,0,0,1,0,0,1,0,0,0,0.0,0.0,0.0,0.0,0.0,0.0,0.0,0.0,0.0,0.0,0.0,0.0,0.0,0.0,1.0,0.0,0.0,1.0,0.0,1.0,0.0,0.0,0.0,0.0,0.0,1.0,1.0
24,32737.58,2729.1316,129.0,78.59702,0.0,5.0,6.0,3.0,10.0,11.0,3.43,5.0,568.77,31.69391,107.69202,366.6241,0,0,0,0,0,0,1,1,1,0,0.0,0.0,1.0,0.0,0.0,0.0,0.0,0.0,0.0,0.0,0.0,0.0,0.0,0.0,0.0,0.0,1.0,0.0,1.0,0.0,0.0,0.0,0.0,0.0,1.0,0.0,1.0
33,26716.09,2372.3408,65.0,55.139935,4.0,5.0,6.0,3.0,27.0,16.0,4.1,1.0,643.89,28.593992,52.122643,379.9715,0,1,0,0,0,0,1,0,1,0,0.0,1.0,0.0,0.0,0.0,0.0,0.0,0.0,0.0,0.0,0.0,0.0,0.0,0.0,0.0,0.0,0.0,1.0,1.0,0.0,0.0,1.0,0.0,0.0,0.0,0.0,2.0
31,20338.48,1745.8733,31.0,95.54932,7.0,6.0,16.0,6.0,33.0,25.0,2.93,14.0,1390.43,38.41597,24.79047,304.24756,0,1,0,0,0,0,1,1,1,1,0.0,0.0,0.0,1.0,0.0,0.0,0.0,0.0,0.0,0.0,0.0,0.0,0.0,0.0,0.0,1.0,0.0,0.0,0.0,1.0,0.0,1.0,0.0,0.0,0.0,0.0,0.0
32,42326.99,3577.2493,79.0,116.61872,0.0,2.0,4.0,4.0,9.0,10.0,5.97,0.0,1233.0,35.72678,167.53435,333.57184,1,0,0,0,1,0,0,1,0,0,0.0,0.0,0.0,0.0,0.0,0.0,0.0,0.0,0.0,0.0,0.0,0.0,0.0,0.0,1.0,0.0,1.0,0.0,1.0,0.0,0.0,0.0,1.0,0.0,0.0,0.0,2.0
23,21488.17,1681.6808,73.0,42.43151,4.0,4.0,7.0,3.0,3.0,11.0,2.86,1.0,553.06,26.013699,107.50681,278.22977,0,1,0,1,0,0,0,0,0,1,0.0,1.0,0.0,0.0,0.0,0.0,0.0,0.0,0.0,0.0,0.0,0.0,0.0,0.0,0.0,0.0,1.0,0.0,1.0,0.0,0.0,0.0,1.0,0.0,0.0,0.0,2.0
25,33940.0,2883.3333,115.0,56.50279,3.0,5.0,3.0,2.0,8.0,0.0,4.82,0.0,947.25,33.009785,182.96387,308.86667,0,0,0,0,0,0,0,0,0,1,0.0,0.0,0.0,0.0,0.0,0.0,0.0,1.0,0.0,0.0,0.0,0.0,0.0,0.0,0.0,0.0,1.0,0.0,1.0,0.0,0.0,0.0,1.0,0.0,0.0,0.0,1.0
38,20193.59,1400.7992,52.0,68.09054,3.0,3.0,8.0,5.0,18.0,12.0,11.42,6.0,1109.22,34.951027,80.70557,251.28381,0,1,0,1,1,0,1,1,0,0,0.0,0.0,0.0,1.0,0.0,0.0,0.0,0.0,0.0,0.0,0.0,0.0,0.0,0.0,0.0,0.0,0.0,1.0,0.0,1.0,0.0,0.0,1.0,0.0,0.0,0.0,1.0
43,31061.8,2534.4834,72.0,76.880135,5.0,7.0,10.0,4.0,18.0,8.0,6.13,8.0,157.62,38.29602,111.39872,345.1695,0,1,0,0,0,0,0,1,0,0,0.0,0.0,0.0,0.0,0.0,0.0,0.0,0.0,0.0,0.0,0.0,0.0,0.0,1.0,0.0,0.0,0.0,1.0,1.0,0.0,0.0,0.0,0.0,0.0,1.0,0.0,1.0
37,32995.78,2540.6484,73.0,105.687035,9.0,6.0,16.0,4.0,20.0,19.0,15.69,8.0,1338.2,28.555355,52.34552,356.0323,0,0,0,1,1,0,0,1,0,0,0.0,0.0,0.0,0.0,0.0,0.0,0.0,0.0,0.0,1.0,0.0,0.0,0.0,0.0,0.0,1.0,0.0,0.0,0.0,1.0,0.0,0.0,1.0,0.0,0.0,0.0,0.0
29,13214.895,1110.2412,60.0,64.358215,4.0,4.0,7.0,6.0,24.0,17.0,17.36,8.0,940.6,26.13892,63.100456,273.56546,0,0,1,1,1,0,0,1,1,0,0.0,0.0,0.0,0.0,0.0,1.0,0.0,0.0,0.0,0.0,0.0,0.0,0.0,0.0,0.0,0.0,0.0,1.0,0.0,1.0,0.0,0.0,0.0,0.0,0.0,1.0,1.0
31,22229.06,1672.4216,58.0,52.138474,6.0,4.0,5.0,3.0,10.0,10.0,9.44,9.0,1396.14,35.50425,37.77274,317.33096,0,0,1,1,0,0,0,0,0,0,0.0,0.0,0.0,0.0,0.0,0.0,1.0,0.0,0.0,0.0,0.0,0.0,0.0,0.0,0.0,0.0,0.0,1.0,0.0,1.0,1.0,0.0,0.0,0.0,0.0,0.0,1.0
19,23489.78,2221.4817,104.0,49.048653,7.0,5.0,12.0,4.0,16.0,13.0,6.54,0.0,530.44,37.77374,134.61787,328.48163,0,1,0,1,1,0,0,0,1,0,0.0,0.0,0.0,1.0,0.0,0.0,0.0,0.0,0.0,0.0,0.0,0.0,0.0,0.0,0.0,0.0,0.0,1.0,1.0,0.0,0.0,0.0,0.0,0.0,0.0,1.0,2.0
33,30620.69,2322.724,78.0,67.05382,3.0,7.0,10.0,3.0,11.0,8.0,10.46,3.0,1395.64,32.98047,78.748344,336.47025,0,1,0,0,1,0,0,0,1,0,0.0,0.0,0.0,0.0,0.0,0.0,0.0,0.0,0.0,0.0,0.0,0.0,0.0,0.0,1.0,0.0,1.0,0.0,1.0,0.0,0.0,1.0,0.0,0.0,0.0,0.0,1.0
41,84373.32,7035.11,92.0,93.23118,2.0,5.0,2.0,2.0,7.0,0.0,3.82,0.0,1390.19,28.309553,298.27518,572.00464,0,0,0,0,1,0,0,0,0,1,0.0,1.0,0.0,0.0,0.0,0.0,0.0,0.0,0.0,0.0,0.0,0.0,0.0,0.0,0.0,0.0,1.0,0.0,1.0,0.0,0.0,0.0,1.0,0.0,0.0,0.0,1.0
54,10943.535,931.96124,129.0,16.715902,6.0,4.0,8.0,2.0,4.0,18.0,6.88,2.0,593.95,29.162138,94.17953,272.3007,1,1,0,0,0,0,0,0,0,0,0.0,0.0,1.0,0.0,0.0,0.0,0.0,0.0,0.0,0.0,0.0,0.0,0.0,0.0,0.0,0.0,1.0,0.0,1.0,0.0,0.0,0.0,0.0,0.0,0.0,1.0,0.0
43,21578.69,1592.2241,130.0,18.878098,6.0,7.0,17.0,2.0,26.0,15.0,8.96,4.0,625.46,27.367712,100.802155,299.54218,0,0,0,0,0,0,0,1,1,0,0.0,0.0,0.0,0.0,0.0,0.0,0.0,0.0,0.0,0.0,0.0,0.0,1.0,0.0,0.0,0.0,0.0,1.0,1.0,0.0,0.0,0.0,0.0,1.0,0.0,0.0,2.0
29,33036.44,2881.0366,29.0,143.14035,4.0,3.0,17.0,6.0,27.0,16.0,13.76,5.0,1377.16,35.175587,266.17508,158.78825,1,1,0,1,1,0,1,1,0,0,0.0,0.0,0.0,0.0,0.0,0.0,0.0,0.0,0.0,1.0,0.0,0.0,0.0,0.0,0.0,0.0,0.0,1.0,0.0,1.0,0.0,0.0,0.0,0.0,1.0,0.0,1.0
18,7782.32,775.5267,63.0,44.25074,8.0,10.0,26.0,7.0,44.0,14.0,17.48,6.0,1649.28,28.61274,36.22298,287.07895,1,1,0,1,1,0,1,0,1,0,0.0,0.0,1.0,0.0,0.0,0.0,0.0,0.0,0.0,0.0,0.0,0.0,0.0,0.0,0.0,0.0,0.0,1.0,0.0,1.0,0.0,0.0,0.0,0.0,0.0,1.0,0.0
49,28891.26,2309.605,94.0,0.0,5.0,7.0,11.0,0.0,13.0,10.0,3.17,4.0,499.1,24.05542,35.945198,435.0153,0,0,0,0,0,1,0,0,0,0,0.0,0.0,0.0,0.0,0.0,0.0,1.0,0.0,0.0,0.0,0.0,0.0,0.0,0.0,0.0,0.0,1.0,0.0,1.0,0.0,1.0,0.0,0.0,0.0,0.0,0.0,1.0
44,58468.08,4592.34,34.0,169.46515,10.0,9.0,28.0,5.0,29.0,6.0,11.93,12.0,1447.46,27.8965,364.89105,388.774,0,0,0,1,1,0,0,0,0,0,0.0,0.0,0.0,0.0,0.0,0.0,0.0,0.0,0.0,1.0,0.0,0.0,0.0,0.0,0.0,0.0,0.0,1.0,0.0,1.0,0.0,0.0,0.0,0.0,1.0,0.0,0.0
32,42326.99,3577.2493,74.0,116.61872,0.0,2.0,4.0,4.0,9.0,7.0,5.97,4.0,1233.0,36.658737,62.8702,428.236,1,0,0,0,1,0,0,1,0,0,0.0,0.0,0.0,0.0,0.0,0.0,0.0,0.0,0.0,0.0,0.0,0.0,0.0,0.0,1.0,0.0,1.0,0.0,1.0,0.0,0.0,1.0,0.0,0.0,0.0,0.0,2.0
34,35325.29,2764.7742,124.0,66.84292,5.0,3.0,10.0,3.0,18.0,12.0,1.63,4.0,1037.07,32.256187,165.93066,333.70383,0,1,0,1,0,0,0,0,0,1,0.0,0.0,1.0,0.0,0.0,0.0,0.0,0.0,0.0,0.0,0.0,0.0,0.0,0.0,0.0,0.0,0.0,1.0,1.0,0.0,0.0,0.0,0.0,0.0,0.0,1.0,1.0
26,45403.1,3536.5916,79.0,0.0,5.0,5.0,8.0,0.0,15.0,11.0,10.7,3.0,721.95,35.722134,117.98994,515.66925,0,0,0,0,0,1,0,0,0,0,0.0,0.0,0.0,0.0,0.0,0.0,0.0,0.0,0.0,0.0,0.0,0.0,0.0,1.0,0.0,0.0,0.0,1.0,1.0,0.0,0.0,0.0,0.0,0.0,1.0,0.0,1.0
41,43892.31,3798.6924,42.0,80.11143,6.0,9.0,28.0,4.0,45.0,22.0,5.91,12.0,2001.71,37.331863,72.156876,477.60095,1,1,0,0,1,0,0,0,0,1,0.0,0.0,0.0,0.0,0.0,1.0,0.0,0.0,0.0,0.0,0.0,0.0,0.0,0.0,0.0,1.0,0.0,0.0,0.0,1.0,0.0,1.0,0.0,0.0,0.0,0.0,0.0
38,18721.3,1684.1083,34.0,46.593544,4.0,5.0,28.0,3.0,18.0,11.0,4.26,5.0,2646.59,27.970814,111.136635,290.68066,0,0,0,0,1,0,0,0,1,0,0.0,0.0,0.0,0.0,1.0,0.0,0.0,0.0,0.0,0.0,0.0,0.0,0.0,0.0,0.0,0.0,0.0,1.0,0.0,1.0,0.0,0.0,0.0,0.0,1.0,0.0,1.0
24,16198.305,1089.8588,125.0,14.350146,4.0,7.0,4.0,2.0,12.0,5.0,11.9,0.0,1439.09,32.70849,40.244045,334.3917,0,0,0,0,0,0,1,0,0,0,0.0,0.0,0.0,0.0,0.0,0.0,0.0,0.0,0.0,0.0,0.0,0.0,0.0,0.0,1.0,0.0,1.0,0.0,1.0,0.0,0.0,0.0,0.0,0.0,1.0,0.0,1.0
55,17168.926,1438.7438,83.0,16.369621,4.0,4.0,4.0,2.0,11.0,10.0,8.25,4.0,708.27,36.097435,88.38248,309.12228,0,0,1,0,0,0,0,1,0,0,0.0,0.0,0.0,0.0,0.0,0.0,0.0,1.0,0.0,0.0,0.0,0.0,0.0,0.0,0.0,0.0,1.0,0.0,1.0,0.0,0.0,0.0,0.0,1.0,0.0,0.0,2.0
24,78498.72,6568.56,41.0,0.0,8.0,5.0,17.0,0.0,18.0,9.0,8.82,7.0,910.99,28.200447,209.00897,707.84705,0,0,0,0,0,1,0,0,0,0,0.0,0.0,0.0,0.0,0.0,1.0,0.0,0.0,0.0,0.0,0.0,0.0,0.0,0.0,0.0,0.0,0.0,1.0,0.0,1.0,0.0,0.0,1.0,0.0,0.0,0.0,1.0
42,18675.65,1548.3042,36.0,16.528704,3.0,6.0,18.0,2.0,3.0,18.0,11.52,11.0,1352.15,35.617134,113.04276,305.25894,0,0,0,0,0,0,1,1,0,0,0.0,0.0,0.0,0.0,0.0,1.0,0.0,0.0,0.0,0.0,0.0,0.0,0.0,0.0,0.0,0.0,0.0,1.0,0.0,1.0,0.0,0.0,0.0,0.0,1.0,0.0,1.0
24,14688.84,1030.5841,85.0,121.925705,4.0,6.0,18.0,1.0,15.0,17.0,8.56,6.0,1459.05,40.49686,104.6214,281.3458,0,1,0,0,0,0,0,0,0,0,0.0,0.0,0.0,0.0,1.0,0.0,0.0,0.0,0.0,0.0,0.0,0.0,0.0,0.0,0.0,0.0,0.0,1.0,1.0,0.0,0.0,0.0,0.0,0.0,1.0,0.0,2.0
33,58995.8,4886.317,137.0,41.64583,6.0,6.0,18.0,1.0,25.0,20.0,9.13,2.0,974.73,29.337103,37.987003,648.99884,0,0,1,0,0,0,0,0,0,0,0.0,0.0,0.0,0.0,1.0,0.0,0.0,0.0,0.0,0.0,0.0,0.0,0.0,0.0,0.0,0.0,0.0,1.0,0.0,1.0,1.0,0.0,0.0,0.0,0.0,0.0,1.0
18,16500.96,1528.08,100.0,6.9576054,3.0,6.0,12.0,1.0,6.0,7.0,10.81,2.0,185.16,33.205086,41.509007,364.3414,0,0,0,0,0,0,1,0,0,0,0.0,0.0,0.0,0.0,0.0,0.0,0.0,0.0,0.0,0.0,0.0,0.0,0.0,1.0,0.0,0.0,1.0,0.0,1.0,0.0,0.0,0.0,1.0,0.0,0.0,0.0,0.0
40,116014.8,9907.9,72.0,267.52924,2.0,4.0,2.0,3.0,5.0,4.0,1.31,1.0,1271.05,34.420586,199.27567,763.9851,0,1,0,1,0,0,1,0,0,0,0.0,0.0,0.0,0.0,0.0,0.0,0.0,0.0,0.0,1.0,0.0,0.0,0.0,0.0,0.0,0.0,1.0,0.0,1.0,0.0,1.0,0.0,0.0,0.0,0.0,0.0,2.0
16,60335.25,5120.9375,73.0,92.42547,9.0,9.0,15.0,2.0,44.0,18.0,11.04,7.0,1814.22,36.3152,240.63289,469.0354,0,0,0,1,0,0,1,0,0,0,0.0,0.0,0.0,0.0,0.0,0.0,0.0,0.0,0.0,0.0,1.0,0.0,0.0,0.0,0.0,1.0,0.0,0.0,0.0,1.0,0.0,0.0,0.0,0.0,0.0,1.0,0.0
18,42846.39,3670.5325,53.0,146.5273,8.0,6.0,22.0,7.0,11.0,17.0,11.44,10.0,1745.53,37.234474,115.16603,385.35992,0,0,1,1,1,0,1,1,1,0,0.0,0.0,1.0,0.0,0.0,0.0,0.0,0.0,0.0,0.0,0.0,0.0,0.0,0.0,0.0,0.0,0.0,1.0,0.0,1.0,0.0,0.0,0.0,0.0,1.0,0.0,0.0
44,14431.49,1307.6241,121.0,0.0,0.0,6.0,6.0,0.0,12.0,10.0,7.46,2.0,214.25,25.997812,98.56533,312.19708,0,0,0,0,0,1,0,0,0,0,0.0,0.0,1.0,0.0,0.0,0.0,0.0,0.0,0.0,0.0,0.0,0.0,0.0,0.0,0.0,0.0,1.0,0.0,1.0,0.0,0.0,1.0,0.0,0.0,0.0,0.0,1.0
44,24693.09,2256.7576,130.0,46.784637,4.0,5.0,5.0,3.0,11.0,14.0,8.34,0.0,251.4,38.43026,204.41806,264.47305,0,1,0,1,0,0,0,0,1,0,1.0,0.0,0.0,0.0,0.0,0.0,0.0,0.0,0.0,0.0,0.0,0.0,0.0,0.0,0.0,0.0,0.0,1.0,0.0,1.0,0.0,0.0,0.0,0.0,0.0,1.0,1.0
21,57326.49,5042.2075,99.0,55.245007,3.0,5.0,13.0,2.0,19.0,19.0,11.24,3.0,1040.21,27.251165,419.3781,319.59763,0,0,0,0,0,0,0,1,0,1,1.0,0.0,0.0,0.0,0.0,0.0,0.0,0.0,0.0,0.0,0.0,0.0,0.0,0.0,0.0,0.0,0.0,1.0,1.0,0.0,0.0,0.0,0.0,0.0,0.0,1.0,1.0
40,11919.42,1088.285,77.0,9.882768,4.0,7.0,4.0,1.0,11.0,20.0,8.19,7.0,1073.98,25.804207,76.18044,312.7653,0,0,0,0,0,0,1,0,0,0,0.0,1.0,0.0,0.0,0.0,0.0,0.0,0.0,0.0,0.0,0.0,0.0,0.0,0.0,0.0,0.0,1.0,0.0,1.0,0.0,0.0,0.0,0.0,0.0,0.0,1.0,2.0
40,19078.93,1304.9109,81.0,0.0,5.0,7.0,20.0,0.0,19.0,15.0,14.34,8.0,265.86,35.439938,55.62421,298.03192,0,0,0,0,0,1,0,0,0,0,0.0,0.0,0.0,0.0,0.0,0.0,1.0,0.0,0.0,0.0,0.0,0.0,0.0,0.0,0.0,0.0,0.0,1.0,0.0,1.0,0.0,0.0,0.0,0.0,0.0,1.0,1.0
50,21751.53,2002.6274,72.0,48.5004,6.0,3.0,7.0,4.0,7.0,9.0,4.02,3.0,1211.85,27.09382,43.30402,348.45834,1,1,1,0,0,0,1,0,0,0,0.0,0.0,0.0,0.0,0.0,0.0,0.0,0.0,0.0,1.0,0.0,0.0,0.0,0.0,0.0,0.0,0.0,1.0,1.0,0.0,0.0,0.0,0.0,1.0,0.0,0.0,1.0
29,66422.98,5386.2485,51.0,280.92755,8.0,7.0,5.0,7.0,25.0,11.0,18.32,5.0,153.99,26.49133,325.6539,222.04337,1,0,1,0,0,0,1,1,0,0,0.0,0.0,0.0,0.0,0.0,0.0,0.0,0.0,0.0,0.0,0.0,0.0,0.0,0.0,1.0,0.0,0.0,1.0,0.0,1.0,0.0,0.0,0.0,0.0,0.0,1.0,1.0
53,43504.07,3767.339,128.0,53.428337,5.0,4.0,2.0,2.0,10.0,2.0,6.76,6.0,530.51,33.498127,360.9006,252.40498,0,0,0,0,1,0,0,0,0,1,0.0,0.0,1.0,0.0,0.0,0.0,0.0,0.0,0.0,0.0,0.0,0.0,0.0,0.0,0.0,0.0,1.0,0.0,1.0,0.0,0.0,0.0,1.0,0.0,0.0,0.0,2.0
41,62825.9,5404.4917,135.0,0.0,6.0,6.0,3.0,0.0,14.0,16.0,6.16,5.0,163.32,27.767792,210.3261,580.12305,0,0,0,0,0,1,0,0,0,0,0.0,0.0,0.0,0.0,0.0,0.0,0.0,0.0,1.0,0.0,0.0,0.0,0.0,0.0,0.0,0.0,1.0,0.0,1.0,0.0,0.0,1.0,0.0,0.0,0.0,0.0,1.0
55,11680.31,1125.3591,95.0,122.60078,3.0,4.0,13.0,2.0,21.0,16.0,3.51,3.0,58.64,24.377651,49.913284,331.95898,0,1,0,0,1,0,0,0,0,0,0.0,0.0,1.0,0.0,0.0,0.0,0.0,0.0,0.0,0.0,0.0,0.0,0.0,0.0,0.0,0.0,0.0,1.0,1.0,0.0,0.0,0.0,0.0,0.0,1.0,0.0,1.0
33,14310.25,1064.5209,49.0,92.41408,9.0,10.0,34.0,9.0,11.0,23.0,1.54,6.0,2188.14,29.725565,66.14895,237.88905,1,1,1,1,0,0,0,0,1,1,0.0,0.0,0.0,0.0,0.0,0.0,0.0,0.0,0.0,0.0,1.0,0.0,0.0,0.0,0.0,1.0,0.0,0.0,0.0,1.0,0.0,0.0,0.0,0.0,0.0,1.0,0.0
19,64692.7,5150.058,83.0,129.32664,3.0,7.0,5.0,3.0,6.0,6.0,11.58,4.0,380.81,38.83334,56.694466,568.98474,0,0,0,0,0,0,1,1,0,1,1.0,0.0,0.0,0.0,0.0,0.0,0.0,0.0,0.0,0.0,0.0,0.0,0.0,0.0,0.0,0.0,1.0,0.0,1.0,0.0,1.0,0.0,0.0,0.0,0.0,0.0,0.0
32,89154.27,7223.5225,90.0,146.09674,3.0,4.0,17.0,2.0,9.0,11.0,12.58,8.0,102.66,32.118893,123.14754,703.108,0,0,0,0,0,0,0,1,0,0,0.0,0.0,0.0,1.0,0.0,0.0,0.0,0.0,0.0,0.0,0.0,0.0,0.0,0.0,0.0,0.0,0.0,1.0,0.0,1.0,0.0,1.0,0.0,0.0,0.0,0.0,1.0
45,99127.04,8217.587,106.0,245.98515,8.0,3.0,10.0,4.0,17.0,19.0,13.88,2.0,1126.35,38.177322,194.29745,631.4761,0,1,0,1,0,0,1,1,0,0,0.0,0.0,0.0,0.0,0.0,0.0,0.0,0.0,0.0,0.0,0.0,1.0,0.0,0.0,0.0,0.0,0.0,1.0,0.0,1.0,0.0,1.0,0.0,0.0,0.0,0.0,1.0
37,108073.04,9117.087,117.0,161.75323,3.0,7.0,13.0,2.0,6.0,19.0,3.42,5.0,599.48,28.068733,234.91592,507.30203,0,0,0,0,1,0,1,0,0,0,0.0,0.0,0.0,0.0,0.0,0.0,0.0,0.0,0.0,0.0,1.0,0.0,0.0,0.0,0.0,0.0,0.0,1.0,1.0,0.0,0.0,0.0,0.0,0.0,1.0,0.0,1.0
34,42070.96,3506.5757,74.0,296.74573,7.0,6.0,17.0,2.0,22.0,18.0,9.02,7.0,369.11,28.472834,315.12302,273.1602,0,0,1,0,0,0,0,0,0,1,0.0,0.0,0.0,0.0,0.0,0.0,1.0,0.0,0.0,0.0,0.0,0.0,0.0,0.0,0.0,0.0,0.0,1.0,0.0,1.0,0.0,0.0,0.0,1.0,0.0,0.0,2.0
41,32265.26,2673.7717,82.0,64.446335,4.0,4.0,18.0,4.0,21.0,9.0,14.17,4.0,105.11,39.741364,65.51599,397.41486,0,1,0,0,0,0,1,1,0,0,0.0,0.0,0.0,0.0,0.0,1.0,0.0,0.0,0.0,0.0,0.0,0.0,0.0,0.0,0.0,0.0,0.0,1.0,0.0,1.0,1.0,0.0,0.0,0.0,0.0,0.0,1.0
31,20758.54,2027.8783,57.0,22.557217,3.0,9.0,20.0,2.0,22.0,12.0,2.63,11.0,2104.27,40.773964,43.725567,396.50504,1,0,1,0,0,0,0,0,0,0,0.0,0.0,0.0,0.0,0.0,0.0,0.0,0.0,1.0,0.0,0.0,0.0,0.0,0.0,0.0,0.0,0.0,1.0,0.0,1.0,0.0,0.0,1.0,0.0,0.0,0.0,0.0
24,59103.06,4806.255,73.0,0.0,8.0,6.0,7.0,0.0,31.0,10.0,8.57,2.0,1428.53,25.902773,122.514755,598.1107,0,0,0,0,0,1,0,0,0,0,0.0,0.0,0.0,0.0,0.0,0.0,0.0,1.0,0.0,0.0,0.0,0.0,0.0,0.0,0.0,0.0,1.0,0.0,1.0,0.0,1.0,0.0,0.0,0.0,0.0,0.0,2.0
39,67039.6,5869.6333,35.0,303.29175,7.0,3.0,10.0,7.0,8.0,19.0,10.41,8.0,874.79,36.33795,323.48727,240.18431,1,0,0,1,1,0,1,1,0,1,0.0,0.0,0.0,0.0,0.0,0.0,0.0,0.0,0.0,1.0,0.0,0.0,0.0,0.0,0.0,0.0,0.0,1.0,0.0,1.0,0.0,0.0,0.0,0.0,1.0,0.0,0.0
36,12332.855,866.7379,70.0,20.650803,7.0,7.0,9.0,4.0,12.0,13.0,13.92,4.0,1169.76,39.84694,104.58372,294.39917,0,1,0,1,0,0,0,0,1,1,0.0,0.0,0.0,0.0,0.0,0.0,0.0,0.0,1.0,0.0,0.0,0.0,0.0,0.0,0.0,0.0,0.0,1.0,0.0,1.0,0.0,0.0,0.0,0.0,0.0,1.0,1.0
38,74063.28,6201.94,81.0,117.43614,3.0,6.0,5.0,2.0,9.0,19.0,13.91,6.0,1040.09,30.432825,215.11404,567.6438,1,0,0,0,0,0,0,1,0,0,0.0,0.0,0.0,0.0,0.0,0.0,0.0,1.0,0.0,0.0,0.0,0.0,0.0,0.0,0.0,0.0,0.0,1.0,0.0,1.0,0.0,0.0,0.0,0.0,1.0,0.0,1.0
39,34631.43,2845.9524,63.0,139.89732,8.0,7.0,15.0,5.0,17.0,15.0,15.16,4.0,568.94,37.057823,62.042233,342.6557,1,0,0,0,1,0,0,0,0,1,0.0,0.0,0.0,0.0,0.0,0.0,1.0,0.0,0.0,0.0,0.0,0.0,0.0,0.0,0.0,0.0,0.0,1.0,0.0,1.0,0.0,0.0,1.0,0.0,0.0,0.0,1.0
33,58424.97,4893.7476,65.0,121.75289,6.0,3.0,17.0,3.0,8.0,20.0,10.52,1.0,52.98,30.620258,260.32062,367.30124,0,1,1,1,0,0,0,0,0,0,0.0,0.0,0.0,0.0,0.0,0.0,0.0,1.0,0.0,0.0,0.0,0.0,0.0,0.0,0.0,0.0,0.0,1.0,0.0,1.0,0.0,0.0,1.0,0.0,0.0,0.0,0.0
33,10333.895,657.1579,43.0,21.45334,3.0,6.0,20.0,4.0,10.0,14.0,11.32,8.0,70.46,24.11237,66.75225,257.5102,0,1,0,0,0,0,1,0,1,1,0.0,0.0,0.0,0.0,1.0,0.0,0.0,0.0,0.0,0.0,0.0,0.0,0.0,0.0,0.0,0.0,0.0,1.0,0.0,1.0,0.0,0.0,0.0,0.0,1.0,0.0,1.0
27,29394.88,2626.5732,85.0,0.0,6.0,3.0,8.0,0.0,30.0,17.0,7.17,7.0,519.81,35.372288,57.732296,454.92505,0,0,0,0,0,1,0,0,0,0,0.0,0.0,0.0,0.0,0.0,0.0,0.0,0.0,0.0,0.0,0.0,0.0,0.0,0.0,1.0,0.0,0.0,1.0,1.0,0.0,0.0,1.0,0.0,0.0,0.0,0.0,1.0
54,41070.53,3364.5442,82.0,80.59191,2.0,2.0,7.0,3.0,6.0,12.0,7.0,1.0,1431.22,23.82893,87.517136,448.34537,0,0,1,1,0,0,1,0,0,0,1.0,0.0,0.0,0.0,0.0,0.0,0.0,0.0,0.0,0.0,0.0,0.0,0.0,0.0,0.0,0.0,1.0,0.0,1.0,0.0,0.0,0.0,0.0,0.0,1.0,0.0,2.0
48,28975.42,2391.6184,94.0,19.30059,4.0,5.0,13.0,1.0,13.0,11.0,2.86,2.0,675.8,26.851429,81.576935,428.2843,0,0,1,0,0,0,0,0,0,0,0.0,0.0,0.0,0.0,0.0,0.0,1.0,0.0,0.0,0.0,0.0,0.0,0.0,0.0,0.0,0.0,0.0,1.0,1.0,0.0,0.0,0.0,0.0,0.0,0.0,1.0,1.0
55,85954.42,7366.868,128.0,128.55524,0.0,7.0,5.0,3.0,10.0,9.0,3.66,3.0,791.46,34.446915,446.43652,431.6951,0,1,1,0,1,0,0,0,0,0,0.0,0.0,0.0,0.0,0.0,0.0,0.0,0.0,0.0,1.0,0.0,0.0,0.0,0.0,0.0,0.0,1.0,0.0,1.0,0.0,0.0,0.0,0.0,1.0,0.0,0.0,2.0
37,47091.42,3962.285,43.0,146.47438,5.0,5.0,16.0,4.0,10.0,20.0,19.67,6.0,629.67,39.252773,38.472527,451.2816,0,0,0,1,1,0,1,0,0,0,0.0,0.0,0.0,0.0,0.0,0.0,0.0,0.0,0.0,0.0,0.0,0.0,0.0,1.0,0.0,0.0,0.0,1.0,0.0,1.0,0.0,0.0,0.0,0.0,1.0,0.0,1.0
37,28443.42,2314.285,98.0,39.80748,7.0,4.0,9.0,2.0,23.0,12.0,7.23,4.0,1476.31,28.67616,23.553316,408.0677,0,0,0,0,0,0,1,0,0,0,0.0,0.0,0.0,0.0,0.0,0.0,0.0,0.0,0.0,0.0,0.0,0.0,0.0,0.0,1.0,0.0,0.0,1.0,1.0,0.0,1.0,0.0,0.0,0.0,0.0,0.0,2.0
18,13486.615,1003.8846,77.0,14.724662,8.0,6.0,8.0,2.0,10.0,10.0,11.26,1.0,45.37,30.592302,20.89453,314.76926,0,0,1,0,0,0,0,1,0,0,0.0,1.0,0.0,0.0,0.0,0.0,0.0,0.0,0.0,0.0,0.0,0.0,0.0,0.0,0.0,0.0,1.0,0.0,1.0,0.0,0.0,1.0,0.0,0.0,0.0,0.0,2.0
35,128189.37,10390.447,131.0,153.26901,2.0,7.0,7.0,2.0,8.0,1.0,5.63,1.0,913.1,38.733776,363.62805,782.1477,0,0,1,0,0,0,0,1,0,0,0.0,0.0,0.0,0.0,0.0,0.0,0.0,0.0,0.0,0.0,0.0,0.0,0.0,1.0,0.0,0.0,1.0,0.0,1.0,0.0,0.0,0.0,0.0,0.0,1.0,0.0,2.0
24,38673.64,3333.8032,134.0,88.28333,5.0,6.0,4.0,4.0,4.0,3.0,8.38,3.0,1176.78,23.558294,141.8262,373.2708,0,0,1,0,0,0,1,1,0,0,0.0,0.0,0.0,0.0,0.0,0.0,0.0,0.0,0.0,0.0,0.0,0.0,1.0,0.0,0.0,0.0,1.0,0.0,1.0,0.0,0.0,0.0,0.0,1.0,0.0,0.0,2.0
17,19457.5,1904.4584,102.0,9.012222,5.0,7.0,15.0,1.0,0.0,14.0,10.11,6.0,198.06,34.26368,72.66407,368.76953,0,0,0,1,0,0,0,0,0,0,0.0,0.0,0.0,0.0,0.0,1.0,0.0,0.0,0.0,0.0,0.0,0.0,0.0,0.0,0.0,0.0,0.0,1.0,0.0,1.0,0.0,0.0,1.0,0.0,0.0,0.0,1.0
38,10363.95,786.6625,42.0,11.451282,10.0,8.0,25.0,2.0,49.0,15.0,12.24,12.0,2220.97,33.881668,105.91874,251.29622,0,0,0,0,1,0,0,0,0,1,0.0,0.0,0.0,0.0,0.0,0.0,0.0,0.0,0.0,0.0,1.0,0.0,0.0,0.0,0.0,0.0,0.0,1.0,0.0,1.0,0.0,0.0,0.0,0.0,0.0,1.0,0.0
31,19363.33,1904.6108,67.0,30.693932,8.0,6.0,11.0,2.0,12.0,17.0,18.31,6.0,111.66,35.745625,46.20405,373.5631,0,1,0,1,0,0,0,0,0,0,0.0,0.0,0.0,0.0,0.0,1.0,0.0,0.0,0.0,0.0,0.0,0.0,0.0,0.0,0.0,0.0,0.0,1.0,0.0,1.0,0.0,0.0,1.0,0.0,0.0,0.0,1.0
19,99934.89,8261.907,70.0,176.28036,3.0,4.0,8.0,4.0,0.0,4.0,9.2,4.0,108.28,27.356073,300.68567,599.2247,0,0,1,0,1,0,1,0,0,0,0.0,0.0,0.0,0.0,0.0,1.0,0.0,0.0,0.0,0.0,0.0,0.0,0.0,0.0,0.0,0.0,1.0,0.0,1.0,0.0,0.0,1.0,0.0,0.0,0.0,0.0,2.0
40,8283.985,764.3321,46.0,27.71767,8.0,4.0,17.0,5.0,26.0,10.0,14.47,6.0,1225.06,31.067633,14.331457,284.3841,1,0,0,0,1,0,0,0,0,1,0.0,0.0,0.0,0.0,0.0,0.0,0.0,0.0,0.0,1.0,0.0,0.0,0.0,0.0,0.0,0.0,0.0,1.0,0.0,1.0,0.0,1.0,0.0,0.0,0.0,0.0,1.0
35,56341.2,4755.1,39.0,72.013756,8.0,6.0,13.0,3.0,22.0,11.0,8.13,7.0,1674.42,26.534172,334.30402,339.19223,1,0,0,0,0,0,1,0,0,1,0.0,0.0,0.0,0.0,0.0,0.0,0.0,0.0,0.0,0.0,0.0,0.0,1.0,0.0,0.0,0.0,0.0,1.0,0.0,1.0,0.0,0.0,0.0,1.0,0.0,0.0,1.0
46,45764.14,3975.6782,127.0,62.19457,6.0,5.0,11.0,2.0,11.0,17.0,9.31,3.0,146.1,36.030006,45.662395,539.7109,0,1,1,0,0,0,0,0,0,0,0.0,0.0,0.0,0.0,0.0,0.0,0.0,0.0,0.0,0.0,0.0,0.0,1.0,0.0,0.0,0.0,1.0,0.0,1.0,0.0,0.0,1.0,0.0,0.0,0.0,0.0,1.0
27,18323.176,1504.9313,80.0,0.0,1.0,3.0,4.0,0.0,8.0,12.0,6.08,2.0,879.33,35.39965,67.44938,353.04373,0,0,0,0,0,1,0,0,0,0,1.0,0.0,0.0,0.0,0.0,0.0,0.0,0.0,0.0,0.0,0.0,0.0,0.0,0.0,0.0,0.0,1.0,0.0,1.0,0.0,0.0,0.0,0.0,1.0,0.0,0.0,1.0
41,111896.16,9571.68,80.0,0.0,8.0,7.0,17.0,0.0,26.0,13.0,9.79,10.0,978.3,36.87235,453.04446,784.12354,0,0,0,0,0,1,0,0,0,0,1.0,0.0,0.0,0.0,0.0,0.0,0.0,0.0,0.0,0.0,0.0,0.0,0.0,0.0,0.0,0.0,0.0,1.0,0.0,1.0,0.0,0.0,0.0,0.0,1.0,0.0,1.0
51,19514.52,1874.21,90.0,20.2275,3.0,3.0,10.0,2.0,27.0,14.0,3.19,0.0,170.66,28.03335,210.33687,246.85663,0,0,0,0,0,0,1,0,0,0,0.0,0.0,0.0,0.0,0.0,1.0,0.0,0.0,0.0,0.0,0.0,0.0,0.0,0.0,0.0,0.0,0.0,1.0,0.0,1.0,0.0,0.0,0.0,0.0,0.0,1.0,1.0
22,73665.33,6080.7773,81.0,41.34864,8.0,4.0,6.0,1.0,18.0,14.0,5.69,1.0,794.92,39.716053,174.50714,662.222,0,0,0,0,0,0,0,0,1,0,0.0,0.0,0.0,0.0,0.0,0.0,0.0,0.0,0.0,0.0,0.0,0.0,1.0,0.0,0.0,0.0,0.0,1.0,1.0,0.0,0.0,0.0,0.0,1.0,0.0,0.0,1.0
41,20997.074,1895.7562,110.0,0.0,0.0,2.0,8.0,0.0,8.0,6.0,0.7,0.0,707.15,27.886145,130.40997,329.16565,0,0,0,0,0,1,0,0,0,0,0.0,0.0,0.0,0.0,0.0,0.0,0.0,0.0,0.0,0.0,1.0,0.0,0.0,0.0,0.0,0.0,1.0,0.0,1.0,0.0,0.0,0.0,0.0,1.0,0.0,0.0,2.0
38,72305.9,5766.4917,119.0,216.77629,5.0,7.0,15.0,4.0,15.0,19.0,1.49,3.0,1169.62,31.045555,97.09703,502.77585,0,1,0,1,1,0,1,0,0,0,0.0,0.0,0.0,0.0,0.0,1.0,0.0,0.0,0.0,0.0,0.0,0.0,0.0,0.0,0.0,0.0,0.0,1.0,0.0,1.0,1.0,0.0,0.0,0.0,0.0,0.0,1.0
23,69324.4,5509.033,70.0,115.008705,4.0,7.0,12.0,3.0,11.0,8.0,10.89,7.0,1075.73,30.664036,72.46139,613.4332,0,0,0,0,1,0,0,1,0,0,0.0,0.0,0.0,0.0,0.0,0.0,0.0,0.0,0.0,0.0,0.0,1.0,0.0,0.0,0.0,0.0,0.0,1.0,0.0,1.0,0.0,1.0,0.0,0.0,0.0,0.0,1.0
18,70414.1,6112.842,93.0,221.08365,1.0,2.0,9.0,4.0,17.0,10.0,11.24,4.0,422.72,29.871803,142.53787,487.66263,0,0,1,1,0,0,0,0,1,1,0.0,0.0,0.0,0.0,1.0,0.0,0.0,0.0,0.0,0.0,0.0,0.0,0.0,0.0,0.0,0.0,1.0,0.0,1.0,0.0,1.0,0.0,0.0,0.0,0.0,0.0,2.0
48,15641.73,1205.4775,93.0,30.882708,1.0,4.0,8.0,4.0,3.0,4.0,11.73,3.0,1429.18,23.782913,95.74248,273.92258,0,1,0,1,0,0,0,1,0,0,0.0,0.0,0.0,0.0,0.0,0.0,1.0,0.0,0.0,0.0,0.0,0.0,0.0,0.0,0.0,0.0,1.0,0.0,1.0,0.0,0.0,0.0,0.0,0.0,1.0,0.0,2.0
33,28472.92,2201.7434,103.0,75.55976,2.0,1.0,10.0,4.0,8.0,5.0,9.69,4.0,325.41,25.562078,148.22398,276.3906,0,0,1,1,0,0,0,0,1,1,0.0,0.0,0.0,0.0,0.0,0.0,0.0,0.0,1.0,0.0,0.0,0.0,0.0,0.0,0.0,0.0,1.0,0.0,1.0,0.0,0.0,0.0,0.0,0.0,1.0,0.0,2.0
26,43802.1,3468.175,40.0,167.90306,10.0,5.0,33.0,6.0,42.0,8.0,11.52,9.0,2156.04,29.458206,211.37798,227.53645,0,1,1,1,1,0,0,1,0,0,0.0,0.0,0.0,0.0,0.0,0.0,1.0,0.0,0.0,0.0,0.0,0.0,0.0,0.0,0.0,0.0,0.0,1.0,0.0,1.0,0.0,0.0,1.0,0.0,0.0,0.0,0.0
31,65454.36,5400.53,103.0,130.92848,4.0,5.0,14.0,3.0,8.0,17.0,7.17,8.0,449.97,41.48158,91.80565,557.31885,0,0,1,1,0,0,1,0,0,0,1.0,0.0,0.0,0.0,0.0,0.0,0.0,0.0,0.0,0.0,0.0,0.0,0.0,0.0,0.0,0.0,0.0,1.0,0.0,1.0,1.0,0.0,0.0,0.0,0.0,0.0,1.0
35,67422.8,5435.567,121.0,85.74783,4.0,7.0,12.0,2.0,7.0,16.0,16.16,1.0,1082.56,40.994343,75.14044,632.6684,0,0,1,0,0,0,0,0,0,1,0.0,0.0,0.0,0.0,0.0,0.0,0.0,0.0,0.0,0.0,1.0,0.0,0.0,0.0,0.0,0.0,0.0,1.0,0.0,1.0,0.0,1.0,0.0,0.0,0.0,0.0,1.0
19,61778.7,4955.225,64.0,131.98383,7.0,4.0,18.0,4.0,30.0,10.0,9.06,2.0,519.01,32.017323,177.30968,436.229,1,0,1,1,0,0,0,0,1,0,0.0,0.0,0.0,0.0,0.0,0.0,0.0,1.0,0.0,0.0,0.0,0.0,0.0,0.0,0.0,0.0,0.0,1.0,1.0,0.0,0.0,1.0,0.0,0.0,0.0,0.0,1.0
21,8392.645,796.3871,56.0,22.019981,6.0,8.0,26.0,5.0,18.0,21.0,1.49,11.0,2947.57,40.02238,85.41736,262.20135,1,1,0,0,0,0,1,0,1,1,0.0,1.0,0.0,0.0,0.0,0.0,0.0,0.0,0.0,0.0,0.0,0.0,0.0,0.0,0.0,1.0,0.0,0.0,0.0,1.0,0.0,0.0,0.0,0.0,0.0,1.0,0.0
21,49675.38,4109.615,49.0,57.523346,9.0,6.0,22.0,2.0,33.0,17.0,18.75,12.0,2665.67,40.024067,178.8789,434.55923,0,0,1,0,0,0,0,1,0,0,0.0,0.0,0.0,0.0,1.0,0.0,0.0,0.0,0.0,0.0,0.0,0.0,0.0,0.0,0.0,0.0,0.0,1.0,0.0,1.0,0.0,0.0,1.0,0.0,0.0,0.0,0.0
19,20855.32,2015.9434,115.0,0.0,5.0,7.0,20.0,0.0,24.0,12.0,19.38,5.0,57.51,36.14281,77.05648,414.53784,0,0,0,0,0,1,0,0,0,0,0.0,0.0,0.0,0.0,0.0,0.0,0.0,1.0,0.0,0.0,0.0,0.0,0.0,0.0,0.0,0.0,0.0,1.0,0.0,1.0,0.0,0.0,0.0,0.0,0.0,1.0,1.0
34,62925.64,5109.803,80.0,94.355286,7.0,5.0,21.0,2.0,22.0,18.0,8.02,10.0,2060.33,25.560675,220.10559,88.93799,0,1,1,0,0,0,0,0,0,0,0.0,0.0,0.0,1.0,0.0,0.0,0.0,0.0,0.0,0.0,0.0,0.0,0.0,0.0,0.0,0.0,0.0,1.0,0.0,1.0,0.0,0.0,0.0,0.0,0.0,1.0,0.0
46,31029.7,2519.8083,83.0,96.46996,6.0,7.0,4.0,4.0,23.0,14.0,10.74,4.0,1157.08,33.73554,30.914839,374.59604,0,0,0,1,0,0,1,1,0,1,0.0,0.0,0.0,0.0,0.0,0.0,0.0,0.0,0.0,0.0,0.0,1.0,0.0,0.0,0.0,0.0,1.0,0.0,1.0,0.0,0.0,1.0,0.0,0.0,0.0,0.0,2.0
51,20995.615,1909.6346,120.0,9.1439085,0.0,2.0,6.0,1.0,7.0,5.0,4.57,8.0,1238.55,40.088955,71.38664,380.43292,0,0,0,0,0,0,0,1,0,0,0.0,0.0,1.0,0.0,0.0,0.0,0.0,0.0,0.0,0.0,0.0,0.0,0.0,0.0,0.0,0.0,1.0,0.0,1.0,0.0,0.0,0.0,0.0,1.0,0.0,0.0,1.0
30,43894.24,3690.8533,133.0,142.96346,4.0,7.0,16.0,4.0,6.0,14.0,12.69,3.0,1422.84,36.953667,191.10725,305.01462,1,1,1,0,0,0,1,0,0,0,0.0,0.0,0.0,0.0,0.0,0.0,0.0,0.0,0.0,0.0,1.0,0.0,0.0,0.0,0.0,0.0,0.0,1.0,0.0,1.0,0.0,0.0,0.0,1.0,0.0,0.0,1.0
53,31306.48,2431.8733,83.0,0.0,8.0,6.0,7.0,0.0,19.0,15.0,9.38,2.0,1026.13,36.10716,229.70331,303.484,0,0,0,0,0,1,0,0,0,0,0.0,0.0,0.0,0.0,0.0,0.0,0.0,0.0,0.0,0.0,0.0,0.0,0.0,0.0,1.0,0.0,0.0,1.0,0.0,1.0,0.0,0.0,0.0,0.0,0.0,1.0,1.0
19,64692.7,5150.058,86.0,129.32664,3.0,7.0,5.0,3.0,7.0,4.0,11.58,4.0,380.81,29.06761,164.09732,481.58188,0,0,0,0,0,0,1,1,0,1,1.0,0.0,0.0,0.0,0.0,0.0,0.0,0.0,0.0,0.0,0.0,0.0,0.0,0.0,0.0,0.0,1.0,0.0,1.0,0.0,0.0,0.0,1.0,0.0,0.0,0.0,0.0
39,94529.82,8153.485,110.0,0.0,3.0,5.0,10.0,0.0,21.0,14.0,13.32,8.0,731.94,32.111824,345.71585,739.6327,0,0,0,0,0,1,0,0,0,0,0.0,0.0,0.0,0.0,1.0,0.0,0.0,0.0,0.0,0.0,0.0,0.0,0.0,0.0,0.0,0.0,0.0,1.0,0.0,1.0,0.0,0.0,0.0,1.0,0.0,0.0,1.0
45,11968.51,1254.3759,111.0,18.074486,3.0,4.0,16.0,2.0,20.0,18.0,5.95,0.0,685.74,29.55613,145.33633,252.02676,1,0,0,0,0,0,1,0,0,0,0.0,0.0,1.0,0.0,0.0,0.0,0.0,0.0,0.0,0.0,0.0,0.0,0.0,0.0,0.0,0.0,0.0,1.0,1.0,0.0,0.0,0.0,0.0,0.0,1.0,0.0,1.0
46,22269.09,1931.7574,81.0,0.0,7.0,6.0,5.0,0.0,25.0,20.0,19.61,4.0,529.22,36.455574,174.07883,289.09692,0,0,0,0,0,1,0,0,0,0,0.0,0.0,0.0,0.0,0.0,0.0,0.0,0.0,0.0,1.0,0.0,0.0,0.0,0.0,0.0,0.0,0.0,1.0,0.0,1.0,0.0,0.0,0.0,1.0,0.0,0.0,1.0
19,63730.08,5606.84,72.0,54.747017,3.0,5.0,7.0,2.0,8.0,19.0,13.43,7.0,1760.01,30.269655,109.273834,636.66315,0,0,0,0,0,0,0,0,1,1,0.0,0.0,0.0,0.0,0.0,0.0,0.0,0.0,0.0,1.0,0.0,0.0,0.0,0.0,0.0,0.0,0.0,1.0,0.0,1.0,1.0,0.0,0.0,0.0,0.0,0.0,1.0
30,44120.8,3468.7334,112.0,87.40729,2.0,3.0,12.0,3.0,4.0,0.0,8.46,0.0,15.47,24.04485,226.23842,313.22763,0,0,0,0,0,0,0,1,1,1,0.0,0.0,0.0,0.0,0.0,0.0,0.0,0.0,0.0,0.0,1.0,0.0,0.0,0.0,0.0,0.0,1.0,0.0,1.0,0.0,0.0,0.0,0.0,0.0,1.0,0.0,2.0
51,43581.13,3566.7607,106.0,103.03308,4.0,3.0,9.0,3.0,18.0,3.0,8.56,2.0,900.83,38.499096,136.72037,376.92264,1,0,0,0,0,0,0,0,0,1,0.0,1.0,0.0,0.0,0.0,0.0,0.0,0.0,0.0,0.0,0.0,0.0,0.0,0.0,0.0,0.0,1.0,0.0,1.0,0.0,0.0,0.0,1.0,0.0,0.0,0.0,1.0
29,41810.59,3231.2158,93.0,70.79723,0.0,5.0,5.0,3.0,13.0,6.0,-2.38,4.0,697.26,33.67161,58.89724,443.4271,0,0,1,0,1,0,1,0,0,0,0.0,0.0,1.0,0.0,0.0,0.0,0.0,0.0,0.0,0.0,0.0,0.0,0.0,0.0,0.0,0.0,1.0,0.0,1.0,0.0,0.0,1.0,0.0,0.0,0.0,0.0,2.0
24,38856.53,3337.0442,103.0,51.75739,3.0,4.0,1.0,3.0,6.0,3.0,4.43,1.0,1375.65,28.652485,251.48912,320.4579,0,0,1,0,0,0,0,1,0,0,0.0,0.0,0.0,0.0,0.0,0.0,0.0,0.0,0.0,0.0,0.0,0.0,0.0,0.0,1.0,0.0,1.0,0.0,1.0,0.0,0.0,0.0,0.0,0.0,0.0,1.0,0.0
39,45188.52,3868.71,61.0,154.35745,9.0,10.0,22.0,7.0,38.0,21.0,10.45,6.0,1960.28,32.364838,112.22063,370.2929,0,0,0,1,1,0,0,0,0,1,0.0,0.0,0.0,0.0,0.0,0.0,0.0,0.0,0.0,0.0,0.0,0.0,0.0,0.0,1.0,0.0,0.0,1.0,0.0,1.0,1.0,0.0,0.0,0.0,0.0,0.0,0.0
43,35251.49,2831.6243,109.0,78.047066,0.0,4.0,2.0,3.0,1.0,1.0,1.87,2.0,143.46,25.367208,57.93431,387.18103,0,1,0,1,0,0,0,1,0,0,0.0,0.0,0.0,0.0,1.0,0.0,0.0,0.0,0.0,0.0,0.0,0.0,0.0,0.0,0.0,0.0,1.0,0.0,1.0,0.0,1.0,0.0,0.0,0.0,0.0,0.0,1.0
19,17414.3,1285.1917,65.0,61.16959,3.0,7.0,34.0,5.0,25.0,9.0,11.92,6.0,2500.7,33.03315,52.512005,304.8376,1,0,1,0,1,0,0,0,1,0,0.0,0.0,0.0,0.0,0.0,0.0,0.0,0.0,0.0,1.0,0.0,0.0,0.0,0.0,0.0,0.0,0.0,1.0,0.0,1.0,0.0,0.0,0.0,0.0,0.0,1.0,0.0
51,30961.62,2283.135,104.0,0.0,5.0,7.0,11.0,0.0,10.0,9.0,6.52,1.0,1304.15,37.18451,79.47259,438.8409,0,0,0,0,0,1,0,0,0,0,0.0,0.0,0.0,0.0,0.0,0.0,0.0,0.0,0.0,0.0,0.0,0.0,0.0,1.0,0.0,0.0,1.0,0.0,1.0,0.0,0.0,0.0,0.0,0.0,0.0,1.0,0.0
24,12833.68,1300.4734,76.0,35.74977,3.0,4.0,6.0,4.0,29.0,20.0,9.1,2.0,100.3,24.940819,50.2188,324.07877,1,0,0,0,0,0,1,0,0,1,0.0,0.0,0.0,0.0,0.0,0.0,0.0,0.0,0.0,0.0,0.0,0.0,0.0,0.0,1.0,0.0,1.0,0.0,1.0,0.0,0.0,0.0,0.0,0.0,1.0,0.0,1.0
34,34671.15,2637.2625,92.0,52.33759,4.0,3.0,16.0,2.0,21.0,19.0,11.27,4.0,1071.97,25.07657,104.78314,366.60553,1,0,0,1,0,0,0,0,0,0,0.0,0.0,0.0,0.0,0.0,0.0,0.0,0.0,0.0,0.0,0.0,0.0,1.0,0.0,0.0,0.0,0.0,1.0,0.0,1.0,0.0,0.0,1.0,0.0,0.0,0.0,1.0
52,42372.36,3448.03,75.0,77.146385,4.0,7.0,6.0,3.0,6.0,9.0,7.01,3.0,143.04,37.431313,87.64578,440.01083,0,1,1,1,0,0,0,0,0,0,0.0,0.0,0.0,0.0,0.0,0.0,0.0,0.0,0.0,0.0,0.0,1.0,0.0,0.0,0.0,0.0,1.0,0.0,1.0,0.0,0.0,0.0,1.0,0.0,0.0,0.0,1.0
37,55444.56,4815.38,65.0,171.90826,10.0,7.0,17.0,6.0,41.0,20.0,2.73,12.0,1310.68,40.71199,220.39374,379.236,0,1,1,1,1,0,0,0,1,0,0.0,0.0,0.0,0.0,0.0,0.0,0.0,0.0,0.0,0.0,1.0,0.0,0.0,0.0,0.0,1.0,0.0,0.0,0.0,1.0,0.0,0.0,0.0,0.0,0.0,1.0,0.0
20,75454.2,6445.85,135.0,247.21881,5.0,5.0,8.0,4.0,4.0,9.0,11.51,3.0,1384.43,32.326996,108.95291,538.41327,1,1,0,0,0,0,0,1,0,0,0.0,0.0,0.0,0.0,0.0,0.0,0.0,0.0,0.0,0.0,0.0,1.0,0.0,0.0,0.0,0.0,1.0,0.0,1.0,0.0,0.0,1.0,0.0,0.0,0.0,0.0,2.0
47,11162.02,743.16833,98.0,30.499138,8.0,7.0,17.0,4.0,26.0,9.0,5.61,2.0,1235.11,26.917477,46.029438,267.78827,0,1,1,0,1,0,0,0,1,0,0.0,0.0,0.0,0.0,0.0,0.0,0.0,0.0,0.0,0.0,0.0,1.0,0.0,0.0,0.0,0.0,0.0,1.0,1.0,0.0,0.0,0.0,0.0,1.0,0.0,0.0,1.0
25,28263.5,2514.2917,67.0,32.215317,7.0,5.0,24.0,2.0,21.0,11.0,9.34,8.0,1993.21,34.005474,74.6441,394.56976,0,0,0,1,0,0,1,0,0,0,0.0,0.0,1.0,0.0,0.0,0.0,0.0,0.0,0.0,0.0,0.0,0.0,0.0,0.0,0.0,0.0,0.0,1.0,0.0,1.0,0.0,1.0,0.0,0.0,0.0,0.0,0.0
22,14128.68,884.39,83.0,12.076671,4.0,4.0,9.0,2.0,6.0,18.0,7.32,4.0,314.56,28.74451,29.608725,306.7536,0,0,0,0,0,0,0,1,0,1,0.0,0.0,1.0,0.0,0.0,0.0,0.0,0.0,0.0,0.0,0.0,0.0,0.0,0.0,0.0,0.0,0.0,1.0,0.0,1.0,0.0,0.0,0.0,1.0,0.0,0.0,1.0
18,69642.0,5842.5,87.0,57.05318,2.0,2.0,12.0,1.0,3.0,8.0,7.41,4.0,203.56,26.614887,68.00245,699.1944,0,0,0,0,1,0,0,0,0,0,0.0,0.0,0.0,0.0,0.0,0.0,0.0,0.0,0.0,0.0,1.0,0.0,0.0,0.0,0.0,0.0,1.0,0.0,1.0,0.0,1.0,0.0,0.0,0.0,0.0,0.0,2.0
32,31417.15,2664.096,86.0,64.18962,3.0,6.0,18.0,3.0,26.0,10.0,17.26,0.0,362.31,39.43674,114.5808,347.63916,0,0,0,1,0,0,1,1,0,0,0.0,0.0,0.0,0.0,0.0,0.0,0.0,0.0,1.0,0.0,0.0,0.0,0.0,0.0,0.0,0.0,0.0,1.0,0.0,1.0,0.0,0.0,1.0,0.0,0.0,0.0,1.0
21,33214.4,2842.8667,46.0,226.32483,8.0,6.0,22.0,9.0,52.0,19.0,18.48,7.0,2681.54,28.147291,21.245966,276.71588,1,0,1,0,1,0,1,0,1,1,0.0,0.0,0.0,0.0,0.0,0.0,1.0,0.0,0.0,0.0,0.0,0.0,0.0,0.0,0.0,1.0,0.0,0.0,0.0,1.0,1.0,0.0,0.0,0.0,0.0,0.0,0.0
28,32928.36,3006.03,125.0,0.0,5.0,6.0,20.0,0.0,21.0,13.0,13.31,0.0,781.1,25.715193,323.2699,267.3331,0,0,0,0,0,1,0,0,0,0,0.0,0.0,0.0,0.0,0.0,0.0,0.0,0.0,0.0,0.0,1.0,0.0,0.0,0.0,0.0,0.0,0.0,1.0,0.0,1.0,0.0,1.0,0.0,0.0,0.0,0.0,1.0
25,16819.98,1680.665,24.0,37.67052,6.0,7.0,33.0,5.0,30.0,18.0,0.07,11.0,3048.28,32.383743,97.78358,302.6124,1,1,0,0,1,0,0,0,0,1,0.0,0.0,0.0,0.0,0.0,1.0,0.0,0.0,0.0,0.0,0.0,0.0,0.0,0.0,0.0,1.0,0.0,0.0,0.0,1.0,0.0,0.0,0.0,1.0,0.0,0.0,0.0
18,54027.0,4269.25,128.0,53.260887,6.0,4.0,8.0,2.0,22.0,10.0,7.2,4.0,482.08,40.861492,106.5387,537.1254,0,0,0,1,0,0,1,0,0,0,0.0,0.0,0.0,0.0,0.0,0.0,0.0,0.0,0.0,1.0,0.0,0.0,0.0,0.0,0.0,0.0,1.0,0.0,1.0,0.0,0.0,0.0,0.0,1.0,0.0,0.0,1.0
22,38477.4,3374.45,53.0,89.536644,9.0,8.0,22.0,3.0,16.0,12.0,9.21,12.0,2343.6,31.09053,27.37091,460.53745,0,1,0,1,0,0,0,0,1,0,0.0,0.0,1.0,0.0,0.0,0.0,0.0,0.0,0.0,0.0,0.0,0.0,0.0,0.0,0.0,1.0,0.0,0.0,0.0,1.0,1.0,0.0,0.0,0.0,0.0,0.0,0.0
31,55663.5,4932.625,24.0,223.54456,5.0,4.0,30.0,7.0,21.0,13.0,7.39,6.0,1319.74,29.410696,300.9043,238.81366,0,0,1,0,1,0,1,1,1,1,0.0,0.0,0.0,0.0,0.0,0.0,0.0,0.0,0.0,0.0,1.0,0.0,0.0,0.0,0.0,0.0,0.0,1.0,0.0,1.0,0.0,0.0,0.0,1.0,0.0,0.0,0.0
56,30594.51,2429.5425,131.0,64.919365,3.0,3.0,20.0,3.0,30.0,20.0,8.57,3.0,1277.91,25.284977,54.052574,383.9823,0,0,1,0,1,0,0,1,0,0,0.0,0.0,0.0,0.0,0.0,0.0,0.0,0.0,0.0,0.0,0.0,1.0,0.0,0.0,0.0,0.0,0.0,1.0,1.0,0.0,0.0,0.0,1.0,0.0,0.0,0.0,1.0
32,17434.78,1214.8983,58.0,73.31215,8.0,6.0,32.0,7.0,34.0,20.0,21.56,10.0,2765.76,32.749165,86.96342,241.21426,1,0,1,0,0,0,1,0,0,1,0.0,0.0,0.0,0.0,1.0,0.0,0.0,0.0,0.0,0.0,0.0,0.0,0.0,0.0,0.0,1.0,0.0,0.0,0.0,1.0,0.0,0.0,0.0,0.0,1.0,0.0,0.0
27,51627.39,4132.2827,72.0,58.65782,4.0,7.0,19.0,2.0,9.0,10.0,16.03,11.0,2412.6,36.291256,144.9855,469.58493,0,0,1,0,0,0,0,0,0,0,0.0,0.0,0.0,0.0,0.0,0.0,0.0,0.0,0.0,0.0,0.0,1.0,0.0,0.0,0.0,0.0,0.0,1.0,0.0,1.0,0.0,0.0,1.0,0.0,0.0,0.0,0.0
39,20382.97,1451.5808,78.0,56.85069,6.0,9.0,28.0,6.0,38.0,23.0,8.03,11.0,2536.84,36.100334,59.5328,288.7746,1,1,1,1,0,0,1,0,0,1,0.0,0.0,0.0,0.0,0.0,0.0,0.0,0.0,0.0,0.0,1.0,0.0,0.0,0.0,0.0,1.0,0.0,0.0,0.0,1.0,0.0,0.0,0.0,0.0,1.0,0.0,1.0
50,56622.3,4469.525,117.0,0.0,1.0,4.0,11.0,0.0,5.0,0.0,7.9,1.0,110.19,29.78269,186.44144,510.51108,0,0,0,0,0,1,0,0,0,0,0.0,0.0,0.0,0.0,0.0,0.0,1.0,0.0,0.0,0.0,0.0,0.0,0.0,0.0,0.0,0.0,1.0,0.0,1.0,0.0,0.0,1.0,0.0,0.0,0.0,0.0,2.0
43,68088.15,5842.0127,92.0,42.39377,7.0,7.0,10.0,1.0,7.0,18.0,8.25,2.0,1429.03,37.31612,418.67087,413.13663,0,0,0,0,0,0,0,0,1,0,0.0,0.0,0.0,0.0,0.0,0.0,0.0,0.0,0.0,0.0,0.0,1.0,0.0,0.0,0.0,0.0,0.0,1.0,1.0,0.0,0.0,0.0,0.0,0.0,0.0,1.0,1.0
34,57744.68,4824.0566,98.0,189.75563,4.0,6.0,9.0,4.0,9.0,10.0,7.29,2.0,674.36,33.519573,239.75241,312.8976,0,1,0,0,1,0,0,0,0,0,0.0,0.0,0.0,0.0,0.0,0.0,0.0,0.0,0.0,0.0,1.0,0.0,0.0,0.0,0.0,0.0,1.0,0.0,1.0,0.0,0.0,0.0,1.0,0.0,0.0,0.0,1.0
32,18378.81,1797.5675,52.0,92.85897,6.0,3.0,34.0,7.0,15.0,12.0,11.04,8.0,1834.98,31.624083,78.30843,298.58936,1,0,1,0,1,0,1,1,1,1,0.0,0.0,0.0,0.0,0.0,0.0,0.0,0.0,0.0,0.0,0.0,0.0,0.0,1.0,0.0,0.0,0.0,1.0,0.0,1.0,0.0,0.0,0.0,0.0,0.0,1.0,0.0
28,34175.26,2761.9382,94.0,37.63755,4.0,5.0,11.0,2.0,29.0,14.0,-0.5,1.0,654.0,32.71549,122.41252,376.14377,1,1,0,0,0,0,0,0,0,0,0.0,0.0,0.0,1.0,0.0,0.0,0.0,0.0,0.0,0.0,0.0,0.0,0.0,0.0,0.0,0.0,0.0,1.0,0.0,1.0,0.0,0.0,1.0,0.0,0.0,0.0,1.0
45,29594.87,2493.2393,123.0,70.195076,5.0,6.0,7.0,3.0,29.0,9.0,9.69,8.0,772.83,33.85406,207.7878,261.34103,0,1,0,0,0,0,0,0,1,1,1.0,0.0,0.0,0.0,0.0,0.0,0.0,0.0,0.0,0.0,0.0,0.0,0.0,0.0,0.0,0.0,0.0,1.0,0.0,1.0,0.0,0.0,0.0,0.0,0.0,1.0,1.0
26,14403.39,922.2825,58.0,23.304316,5.0,4.0,8.0,3.0,11.0,10.0,13.98,4.0,2630.82,30.51982,83.35362,265.5703,0,0,0,0,1,0,0,0,0,0,0.0,0.0,0.0,0.0,0.0,1.0,0.0,0.0,0.0,0.0,0.0,0.0,0.0,0.0,0.0,0.0,0.0,1.0,0.0,1.0,0.0,0.0,0.0,0.0,1.0,0.0,1.0
25,40197.28,3415.7734,86.0,100.091446,6.0,5.0,17.0,4.0,9.0,9.0,19.94,7.0,124.52,30.91613,90.81385,400.67203,1,1,0,0,1,0,1,0,0,0,0.0,0.0,0.0,0.0,0.0,0.0,0.0,0.0,0.0,0.0,0.0,0.0,0.0,1.0,0.0,0.0,0.0,1.0,0.0,1.0,0.0,1.0,0.0,0.0,0.0,0.0,1.0
35,10322.13,1056.233,29.0,96.152916,5.0,4.0,10.0,2.0,16.0,9.0,18.48,7.0,2223.56,36.338066,23.662249,327.0471,0,0,0,0,0,0,1,1,0,0,0.0,0.0,0.0,0.0,0.0,0.0,0.0,0.0,0.0,0.0,0.0,0.0,1.0,0.0,0.0,0.0,0.0,1.0,0.0,1.0,0.0,0.0,0.0,0.0,0.0,1.0,2.0
44,21484.035,2073.3362,113.0,33.155266,5.0,3.0,8.0,3.0,25.0,12.0,1.08,4.0,939.2,38.889812,68.43906,355.73932,0,0,0,0,1,0,0,0,1,0,0.0,0.0,0.0,0.0,0.0,0.0,0.0,0.0,0.0,0.0,0.0,1.0,0.0,0.0,0.0,0.0,1.0,0.0,1.0,0.0,0.0,1.0,0.0,0.0,0.0,0.0,0.0
31,45472.95,3676.4126,69.0,119.62575,9.0,6.0,18.0,5.0,50.0,17.0,8.69,9.0,1814.78,35.68212,163.88998,344.12552,1,0,1,0,0,0,0,1,1,0,0.0,0.0,0.0,0.0,0.0,0.0,0.0,0.0,0.0,0.0,0.0,0.0,1.0,0.0,0.0,1.0,0.0,0.0,0.0,1.0,0.0,0.0,1.0,0.0,0.0,0.0,0.0
24,73458.16,6151.513,71.0,139.61736,1.0,4.0,5.0,4.0,8.0,0.0,0.31,3.0,121.79,26.47531,219.5268,516.0072,0,1,1,0,0,0,0,1,0,0,0.0,0.0,1.0,0.0,0.0,0.0,0.0,0.0,0.0,0.0,0.0,0.0,0.0,0.0,0.0,0.0,1.0,0.0,1.0,0.0,0.0,0.0,1.0,0.0,0.0,0.0,1.0
46,17426.71,1745.2258,40.0,79.42163,5.0,4.0,10.0,7.0,21.0,8.0,9.18,12.0,2353.61,34.33071,31.56494,303.536,1,1,1,0,0,0,1,1,1,1,0.0,0.0,0.0,1.0,0.0,0.0,0.0,0.0,0.0,0.0,0.0,0.0,0.0,0.0,0.0,0.0,0.0,1.0,0.0,1.0,1.0,0.0,0.0,0.0,0.0,0.0,2.0
21,26697.27,2278.7725,116.0,72.56008,4.0,7.0,10.0,4.0,16.0,19.0,15.85,9.0,942.4,37.44509,140.03363,275.28354,0,1,0,0,0,0,0,0,1,1,0.0,0.0,0.0,0.0,0.0,0.0,1.0,0.0,0.0,0.0,0.0,0.0,0.0,0.0,0.0,0.0,0.0,1.0,0.0,1.0,0.0,0.0,1.0,0.0,0.0,0.0,1.0
37,13315.2,1307.6,76.0,0.0,8.0,5.0,16.0,0.0,10.0,12.0,14.84,2.0,1233.74,38.299793,23.813562,346.94644,0,0,0,0,0,1,0,0,0,0,0.0,0.0,0.0,0.0,0.0,0.0,1.0,0.0,0.0,0.0,0.0,0.0,0.0,0.0,0.0,0.0,0.0,1.0,1.0,0.0,1.0,0.0,0.0,0.0,0.0,0.0,1.0
35,16864.18,1474.3484,101.0,44.271843,5.0,4.0,18.0,4.0,24.0,8.0,15.3,6.0,262.98,29.741983,44.624023,308.53897,1,1,0,0,1,0,0,0,0,0,0.0,0.0,1.0,0.0,0.0,0.0,0.0,0.0,0.0,0.0,0.0,0.0,0.0,0.0,0.0,0.0,0.0,1.0,0.0,1.0,0.0,0.0,0.0,0.0,0.0,1.0,1.0
26,73431.2,6296.2666,25.0,200.30524,3.0,7.0,9.0,4.0,16.0,11.0,16.44,7.0,1965.63,23.87427,278.84296,430.4785,1,0,0,0,0,0,1,0,0,1,0.0,0.0,1.0,0.0,0.0,0.0,0.0,0.0,0.0,0.0,0.0,0.0,0.0,0.0,0.0,0.0,0.0,1.0,0.0,1.0,0.0,0.0,0.0,0.0,1.0,0.0,1.0
54,32495.66,2594.9717,74.0,23.965704,3.0,7.0,18.0,1.0,10.0,18.0,10.39,1.0,1099.57,31.665678,102.55675,382.9747,0,0,0,0,0,0,1,0,0,0,0.0,0.0,0.0,0.0,0.0,0.0,0.0,0.0,0.0,0.0,0.0,0.0,0.0,0.0,1.0,0.0,0.0,1.0,0.0,1.0,0.0,1.0,0.0,0.0,0.0,0.0,1.0
40,21457.186,1846.0988,106.0,8.970576,1.0,5.0,9.0,1.0,6.0,1.0,5.74,3.0,749.41,24.12439,171.36671,294.27258,0,0,1,0,0,0,0,0,0,0,0.0,0.0,0.0,0.0,0.0,0.0,0.0,0.0,0.0,0.0,0.0,0.0,0.0,0.0,1.0,0.0,1.0,0.0,1.0,0.0,0.0,0.0,0.0,0.0,0.0,1.0,0.0
41,18205.45,1480.1208,115.0,12.472031,2.0,5.0,7.0,1.0,5.0,9.0,1.78,3.0,1042.25,32.393734,109.05842,316.48163,0,1,0,0,0,0,0,0,0,0,0.0,0.0,0.0,0.0,0.0,0.0,0.0,0.0,0.0,0.0,1.0,0.0,0.0,0.0,0.0,0.0,1.0,0.0,1.0,0.0,0.0,0.0,0.0,0.0,0.0,1.0,1.0
42,83669.52,6869.46,70.0,179.52554,8.0,6.0,17.0,3.0,16.0,10.0,11.22,4.0,1234.99,36.45337,123.63759,623.7829,1,0,0,1,0,0,0,0,1,0,0.0,0.0,0.0,0.0,0.0,0.0,1.0,0.0,0.0,0.0,0.0,0.0,0.0,0.0,0.0,0.0,0.0,1.0,0.0,1.0,1.0,0.0,0.0,0.0,0.0,0.0,1.0
37,42171.98,3764.3318,98.0,102.76292,2.0,7.0,10.0,3.0,4.0,10.0,2.58,4.0,556.91,38.692158,82.5798,431.09045,1,0,0,0,0,0,1,0,0,0,0.0,0.0,0.0,0.0,0.0,0.0,0.0,0.0,0.0,0.0,0.0,0.0,1.0,0.0,0.0,0.0,1.0,0.0,1.0,0.0,1.0,0.0,0.0,0.0,0.0,0.0,2.0
36,36729.93,3135.8274,114.0,0.0,2.0,1.0,12.0,0.0,8.0,14.0,12.64,4.0,921.03,31.28891,119.937294,483.64545,0,0,0,0,0,1,0,0,0,0,0.0,0.0,0.0,0.0,0.0,0.0,0.0,1.0,0.0,0.0,0.0,0.0,0.0,0.0,0.0,0.0,1.0,0.0,1.0,0.0,0.0,0.0,0.0,0.0,0.0,1.0,1.0
31,19720.36,1666.3633,86.0,114.740234,6.0,5.0,21.0,9.0,38.0,26.0,4.93,14.0,2326.72,34.695057,172.69263,169.20348,0,0,1,1,1,0,1,0,0,1,0.0,0.0,1.0,0.0,0.0,0.0,0.0,0.0,0.0,0.0,0.0,0.0,0.0,0.0,0.0,1.0,0.0,0.0,0.0,1.0,0.0,0.0,0.0,0.0,0.0,1.0,0.0
52,29789.87,2287.4893,104.0,0.0,2.0,3.0,4.0,0.0,12.0,8.0,5.12,5.0,777.23,39.37977,81.05277,437.69614,0,0,0,0,0,1,0,0,0,0,0.0,0.0,0.0,0.0,0.0,0.0,0.0,0.0,0.0,1.0,0.0,0.0,0.0,0.0,0.0,0.0,1.0,0.0,1.0,0.0,0.0,0.0,0.0,0.0,0.0,1.0,1.0
38,28488.56,2182.0466,37.0,64.24034,9.0,8.0,27.0,3.0,24.0,19.0,15.16,9.0,1305.55,26.823612,256.34167,282.7417,1,0,0,0,1,0,0,1,0,0,0.0,0.0,0.0,0.0,0.0,0.0,0.0,0.0,0.0,0.0,1.0,0.0,0.0,0.0,0.0,0.0,0.0,1.0,0.0,1.0,0.0,0.0,0.0,1.0,0.0,0.0,0.0
29,13499.855,1026.9879,85.0,12.00028,7.0,3.0,3.0,2.0,7.0,8.0,1.92,0.0,453.75,36.35195,54.574226,296.1243,1,0,1,0,0,0,0,0,0,0,0.0,0.0,0.0,0.0,0.0,0.0,0.0,0.0,0.0,0.0,0.0,0.0,1.0,0.0,0.0,0.0,0.0,1.0,1.0,0.0,0.0,0.0,1.0,0.0,0.0,0.0,1.0
16,19980.36,1506.03,89.0,25.805439,4.0,3.0,6.0,3.0,28.0,10.0,19.44,8.0,1477.83,38.013016,160.92935,253.86821,0,0,1,1,0,0,0,1,0,0,0.0,0.0,0.0,0.0,0.0,0.0,0.0,0.0,0.0,0.0,0.0,0.0,0.0,0.0,1.0,0.0,0.0,1.0,0.0,1.0,0.0,0.0,0.0,0.0,0.0,1.0,1.0
41,21380.064,2005.6721,99.0,30.570848,2.0,2.0,5.0,3.0,0.0,1.0,1.79,2.0,764.08,31.02205,74.13857,375.8578,0,0,1,0,1,0,1,0,0,0,0.0,1.0,0.0,0.0,0.0,0.0,0.0,0.0,0.0,0.0,0.0,0.0,0.0,0.0,0.0,0.0,1.0,0.0,1.0,0.0,0.0,0.0,0.0,0.0,1.0,0.0,1.0
36,64173.56,5163.797,121.0,68.3488,7.0,4.0,11.0,2.0,12.0,17.0,5.66,2.0,497.23,37.826195,110.32216,577.7087,0,1,0,0,0,0,0,0,0,1,0.0,0.0,0.0,0.0,0.0,0.0,0.0,0.0,0.0,0.0,0.0,1.0,0.0,0.0,0.0,0.0,0.0,1.0,1.0,0.0,1.0,0.0,0.0,0.0,0.0,0.0,1.0
22,29727.93,2678.3274,120.0,12.908511,6.0,6.0,14.0,1.0,25.0,10.0,16.87,8.0,1237.42,26.05593,111.22986,403.69437,0,0,0,0,0,0,1,0,0,0,0.0,0.0,0.0,0.0,0.0,1.0,0.0,0.0,0.0,0.0,0.0,0.0,0.0,0.0,0.0,0.0,0.0,1.0,0.0,1.0,0.0,0.0,1.0,0.0,0.0,0.0,1.0
25,68267.04,5531.0947,45.0,316.7433,7.0,7.0,32.0,2.0,18.0,15.0,16.0,12.0,2357.03,27.797281,224.30847,553.6655,1,0,0,0,0,0,1,0,0,0,0.0,0.0,0.0,0.0,0.0,0.0,0.0,0.0,0.0,0.0,0.0,0.0,1.0,0.0,0.0,0.0,0.0,1.0,0.0,1.0,0.0,0.0,0.0,0.0,1.0,0.0,1.0
27,37983.12,3398.26,37.0,50.437954,7.0,5.0,32.0,2.0,31.0,28.0,10.36,6.0,1629.11,26.601322,306.5974,252.79063,0,0,0,1,0,0,0,0,1,0,0.0,0.0,0.0,0.0,0.0,0.0,0.0,0.0,0.0,1.0,0.0,0.0,0.0,0.0,0.0,1.0,0.0,0.0,0.0,1.0,0.0,0.0,0.0,1.0,0.0,0.0,0.0
31,33643.54,3048.6284,65.0,70.536064,4.0,6.0,20.0,5.0,12.0,17.0,8.56,8.0,1300.7,29.574207,291.01294,233.31384,0,1,0,1,1,0,1,0,0,0,1.0,0.0,0.0,0.0,0.0,0.0,0.0,0.0,0.0,0.0,0.0,0.0,0.0,0.0,0.0,0.0,0.0,1.0,0.0,1.0,0.0,0.0,0.0,0.0,0.0,1.0,1.0
35,14471.785,1086.982,75.0,0.0,3.0,7.0,19.0,0.0,20.0,10.0,4.78,1.0,921.35,27.034752,145.96155,252.73666,0,0,0,0,0,1,0,0,0,0,1.0,0.0,0.0,0.0,0.0,0.0,0.0,0.0,0.0,0.0,0.0,0.0,0.0,0.0,0.0,0.0,0.0,1.0,1.0,0.0,0.0,0.0,0.0,0.0,0.0,1.0,2.0
31,9533.995,797.4996,33.0,61.36643,9.0,5.0,25.0,8.0,34.0,21.0,19.72,10.0,2579.1,29.562859,71.92501,216.45853,1,1,1,1,1,0,0,1,0,0,0.0,0.0,0.0,0.0,0.0,0.0,1.0,0.0,0.0,0.0,0.0,0.0,0.0,0.0,0.0,1.0,0.0,0.0,0.0,1.0,0.0,0.0,0.0,1.0,0.0,0.0,1.0
19,29625.82,2559.8184,32.0,92.116234,3.0,4.0,11.0,4.0,27.0,16.0,17.74,4.0,1042.61,36.686752,215.86842,227.99718,1,0,1,0,0,0,0,1,1,0,0.0,0.0,0.0,0.0,0.0,0.0,0.0,0.0,0.0,0.0,0.0,1.0,0.0,0.0,0.0,0.0,0.0,1.0,0.0,1.0,0.0,0.0,0.0,0.0,1.0,0.0,1.0
53,41027.94,3177.995,99.0,31.729113,4.0,5.0,2.0,1.0,5.0,0.0,4.52,4.0,698.33,24.506262,385.38156,190.68884,0,0,0,0,0,0,0,1,0,0,0.0,0.0,0.0,0.0,0.0,0.0,0.0,0.0,0.0,1.0,0.0,0.0,0.0,0.0,0.0,0.0,1.0,0.0,1.0,0.0,0.0,0.0,0.0,0.0,0.0,1.0,2.0
45,45421.38,3942.115,81.0,49.802586,4.0,10.0,17.0,2.0,27.0,8.0,16.34,10.0,2632.69,28.040005,91.77745,502.63147,0,0,1,1,0,0,0,0,0,0,0.0,0.0,0.0,0.0,0.0,0.0,0.0,0.0,0.0,0.0,0.0,0.0,1.0,0.0,0.0,0.0,0.0,1.0,0.0,1.0,0.0,1.0,0.0,0.0,0.0,0.0,0.0
30,29111.07,2501.9226,50.0,29.94193,8.0,6.0,11.0,2.0,19.0,18.0,13.43,10.0,279.95,25.34141,73.1221,397.1282,0,0,1,0,1,0,0,0,0,0,0.0,0.0,0.0,0.0,0.0,0.0,1.0,0.0,0.0,0.0,0.0,0.0,0.0,0.0,0.0,0.0,0.0,1.0,0.0,1.0,0.0,1.0,0.0,0.0,0.0,0.0,1.0
27,38624.06,3043.6716,68.0,78.45203,0.0,5.0,11.0,4.0,6.0,10.0,5.19,4.0,1394.46,30.278074,187.80252,298.11264,0,1,1,1,0,0,0,0,0,1,1.0,0.0,0.0,0.0,0.0,0.0,0.0,0.0,0.0,0.0,0.0,0.0,0.0,0.0,0.0,0.0,1.0,0.0,1.0,0.0,0.0,1.0,0.0,0.0,0.0,0.0,2.0
32,15513.3,1545.775,65.0,73.77635,5.0,6.0,9.0,7.0,6.0,12.0,19.96,5.0,1976.34,31.7275,158.66405,202.1371,0,0,0,1,1,0,1,0,0,1,0.0,0.0,0.0,0.0,0.0,0.0,0.0,1.0,0.0,0.0,0.0,0.0,0.0,0.0,0.0,0.0,0.0,1.0,0.0,1.0,0.0,0.0,0.0,0.0,0.0,1.0,1.0
18,17686.19,1424.8491,46.0,59.385696,9.0,9.0,19.0,6.0,36.0,18.0,15.04,9.0,2994.45,29.395668,71.69507,301.40414,0,1,1,1,0,0,1,0,0,1,0.0,0.0,0.0,0.0,1.0,0.0,0.0,0.0,0.0,0.0,0.0,0.0,0.0,0.0,0.0,1.0,0.0,0.0,0.0,1.0,0.0,0.0,0.0,0.0,0.0,1.0,0.0
18,57921.74,4772.8115,120.0,94.36731,4.0,3.0,11.0,3.0,7.0,8.0,-1.01,3.0,978.88,40.61933,88.37946,534.53436,1,0,1,1,0,0,0,0,0,0,0.0,0.0,0.0,0.0,0.0,1.0,0.0,0.0,0.0,0.0,0.0,0.0,0.0,0.0,0.0,0.0,1.0,0.0,1.0,0.0,1.0,0.0,0.0,0.0,0.0,0.0,1.0
30,39420.54,3389.045,85.0,185.69254,6.0,8.0,33.0,7.0,25.0,19.0,11.99,10.0,1962.59,37.122917,43.113087,114.78085,1,0,1,0,0,0,1,0,1,1,0.0,0.0,1.0,0.0,0.0,0.0,0.0,0.0,0.0,0.0,0.0,0.0,0.0,0.0,0.0,0.0,0.0,1.0,0.0,1.0,0.0,0.0,0.0,0.0,1.0,0.0,1.0
25,33119.82,3024.985,58.0,111.4227,10.0,5.0,32.0,5.0,50.0,21.0,15.79,7.0,2545.0,30.103716,170.99379,310.082,0,0,1,1,1,0,1,0,0,0,0.0,0.0,1.0,0.0,0.0,0.0,0.0,0.0,0.0,0.0,0.0,0.0,0.0,0.0,0.0,1.0,0.0,0.0,0.0,1.0,0.0,0.0,0.0,0.0,0.0,1.0,0.0
51,19019.1,1637.925,71.0,38.837685,5.0,3.0,8.0,4.0,13.0,14.0,7.79,3.0,878.69,35.267277,101.074326,283.8805,0,1,1,0,0,0,1,0,0,1,0.0,0.0,0.0,0.0,0.0,0.0,0.0,0.0,1.0,0.0,0.0,0.0,0.0,0.0,0.0,0.0,1.0,0.0,1.0,0.0,0.0,0.0,1.0,0.0,0.0,0.0,2.0
36,37578.61,3179.5508,124.0,83.27367,0.0,5.0,5.0,4.0,3.0,12.0,1.72,0.0,855.61,25.212822,98.75741,395.924,0,0,0,1,1,0,0,1,0,0,0.0,0.0,0.0,0.0,0.0,0.0,0.0,0.0,1.0,0.0,0.0,0.0,0.0,0.0,0.0,0.0,1.0,0.0,1.0,0.0,0.0,0.0,1.0,0.0,0.0,0.0,1.0
28,33535.89,2891.6575,88.0,18.093624,4.0,5.0,7.0,1.0,8.0,0.0,10.43,1.0,970.22,33.02803,133.91742,407.1547,0,0,0,0,0,0,1,0,0,0,0.0,0.0,0.0,0.0,0.0,0.0,0.0,0.0,0.0,0.0,0.0,0.0,0.0,1.0,0.0,0.0,1.0,0.0,1.0,0.0,0.0,0.0,0.0,1.0,0.0,0.0,2.0
51,38107.36,2955.6133,95.0,73.57947,8.0,7.0,12.0,3.0,30.0,16.0,1.96,2.0,1472.7,28.039099,44.34847,417.6334,1,1,0,0,0,0,0,0,0,0,0.0,0.0,0.0,0.0,0.0,0.0,1.0,0.0,0.0,0.0,0.0,0.0,0.0,0.0,0.0,0.0,0.0,1.0,1.0,0.0,1.0,0.0,0.0,0.0,0.0,0.0,0.0
22,41933.1,3726.425,49.0,64.59604,8.0,10.0,24.0,3.0,42.0,27.0,7.64,12.0,2034.22,27.581032,144.8939,143.9605,0,0,0,1,0,0,1,0,1,0,0.0,0.0,0.0,0.0,0.0,0.0,0.0,0.0,0.0,0.0,0.0,1.0,0.0,0.0,0.0,1.0,0.0,0.0,0.0,1.0,0.0,0.0,0.0,0.0,1.0,0.0,0.0
27,16474.49,1165.8741,77.0,68.449646,8.0,3.0,23.0,5.0,6.0,10.0,15.36,15.0,1538.62,37.714573,151.7634,186.37437,0,1,1,1,0,0,0,0,1,1,1.0,0.0,0.0,0.0,0.0,0.0,0.0,0.0,0.0,0.0,0.0,0.0,0.0,0.0,0.0,0.0,0.0,1.0,0.0,1.0,0.0,0.0,0.0,0.0,0.0,1.0,0.0
55,74457.8,6474.817,98.0,41.178967,0.0,4.0,10.0,1.0,4.0,6.0,3.41,4.0,81.9,30.289011,131.00389,715.2988,0,0,0,0,0,0,0,1,0,0,0.0,0.0,0.0,0.0,1.0,0.0,0.0,0.0,0.0,0.0,0.0,0.0,0.0,0.0,0.0,0.0,1.0,0.0,1.0,0.0,0.0,0.0,0.0,1.0,0.0,0.0,2.0
54,15913.015,1549.0846,126.0,0.0,6.0,7.0,17.0,0.0,27.0,16.0,16.14,1.0,1347.17,23.646734,108.65299,336.25546,0,0,0,0,0,1,0,0,0,0,0.0,0.0,0.0,0.0,0.0,0.0,1.0,0.0,0.0,0.0,0.0,0.0,0.0,0.0,0.0,0.0,0.0,1.0,0.0,1.0,0.0,0.0,0.0,0.0,0.0,1.0,1.0
44,76054.58,6198.882,79.0,171.60115,5.0,3.0,4.0,3.0,3.0,7.0,5.22,7.0,1383.11,23.765572,247.89517,470.39185,0,1,0,0,0,0,1,0,0,1,0.0,0.0,0.0,0.0,0.0,0.0,0.0,0.0,0.0,0.0,0.0,1.0,0.0,0.0,0.0,0.0,1.0,0.0,1.0,0.0,0.0,0.0,0.0,1.0,0.0,0.0,2.0
50,16965.3,1247.775,67.0,0.0,1.0,5.0,3.0,0.0,15.0,5.0,4.02,2.0,69.93,36.913177,71.88767,342.88983,0,0,0,0,0,1,0,0,0,0,0.0,0.0,0.0,0.0,0.0,0.0,0.0,0.0,0.0,0.0,0.0,0.0,0.0,0.0,1.0,0.0,1.0,0.0,1.0,0.0,0.0,0.0,0.0,0.0,0.0,1.0,2.0
21,22049.234,1764.4363,126.0,27.505337,4.0,3.0,12.0,2.0,1.0,1.0,4.75,4.0,385.85,35.467064,30.223022,368.71527,0,1,0,0,0,0,0,0,0,1,0.0,0.0,0.0,0.0,0.0,0.0,0.0,0.0,0.0,0.0,1.0,0.0,0.0,0.0,0.0,0.0,1.0,0.0,1.0,0.0,0.0,1.0,0.0,0.0,0.0,0.0,1.0
43,85324.44,7286.37,115.0,197.30528,5.0,7.0,18.0,3.0,11.0,12.0,16.22,3.0,713.09,24.278933,105.583786,675.7479,1,0,0,0,0,0,0,1,1,0,0.0,0.0,0.0,0.0,0.0,0.0,0.0,0.0,0.0,0.0,1.0,0.0,0.0,0.0,0.0,0.0,0.0,1.0,0.0,1.0,0.0,1.0,0.0,0.0,0.0,0.0,1.0
36,32152.97,2602.414,51.0,33.408306,4.0,3.0,6.0,2.0,11.0,15.0,13.06,6.0,612.91,24.186052,187.6387,329.1944,0,1,0,0,1,0,0,0,0,0,0.0,0.0,0.0,0.0,0.0,0.0,0.0,0.0,0.0,0.0,0.0,0.0,0.0,0.0,1.0,0.0,0.0,1.0,0.0,1.0,0.0,0.0,0.0,0.0,0.0,1.0,1.0
32,26094.08,2120.5066,81.0,51.27956,7.0,5.0,11.0,3.0,20.0,9.0,6.65,2.0,945.7,35.524075,138.25824,312.51288,0,0,1,0,1,0,0,1,0,0,0.0,0.0,0.0,0.0,0.0,0.0,0.0,0.0,0.0,0.0,0.0,1.0,0.0,0.0,0.0,0.0,0.0,1.0,1.0,0.0,0.0,0.0,0.0,0.0,0.0,1.0,1.0
38,12768.94,1079.0784,134.0,5.351086,8.0,5.0,15.0,1.0,14.0,8.0,10.37,4.0,487.17,34.752014,119.81051,272.74625,0,0,0,0,0,0,0,0,0,1,1.0,0.0,0.0,0.0,0.0,0.0,0.0,0.0,0.0,0.0,0.0,0.0,0.0,0.0,0.0,0.0,0.0,1.0,0.0,1.0,0.0,0.0,0.0,0.0,0.0,1.0,1.0
35,64721.58,5129.465,124.0,33.164524,3.0,6.0,5.0,1.0,18.0,14.0,10.15,3.0,559.19,29.40353,127.534645,592.2473,1,0,0,0,0,0,0,0,0,0,0.0,0.0,0.0,0.0,0.0,0.0,0.0,0.0,0.0,0.0,0.0,1.0,0.0,0.0,0.0,0.0,0.0,1.0,0.0,1.0,1.0,0.0,0.0,0.0,0.0,0.0,1.0
32,14130.645,980.5538,130.0,32.556705,3.0,6.0,8.0,3.0,19.0,12.0,1.27,2.0,1145.9,24.675407,37.15205,288.34662,0,1,1,0,0,0,0,1,0,0,0.0,0.0,0.0,0.0,0.0,0.0,0.0,0.0,0.0,0.0,0.0,0.0,0.0,0.0,1.0,0.0,1.0,0.0,1.0,0.0,0.0,0.0,1.0,0.0,0.0,0.0,1.0
45,16988.436,1531.7029,119.0,12.76159,0.0,1.0,10.0,1.0,12.0,3.0,1.55,0.0,1065.23,32.936405,63.141838,367.26688,0,0,0,0,0,0,0,1,0,0,0.0,0.0,0.0,0.0,0.0,0.0,0.0,0.0,0.0,0.0,0.0,0.0,1.0,0.0,0.0,0.0,1.0,0.0,1.0,0.0,0.0,0.0,0.0,0.0,0.0,1.0,2.0
49,21596.24,1962.6866,70.0,34.93664,4.0,6.0,6.0,2.0,9.0,5.0,9.06,4.0,128.19,33.770874,66.45383,354.8782,0,0,0,1,1,0,0,0,0,0,0.0,0.0,0.0,0.0,1.0,0.0,0.0,0.0,0.0,0.0,0.0,0.0,0.0,0.0,0.0,0.0,1.0,0.0,1.0,0.0,0.0,0.0,1.0,0.0,0.0,0.0,2.0
27,96780.03,8267.003,121.0,314.2241,4.0,5.0,2.0,4.0,28.0,5.0,9.96,0.0,580.52,35.742336,464.17688,338.2993,0,0,0,0,1,0,1,1,0,0,0.0,0.0,0.0,0.0,0.0,0.0,0.0,0.0,0.0,1.0,0.0,0.0,0.0,0.0,0.0,0.0,1.0,0.0,1.0,0.0,0.0,0.0,0.0,0.0,0.0,1.0,0.0
38,69209.85,6047.4873,133.0,86.377884,6.0,3.0,9.0,2.0,29.0,12.0,6.9,2.0,225.58,33.862408,310.43042,497.94046,1,1,0,0,0,0,0,0,0,0,0.0,0.0,0.0,0.0,0.0,0.0,0.0,0.0,0.0,0.0,0.0,0.0,0.0,0.0,1.0,0.0,0.0,1.0,1.0,0.0,0.0,0.0,0.0,0.0,0.0,1.0,1.0
28,17685.79,1186.8158,54.0,40.260464,6.0,9.0,22.0,3.0,27.0,15.0,12.98,7.0,2382.63,27.717932,97.27887,292.35583,0,0,0,0,0,0,1,0,1,1,0.0,0.0,1.0,0.0,0.0,0.0,0.0,0.0,0.0,0.0,0.0,0.0,0.0,0.0,0.0,0.0,0.0,1.0,0.0,1.0,0.0,0.0,0.0,0.0,0.0,1.0,0.0
40,30493.34,2527.1116,103.0,94.48243,5.0,5.0,11.0,4.0,11.0,10.0,2.11,2.0,448.51,28.913357,168.98634,259.2424,0,1,0,1,0,0,0,1,0,0,0.0,0.0,0.0,0.0,0.0,0.0,0.0,0.0,0.0,1.0,0.0,0.0,0.0,0.0,0.0,0.0,1.0,0.0,1.0,0.0,0.0,0.0,0.0,1.0,0.0,0.0,1.0
30,30383.36,2821.9468,139.0,60.81725,3.0,7.0,14.0,3.0,26.0,20.0,13.29,6.0,527.91,38.588608,339.4201,171.9573,0,0,1,1,0,0,0,1,0,0,0.0,1.0,0.0,0.0,0.0,0.0,0.0,0.0,0.0,0.0,0.0,0.0,0.0,0.0,0.0,0.0,0.0,1.0,0.0,1.0,0.0,0.0,0.0,0.0,0.0,1.0,1.0
17,18567.28,1745.6298,74.0,85.03644,4.0,6.0,18.0,6.0,27.0,8.0,11.95,8.0,1959.68,23.404573,167.85497,225.47946,1,1,0,0,0,0,1,1,1,0,0.0,0.0,0.0,0.0,0.0,0.0,0.0,0.0,0.0,0.0,0.0,0.0,1.0,0.0,0.0,0.0,0.0,1.0,0.0,1.0,0.0,0.0,0.0,0.0,1.0,0.0,0.0
53,15820.155,1033.3462,133.0,21.24455,8.0,7.0,15.0,2.0,24.0,9.0,11.67,1.0,1312.49,29.326288,35.679363,296.4107,0,0,0,0,0,0,1,0,0,1,0.0,0.0,0.0,0.0,0.0,0.0,1.0,0.0,0.0,0.0,0.0,0.0,0.0,0.0,0.0,0.0,0.0,1.0,0.0,1.0,0.0,1.0,0.0,0.0,0.0,0.0,2.0
26,62313.54,5120.795,40.0,196.67964,6.0,2.0,18.0,4.0,27.0,8.0,12.82,6.0,817.64,28.68777,63.34675,492.0531,1,1,0,0,0,0,0,1,0,1,0.0,0.0,0.0,1.0,0.0,0.0,0.0,0.0,0.0,0.0,0.0,0.0,0.0,0.0,0.0,0.0,0.0,1.0,0.0,1.0,1.0,0.0,0.0,0.0,0.0,0.0,1.0
42,14424.97,1482.0808,67.0,43.792553,7.0,3.0,11.0,4.0,15.0,14.0,18.59,9.0,808.32,34.669956,127.02813,267.3874,1,0,1,0,0,0,0,0,1,1,0.0,0.0,0.0,0.0,0.0,0.0,0.0,0.0,0.0,1.0,0.0,0.0,0.0,0.0,0.0,0.0,0.0,1.0,0.0,1.0,0.0,0.0,0.0,0.0,0.0,1.0,1.0
21,53808.81,4490.0674,77.0,119.08416,9.0,6.0,19.0,3.0,52.0,18.0,12.9,11.0,1570.43,26.624302,285.65375,324.26883,1,0,1,0,0,0,0,1,0,0,0.0,0.0,0.0,0.0,0.0,0.0,0.0,1.0,0.0,0.0,0.0,0.0,0.0,0.0,0.0,1.0,0.0,0.0,0.0,1.0,0.0,0.0,0.0,0.0,1.0,0.0,0.0
45,8071.24,493.60333,52.0,45.68156,7.0,5.0,21.0,9.0,49.0,24.0,7.86,12.0,1311.23,34.54672,44.478558,249.20021,1,1,1,1,1,0,0,1,1,0,0.0,0.0,1.0,0.0,0.0,0.0,0.0,0.0,0.0,0.0,0.0,0.0,0.0,0.0,0.0,1.0,0.0,0.0,0.0,1.0,0.0,0.0,0.0,0.0,0.0,1.0,0.0
28,55916.52,4597.71,112.0,103.06639,8.0,7.0,5.0,4.0,18.0,16.0,7.23,2.0,1069.61,24.647163,141.39877,465.30585,1,0,0,0,1,0,0,0,0,1,0.0,0.0,0.0,0.0,0.0,0.0,0.0,0.0,0.0,0.0,0.0,0.0,0.0,1.0,0.0,0.0,0.0,1.0,0.0,1.0,0.0,1.0,0.0,0.0,0.0,0.0,1.0
45,15685.095,1328.0913,132.0,0.0,3.0,7.0,7.0,0.0,14.0,18.0,3.93,4.0,350.98,28.39055,50.68255,362.1266,0,0,0,0,0,1,0,0,0,0,0.0,0.0,0.0,0.0,0.0,1.0,0.0,0.0,0.0,0.0,0.0,0.0,0.0,0.0,0.0,0.0,0.0,1.0,1.0,0.0,0.0,0.0,0.0,0.0,1.0,0.0,1.0
29,8905.45,487.12082,66.0,34.941822,9.0,10.0,23.0,6.0,27.0,14.0,16.15,11.0,1794.51,30.169577,16.21362,247.55664,0,1,1,1,1,0,0,1,0,0,0.0,0.0,0.0,0.0,0.0,0.0,0.0,0.0,0.0,0.0,1.0,0.0,0.0,0.0,0.0,0.0,0.0,1.0,0.0,1.0,0.0,1.0,0.0,0.0,0.0,0.0,0.0
39,82988.08,7100.6733,79.0,182.42493,4.0,4.0,10.0,3.0,22.0,16.0,10.52,8.0,1036.93,38.67356,216.021,561.6214,1,0,0,0,1,0,0,0,0,0,0.0,0.0,0.0,0.0,0.0,0.0,0.0,0.0,0.0,0.0,0.0,0.0,1.0,0.0,0.0,0.0,0.0,1.0,0.0,1.0,0.0,1.0,0.0,0.0,0.0,0.0,1.0
54,30084.89,2375.0742,69.0,52.097095,5.0,5.0,7.0,3.0,9.0,18.0,14.57,4.0,115.84,26.575525,140.19872,325.2116,0,0,1,0,0,0,0,0,0,1,0.0,0.0,0.0,0.0,0.0,1.0,0.0,0.0,0.0,0.0,0.0,0.0,0.0,0.0,0.0,0.0,0.0,1.0,0.0,1.0,0.0,0.0,0.0,0.0,1.0,0.0,1.0
26,8918.13,825.1775,48.0,39.80553,7.0,6.0,27.0,8.0,40.0,13.0,-1.1,10.0,1912.96,28.832928,21.392721,261.3195,0,1,1,1,0,0,0,1,1,1,0.0,0.0,0.0,0.0,0.0,0.0,0.0,0.0,0.0,0.0,0.0,1.0,0.0,0.0,0.0,1.0,0.0,0.0,0.0,1.0,1.0,0.0,0.0,0.0,0.0,0.0,1.0
21,34365.96,2993.83,35.0,52.203312,8.0,9.0,26.0,2.0,15.0,20.0,4.57,8.0,2011.12,30.783188,303.63354,223.54614,0,0,0,0,0,0,0,1,0,1,0.0,0.0,0.0,0.0,1.0,0.0,0.0,0.0,0.0,0.0,0.0,0.0,0.0,0.0,0.0,0.0,0.0,1.0,0.0,1.0,0.0,0.0,0.0,0.0,1.0,0.0,0.0
37,65430.0,5539.5,59.0,196.79927,4.0,6.0,18.0,6.0,19.0,15.0,17.52,12.0,1380.18,24.817217,196.9591,410.19162,1,0,1,1,0,0,0,1,0,1,0.0,1.0,0.0,0.0,0.0,0.0,0.0,0.0,0.0,0.0,0.0,0.0,0.0,0.0,0.0,0.0,0.0,1.0,0.0,1.0,0.0,1.0,0.0,0.0,0.0,0.0,0.0
38,42960.39,3363.0325,120.0,58.19249,2.0,5.0,9.0,3.0,5.0,1.0,2.18,2.0,379.94,36.290432,287.3973,280.71347,0,0,1,0,1,0,0,0,0,1,0.0,0.0,0.0,0.0,0.0,1.0,0.0,0.0,0.0,0.0,0.0,0.0,0.0,0.0,0.0,0.0,1.0,0.0,1.0,0.0,0.0,0.0,0.0,0.0,0.0,1.0,0.0
20,17902.266,1306.8555,134.0,16.24505,5.0,4.0,5.0,2.0,13.0,13.0,3.55,4.0,450.32,24.491556,40.637398,343.8031,0,0,1,1,0,0,0,0,0,0,0.0,0.0,0.0,0.0,1.0,0.0,0.0,0.0,0.0,0.0,0.0,0.0,0.0,0.0,0.0,0.0,1.0,0.0,1.0,0.0,0.0,0.0,0.0,1.0,0.0,0.0,2.0
33,115324.62,9772.385,97.0,199.25127,2.0,5.0,8.0,4.0,6.0,4.0,5.5,3.0,1316.45,39.984856,296.28345,731.7038,0,1,0,0,0,0,0,1,0,1,0.0,0.0,0.0,0.0,0.0,0.0,0.0,1.0,0.0,0.0,0.0,0.0,0.0,0.0,0.0,0.0,1.0,0.0,1.0,0.0,0.0,1.0,0.0,0.0,0.0,0.0,2.0
20,15961.545,1269.1288,78.0,21.248508,5.0,2.0,11.0,2.0,3.0,7.0,6.88,0.0,26.42,32.399055,21.433743,324.23062,0,1,0,0,0,0,1,0,0,0,0.0,0.0,0.0,0.0,0.0,0.0,1.0,0.0,0.0,0.0,0.0,0.0,0.0,0.0,0.0,0.0,1.0,0.0,1.0,0.0,1.0,0.0,0.0,0.0,0.0,0.0,2.0
44,41702.9,3249.2417,41.0,145.63956,7.0,8.0,27.0,6.0,42.0,21.0,6.31,10.0,2334.29,25.336432,326.15375,143.13086,1,0,1,1,1,0,1,0,0,0,0.0,1.0,0.0,0.0,0.0,0.0,0.0,0.0,0.0,0.0,0.0,0.0,0.0,0.0,0.0,1.0,0.0,0.0,0.0,1.0,0.0,0.0,0.0,0.0,0.0,1.0,0.0
29,35235.45,3048.2876,72.0,23.125097,6.0,4.0,15.0,1.0,18.0,8.0,19.41,12.0,1140.68,40.32776,145.04185,396.6618,0,0,1,0,0,0,0,0,0,0,0.0,0.0,0.0,0.0,0.0,0.0,0.0,0.0,0.0,0.0,0.0,0.0,1.0,0.0,0.0,0.0,0.0,1.0,0.0,1.0,0.0,0.0,1.0,0.0,0.0,0.0,1.0
40,18836.23,1280.6858,36.0,49.55784,6.0,8.0,16.0,6.0,31.0,18.0,14.26,11.0,1310.56,30.824652,73.51424,264.99652,0,0,1,0,0,0,1,1,1,0,0.0,0.0,0.0,0.0,1.0,0.0,0.0,0.0,0.0,0.0,0.0,0.0,0.0,0.0,0.0,1.0,0.0,0.0,0.0,1.0,0.0,0.0,1.0,0.0,0.0,0.0,0.0
24,43615.2,3420.6,88.0,128.54999,4.0,6.0,3.0,4.0,9.0,7.0,6.46,7.0,1030.5,33.679066,140.87402,322.636,0,0,1,1,0,0,0,0,0,1,1.0,0.0,0.0,0.0,0.0,0.0,0.0,0.0,0.0,0.0,0.0,0.0,0.0,0.0,0.0,0.0,1.0,0.0,1.0,0.0,0.0,1.0,0.0,0.0,0.0,0.0,1.0
43,15835.495,1107.6246,113.0,30.707565,4.0,4.0,5.0,3.0,20.0,20.0,5.92,0.0,16.42,25.151018,89.12232,280.93256,1,0,0,1,0,0,0,0,0,0,0.0,0.0,0.0,0.0,1.0,0.0,0.0,0.0,0.0,0.0,0.0,0.0,0.0,0.0,0.0,0.0,1.0,0.0,1.0,0.0,0.0,0.0,0.0,0.0,0.0,1.0,2.0
21,83164.8,6942.4,117.0,222.71606,4.0,5.0,9.0,4.0,19.0,15.0,10.9,11.0,544.54,38.0939,252.80101,468.72293,1,0,0,0,0,0,1,0,0,1,0.0,0.0,1.0,0.0,0.0,0.0,0.0,0.0,0.0,0.0,0.0,0.0,0.0,0.0,0.0,0.0,0.0,1.0,0.0,1.0,0.0,1.0,0.0,0.0,0.0,0.0,1.0
18,11687.925,1212.9938,44.0,18.079063,3.0,4.0,11.0,3.0,30.0,20.0,17.43,6.0,991.78,25.993704,91.59235,301.62796,0,0,0,1,0,0,1,0,0,1,0.0,0.0,0.0,0.0,0.0,0.0,0.0,0.0,1.0,0.0,0.0,0.0,0.0,0.0,0.0,0.0,0.0,1.0,0.0,1.0,0.0,0.0,0.0,0.0,0.0,1.0,1.0
55,21434.275,1790.1896,66.0,49.599586,1.0,5.0,3.0,3.0,9.0,3.0,4.54,3.0,166.49,39.944576,66.84345,332.57593,0,1,0,0,1,0,0,0,0,1,0.0,0.0,0.0,0.0,0.0,0.0,0.0,1.0,0.0,0.0,0.0,0.0,0.0,0.0,0.0,0.0,1.0,0.0,1.0,0.0,0.0,0.0,0.0,1.0,0.0,0.0,2.0
34,33836.13,2589.6775,95.0,21.129139,3.0,4.0,6.0,1.0,23.0,8.0,9.97,3.0,736.71,26.736193,24.205105,453.6335,0,0,0,1,0,0,0,0,0,0,0.0,0.0,0.0,0.0,0.0,0.0,0.0,0.0,0.0,0.0,0.0,0.0,0.0,0.0,1.0,0.0,1.0,0.0,1.0,0.0,0.0,0.0,0.0,0.0,1.0,0.0,0.0
33,15784.29,1147.3575,76.0,91.891975,5.0,5.0,9.0,7.0,7.0,12.0,11.83,7.0,485.24,39.1608,87.31502,205.52876,1,1,1,0,0,0,0,1,0,1,0.0,1.0,0.0,0.0,0.0,0.0,0.0,0.0,0.0,0.0,0.0,0.0,0.0,0.0,0.0,0.0,0.0,1.0,0.0,1.0,0.0,0.0,0.0,1.0,0.0,0.0,1.0
16,17509.0,1657.0834,66.0,53.880714,10.0,9.0,20.0,4.0,21.0,18.0,7.5,11.0,2421.12,36.011326,199.9639,201.86372,0,0,0,1,1,0,0,1,0,0,1.0,0.0,0.0,0.0,0.0,0.0,0.0,0.0,0.0,0.0,0.0,0.0,0.0,0.0,0.0,1.0,0.0,0.0,0.0,1.0,0.0,0.0,0.0,0.0,0.0,1.0,0.0
21,97735.08,8376.59,129.0,233.43593,3.0,6.0,5.0,4.0,-3.0,3.0,2.87,2.0,358.24,27.390661,217.77855,666.4445,1,1,0,1,0,0,0,0,0,0,0.0,0.0,0.0,0.0,0.0,1.0,0.0,0.0,0.0,0.0,0.0,0.0,0.0,0.0,0.0,0.0,1.0,0.0,1.0,0.0,0.0,0.0,0.0,0.0,1.0,0.0,1.0
54,27316.86,1985.405,109.0,56.83239,3.0,3.0,20.0,3.0,14.0,17.0,10.05,8.0,761.67,27.217106,130.76654,300.9416,0,0,0,0,1,0,0,0,0,0,0.0,0.0,0.0,0.0,0.0,0.0,0.0,0.0,0.0,0.0,0.0,0.0,0.0,1.0,0.0,0.0,0.0,1.0,0.0,1.0,0.0,0.0,0.0,0.0,0.0,1.0,1.0
41,14535.105,1345.2588,104.0,15.775026,1.0,7.0,3.0,2.0,19.0,13.0,6.63,0.0,70.66,29.05592,100.90427,307.8466,0,1,1,0,0,0,0,0,0,0,1.0,0.0,0.0,0.0,0.0,0.0,0.0,0.0,0.0,0.0,0.0,0.0,0.0,0.0,0.0,0.0,1.0,0.0,1.0,0.0,0.0,0.0,0.0,0.0,0.0,1.0,2.0
42,9275.95,553.99585,55.0,19.788902,8.0,8.0,24.0,4.0,40.0,20.0,19.23,8.0,1746.01,30.963774,73.22787,252.38281,0,0,0,1,1,0,1,0,0,0,0.0,0.0,0.0,0.0,0.0,0.0,0.0,0.0,0.0,0.0,1.0,0.0,0.0,0.0,0.0,1.0,0.0,0.0,0.0,1.0,0.0,0.0,0.0,0.0,0.0,1.0,0.0
37,28194.8,2427.5667,83.0,55.46729,2.0,3.0,11.0,3.0,17.0,13.0,9.78,1.0,139.84,31.497334,82.9727,374.31668,0,0,1,0,1,0,0,0,0,0,0.0,0.0,0.0,0.0,0.0,0.0,1.0,0.0,0.0,0.0,0.0,0.0,0.0,0.0,0.0,0.0,1.0,0.0,1.0,0.0,0.0,0.0,0.0,1.0,0.0,0.0,1.0
16,10352.745,861.72876,24.0,36.629375,3.0,5.0,6.0,7.0,27.0,17.0,15.99,6.0,343.41,37.422104,56.003277,283.54022,0,0,1,0,1,0,0,0,1,1,0.0,0.0,0.0,1.0,0.0,0.0,0.0,0.0,0.0,0.0,0.0,0.0,0.0,0.0,0.0,0.0,0.0,1.0,0.0,1.0,0.0,0.0,0.0,0.0,0.0,1.0,1.0
26,13164.265,1034.0221,50.0,64.619125,6.0,4.0,8.0,7.0,27.0,15.0,15.24,6.0,697.28,34.409267,86.49704,232.28604,0,1,1,1,0,0,0,0,1,0,0.0,0.0,0.0,0.0,0.0,0.0,0.0,0.0,0.0,0.0,0.0,1.0,0.0,0.0,0.0,0.0,0.0,1.0,0.0,1.0,0.0,0.0,0.0,0.0,1.0,0.0,1.0
51,30635.83,2714.9858,113.0,88.416374,3.0,5.0,13.0,4.0,20.0,13.0,5.29,0.0,349.58,34.962414,36.578777,396.50342,1,0,1,0,0,0,0,1,0,1,0.0,0.0,0.0,0.0,0.0,0.0,0.0,1.0,0.0,0.0,0.0,0.0,0.0,0.0,0.0,0.0,0.0,1.0,1.0,0.0,0.0,1.0,0.0,0.0,0.0,0.0,1.0
18,19742.24,1619.1866,41.0,52.090958,7.0,6.0,32.0,4.0,18.0,13.0,9.55,9.0,1373.49,29.404768,41.77613,338.05157,0,1,1,0,1,0,0,1,0,0,0.0,0.0,0.0,0.0,0.0,0.0,0.0,0.0,0.0,0.0,0.0,0.0,0.0,1.0,0.0,0.0,0.0,1.0,0.0,1.0,0.0,0.0,0.0,1.0,0.0,0.0,0.0
46,31329.83,2598.819,115.0,0.0,5.0,3.0,6.0,0.0,14.0,19.0,5.25,4.0,628.91,29.13685,85.918724,433.9632,0,0,0,0,0,1,0,0,0,0,0.0,1.0,0.0,0.0,0.0,0.0,0.0,0.0,0.0,0.0,0.0,0.0,0.0,0.0,0.0,0.0,1.0,0.0,1.0,0.0,0.0,0.0,1.0,0.0,0.0,0.0,1.0
54,32985.87,2928.8225,133.0,0.0,2.0,5.0,2.0,0.0,12.0,12.0,-0.83,3.0,1048.34,34.45521,126.297554,456.5847,0,0,0,0,0,1,0,0,0,0,0.0,0.0,0.0,0.0,0.0,0.0,1.0,0.0,0.0,0.0,0.0,0.0,0.0,0.0,0.0,0.0,1.0,0.0,1.0,0.0,0.0,0.0,0.0,0.0,0.0,1.0,2.0
30,92114.68,7811.223,91.0,54.219666,3.0,4.0,8.0,1.0,23.0,10.0,22.87,7.0,820.52,25.75741,469.99118,536.9115,0,0,0,1,0,0,0,0,0,0,0.0,0.0,0.0,0.0,0.0,0.0,1.0,0.0,0.0,0.0,0.0,0.0,0.0,0.0,0.0,0.0,0.0,1.0,0.0,1.0,0.0,0.0,0.0,0.0,1.0,0.0,1.0
52,33768.99,2904.0825,69.0,0.0,5.0,4.0,5.0,0.0,-1.0,2.0,10.06,3.0,209.22,27.740221,20.872404,509.53586,0,0,0,0,0,1,0,0,0,0,0.0,0.0,0.0,0.0,0.0,0.0,0.0,0.0,1.0,0.0,0.0,0.0,0.0,0.0,0.0,0.0,1.0,0.0,1.0,0.0,1.0,0.0,0.0,0.0,0.0,0.0,0.0
34,16234.66,1084.8883,41.0,77.07021,10.0,5.0,21.0,7.0,25.0,17.0,12.06,15.0,2466.78,22.382935,78.866684,242.55194,0,0,1,1,1,0,1,1,1,0,0.0,0.0,0.0,0.0,0.0,0.0,0.0,1.0,0.0,0.0,0.0,0.0,0.0,0.0,0.0,1.0,0.0,0.0,0.0,1.0,0.0,0.0,0.0,0.0,0.0,1.0,0.0
22,7195.3,434.60834,91.0,37.724087,10.0,9.0,20.0,7.0,26.0,18.0,11.99,12.0,1820.55,39.26765,0.0,238.9786,0,1,1,0,0,0,1,0,1,1,0.0,0.0,0.0,0.0,0.0,0.0,0.0,1.0,0.0,0.0,0.0,0.0,0.0,0.0,0.0,0.0,0.0,1.0,0.0,1.0,1.0,0.0,0.0,0.0,0.0,0.0,0.0
22,93293.13,7807.4277,107.0,156.2124,4.0,5.0,2.0,4.0,8.0,10.0,6.27,4.0,1448.6,32.223194,243.74614,660.7842,1,0,1,0,1,0,0,0,0,0,0.0,0.0,0.0,0.0,0.0,1.0,0.0,0.0,0.0,0.0,0.0,0.0,0.0,0.0,0.0,0.0,1.0,0.0,1.0,0.0,0.0,0.0,0.0,0.0,1.0,0.0,1.0
19,73737.36,5936.78,129.0,214.81346,7.0,3.0,18.0,4.0,15.0,20.0,13.92,2.0,1219.39,33.015926,424.0584,244.80612,0,1,0,0,0,0,1,1,0,0,0.0,0.0,0.0,0.0,0.0,0.0,0.0,1.0,0.0,0.0,0.0,0.0,0.0,0.0,0.0,0.0,0.0,1.0,0.0,1.0,0.0,0.0,0.0,0.0,0.0,1.0,1.0
49,69563.34,5738.945,81.0,137.77806,1.0,4.0,2.0,3.0,7.0,8.0,5.94,3.0,164.52,31.876925,89.741455,596.375,1,0,1,0,1,0,0,0,0,0,0.0,0.0,1.0,0.0,0.0,0.0,0.0,0.0,0.0,0.0,0.0,0.0,0.0,0.0,0.0,0.0,1.0,0.0,1.0,0.0,0.0,1.0,0.0,0.0,0.0,0.0,1.0
42,64613.32,5232.4434,48.0,235.43878,10.0,7.0,33.0,5.0,40.0,18.0,16.35,9.0,1522.0,31.70638,193.39581,374.40973,1,0,1,0,1,0,0,1,0,0,0.0,0.0,0.0,0.0,1.0,0.0,0.0,0.0,0.0,0.0,0.0,0.0,0.0,0.0,0.0,0.0,0.0,1.0,0.0,1.0,0.0,0.0,0.0,0.0,1.0,0.0,0.0
23,47050.41,4117.8677,72.0,140.66985,3.0,7.0,19.0,5.0,23.0,18.0,19.77,5.0,1594.93,39.357132,58.854717,452.2622,1,0,1,1,0,0,0,0,0,0,0.0,0.0,0.0,0.0,0.0,0.0,0.0,0.0,0.0,0.0,1.0,0.0,0.0,0.0,0.0,0.0,0.0,1.0,0.0,1.0,1.0,0.0,0.0,0.0,0.0,0.0,0.0
43,19852.09,1654.3408,41.0,93.69112,10.0,8.0,34.0,7.0,17.0,17.0,17.6,11.0,3176.77,34.819748,187.52032,174.22264,1,0,0,1,1,0,0,0,0,1,0.0,0.0,0.0,0.0,0.0,0.0,1.0,0.0,0.0,0.0,0.0,0.0,0.0,0.0,0.0,1.0,0.0,0.0,0.0,1.0,0.0,0.0,0.0,0.0,0.0,1.0,0.0
34,76850.25,6174.1875,94.0,139.61441,5.0,4.0,6.0,3.0,19.0,10.0,0.88,3.0,1112.24,24.923763,453.2324,304.57196,0,0,0,0,1,0,1,0,0,1,0.0,0.0,0.0,0.0,0.0,0.0,1.0,0.0,0.0,0.0,0.0,0.0,0.0,0.0,0.0,0.0,0.0,1.0,0.0,1.0,0.0,0.0,0.0,0.0,1.0,0.0,1.0
52,65493.78,5196.815,133.0,149.44989,3.0,7.0,8.0,3.0,5.0,13.0,10.05,8.0,1255.36,28.411324,495.2148,155.0168,0,0,1,0,0,0,0,0,1,0,1.0,0.0,0.0,0.0,0.0,0.0,0.0,0.0,0.0,0.0,0.0,0.0,0.0,0.0,0.0,0.0,0.0,1.0,0.0,1.0,0.0,0.0,0.0,0.0,1.0,0.0,1.0
31,19042.82,1635.9016,99.0,10.908776,6.0,5.0,18.0,1.0,12.0,15.0,3.12,1.0,659.68,24.34136,215.54651,227.13487,0,0,0,0,0,0,1,0,0,0,0.0,0.0,0.0,0.0,0.0,1.0,0.0,0.0,0.0,0.0,0.0,0.0,0.0,0.0,0.0,0.0,0.0,1.0,1.0,0.0,0.0,0.0,0.0,0.0,0.0,1.0,0.0
19,21039.8,1875.3167,97.0,0.0,4.0,5.0,10.0,0.0,5.0,12.0,0.19,2.0,8.99,24.029343,252.05899,225.47267,0,0,0,0,0,1,0,0,0,0,0.0,0.0,0.0,0.0,0.0,1.0,0.0,0.0,0.0,0.0,0.0,0.0,0.0,0.0,0.0,0.0,1.0,0.0,1.0,0.0,0.0,0.0,0.0,0.0,0.0,1.0,0.0
41,63248.98,5456.7485,101.0,119.4755,5.0,4.0,4.0,3.0,11.0,10.0,1.48,3.0,424.98,34.799625,137.60426,538.5951,1,0,1,0,0,0,0,0,1,0,0.0,0.0,0.0,0.0,0.0,0.0,0.0,0.0,0.0,0.0,0.0,0.0,0.0,1.0,0.0,0.0,1.0,0.0,1.0,0.0,0.0,1.0,0.0,0.0,0.0,0.0,0.0
24,10805.56,627.4633,76.0,13.16186,5.0,6.0,15.0,2.0,24.0,16.0,4.29,2.0,298.98,35.119297,21.56651,278.01797,0,0,0,0,1,0,1,0,0,0,0.0,0.0,0.0,0.0,0.0,0.0,0.0,1.0,0.0,0.0,0.0,0.0,0.0,0.0,0.0,0.0,0.0,1.0,1.0,0.0,0.0,1.0,0.0,0.0,0.0,0.0,1.0
41,30802.79,2691.8992,107.0,72.863205,5.0,5.0,5.0,3.0,4.0,7.0,9.18,2.0,388.92,28.939617,31.508787,404.81793,0,0,0,0,1,0,0,0,1,0,1.0,0.0,0.0,0.0,0.0,0.0,0.0,0.0,0.0,0.0,0.0,0.0,0.0,0.0,0.0,0.0,1.0,0.0,1.0,0.0,1.0,0.0,0.0,0.0,0.0,0.0,2.0
37,8137.58,554.13165,27.0,14.302914,6.0,4.0,17.0,3.0,6.0,13.0,7.7,5.0,998.45,40.562153,27.569271,303.541,0,0,0,1,1,0,0,0,1,0,0.0,0.0,0.0,0.0,0.0,0.0,0.0,0.0,0.0,0.0,0.0,1.0,0.0,0.0,0.0,0.0,0.0,1.0,0.0,1.0,0.0,0.0,0.0,0.0,0.0,1.0,1.0
48,20787.69,1999.3075,79.0,42.221992,8.0,6.0,14.0,3.0,24.0,14.0,1.13,3.0,614.6,34.23585,82.62718,345.08157,0,1,0,1,0,0,0,0,0,0,0.0,0.0,0.0,0.0,0.0,1.0,0.0,0.0,0.0,0.0,0.0,0.0,0.0,0.0,0.0,0.0,0.0,1.0,1.0,0.0,0.0,0.0,0.0,1.0,0.0,0.0,1.0
50,12382.94,1061.9116,119.0,20.80195,4.0,3.0,10.0,3.0,25.0,17.0,18.06,2.0,407.8,26.687511,55.417942,289.97128,0,1,1,0,1,0,0,0,0,0,0.0,0.0,1.0,0.0,0.0,0.0,0.0,0.0,0.0,0.0,0.0,0.0,0.0,0.0,0.0,0.0,0.0,1.0,0.0,1.0,0.0,0.0,0.0,0.0,0.0,1.0,2.0
31,79264.86,6863.405,27.0,274.2932,4.0,7.0,9.0,5.0,13.0,17.0,12.21,4.0,440.0,37.50405,189.15437,472.8929,0,1,0,0,0,0,0,1,0,1,0.0,0.0,0.0,0.0,0.0,0.0,0.0,1.0,0.0,0.0,0.0,0.0,0.0,0.0,0.0,0.0,0.0,1.0,0.0,1.0,0.0,1.0,0.0,0.0,0.0,0.0,1.0
44,14293.43,1465.1191,30.0,73.81017,7.0,7.0,18.0,7.0,12.0,14.0,9.55,13.0,2352.93,27.160284,46.658478,296.04327,1,0,1,1,1,0,1,1,0,0,0.0,0.0,0.0,0.0,0.0,0.0,1.0,0.0,0.0,0.0,0.0,0.0,0.0,0.0,0.0,0.0,0.0,1.0,0.0,1.0,0.0,0.0,0.0,1.0,0.0,0.0,0.0
24,40207.94,3068.6616,59.0,159.69214,7.0,5.0,26.0,6.0,27.0,19.0,1.07,9.0,1914.22,29.747253,75.569466,311.60455,1,0,1,1,0,0,1,0,0,1,0.0,0.0,0.0,0.0,0.0,0.0,0.0,0.0,0.0,0.0,1.0,0.0,0.0,0.0,0.0,1.0,0.0,0.0,0.0,1.0,1.0,0.0,0.0,0.0,0.0,0.0,0.0
29,42185.25,3495.4375,139.0,32.71539,4.0,5.0,9.0,1.0,13.0,11.0,5.14,1.0,720.43,34.67589,148.00935,458.819,0,0,0,0,0,0,0,1,0,0,0.0,0.0,0.0,0.0,0.0,0.0,0.0,0.0,0.0,1.0,0.0,0.0,0.0,0.0,0.0,0.0,1.0,0.0,1.0,0.0,0.0,0.0,0.0,0.0,0.0,1.0,1.0
34,44986.55,3689.8792,83.0,23.267136,5.0,4.0,11.0,1.0,0.0,0.0,7.26,0.0,753.21,32.428368,46.691803,549.029,0,1,0,0,0,0,0,0,0,0,0.0,0.0,0.0,0.0,0.0,0.0,0.0,0.0,0.0,0.0,0.0,1.0,0.0,0.0,0.0,0.0,1.0,0.0,1.0,0.0,0.0,1.0,0.0,0.0,0.0,0.0,2.0
44,16943.506,1382.9587,107.0,11.203244,4.0,6.0,11.0,1.0,24.0,16.0,8.93,5.0,961.19,36.566586,128.28282,288.8098,0,0,0,0,1,0,0,0,0,0,0.0,0.0,0.0,0.0,0.0,0.0,1.0,0.0,0.0,0.0,0.0,0.0,0.0,0.0,0.0,0.0,1.0,0.0,1.0,0.0,0.0,0.0,0.0,0.0,0.0,1.0,2.0
48,18622.57,1766.8809,129.0,30.635717,3.0,3.0,12.0,3.0,2.0,1.0,4.85,4.0,117.58,32.12249,64.577805,341.47455,0,1,0,1,0,0,0,1,0,0,0.0,0.0,0.0,0.0,0.0,0.0,0.0,0.0,0.0,1.0,0.0,0.0,0.0,0.0,0.0,0.0,1.0,0.0,1.0,0.0,0.0,0.0,1.0,0.0,0.0,0.0,2.0
50,87714.58,7483.5483,70.0,263.6555,3.0,7.0,11.0,4.0,20.0,9.0,3.97,3.0,53.4,36.40741,220.82034,543.879,0,1,1,0,0,0,1,1,0,0,0.0,0.0,0.0,0.0,0.0,0.0,0.0,1.0,0.0,0.0,0.0,0.0,0.0,0.0,0.0,0.0,1.0,0.0,1.0,0.0,0.0,0.0,0.0,0.0,1.0,0.0,0.0
24,33376.81,2890.401,126.0,82.41644,2.0,5.0,1.0,3.0,11.0,9.0,12.16,3.0,252.34,27.806911,90.55767,366.06598,0,1,1,0,0,0,0,0,0,1,0.0,0.0,0.0,0.0,0.0,0.0,1.0,0.0,0.0,0.0,0.0,0.0,0.0,0.0,0.0,0.0,1.0,0.0,1.0,0.0,0.0,1.0,0.0,0.0,0.0,0.0,1.0
35,116611.8,9836.65,128.0,288.2534,7.0,3.0,15.0,3.0,12.0,19.0,19.43,0.0,1373.9,35.616318,503.0204,452.39124,0,1,0,0,0,0,1,0,1,0,0.0,0.0,0.0,0.0,0.0,0.0,0.0,0.0,0.0,1.0,0.0,0.0,0.0,0.0,0.0,0.0,0.0,1.0,0.0,1.0,0.0,0.0,1.0,0.0,0.0,0.0,1.0
26,34660.86,2782.405,66.0,0.0,8.0,7.0,6.0,0.0,25.0,12.0,5.63,4.0,901.74,39.44284,78.46744,449.77307,0,0,0,0,0,1,0,0,0,0,0.0,0.0,0.0,0.0,0.0,0.0,0.0,1.0,0.0,0.0,0.0,0.0,0.0,0.0,0.0,0.0,0.0,1.0,1.0,0.0,0.0,1.0,0.0,0.0,0.0,0.0,1.0
53,21051.145,1791.2621,71.0,15.495501,1.0,6.0,8.0,1.0,3.0,10.0,7.38,2.0,90.3,29.99508,132.71777,320.91293,1,0,0,0,0,0,0,0,0,0,0.0,0.0,0.0,0.0,0.0,0.0,0.0,0.0,0.0,0.0,0.0,0.0,1.0,0.0,0.0,0.0,1.0,0.0,1.0,0.0,0.0,0.0,0.0,0.0,0.0,1.0,1.0
47,31933.89,2685.1575,78.0,16.522688,4.0,3.0,11.0,1.0,13.0,12.0,7.18,1.0,198.25,29.09254,148.04779,393.94528,0,0,0,0,0,0,0,0,0,1,0.0,0.0,0.0,0.0,0.0,0.0,0.0,0.0,0.0,0.0,0.0,0.0,0.0,0.0,1.0,0.0,1.0,0.0,1.0,0.0,0.0,0.0,0.0,0.0,0.0,1.0,0.0
42,63901.05,5409.0874,109.0,0.0,4.0,6.0,19.0,0.0,21.0,21.0,10.49,2.0,1253.04,36.9144,63.39971,727.50903,0,0,0,0,0,1,0,0,0,0,0.0,0.0,0.0,0.0,1.0,0.0,0.0,0.0,0.0,0.0,0.0,0.0,0.0,0.0,0.0,0.0,0.0,1.0,1.0,0.0,0.0,1.0,0.0,0.0,0.0,0.0,1.0
34,17200.97,1185.4142,58.0,48.513817,8.0,9.0,27.0,4.0,22.0,11.0,10.3,9.0,1513.27,29.519981,29.185476,300.84213,1,0,0,0,1,0,0,0,0,1,0.0,0.0,0.0,0.0,0.0,0.0,0.0,0.0,0.0,0.0,0.0,0.0,0.0,1.0,0.0,0.0,0.0,1.0,0.0,1.0,0.0,0.0,1.0,0.0,0.0,0.0,0.0
46,35032.66,2853.3884,44.0,150.50009,10.0,6.0,33.0,7.0,48.0,17.0,6.52,10.0,1789.0,36.37675,247.98497,176.85378,0,1,0,0,1,0,0,1,1,1,0.0,0.0,0.0,0.0,0.0,0.0,0.0,0.0,0.0,0.0,0.0,0.0,0.0,0.0,1.0,1.0,0.0,0.0,0.0,1.0,0.0,0.0,0.0,0.0,0.0,1.0,0.0
28,16691.32,1292.9434,50.0,68.22471,5.0,5.0,7.0,7.0,20.0,5.0,7.66,4.0,1532.3,29.813076,154.51291,196.55672,0,0,1,1,0,0,1,0,1,0,0.0,0.0,0.0,0.0,0.0,0.0,0.0,0.0,0.0,0.0,1.0,0.0,0.0,0.0,0.0,0.0,0.0,1.0,0.0,1.0,0.0,0.0,0.0,0.0,0.0,1.0,0.0
24,29663.44,2676.9534,71.0,49.345913,5.0,6.0,18.0,2.0,13.0,9.0,17.76,8.0,598.51,35.297874,323.52927,184.82014,0,1,0,0,0,0,1,0,0,0,0.0,0.0,0.0,0.0,0.0,0.0,0.0,0.0,0.0,0.0,1.0,0.0,0.0,0.0,0.0,0.0,0.0,1.0,0.0,1.0,0.0,0.0,0.0,0.0,0.0,1.0,1.0
26,19215.09,1460.2574,31.0,56.96235,5.0,6.0,31.0,5.0,26.0,20.0,11.0,6.0,1680.4,24.89885,118.95925,250.10414,0,0,1,0,1,0,1,1,0,0,0.0,0.0,0.0,0.0,0.0,0.0,1.0,0.0,0.0,0.0,0.0,0.0,0.0,0.0,0.0,0.0,0.0,1.0,0.0,1.0,0.0,0.0,0.0,0.0,1.0,0.0,0.0
29,97377.87,8135.8223,101.0,70.90187,4.0,3.0,7.0,1.0,16.0,1.0,4.65,3.0,1223.22,32.049866,250.0677,762.6127,0,0,0,0,0,0,0,0,0,1,0.0,0.0,0.0,0.0,0.0,0.0,0.0,0.0,0.0,0.0,0.0,0.0,1.0,0.0,0.0,0.0,1.0,0.0,1.0,0.0,0.0,0.0,0.0,1.0,0.0,0.0,2.0
37,14453.63,1250.4691,57.0,36.85547,9.0,6.0,23.0,4.0,18.0,20.0,2.67,8.0,1298.38,36.536266,117.57287,260.6186,0,0,0,0,1,0,0,1,1,1,0.0,0.0,0.0,0.0,0.0,1.0,0.0,0.0,0.0,0.0,0.0,0.0,0.0,0.0,0.0,1.0,0.0,0.0,0.0,1.0,0.0,0.0,0.0,0.0,0.0,1.0,1.0
28,16674.01,1342.5009,68.0,13.632311,1.0,4.0,5.0,1.0,11.0,7.0,2.03,4.0,1471.88,25.221941,85.29579,315.322,1,0,0,0,0,0,0,0,0,0,0.0,0.0,0.0,0.0,0.0,1.0,0.0,0.0,0.0,0.0,0.0,0.0,0.0,0.0,0.0,0.0,1.0,0.0,1.0,0.0,0.0,0.0,0.0,0.0,1.0,0.0,1.0
24,38684.2,3423.6833,25.0,70.03845,7.0,5.0,16.0,3.0,24.0,20.0,12.24,13.0,1464.16,33.40077,259.86862,282.46124,0,0,0,0,0,0,0,1,1,0,0.0,0.0,1.0,0.0,0.0,0.0,0.0,0.0,0.0,0.0,0.0,0.0,0.0,0.0,0.0,0.0,0.0,1.0,0.0,1.0,0.0,0.0,0.0,1.0,0.0,0.0,0.0
21,18600.88,1386.0734,69.0,73.88978,5.0,6.0,5.0,6.0,15.0,16.0,19.71,9.0,2428.25,25.503506,49.824654,284.8929,0,1,0,1,1,0,1,1,1,0,0.0,0.0,0.0,1.0,0.0,0.0,0.0,0.0,0.0,0.0,0.0,0.0,0.0,0.0,0.0,0.0,0.0,1.0,0.0,1.0,0.0,0.0,0.0,1.0,0.0,0.0,0.0
39,44826.54,3953.545,114.0,0.0,2.0,3.0,10.0,0.0,25.0,9.0,2.52,2.0,952.04,26.733688,289.58456,395.76993,0,0,0,0,0,1,0,0,0,0,0.0,0.0,0.0,0.0,0.0,0.0,0.0,0.0,0.0,1.0,0.0,0.0,0.0,0.0,0.0,0.0,1.0,0.0,1.0,0.0,0.0,0.0,0.0,0.0,0.0,1.0,0.0
39,21018.0,2011.5,109.0,0.0,8.0,4.0,17.0,0.0,14.0,16.0,16.1,4.0,98.61,32.60437,52.783623,398.36636,0,0,0,0,0,1,0,0,0,0,0.0,0.0,0.0,0.0,0.0,0.0,0.0,0.0,0.0,1.0,0.0,0.0,0.0,0.0,0.0,0.0,0.0,1.0,0.0,1.0,0.0,0.0,0.0,1.0,0.0,0.0,1.0
49,20675.475,1899.9563,93.0,21.995943,3.0,1.0,11.0,2.0,11.0,7.0,5.76,3.0,78.09,27.358791,52.476337,375.52335,0,0,0,0,0,0,0,1,0,1,0.0,0.0,0.0,0.0,0.0,0.0,0.0,0.0,0.0,0.0,0.0,1.0,0.0,0.0,0.0,0.0,1.0,0.0,1.0,0.0,0.0,0.0,1.0,0.0,0.0,0.0,2.0
36,72849.56,6118.797,43.0,230.47485,3.0,3.0,12.0,6.0,21.0,16.0,16.07,6.0,965.85,39.89015,176.2262,485.17862,1,0,0,0,0,0,0,1,1,0,0.0,0.0,0.0,0.0,0.0,0.0,0.0,1.0,0.0,0.0,0.0,0.0,0.0,0.0,0.0,0.0,0.0,1.0,0.0,1.0,0.0,0.0,0.0,0.0,1.0,0.0,1.0
24,58211.85,4727.9873,133.0,152.7275,8.0,6.0,5.0,4.0,15.0,17.0,3.65,3.0,901.0,31.108944,256.88852,323.18274,0,0,1,1,1,0,1,0,0,0,1.0,0.0,0.0,0.0,0.0,0.0,0.0,0.0,0.0,0.0,0.0,0.0,0.0,0.0,0.0,0.0,1.0,0.0,1.0,0.0,0.0,0.0,1.0,0.0,0.0,0.0,2.0
25,19137.3,1871.775,60.0,29.701607,10.0,7.0,27.0,2.0,52.0,27.0,10.29,6.0,1461.56,32.91451,149.33293,370.4987,0,0,0,1,0,0,1,0,0,0,0.0,0.0,1.0,0.0,0.0,0.0,0.0,0.0,0.0,0.0,0.0,0.0,0.0,0.0,0.0,1.0,0.0,0.0,0.0,1.0,0.0,0.0,0.0,1.0,0.0,0.0,0.0
48,94554.87,7914.5723,95.0,0.0,2.0,6.0,2.0,0.0,9.0,1.0,9.24,3.0,1487.9,28.223595,312.03436,729.4229,0,0,0,0,0,1,0,0,0,0,0.0,0.0,0.0,0.0,0.0,0.0,0.0,0.0,0.0,0.0,1.0,0.0,0.0,0.0,0.0,0.0,1.0,0.0,1.0,0.0,0.0,1.0,0.0,0.0,0.0,0.0,1.0
47,85953.88,7140.823,122.0,219.24918,3.0,3.0,16.0,4.0,23.0,18.0,16.55,9.0,649.07,25.11949,269.1,475.73315,0,0,0,1,1,0,0,0,1,0,1.0,0.0,0.0,0.0,0.0,0.0,0.0,0.0,0.0,0.0,0.0,0.0,0.0,0.0,0.0,0.0,0.0,1.0,0.0,1.0,0.0,1.0,0.0,0.0,0.0,0.0,1.0
41,9095.29,853.94086,71.0,42.472122,7.0,5.0,16.0,6.0,12.0,17.0,14.58,10.0,2016.31,35.972824,63.807007,269.11496,0,0,1,0,0,0,1,1,1,1,0.0,0.0,0.0,0.0,0.0,0.0,0.0,0.0,0.0,0.0,0.0,0.0,1.0,0.0,0.0,0.0,0.0,1.0,0.0,1.0,0.0,0.0,0.0,0.0,0.0,1.0,1.0
45,15915.73,1461.3108,49.0,50.660263,5.0,7.0,24.0,4.0,5.0,12.0,12.05,9.0,1554.95,32.891373,170.18166,215.28917,0,0,1,1,0,0,1,0,1,0,1.0,0.0,0.0,0.0,0.0,0.0,0.0,0.0,0.0,0.0,0.0,0.0,0.0,0.0,0.0,0.0,0.0,1.0,0.0,1.0,0.0,0.0,0.0,0.0,0.0,1.0,0.0
37,29337.5,2321.7917,63.0,164.3135,9.0,7.0,20.0,7.0,25.0,22.0,2.41,15.0,1784.61,29.964302,143.6817,184.18396,1,1,1,0,1,0,0,0,0,0,0.0,0.0,0.0,0.0,0.0,0.0,0.0,0.0,1.0,0.0,0.0,0.0,0.0,0.0,0.0,1.0,0.0,0.0,0.0,1.0,0.0,0.0,1.0,0.0,0.0,0.0,1.0
22,20521.75,1632.1459,47.0,48.110813,3.0,4.0,16.0,4.0,7.0,9.0,10.07,6.0,306.23,28.59128,137.08656,268.0172,1,1,0,0,0,0,0,1,0,1,0.0,0.0,0.0,0.0,0.0,0.0,0.0,0.0,0.0,0.0,0.0,0.0,0.0,0.0,1.0,0.0,0.0,1.0,0.0,1.0,0.0,0.0,0.0,0.0,0.0,1.0,1.0
21,32061.94,2373.8284,88.0,0.0,4.0,3.0,6.0,0.0,3.0,4.0,2.56,3.0,1443.42,25.859648,57.334717,440.04813,0,0,0,0,0,1,0,0,0,0,0.0,0.0,0.0,0.0,0.0,0.0,0.0,0.0,0.0,1.0,0.0,0.0,0.0,0.0,0.0,0.0,1.0,0.0,1.0,0.0,0.0,0.0,1.0,0.0,0.0,0.0,1.0
28,15701.525,1316.4604,129.0,50.39642,7.0,7.0,1.0,4.0,7.0,18.0,3.83,3.0,949.55,29.312067,26.62157,314.62805,0,0,0,1,1,0,0,0,0,1,0.0,0.0,0.0,0.0,0.0,0.0,1.0,0.0,0.0,0.0,0.0,0.0,0.0,0.0,0.0,0.0,1.0,0.0,1.0,0.0,0.0,0.0,0.0,0.0,0.0,1.0,0.0
41,61756.52,5312.3765,28.0,126.57995,9.0,5.0,33.0,4.0,48.0,17.0,2.35,10.0,1854.48,27.480661,132.08324,512.57446,1,0,0,0,1,0,0,0,1,0,0.0,0.0,0.0,1.0,0.0,0.0,0.0,0.0,0.0,0.0,0.0,0.0,0.0,0.0,0.0,1.0,0.0,0.0,0.0,1.0,1.0,0.0,0.0,0.0,0.0,0.0,0.0
27,14045.15,1167.4292,66.0,19.619333,8.0,3.0,20.0,2.0,11.0,9.0,16.16,5.0,1151.22,34.474113,50.088776,317.03482,0,1,0,0,0,0,0,1,0,0,0.0,0.0,0.0,0.0,0.0,0.0,1.0,0.0,0.0,0.0,0.0,0.0,0.0,0.0,0.0,0.0,0.0,1.0,0.0,1.0,0.0,0.0,0.0,1.0,0.0,0.0,1.0
52,20830.8,1867.9,123.0,12.389967,8.0,3.0,19.0,1.0,17.0,16.0,11.67,1.0,449.39,29.686628,25.556416,388.84363,0,0,0,1,0,0,0,0,0,0,0.0,0.0,0.0,1.0,0.0,0.0,0.0,0.0,0.0,0.0,0.0,0.0,0.0,0.0,0.0,0.0,0.0,1.0,0.0,1.0,1.0,0.0,0.0,0.0,0.0,0.0,1.0
29,15762.72,1593.56,91.0,40.9828,3.0,3.0,20.0,4.0,14.0,8.0,10.76,4.0,1050.18,25.99337,184.40086,223.97234,0,0,1,1,0,0,0,0,0,1,0.0,0.0,0.0,0.0,0.0,0.0,0.0,0.0,1.0,0.0,0.0,0.0,0.0,0.0,0.0,0.0,0.0,1.0,0.0,1.0,0.0,0.0,0.0,0.0,0.0,1.0,1.0
43,92200.68,7404.39,118.0,52.433666,2.0,6.0,1.0,1.0,17.0,5.0,4.67,3.0,936.63,41.18235,154.8084,773.19696,1,0,0,0,0,0,0,0,0,0,0.0,0.0,0.0,0.0,0.0,0.0,0.0,1.0,0.0,0.0,0.0,0.0,0.0,0.0,0.0,0.0,1.0,0.0,1.0,0.0,1.0,0.0,0.0,0.0,0.0,0.0,0.0
42,71732.72,6020.7266,32.0,129.93301,4.0,3.0,7.0,3.0,1.0,9.0,17.8,5.0,632.16,40.256992,177.45921,544.6804,0,0,0,0,0,0,1,0,1,1,0.0,0.0,1.0,0.0,0.0,0.0,0.0,0.0,0.0,0.0,0.0,0.0,0.0,0.0,0.0,0.0,0.0,1.0,0.0,1.0,0.0,1.0,0.0,0.0,0.0,0.0,1.0
44,24693.09,2256.7576,131.0,46.784637,4.0,5.0,5.0,3.0,13.0,14.0,8.34,0.0,251.4,31.28853,87.989395,350.9017,0,1,0,1,0,0,0,0,1,0,1.0,0.0,0.0,0.0,0.0,0.0,0.0,0.0,0.0,0.0,0.0,0.0,0.0,0.0,0.0,0.0,0.0,1.0,0.0,1.0,0.0,0.0,1.0,0.0,0.0,0.0,1.0
23,58558.3,5098.8584,74.0,0.0,3.0,2.0,10.0,0.0,8.0,2.0,11.8,3.0,272.17,31.489418,57.389507,692.49634,0,0,0,0,0,1,0,0,0,0,0.0,0.0,0.0,0.0,0.0,0.0,0.0,0.0,0.0,0.0,1.0,0.0,0.0,0.0,0.0,0.0,1.0,0.0,1.0,0.0,1.0,0.0,0.0,0.0,0.0,0.0,2.0
44,41535.69,3622.3076,114.0,0.0,0.0,4.0,12.0,0.0,22.0,2.0,4.45,3.0,1077.75,27.212988,126.380356,485.8504,0,0,0,0,0,1,0,0,0,0,0.0,0.0,0.0,0.0,1.0,0.0,0.0,0.0,0.0,0.0,0.0,0.0,0.0,0.0,0.0,0.0,1.0,0.0,1.0,0.0,0.0,1.0,0.0,0.0,0.0,0.0,0.0
46,35208.2,2919.0166,70.0,44.73008,5.0,2.0,5.0,2.0,13.0,0.0,1.34,4.0,630.29,38.172333,99.63292,284.1199,0,1,0,0,0,0,0,0,1,0,0.0,1.0,0.0,0.0,0.0,0.0,0.0,0.0,0.0,0.0,0.0,0.0,0.0,0.0,0.0,0.0,1.0,0.0,1.0,0.0,0.0,0.0,0.0,0.0,1.0,0.0,2.0
30,41414.58,3476.215,35.0,44.061966,9.0,6.0,23.0,2.0,24.0,23.0,7.39,10.0,1891.1,39.415,198.74203,364.8175,0,0,0,0,1,0,0,0,0,1,0.0,0.0,0.0,0.0,0.0,0.0,0.0,1.0,0.0,0.0,0.0,0.0,0.0,0.0,0.0,1.0,0.0,0.0,0.0,1.0,0.0,0.0,1.0,0.0,0.0,0.0,0.0
23,32486.64,2497.22,73.0,51.096973,5.0,5.0,8.0,3.0,14.0,7.0,9.0,8.0,242.96,23.415327,316.74948,171.87555,0,0,0,0,0,0,1,1,0,0,0.0,0.0,0.0,0.0,0.0,0.0,1.0,0.0,0.0,0.0,0.0,0.0,0.0,0.0,0.0,0.0,0.0,1.0,0.0,1.0,0.0,0.0,0.0,0.0,0.0,1.0,1.0
33,86274.99,6929.5825,84.0,167.0844,6.0,7.0,12.0,3.0,10.0,10.0,13.33,0.0,138.25,37.528698,303.499,500.26138,0,1,0,1,1,0,0,0,0,0,0.0,0.0,0.0,0.0,0.0,1.0,0.0,0.0,0.0,0.0,0.0,0.0,0.0,0.0,0.0,0.0,0.0,1.0,0.0,1.0,0.0,0.0,0.0,0.0,1.0,0.0,1.0
31,57776.52,5080.71,134.0,0.0,4.0,4.0,11.0,0.0,22.0,8.0,10.57,5.0,189.28,24.771362,97.97063,670.1004,0,0,0,0,0,1,0,0,0,0,0.0,0.0,0.0,1.0,0.0,0.0,0.0,0.0,0.0,0.0,0.0,0.0,0.0,0.0,0.0,0.0,0.0,1.0,1.0,0.0,0.0,0.0,1.0,0.0,0.0,0.0,2.0
32,20618.07,1434.1725,52.0,48.45413,9.0,7.0,27.0,5.0,33.0,15.0,9.76,12.0,1424.45,37.582634,77.03813,287.925,0,0,1,0,0,0,0,1,0,1,0.0,0.0,0.0,0.0,0.0,1.0,0.0,0.0,0.0,0.0,0.0,0.0,0.0,0.0,0.0,1.0,0.0,0.0,0.0,1.0,0.0,0.0,0.0,1.0,0.0,0.0,0.0
22,61238.94,5395.245,72.0,146.92378,8.0,3.0,7.0,3.0,32.0,10.0,12.29,0.0,947.31,33.17756,128.45108,514.1496,0,0,0,0,0,0,1,1,0,1,0.0,0.0,0.0,0.0,0.0,0.0,0.0,0.0,0.0,0.0,1.0,0.0,0.0,0.0,0.0,0.0,0.0,1.0,0.0,1.0,0.0,1.0,0.0,0.0,0.0,0.0,1.0
37,89446.38,7278.865,138.0,198.47136,4.0,5.0,4.0,3.0,7.0,5.0,11.76,7.0,123.7,25.322285,296.3434,483.07172,0,1,0,0,0,0,0,0,1,1,0.0,0.0,0.0,0.0,0.0,1.0,0.0,0.0,0.0,0.0,0.0,0.0,0.0,0.0,0.0,0.0,1.0,0.0,1.0,0.0,0.0,1.0,0.0,0.0,0.0,0.0,2.0
33,77335.86,6164.655,123.0,239.01788,3.0,4.0,19.0,4.0,29.0,20.0,11.88,4.0,284.69,34.14043,152.46158,494.98602,0,0,0,0,0,0,1,1,1,0,0.0,0.0,0.0,0.0,1.0,0.0,0.0,0.0,0.0,0.0,0.0,0.0,0.0,0.0,0.0,0.0,0.0,1.0,1.0,0.0,0.0,0.0,0.0,1.0,0.0,0.0,1.0
30,36101.73,3204.4775,119.0,25.16345,4.0,5.0,7.0,1.0,7.0,12.0,19.62,0.0,1452.04,34.80302,145.37663,409.90768,0,0,1,0,0,0,0,0,0,0,0.0,0.0,1.0,0.0,0.0,0.0,0.0,0.0,0.0,0.0,0.0,0.0,0.0,0.0,0.0,0.0,0.0,1.0,0.0,1.0,0.0,0.0,1.0,0.0,0.0,0.0,1.0
44,31604.58,2378.715,81.0,65.50582,1.0,2.0,10.0,4.0,13.0,3.0,2.86,0.0,946.91,39.58776,69.74927,374.1239,1,0,0,0,0,0,1,0,0,1,0.0,0.0,0.0,0.0,0.0,0.0,0.0,0.0,0.0,0.0,0.0,0.0,1.0,0.0,0.0,0.0,1.0,0.0,1.0,0.0,0.0,1.0,0.0,0.0,0.0,0.0,2.0
44,9197.37,791.4475,81.0,14.150125,8.0,6.0,15.0,2.0,7.0,8.0,19.31,11.0,1306.09,34.45521,105.71365,249.28098,0,1,0,0,0,0,0,1,0,0,0.0,1.0,0.0,0.0,0.0,0.0,0.0,0.0,0.0,0.0,0.0,0.0,0.0,0.0,0.0,0.0,0.0,1.0,0.0,1.0,0.0,0.0,0.0,0.0,0.0,1.0,0.0
35,36130.89,3192.9075,119.0,32.589794,5.0,7.0,20.0,2.0,10.0,12.0,2.13,3.0,1395.65,27.96376,32.352787,494.34818,0,0,0,0,0,0,0,1,0,0,0.0,0.0,0.0,0.0,0.0,0.0,0.0,0.0,1.0,0.0,0.0,0.0,0.0,0.0,0.0,0.0,0.0,1.0,1.0,0.0,1.0,0.0,0.0,0.0,0.0,0.0,2.0
26,59505.12,4898.76,49.0,71.9069,5.0,7.0,17.0,2.0,7.0,14.0,9.9,6.0,1491.91,24.443474,182.15276,485.81635,0,0,0,1,0,0,0,0,1,0,0.0,0.0,0.0,0.0,0.0,0.0,0.0,0.0,0.0,0.0,1.0,0.0,0.0,0.0,0.0,0.0,0.0,1.0,0.0,1.0,0.0,1.0,0.0,0.0,0.0,0.0,1.0
32,75175.46,6492.6216,85.0,100.3792,4.0,1.0,7.0,2.0,11.0,6.0,7.13,4.0,170.62,33.94649,80.85192,718.03107,0,0,0,0,0,0,0,1,0,1,0.0,0.0,1.0,0.0,0.0,0.0,0.0,0.0,0.0,0.0,0.0,0.0,0.0,0.0,0.0,0.0,1.0,0.0,1.0,0.0,0.0,1.0,0.0,0.0,0.0,0.0,2.0
38,18040.67,1270.3892,48.0,53.734383,5.0,5.0,27.0,5.0,10.0,23.0,7.44,6.0,1874.52,25.650047,72.20988,291.09467,0,1,0,0,0,0,0,0,0,1,0.0,0.0,0.0,0.0,0.0,0.0,0.0,1.0,0.0,0.0,0.0,0.0,0.0,0.0,0.0,0.0,0.0,1.0,0.0,1.0,0.0,0.0,0.0,0.0,0.0,1.0,0.0
32,10009.905,646.15875,61.0,23.945433,8.0,5.0,20.0,3.0,14.0,16.0,11.23,7.0,2616.31,29.850033,49.737507,280.93292,1,0,0,0,0,0,1,0,0,0,0.0,0.0,0.0,0.0,0.0,0.0,0.0,0.0,0.0,0.0,0.0,1.0,0.0,0.0,0.0,0.0,0.0,1.0,0.0,1.0,0.0,0.0,0.0,0.0,0.0,1.0,1.0
45,71148.94,5972.078,101.0,0.0,1.0,3.0,1.0,0.0,13.0,9.0,7.84,3.0,518.43,25.798,124.522865,722.68494,0,0,0,0,0,1,0,0,0,0,0.0,0.0,0.0,0.0,0.0,0.0,0.0,0.0,0.0,0.0,0.0,1.0,0.0,0.0,0.0,0.0,1.0,0.0,1.0,0.0,1.0,0.0,0.0,0.0,0.0,0.0,1.0
41,17893.36,1630.1133,78.0,27.736465,4.0,4.0,7.0,2.0,30.0,19.0,19.41,11.0,2405.5,37.19875,67.10804,338.16684,0,0,1,0,0,0,0,0,1,0,0.0,1.0,0.0,0.0,0.0,0.0,0.0,0.0,0.0,0.0,0.0,0.0,0.0,0.0,0.0,0.0,0.0,1.0,0.0,1.0,0.0,0.0,0.0,1.0,0.0,0.0,1.0
23,16406.08,1604.1733,30.0,34.194042,5.0,5.0,16.0,3.0,22.0,17.0,18.02,10.0,1618.94,27.7175,114.33898,281.8843,0,1,0,0,0,0,0,1,0,1,0.0,0.0,0.0,0.0,0.0,0.0,0.0,1.0,0.0,0.0,0.0,0.0,0.0,0.0,0.0,0.0,0.0,1.0,0.0,1.0,0.0,0.0,0.0,1.0,0.0,0.0,1.0
39,31407.1,2615.2583,26.0,115.20687,7.0,7.0,29.0,8.0,27.0,24.0,24.16,7.0,2949.79,28.979155,297.69406,138.62491,0,1,1,0,1,0,0,0,1,0,1.0,0.0,0.0,0.0,0.0,0.0,0.0,0.0,0.0,0.0,0.0,0.0,0.0,0.0,0.0,1.0,0.0,0.0,0.0,1.0,0.0,0.0,0.0,0.0,0.0,1.0,0.0
17,41819.64,3730.97,34.0,129.45494,5.0,5.0,16.0,6.0,15.0,12.0,13.95,5.0,2297.86,37.94819,301.77386,221.8682,1,0,1,0,1,0,0,1,0,1,0.0,0.0,0.0,0.0,0.0,1.0,0.0,0.0,0.0,0.0,0.0,0.0,0.0,0.0,0.0,0.0,0.0,1.0,0.0,1.0,0.0,0.0,0.0,0.0,1.0,0.0,0.0
34,40924.81,3469.401,110.0,68.38488,3.0,5.0,4.0,3.0,5.0,2.0,10.68,0.0,1204.84,31.559029,186.82489,361.73032,0,1,1,0,0,0,0,0,0,1,0.0,0.0,0.0,0.0,0.0,0.0,0.0,0.0,1.0,0.0,0.0,0.0,0.0,0.0,0.0,0.0,1.0,0.0,1.0,0.0,0.0,0.0,0.0,1.0,0.0,0.0,2.0
34,14985.46,1049.7883,29.0,76.60426,7.0,4.0,9.0,7.0,29.0,11.0,17.67,4.0,1877.48,26.684973,118.04805,200.32652,1,0,1,0,1,0,0,1,0,1,1.0,0.0,0.0,0.0,0.0,0.0,0.0,0.0,0.0,0.0,0.0,0.0,0.0,0.0,0.0,0.0,0.0,1.0,0.0,1.0,0.0,0.0,0.0,0.0,0.0,1.0,1.0
32,35104.32,2769.36,103.0,75.224655,3.0,5.0,10.0,4.0,26.0,6.0,7.85,7.0,1166.23,30.694462,183.8461,277.86523,0,1,0,1,0,0,0,0,1,0,0.0,0.0,0.0,0.0,0.0,0.0,0.0,1.0,0.0,0.0,0.0,0.0,0.0,0.0,0.0,0.0,1.0,0.0,1.0,0.0,0.0,0.0,1.0,0.0,0.0,0.0,0.0
20,53564.88,4207.74,67.0,80.56983,5.0,3.0,13.0,2.0,6.0,10.0,19.98,2.0,1008.31,31.260939,142.40578,447.7984,0,0,0,0,1,0,0,0,1,0,0.0,0.0,0.0,0.0,0.0,0.0,0.0,1.0,0.0,0.0,0.0,0.0,0.0,0.0,0.0,0.0,0.0,1.0,0.0,1.0,0.0,1.0,0.0,0.0,0.0,0.0,1.0
28,77603.48,6214.9565,34.0,317.85284,10.0,6.0,26.0,7.0,43.0,16.0,21.26,12.0,3016.53,30.243248,82.95472,470.6881,1,0,1,1,0,0,1,0,1,0,0.0,0.0,0.0,0.0,0.0,0.0,0.0,1.0,0.0,0.0,0.0,0.0,0.0,0.0,0.0,1.0,0.0,0.0,0.0,1.0,0.0,1.0,0.0,0.0,0.0,0.0,1.0
17,65984.28,5278.69,45.0,169.79724,8.0,3.0,24.0,4.0,15.0,19.0,12.88,17.0,1377.35,27.032871,405.17935,242.89243,1,0,0,1,0,0,0,1,1,0,0.0,0.0,0.0,0.0,0.0,0.0,0.0,1.0,0.0,0.0,0.0,0.0,0.0,0.0,0.0,0.0,0.0,1.0,0.0,1.0,0.0,0.0,0.0,0.0,0.0,1.0,0.0
34,10227.53,987.2942,32.0,42.270733,9.0,6.0,22.0,6.0,24.0,20.0,2.38,8.0,1610.77,36.9571,52.146576,294.3121,1,1,0,0,1,0,0,1,0,1,0.0,1.0,0.0,0.0,0.0,0.0,0.0,0.0,0.0,0.0,0.0,0.0,0.0,0.0,0.0,1.0,0.0,0.0,0.0,1.0,0.0,0.0,0.0,0.0,0.0,1.0,0.0
30,51093.9,4347.825,30.0,92.85832,9.0,5.0,26.0,4.0,30.0,24.0,7.44,6.0,1997.75,28.27307,92.49101,499.43317,0,0,1,1,0,0,0,1,0,0,0.0,0.0,0.0,0.0,1.0,0.0,0.0,0.0,0.0,0.0,0.0,0.0,0.0,0.0,0.0,1.0,0.0,0.0,0.0,1.0,0.0,1.0,0.0,0.0,0.0,0.0,0.0
31,12600.445,782.0371,53.0,26.060347,5.0,5.0,10.0,3.0,25.0,16.0,15.79,7.0,569.8,23.179832,32.026306,310.11707,0,0,0,0,0,0,1,0,0,1,0.0,0.0,0.0,0.0,0.0,0.0,0.0,1.0,0.0,0.0,0.0,0.0,0.0,0.0,0.0,0.0,0.0,1.0,0.0,1.0,0.0,0.0,0.0,0.0,0.0,1.0,1.0
37,71111.1,6113.925,43.0,80.10439,8.0,6.0,14.0,2.0,26.0,15.0,12.14,4.0,1085.48,23.873116,138.91574,632.3724,0,0,0,0,0,0,0,0,1,0,0.0,0.0,0.0,0.0,0.0,1.0,0.0,0.0,0.0,0.0,0.0,0.0,0.0,0.0,0.0,0.0,0.0,1.0,0.0,1.0,1.0,0.0,0.0,0.0,0.0,0.0,1.0
21,83947.72,7167.6436,108.0,176.48372,5.0,4.0,9.0,3.0,6.0,1.0,4.19,0.0,954.9,37.3757,165.17238,615.1082,0,0,0,0,0,0,1,1,0,1,0.0,0.0,0.0,0.0,0.0,0.0,1.0,0.0,0.0,0.0,0.0,0.0,0.0,0.0,0.0,0.0,1.0,0.0,1.0,0.0,1.0,0.0,0.0,0.0,0.0,0.0,2.0
25,17337.8,1674.8167,82.0,79.63272,9.0,5.0,16.0,6.0,34.0,16.0,4.96,11.0,1260.81,31.557714,43.72912,294.1198,0,0,1,1,0,0,1,1,0,0,0.0,0.0,0.0,0.0,0.0,0.0,0.0,0.0,0.0,0.0,0.0,0.0,0.0,1.0,0.0,1.0,0.0,0.0,0.0,1.0,0.0,1.0,0.0,0.0,0.0,0.0,0.0
55,28517.53,2139.461,71.0,89.355576,1.0,4.0,8.0,4.0,0.0,7.0,5.64,1.0,263.92,27.13669,76.44435,308.14615,1,0,1,0,0,0,0,0,1,0,0.0,0.0,0.0,0.0,0.0,0.0,0.0,0.0,0.0,0.0,0.0,0.0,0.0,1.0,0.0,0.0,1.0,0.0,1.0,0.0,0.0,0.0,1.0,0.0,0.0,0.0,2.0
24,33518.12,2879.1768,80.0,165.64462,6.0,9.0,23.0,7.0,43.0,12.0,10.18,10.0,1743.43,29.349602,135.54396,246.72908,1,0,0,1,1,0,1,0,0,1,0.0,0.0,0.0,0.0,1.0,0.0,0.0,0.0,0.0,0.0,0.0,0.0,0.0,0.0,0.0,0.0,0.0,1.0,0.0,1.0,0.0,0.0,1.0,0.0,0.0,0.0,1.0
17,68380.02,5804.335,79.0,216.46266,5.0,4.0,10.0,4.0,29.0,22.0,13.43,6.0,495.54,29.806257,177.24533,436.72552,0,0,0,1,1,0,1,0,0,0,0.0,0.0,0.0,0.0,0.0,0.0,0.0,0.0,1.0,0.0,0.0,0.0,0.0,0.0,0.0,0.0,0.0,1.0,0.0,1.0,0.0,1.0,0.0,0.0,0.0,0.0,1.0
40,57813.39,4781.7827,49.0,216.79543,4.0,4.0,5.0,5.0,17.0,8.0,12.96,10.0,288.32,28.981085,122.11253,379.2703,0,1,1,0,1,0,0,1,1,0,1.0,0.0,0.0,0.0,0.0,0.0,0.0,0.0,0.0,0.0,0.0,0.0,0.0,0.0,0.0,0.0,0.0,1.0,0.0,1.0,1.0,0.0,0.0,0.0,0.0,0.0,1.0
34,14835.22,1008.2683,87.0,20.53959,10.0,10.0,27.0,2.0,48.0,18.0,6.4,11.0,2440.6,34.932735,123.26365,247.02359,0,0,0,0,0,0,1,0,1,0,0.0,0.0,0.0,0.0,0.0,0.0,0.0,0.0,0.0,0.0,0.0,1.0,0.0,0.0,0.0,1.0,0.0,0.0,0.0,1.0,0.0,0.0,0.0,0.0,0.0,1.0,0.0
48,83483.96,6952.9966,124.0,42.74236,0.0,4.0,11.0,1.0,11.0,3.0,4.41,1.0,152.98,24.529245,267.01276,675.54456,0,0,0,0,0,0,1,0,0,0,0.0,1.0,0.0,0.0,0.0,0.0,0.0,0.0,0.0,0.0,0.0,0.0,0.0,0.0,0.0,0.0,1.0,0.0,1.0,0.0,0.0,0.0,0.0,0.0,0.0,1.0,1.0
40,27632.92,2312.7434,86.0,44.807297,8.0,3.0,9.0,3.0,16.0,12.0,13.99,3.0,1103.71,27.518225,30.666288,395.80075,0,1,0,0,0,0,1,0,0,1,0.0,0.0,0.0,0.0,0.0,0.0,0.0,0.0,1.0,0.0,0.0,0.0,0.0,0.0,0.0,0.0,0.0,1.0,1.0,0.0,1.0,0.0,0.0,0.0,0.0,0.0,1.0
35,9548.815,535.73456,73.0,8.693717,4.0,3.0,18.0,2.0,25.0,13.0,8.8,5.0,1651.16,32.797436,18.880796,295.99893,0,0,1,1,0,0,0,0,0,0,0.0,0.0,0.0,1.0,0.0,0.0,0.0,0.0,0.0,0.0,0.0,0.0,0.0,0.0,0.0,0.0,0.0,1.0,0.0,1.0,0.0,0.0,0.0,1.0,0.0,0.0,1.0
38,19010.58,1845.215,30.0,36.428486,9.0,7.0,17.0,3.0,49.0,17.0,10.16,8.0,1519.25,30.090073,147.73955,290.35345,0,0,0,1,1,0,0,0,1,0,0.0,0.0,0.0,0.0,0.0,1.0,0.0,0.0,0.0,0.0,0.0,0.0,0.0,0.0,0.0,1.0,0.0,0.0,0.0,1.0,0.0,0.0,0.0,0.0,0.0,1.0,1.0
54,19206.195,1438.5162,96.0,12.875831,5.0,4.0,7.0,1.0,13.0,0.0,1.36,6.0,291.71,23.34701,100.16264,290.81314,0,0,0,0,1,0,0,0,0,0,0.0,0.0,0.0,0.0,0.0,0.0,0.0,0.0,0.0,0.0,1.0,0.0,0.0,0.0,0.0,0.0,1.0,0.0,1.0,0.0,0.0,0.0,1.0,0.0,0.0,0.0,1.0
36,15335.895,1023.9913,94.0,35.37128,0.0,7.0,12.0,3.0,3.0,2.0,3.16,6.0,628.85,37.738045,57.934612,299.09323,1,0,0,1,0,0,0,0,0,1,0.0,0.0,0.0,0.0,0.0,0.0,0.0,0.0,0.0,0.0,1.0,0.0,0.0,0.0,0.0,0.0,1.0,0.0,1.0,0.0,0.0,0.0,0.0,0.0,0.0,1.0,2.0
45,25462.29,2295.8574,30.0,95.328804,8.0,6.0,17.0,7.0,21.0,21.0,8.78,7.0,1189.3,30.394913,134.39943,269.8575,0,0,1,0,0,0,1,0,1,1,0.0,0.0,0.0,0.0,0.0,0.0,0.0,0.0,0.0,0.0,1.0,0.0,0.0,0.0,0.0,0.0,0.0,1.0,0.0,1.0,0.0,0.0,0.0,1.0,0.0,0.0,1.0
54,90074.64,7233.22,85.0,132.1107,0.0,7.0,9.0,3.0,0.0,8.0,11.12,2.0,1454.14,26.324036,180.97528,650.236,0,0,0,0,1,0,0,0,0,1,0.0,0.0,0.0,0.0,0.0,0.0,0.0,0.0,0.0,0.0,0.0,0.0,1.0,0.0,0.0,0.0,1.0,0.0,1.0,0.0,1.0,0.0,0.0,0.0,0.0,0.0,1.0
43,41896.88,3664.4067,110.0,132.31812,5.0,7.0,1.0,4.0,25.0,9.0,5.9,5.0,317.73,32.931385,151.26859,332.85397,0,0,0,1,1,0,1,0,0,1,0.0,0.0,0.0,0.0,0.0,0.0,0.0,1.0,0.0,0.0,0.0,0.0,0.0,0.0,0.0,0.0,1.0,0.0,1.0,0.0,0.0,1.0,0.0,0.0,0.0,0.0,0.0
24,87957.02,7453.7515,85.0,195.9137,2.0,5.0,9.0,4.0,9.0,0.0,11.23,2.0,811.01,38.107517,323.4398,516.02167,1,1,0,1,1,0,0,0,0,0,0.0,0.0,0.0,0.0,0.0,0.0,0.0,0.0,0.0,1.0,0.0,0.0,0.0,0.0,0.0,0.0,1.0,0.0,1.0,0.0,0.0,0.0,0.0,0.0,0.0,1.0,0.0
20,20985.48,1574.79,50.0,38.216484,7.0,3.0,9.0,4.0,6.0,9.0,9.37,7.0,714.54,32.98729,41.98137,357.28116,0,0,1,0,0,0,1,1,0,0,0.0,0.0,0.0,0.0,0.0,0.0,0.0,1.0,0.0,0.0,0.0,0.0,0.0,0.0,0.0,0.0,0.0,1.0,0.0,1.0,0.0,0.0,0.0,0.0,1.0,0.0,1.0
46,21426.07,1511.5059,64.0,117.266785,5.0,7.0,16.0,7.0,29.0,19.0,8.79,7.0,1024.27,35.936047,62.466633,231.41716,0,1,1,0,1,0,0,1,1,0,0.0,0.0,1.0,0.0,0.0,0.0,0.0,0.0,0.0,0.0,0.0,0.0,0.0,0.0,0.0,0.0,0.0,1.0,0.0,1.0,0.0,0.0,1.0,0.0,0.0,0.0,1.0
23,15710.555,1290.2129,102.0,26.492123,4.0,5.0,19.0,4.0,19.0,17.0,3.58,0.0,442.17,30.360924,139.24362,253.28555,0,1,1,0,0,0,1,1,0,0,0.0,0.0,0.0,0.0,0.0,0.0,0.0,0.0,0.0,1.0,0.0,0.0,0.0,0.0,0.0,0.0,0.0,1.0,1.0,0.0,0.0,0.0,0.0,0.0,0.0,1.0,1.0
21,9388.27,978.35583,66.0,18.494965,4.0,4.0,32.0,4.0,5.0,19.0,11.73,6.0,2673.96,27.625961,30.670553,297.45157,0,1,0,0,1,0,1,0,0,1,0.0,0.0,0.0,0.0,0.0,0.0,0.0,0.0,0.0,0.0,0.0,0.0,0.0,0.0,1.0,0.0,0.0,1.0,0.0,1.0,0.0,0.0,0.0,0.0,0.0,1.0,0.0
43,15225.99,1488.8325,50.0,29.415623,8.0,6.0,21.0,3.0,31.0,16.0,0.86,13.0,2103.91,32.165703,34.312256,325.15536,1,0,0,0,1,0,0,0,0,0,0.0,0.0,0.0,0.0,0.0,0.0,0.0,0.0,1.0,0.0,0.0,0.0,0.0,0.0,0.0,1.0,0.0,0.0,0.0,1.0,1.0,0.0,0.0,0.0,0.0,0.0,0.0
28,34052.56,2930.7134,59.0,162.38644,7.0,6.0,18.0,6.0,23.0,21.0,7.44,10.0,2062.38,27.364603,216.92807,203.75682,0,1,0,1,0,0,1,0,1,0,0.0,0.0,0.0,1.0,0.0,0.0,0.0,0.0,0.0,0.0,0.0,0.0,0.0,0.0,0.0,1.0,0.0,0.0,0.0,1.0,0.0,0.0,0.0,0.0,0.0,1.0,0.0
37,10021.72,501.9621,27.0,93.16777,7.0,8.0,32.0,7.0,22.0,18.0,8.97,12.0,2150.61,37.019283,0.0,247.98633,1,0,0,1,1,0,1,1,1,0,0.0,0.0,0.0,0.0,0.0,0.0,0.0,0.0,0.0,0.0,0.0,0.0,0.0,1.0,0.0,1.0,0.0,0.0,0.0,1.0,0.0,1.0,0.0,0.0,0.0,0.0,0.0
16,17933.84,1393.4867,59.0,48.00605,9.0,6.0,17.0,5.0,49.0,20.0,15.02,9.0,1660.5,39.59709,57.242966,324.09964,0,1,1,0,0,0,0,0,1,1,0.0,0.0,0.0,0.0,0.0,0.0,0.0,0.0,0.0,0.0,0.0,0.0,0.0,1.0,0.0,0.0,0.0,1.0,0.0,1.0,0.0,0.0,0.0,0.0,0.0,1.0,0.0
28,13180.99,936.41583,101.0,37.429573,5.0,4.0,12.0,4.0,13.0,14.0,9.94,1.0,1437.02,33.333042,34.03544,312.17657,1,0,0,0,0,0,1,1,1,0,0.0,0.0,0.0,1.0,0.0,0.0,0.0,0.0,0.0,0.0,0.0,0.0,0.0,0.0,0.0,0.0,0.0,1.0,1.0,0.0,0.0,0.0,0.0,0.0,0.0,1.0,1.0
45,22308.01,1593.0009,118.0,50.81085,5.0,3.0,6.0,3.0,19.0,9.0,13.02,4.0,1228.86,27.927273,128.13094,250.3583,0,0,1,0,1,0,0,0,1,0,0.0,0.0,0.0,0.0,0.0,0.0,0.0,0.0,0.0,0.0,0.0,0.0,0.0,1.0,0.0,0.0,0.0,1.0,0.0,1.0,1.0,0.0,0.0,0.0,0.0,0.0,1.0
36,42756.72,3653.06,107.0,72.87632,4.0,3.0,2.0,3.0,12.0,1.0,7.67,6.0,884.86,36.666294,175.99954,406.43015,0,0,1,1,0,0,1,0,0,0,0.0,0.0,0.0,0.0,0.0,1.0,0.0,0.0,0.0,0.0,0.0,0.0,0.0,0.0,0.0,0.0,1.0,0.0,1.0,0.0,0.0,0.0,0.0,0.0,0.0,1.0,2.0
33,14513.88,1067.49,49.0,65.43735,10.0,10.0,33.0,6.0,34.0,20.0,24.45,9.0,3114.29,32.937347,66.26234,235.04932,1,0,0,1,1,0,1,0,1,0,0.0,0.0,0.0,0.0,0.0,0.0,0.0,0.0,0.0,0.0,0.0,0.0,0.0,1.0,0.0,1.0,0.0,0.0,0.0,1.0,0.0,0.0,1.0,0.0,0.0,0.0,0.0
43,29062.92,2318.91,88.0,14.516223,6.0,3.0,8.0,1.0,27.0,13.0,13.94,4.0,50.19,25.76551,150.3391,327.03568,0,1,0,0,0,0,0,0,0,0,0.0,1.0,0.0,0.0,0.0,0.0,0.0,0.0,0.0,0.0,0.0,0.0,0.0,0.0,0.0,0.0,0.0,1.0,0.0,1.0,0.0,0.0,1.0,0.0,0.0,0.0,0.0
16,25352.0,2077.6667,84.0,26.5036,5.0,6.0,8.0,2.0,26.0,17.0,15.19,6.0,1320.31,24.971104,183.86142,267.40164,0,0,0,0,0,0,0,1,0,1,0.0,1.0,0.0,0.0,0.0,0.0,0.0,0.0,0.0,0.0,0.0,0.0,0.0,0.0,0.0,0.0,0.0,1.0,0.0,1.0,0.0,0.0,0.0,1.0,0.0,0.0,1.0
25,33063.59,2741.299,81.0,143.75671,8.0,3.0,6.0,7.0,11.0,16.0,11.19,5.0,788.4,32.08088,265.2304,155.14279,1,1,0,1,0,0,0,1,1,1,0.0,0.0,0.0,0.0,0.0,1.0,0.0,0.0,0.0,0.0,0.0,0.0,0.0,0.0,0.0,0.0,0.0,1.0,0.0,1.0,0.0,0.0,0.0,0.0,0.0,1.0,1.0
51,66816.26,5630.0215,132.0,0.0,4.0,4.0,10.0,0.0,17.0,9.0,11.4,2.0,143.87,28.005714,52.718643,750.2835,0,0,0,0,0,1,0,0,0,0,0.0,0.0,0.0,0.0,0.0,0.0,0.0,0.0,0.0,0.0,0.0,1.0,0.0,0.0,0.0,0.0,0.0,1.0,1.0,0.0,0.0,0.0,0.0,0.0,0.0,1.0,1.0
35,15833.7,1362.475,54.0,26.254662,5.0,3.0,13.0,2.0,19.0,16.0,15.02,6.0,2536.78,35.113037,35.891064,296.47086,1,0,0,0,0,0,0,1,0,0,0.0,0.0,0.0,0.0,1.0,0.0,0.0,0.0,0.0,0.0,0.0,0.0,0.0,0.0,0.0,0.0,0.0,1.0,0.0,1.0,0.0,0.0,0.0,0.0,0.0,1.0,1.0
30,79413.04,6342.7534,48.0,173.7773,10.0,10.0,21.0,3.0,39.0,22.0,17.83,11.0,2367.11,34.400845,147.98807,562.50995,0,0,0,1,0,0,1,0,0,0,0.0,0.0,1.0,0.0,0.0,0.0,0.0,0.0,0.0,0.0,0.0,0.0,0.0,0.0,0.0,1.0,0.0,0.0,0.0,1.0,0.0,1.0,0.0,0.0,0.0,0.0,0.0
33,14184.935,1038.0779,85.0,26.371077,5.0,5.0,6.0,3.0,13.0,5.0,13.66,4.0,849.98,27.025358,12.309055,305.12766,0,0,1,0,0,0,0,1,1,0,0.0,0.0,0.0,0.0,0.0,0.0,0.0,1.0,0.0,0.0,0.0,0.0,0.0,0.0,0.0,0.0,1.0,0.0,1.0,0.0,1.0,0.0,0.0,0.0,0.0,0.0,1.0
27,59751.78,5044.315,70.0,116.298416,7.0,7.0,17.0,4.0,23.0,13.0,13.82,9.0,1485.94,30.230871,66.59144,561.5416,0,1,0,0,1,0,0,0,1,1,0.0,0.0,0.0,0.0,0.0,1.0,0.0,0.0,0.0,0.0,0.0,0.0,0.0,0.0,0.0,0.0,0.0,1.0,0.0,1.0,1.0,0.0,0.0,0.0,0.0,0.0,0.0
34,45705.78,3866.815,125.0,0.0,8.0,3.0,20.0,0.0,9.0,8.0,9.97,4.0,132.3,31.304932,93.40498,533.2765,0,0,0,0,0,1,0,0,0,0,0.0,0.0,0.0,0.0,0.0,0.0,0.0,1.0,0.0,0.0,0.0,0.0,0.0,0.0,0.0,0.0,0.0,1.0,1.0,0.0,1.0,0.0,0.0,0.0,0.0,0.0,1.0
17,57920.58,4640.715,33.0,107.27987,8.0,5.0,16.0,3.0,12.0,8.0,19.03,11.0,1434.54,32.533386,98.398125,518.3935,0,1,0,0,1,0,1,0,0,0,0.0,0.0,1.0,0.0,0.0,0.0,0.0,0.0,0.0,0.0,0.0,0.0,0.0,0.0,0.0,0.0,0.0,1.0,0.0,1.0,0.0,0.0,1.0,0.0,0.0,0.0,0.0
21,9831.865,557.3221,82.0,55.417854,8.0,10.0,22.0,7.0,15.0,19.0,13.72,9.0,1804.5,29.24652,26.531797,263.78256,1,1,0,1,0,0,1,0,1,1,0.0,0.0,0.0,1.0,0.0,0.0,0.0,0.0,0.0,0.0,0.0,0.0,0.0,0.0,0.0,1.0,0.0,0.0,0.0,1.0,0.0,0.0,0.0,0.0,0.0,1.0,0.0
38,28941.24,2474.77,84.0,74.82177,3.0,5.0,11.0,4.0,1.0,12.0,8.59,6.0,562.01,31.662977,285.30753,177.34772,0,1,0,0,1,0,1,0,0,1,0.0,0.0,0.0,0.0,0.0,0.0,0.0,1.0,0.0,0.0,0.0,0.0,0.0,0.0,0.0,0.0,1.0,0.0,1.0,0.0,0.0,0.0,0.0,0.0,0.0,1.0,1.0
40,15898.59,1059.8824,18.0,72.01044,8.0,6.0,15.0,6.0,30.0,18.0,22.17,9.0,2552.86,25.116068,142.74066,181.23715,1,0,1,1,1,0,0,1,0,1,1.0,0.0,0.0,0.0,0.0,0.0,0.0,0.0,0.0,0.0,0.0,0.0,0.0,0.0,0.0,1.0,0.0,0.0,0.0,1.0,0.0,0.0,0.0,0.0,0.0,1.0,1.0
28,8905.45,487.12082,61.0,34.941822,9.0,10.0,23.0,6.0,27.0,14.0,17.15,11.0,1794.51,29.006485,13.396114,260.37415,0,1,1,1,1,0,0,1,0,0,0.0,0.0,0.0,0.0,0.0,0.0,0.0,0.0,0.0,0.0,1.0,0.0,0.0,0.0,0.0,0.0,0.0,1.0,0.0,1.0,0.0,0.0,1.0,0.0,0.0,0.0,0.0
45,31185.98,2434.8318,65.0,92.52719,6.0,6.0,14.0,4.0,5.0,10.0,9.41,5.0,2089.89,29.909376,62.250137,348.70584,1,0,0,0,0,0,0,1,0,1,0.0,0.0,1.0,0.0,0.0,0.0,0.0,0.0,0.0,0.0,0.0,0.0,0.0,0.0,0.0,0.0,0.0,1.0,0.0,1.0,0.0,0.0,1.0,0.0,0.0,0.0,1.0
31,33032.46,2842.705,62.0,35.275234,8.0,7.0,20.0,2.0,24.0,10.0,8.68,8.0,891.29,28.028887,247.38364,428.71613,0,0,1,0,0,0,0,1,0,0,0.0,0.0,0.0,0.0,0.0,0.0,0.0,0.0,1.0,0.0,0.0,0.0,0.0,0.0,0.0,0.0,0.0,1.0,0.0,1.0,1.0,0.0,0.0,0.0,0.0,0.0,1.0
27,29453.84,2227.4866,64.0,86.08631,7.0,5.0,12.0,5.0,7.0,21.0,19.45,7.0,249.36,33.06655,284.23642,142.42593,1,0,0,1,1,0,1,1,0,0,0.0,0.0,0.0,0.0,0.0,1.0,0.0,0.0,0.0,0.0,0.0,0.0,0.0,0.0,0.0,0.0,0.0,1.0,0.0,1.0,0.0,0.0,0.0,0.0,0.0,1.0,1.0
50,44708.14,3653.6782,86.0,0.0,3.0,1.0,11.0,0.0,0.0,1.0,11.55,4.0,352.44,33.80713,50.016098,565.35175,0,0,0,0,0,1,0,0,0,0,0.0,0.0,0.0,0.0,0.0,0.0,0.0,0.0,1.0,0.0,0.0,0.0,0.0,0.0,0.0,0.0,1.0,0.0,1.0,0.0,0.0,1.0,0.0,0.0,0.0,0.0,2.0
23,31182.38,2569.5317,65.0,181.57283,10.0,7.0,33.0,7.0,44.0,17.0,7.87,9.0,2525.66,25.928356,126.648506,218.73183,1,0,1,0,0,0,1,1,1,1,0.0,0.0,0.0,0.0,0.0,0.0,0.0,1.0,0.0,0.0,0.0,0.0,0.0,0.0,0.0,0.0,0.0,1.0,0.0,1.0,0.0,0.0,0.0,1.0,0.0,0.0,0.0
48,91946.91,7553.2427,120.0,251.16293,3.0,6.0,12.0,4.0,22.0,16.0,18.44,1.0,1194.82,37.055885,84.790245,659.37103,0,1,0,1,0,0,0,1,0,0,1.0,0.0,0.0,0.0,0.0,0.0,0.0,0.0,0.0,0.0,0.0,0.0,0.0,0.0,0.0,0.0,0.0,1.0,0.0,1.0,1.0,0.0,0.0,0.0,0.0,0.0,1.0
23,15915.045,1256.2538,124.0,25.472818,8.0,5.0,12.0,3.0,12.0,15.0,1.71,4.0,810.26,37.255474,35.083317,325.06924,0,1,0,0,0,0,1,1,0,0,0.0,1.0,0.0,0.0,0.0,0.0,0.0,0.0,0.0,0.0,0.0,0.0,0.0,0.0,0.0,0.0,0.0,1.0,1.0,0.0,0.0,0.0,0.0,0.0,1.0,0.0,1.0
48,38650.73,2983.8943,74.0,0.0,1.0,1.0,11.0,0.0,6.0,7.0,3.91,3.0,1189.97,23.420185,60.930702,477.4587,0,0,0,0,0,1,0,0,0,0,0.0,0.0,0.0,0.0,0.0,0.0,0.0,0.0,0.0,0.0,0.0,1.0,0.0,0.0,0.0,0.0,1.0,0.0,1.0,0.0,1.0,0.0,0.0,0.0,0.0,0.0,2.0
16,17509.0,1657.0834,63.0,53.880714,10.0,9.0,20.0,4.0,26.0,16.0,9.5,11.0,2421.12,40.135048,112.06177,259.76584,0,0,0,1,1,0,0,1,0,0,1.0,0.0,0.0,0.0,0.0,0.0,0.0,0.0,0.0,0.0,0.0,0.0,0.0,0.0,0.0,1.0,0.0,0.0,0.0,1.0,0.0,0.0,1.0,0.0,0.0,0.0,0.0
36,76082.25,6082.1875,139.0,186.46478,6.0,5.0,13.0,3.0,7.0,17.0,7.8,4.0,847.11,37.52059,243.60469,468.14926,0,1,0,0,0,0,1,1,0,0,0.0,0.0,0.0,0.0,0.0,0.0,0.0,0.0,0.0,0.0,0.0,0.0,0.0,0.0,1.0,0.0,0.0,1.0,0.0,1.0,1.0,0.0,0.0,0.0,0.0,0.0,1.0
30,29661.88,2435.8232,102.0,0.0,4.0,7.0,8.0,0.0,9.0,1.0,6.39,2.0,80.25,30.350964,114.04173,389.5406,0,0,0,0,0,1,0,0,0,0,0.0,0.0,0.0,0.0,0.0,0.0,0.0,0.0,0.0,0.0,0.0,0.0,0.0,1.0,0.0,0.0,1.0,0.0,1.0,0.0,0.0,0.0,1.0,0.0,0.0,0.0,1.0
22,72757.26,5816.105,97.0,0.0,2.0,2.0,4.0,0.0,9.0,3.0,6.65,2.0,522.38,29.1801,358.1989,513.41156,0,0,0,0,0,1,0,0,0,0,0.0,1.0,0.0,0.0,0.0,0.0,0.0,0.0,0.0,0.0,0.0,0.0,0.0,0.0,0.0,0.0,1.0,0.0,1.0,0.0,0.0,0.0,0.0,0.0,0.0,1.0,1.0
32,18849.55,1795.7958,67.0,64.244064,7.0,10.0,32.0,5.0,52.0,13.0,5.23,9.0,2687.09,39.207718,112.0655,273.27002,0,0,1,0,1,0,0,1,1,0,0.0,0.0,0.0,0.0,0.0,0.0,0.0,1.0,0.0,0.0,0.0,0.0,0.0,0.0,0.0,1.0,0.0,0.0,0.0,1.0,0.0,0.0,0.0,1.0,0.0,0.0,0.0
22,107765.7,8982.475,116.0,261.26016,7.0,5.0,7.0,4.0,22.0,9.0,3.25,6.0,1134.39,33.37681,104.01646,782.9709,1,0,1,1,0,0,0,0,0,0,0.0,0.0,0.0,0.0,1.0,0.0,0.0,0.0,0.0,0.0,0.0,0.0,0.0,0.0,0.0,0.0,0.0,1.0,1.0,0.0,0.0,1.0,0.0,0.0,0.0,0.0,1.0
22,16852.635,1691.3862,116.0,0.0,4.0,6.0,9.0,0.0,27.0,13.0,19.68,6.0,775.22,39.50487,69.0434,380.0952,0,0,0,0,0,1,0,0,0,0,0.0,0.0,0.0,0.0,1.0,0.0,0.0,0.0,0.0,0.0,0.0,0.0,0.0,0.0,0.0,0.0,0.0,1.0,0.0,1.0,0.0,0.0,0.0,0.0,1.0,0.0,1.0
48,64874.08,5460.1733,74.0,0.0,3.0,5.0,8.0,0.0,14.0,9.0,0.89,3.0,700.64,34.82894,191.23967,614.77765,0,0,0,0,0,1,0,0,0,0,0.0,0.0,0.0,0.0,1.0,0.0,0.0,0.0,0.0,0.0,0.0,0.0,0.0,0.0,0.0,0.0,1.0,0.0,1.0,0.0,0.0,0.0,1.0,0.0,0.0,0.0,0.0
33,12943.475,1327.6229,28.0,45.090828,5.0,5.0,9.0,6.0,20.0,16.0,10.6,6.0,265.36,35.215492,75.24345,292.428,0,1,0,0,0,0,1,1,1,1,0.0,0.0,0.0,0.0,0.0,0.0,0.0,0.0,0.0,0.0,1.0,0.0,0.0,0.0,0.0,0.0,0.0,1.0,0.0,1.0,0.0,0.0,0.0,0.0,1.0,0.0,1.0
46,40807.77,3399.6475,68.0,75.80151,3.0,2.0,5.0,3.0,5.0,8.0,8.72,3.0,1133.1,39.11327,120.20388,433.95935,0,0,1,1,0,0,0,1,0,0,0.0,0.0,0.0,0.0,0.0,0.0,0.0,0.0,0.0,0.0,0.0,0.0,1.0,0.0,0.0,0.0,1.0,0.0,1.0,0.0,0.0,0.0,0.0,0.0,0.0,1.0,1.0
21,66105.4,5653.783,46.0,214.07213,6.0,8.0,31.0,5.0,26.0,22.0,5.52,9.0,1549.56,30.11104,180.14685,431.15936,1,0,0,0,1,0,1,1,0,1,0.0,1.0,0.0,0.0,0.0,0.0,0.0,0.0,0.0,0.0,0.0,0.0,0.0,0.0,0.0,1.0,0.0,0.0,0.0,1.0,0.0,0.0,1.0,0.0,0.0,0.0,1.0
41,44801.72,3973.4766,129.0,21.762531,0.0,5.0,6.0,1.0,14.0,13.0,6.03,5.0,156.08,38.367977,132.37021,523.2149,0,0,1,0,0,0,0,0,0,0,0.0,0.0,0.0,0.0,0.0,0.0,1.0,0.0,0.0,0.0,0.0,0.0,0.0,0.0,0.0,0.0,1.0,0.0,1.0,0.0,0.0,0.0,0.0,0.0,1.0,0.0,1.0
23,88290.45,7323.5376,84.0,56.615383,4.0,7.0,12.0,1.0,14.0,16.0,1.88,1.0,412.4,42.07807,191.0293,734.70905,0,0,0,0,0,0,0,1,0,0,0.0,0.0,0.0,0.0,0.0,0.0,0.0,1.0,0.0,0.0,0.0,0.0,0.0,0.0,0.0,0.0,0.0,1.0,1.0,0.0,0.0,1.0,0.0,0.0,0.0,0.0,2.0
36,27113.76,1962.48,67.0,97.89329,7.0,3.0,8.0,7.0,29.0,22.0,8.12,7.0,834.43,35.985016,234.60802,153.7467,1,1,0,1,1,0,0,0,0,0,0.0,0.0,1.0,0.0,0.0,0.0,0.0,0.0,0.0,0.0,0.0,0.0,0.0,0.0,0.0,0.0,0.0,1.0,0.0,1.0,1.0,0.0,0.0,0.0,0.0,0.0,1.0
47,32390.15,2580.1792,126.0,0.0,3.0,6.0,5.0,0.0,10.0,15.0,8.81,4.0,596.56,34.67087,244.6385,303.37943,0,0,0,0,0,1,0,0,0,0,0.0,0.0,0.0,0.0,0.0,0.0,0.0,0.0,0.0,0.0,0.0,0.0,0.0,1.0,0.0,0.0,0.0,1.0,1.0,0.0,0.0,0.0,0.0,0.0,0.0,1.0,1.0
34,30988.61,2786.3843,70.0,0.0,5.0,3.0,11.0,0.0,13.0,4.0,7.32,3.0,820.56,30.396515,293.45288,275.18555,0,0,0,0,0,1,0,0,0,0,0.0,0.0,0.0,0.0,0.0,0.0,0.0,0.0,0.0,0.0,0.0,0.0,0.0,0.0,1.0,0.0,1.0,0.0,1.0,0.0,0.0,0.0,0.0,0.0,0.0,1.0,1.0
52,29462.18,2510.1816,96.0,16.714396,5.0,5.0,8.0,1.0,31.0,16.0,5.03,4.0,1477.96,25.215693,187.00505,317.29874,0,0,0,1,0,0,0,0,0,0,0.0,0.0,0.0,0.0,0.0,0.0,0.0,0.0,0.0,0.0,0.0,0.0,0.0,0.0,1.0,0.0,0.0,1.0,1.0,0.0,0.0,0.0,0.0,1.0,0.0,0.0,1.0
17,14677.92,1289.16,67.0,36.693394,10.0,8.0,21.0,4.0,44.0,21.0,18.08,7.0,2127.73,26.782537,41.781017,330.4416,0,1,1,0,0,0,1,0,0,1,0.0,0.0,0.0,0.0,0.0,0.0,0.0,1.0,0.0,0.0,0.0,0.0,0.0,0.0,0.0,1.0,0.0,0.0,0.0,1.0,0.0,0.0,0.0,0.0,1.0,0.0,0.0
46,33647.34,2804.945,102.0,102.557556,8.0,5.0,9.0,4.0,15.0,12.0,12.07,4.0,1152.93,27.1133,183.93703,263.9999,0,0,1,0,1,0,1,0,0,0,0.0,0.0,0.0,0.0,0.0,1.0,0.0,0.0,0.0,0.0,0.0,0.0,0.0,0.0,0.0,0.0,0.0,1.0,1.0,0.0,0.0,0.0,0.0,1.0,0.0,0.0,1.0
52,89607.24,7256.27,120.0,147.84702,0.0,5.0,12.0,2.0,8.0,3.0,3.54,7.0,715.19,32.11235,116.29717,701.48285,0,1,0,0,0,0,0,0,0,1,0.0,0.0,0.0,0.0,0.0,0.0,1.0,0.0,0.0,0.0,0.0,0.0,0.0,0.0,0.0,0.0,1.0,0.0,1.0,0.0,1.0,0.0,0.0,0.0,0.0,0.0,2.0
55,68041.56,5885.13,116.0,93.66878,3.0,5.0,1.0,3.0,9.0,6.0,11.55,4.0,844.81,32.54645,320.358,464.4862,0,0,0,1,1,0,0,0,0,1,0.0,0.0,0.0,0.0,0.0,0.0,1.0,0.0,0.0,0.0,0.0,0.0,0.0,0.0,0.0,0.0,1.0,0.0,1.0,0.0,0.0,0.0,0.0,0.0,0.0,1.0,1.0
38,14884.29,1174.0485,83.0,77.06391,9.0,9.0,19.0,4.0,42.0,19.0,8.49,14.0,1304.33,32.66388,138.76297,226.01796,0,1,0,0,1,0,1,0,0,1,0.0,0.0,0.0,0.0,0.0,0.0,0.0,0.0,0.0,1.0,0.0,0.0,0.0,0.0,0.0,1.0,0.0,0.0,0.0,1.0,0.0,0.0,0.0,0.0,0.0,1.0,0.0
46,24585.55,2316.796,110.0,30.447777,3.0,4.0,14.0,2.0,10.0,14.0,11.35,0.0,195.38,35.759354,109.38613,381.84567,1,1,0,0,0,0,0,0,0,0,0.0,0.0,0.0,0.0,0.0,1.0,0.0,0.0,0.0,0.0,0.0,0.0,0.0,0.0,0.0,0.0,0.0,1.0,0.0,1.0,0.0,0.0,0.0,0.0,0.0,1.0,1.0
52,49937.4,4079.45,64.0,47.217598,3.0,3.0,7.0,2.0,21.0,11.0,22.53,3.0,1069.53,33.004723,57.634113,553.09326,0,0,0,0,0,0,1,1,0,0,0.0,0.0,0.0,0.0,0.0,0.0,0.0,0.0,0.0,1.0,0.0,0.0,0.0,0.0,0.0,0.0,0.0,1.0,0.0,1.0,0.0,1.0,0.0,0.0,0.0,0.0,1.0
27,33906.16,2668.5134,126.0,79.78613,5.0,3.0,9.0,3.0,20.0,9.0,4.17,0.0,625.99,35.816147,71.19938,375.8658,0,0,1,0,1,0,1,0,0,0,0.0,0.0,0.0,1.0,0.0,0.0,0.0,0.0,0.0,0.0,0.0,0.0,0.0,0.0,0.0,0.0,0.0,1.0,1.0,0.0,0.0,0.0,1.0,0.0,0.0,0.0,1.0
54,82969.92,6694.16,65.0,42.327576,4.0,5.0,20.0,1.0,8.0,15.0,7.81,1.0,822.11,32.06176,167.86665,709.22174,0,0,1,0,0,0,0,0,0,0,0.0,0.0,0.0,0.0,0.0,1.0,0.0,0.0,0.0,0.0,0.0,0.0,0.0,0.0,0.0,0.0,0.0,1.0,1.0,0.0,0.0,1.0,0.0,0.0,0.0,0.0,1.0
33,17770.48,1771.8733,100.0,19.474186,4.0,5.0,4.0,2.0,6.0,3.0,1.02,1.0,43.54,23.489096,115.171425,302.54172,0,0,0,1,1,0,0,0,0,0,0.0,0.0,0.0,0.0,0.0,0.0,0.0,0.0,0.0,0.0,0.0,1.0,0.0,0.0,0.0,0.0,1.0,0.0,1.0,0.0,0.0,0.0,1.0,0.0,0.0,0.0,1.0
42,27265.17,2411.0974,135.0,0.0,3.0,6.0,19.0,0.0,25.0,10.0,1.08,2.0,474.37,33.452618,309.35098,221.75876,0,0,0,0,0,1,0,0,0,0,0.0,0.0,0.0,0.0,0.0,0.0,0.0,0.0,0.0,0.0,0.0,1.0,0.0,0.0,0.0,0.0,0.0,1.0,0.0,1.0,0.0,0.0,0.0,0.0,0.0,1.0,1.0
36,9888.7,829.9135,34.0,100.782845,8.0,7.0,33.0,5.0,21.0,17.0,17.5,6.0,1416.74,33.379986,77.99372,253.57408,0,1,0,0,1,0,1,1,0,0,0.0,0.0,0.0,0.0,0.0,0.0,0.0,0.0,0.0,0.0,0.0,0.0,0.0,0.0,1.0,0.0,0.0,1.0,0.0,1.0,0.0,0.0,0.0,1.0,0.0,0.0,1.0
43,7893.875,900.82294,54.0,24.000246,8.0,8.0,17.0,5.0,49.0,19.0,18.22,6.0,1883.89,26.294788,42.74419,283.33786,0,1,0,0,0,0,1,1,0,1,0.0,0.0,0.0,0.0,0.0,0.0,0.0,0.0,0.0,0.0,0.0,0.0,0.0,0.0,1.0,0.0,0.0,1.0,0.0,1.0,0.0,0.0,1.0,0.0,0.0,0.0,0.0
30,26509.67,1820.1067,99.0,171.81001,8.0,7.0,18.0,2.0,24.0,23.0,14.37,4.0,1259.9,35.405094,83.587494,334.04895,0,0,0,0,1,0,0,1,0,0,0.0,0.0,0.0,0.0,0.0,0.0,0.0,0.0,0.0,0.0,1.0,0.0,0.0,0.0,0.0,0.0,0.0,1.0,0.0,1.0,0.0,0.0,1.0,0.0,0.0,0.0,0.0
31,42122.43,3451.2024,62.0,114.88713,7.0,10.0,15.0,4.0,50.0,21.0,19.3,6.0,2589.31,32.714745,214.65637,305.57675,0,0,1,0,1,0,0,1,0,0,0.0,0.0,0.0,0.0,0.0,0.0,0.0,0.0,0.0,0.0,0.0,0.0,1.0,0.0,0.0,0.0,0.0,1.0,0.0,1.0,0.0,0.0,0.0,0.0,0.0,1.0,1.0
26,30789.35,2738.779,84.0,73.8657,5.0,4.0,7.0,4.0,5.0,6.0,2.72,6.0,1106.11,34.632336,128.49866,351.51355,1,0,0,1,0,0,1,0,1,0,0.0,0.0,0.0,0.0,1.0,0.0,0.0,0.0,0.0,0.0,0.0,0.0,0.0,0.0,0.0,0.0,1.0,0.0,1.0,0.0,0.0,0.0,0.0,0.0,1.0,0.0,2.0
23,33531.19,2930.2659,113.0,35.335007,7.0,3.0,10.0,2.0,12.0,13.0,6.75,4.0,787.39,34.6146,73.03127,468.04816,0,0,0,1,0,0,0,0,1,0,0.0,0.0,0.0,0.0,0.0,0.0,0.0,0.0,0.0,0.0,0.0,0.0,1.0,0.0,0.0,0.0,1.0,0.0,1.0,0.0,0.0,1.0,0.0,0.0,0.0,0.0,2.0
27,97881.44,8138.7866,113.0,217.46019,5.0,7.0,4.0,3.0,17.0,15.0,1.01,3.0,1379.45,37.601585,275.61752,610.80096,0,1,0,0,1,0,1,0,0,0,0.0,0.0,0.0,1.0,0.0,0.0,0.0,0.0,0.0,0.0,0.0,0.0,0.0,0.0,0.0,0.0,1.0,0.0,1.0,0.0,0.0,0.0,0.0,0.0,0.0,1.0,1.0
38,100831.95,8599.662,79.0,250.5993,0.0,1.0,3.0,3.0,5.0,0.0,6.0,6.0,220.4,35.01632,443.1438,426.22314,1,0,0,0,0,0,0,0,1,1,0.0,0.0,0.0,0.0,0.0,0.0,0.0,1.0,0.0,0.0,0.0,0.0,0.0,0.0,0.0,0.0,1.0,0.0,1.0,0.0,0.0,0.0,1.0,0.0,0.0,0.0,2.0
42,118636.88,9865.406,89.0,86.54293,8.0,6.0,9.0,1.0,18.0,13.0,11.94,4.0,1097.71,32.936142,98.45542,334.11926,1,0,0,0,0,0,0,0,0,0,0.0,1.0,0.0,0.0,0.0,0.0,0.0,0.0,0.0,0.0,0.0,0.0,0.0,0.0,0.0,0.0,0.0,1.0,0.0,1.0,0.0,0.0,0.0,1.0,0.0,0.0,1.0
43,37819.13,3185.5942,116.0,79.44873,0.0,3.0,1.0,4.0,9.0,1.0,7.63,1.0,754.73,24.558523,252.02975,257.08093,0,0,0,0,1,0,0,1,0,0,0.0,0.0,0.0,0.0,1.0,0.0,0.0,0.0,0.0,0.0,0.0,0.0,0.0,0.0,0.0,0.0,1.0,0.0,1.0,0.0,0.0,0.0,0.0,1.0,0.0,0.0,0.0
33,18848.994,1364.7496,118.0,0.0,3.0,6.0,10.0,0.0,4.0,6.0,7.76,7.0,159.31,27.735771,17.09527,369.3797,0,0,0,0,0,1,0,0,0,0,0.0,0.0,0.0,0.0,0.0,0.0,0.0,0.0,0.0,0.0,0.0,1.0,0.0,0.0,0.0,0.0,1.0,0.0,1.0,0.0,0.0,1.0,0.0,0.0,0.0,0.0,1.0
35,15807.59,1398.2992,59.0,39.44535,6.0,8.0,28.0,5.0,40.0,18.0,7.59,9.0,2400.96,39.493988,100.46263,289.92194,0,0,0,0,1,0,1,1,1,0,0.0,1.0,0.0,0.0,0.0,0.0,0.0,0.0,0.0,0.0,0.0,0.0,0.0,0.0,0.0,0.0,0.0,1.0,0.0,1.0,0.0,0.0,0.0,0.0,0.0,1.0,0.0
21,22019.77,1790.9808,90.0,42.075634,0.0,5.0,8.0,3.0,28.0,5.0,8.94,4.0,1467.8,38.0311,179.51306,237.50938,0,0,1,0,0,0,0,1,0,0,0.0,0.0,0.0,0.0,0.0,0.0,0.0,1.0,0.0,0.0,0.0,0.0,0.0,0.0,0.0,0.0,1.0,0.0,1.0,0.0,0.0,0.0,0.0,0.0,1.0,0.0,0.0
51,31151.46,2479.955,70.0,42.494854,0.0,3.0,9.0,3.0,7.0,6.0,7.47,5.0,62.17,34.022327,93.252914,402.24774,0,0,0,0,0,0,0,1,1,0,0.0,0.0,0.0,0.0,0.0,1.0,0.0,0.0,0.0,0.0,0.0,0.0,0.0,0.0,0.0,0.0,1.0,0.0,1.0,0.0,0.0,0.0,0.0,0.0,0.0,1.0,1.0
37,21085.67,1919.1392,128.0,10.653354,5.0,7.0,11.0,1.0,30.0,12.0,1.78,6.0,1384.38,36.176544,38.25034,383.01022,0,0,0,0,0,0,0,1,0,0,0.0,0.0,1.0,0.0,0.0,0.0,0.0,0.0,0.0,0.0,0.0,0.0,0.0,0.0,0.0,0.0,1.0,0.0,1.0,0.0,1.0,0.0,0.0,0.0,0.0,0.0,1.0
40,19675.36,1440.6133,50.0,40.55941,9.0,4.0,14.0,4.0,10.0,8.0,13.31,9.0,1036.37,33.542805,97.13289,296.36905,1,0,0,0,0,0,1,1,0,1,0.0,0.0,0.0,0.0,0.0,0.0,1.0,0.0,0.0,0.0,0.0,0.0,0.0,0.0,0.0,0.0,0.0,1.0,0.0,1.0,0.0,0.0,0.0,0.0,0.0,1.0,0.0
43,59479.26,4833.605,44.0,166.11975,7.0,5.0,13.0,6.0,18.0,12.0,12.95,6.0,2189.62,37.66346,180.1638,417.07693,0,1,1,1,1,0,0,0,0,1,0.0,0.0,0.0,0.0,0.0,0.0,0.0,0.0,0.0,1.0,0.0,0.0,0.0,0.0,0.0,0.0,0.0,1.0,0.0,1.0,0.0,0.0,0.0,0.0,0.0,1.0,1.0
43,7136.905,842.74207,43.0,16.501385,7.0,8.0,34.0,3.0,50.0,16.0,2.79,12.0,1920.67,30.597555,30.977875,296.79495,0,1,0,0,1,0,0,0,1,0,0.0,0.0,0.0,1.0,0.0,0.0,0.0,0.0,0.0,0.0,0.0,0.0,0.0,0.0,0.0,0.0,0.0,1.0,0.0,1.0,0.0,0.0,1.0,0.0,0.0,0.0,1.0
19,30029.59,2406.4658,132.0,68.42706,0.0,4.0,5.0,4.0,16.0,10.0,4.48,5.0,466.13,39.671654,98.47222,333.7473,0,0,1,0,0,0,0,1,1,0,1.0,0.0,0.0,0.0,0.0,0.0,0.0,0.0,0.0,0.0,0.0,0.0,0.0,0.0,0.0,0.0,1.0,0.0,1.0,0.0,0.0,0.0,1.0,0.0,0.0,0.0,1.0
28,34392.44,2703.0366,55.0,80.04324,9.0,6.0,30.0,3.0,31.0,19.0,16.84,12.0,2405.43,33.29579,153.72778,306.53265,1,1,0,0,0,0,0,1,0,0,1.0,0.0,0.0,0.0,0.0,0.0,0.0,0.0,0.0,0.0,0.0,0.0,0.0,0.0,0.0,0.0,0.0,1.0,0.0,1.0,0.0,0.0,0.0,1.0,0.0,0.0,0.0
32,73475.02,6225.9185,73.0,177.01685,0.0,5.0,8.0,3.0,30.0,9.0,5.6,1.0,148.21,36.891155,212.10104,483.47394,0,0,0,1,0,0,0,0,1,0,0.0,0.0,0.0,0.0,1.0,0.0,0.0,0.0,0.0,0.0,0.0,0.0,0.0,0.0,0.0,0.0,1.0,0.0,1.0,0.0,0.0,1.0,0.0,0.0,0.0,0.0,0.0
34,14461.52,1010.12665,36.0,41.82172,10.0,8.0,33.0,6.0,52.0,17.0,14.75,11.0,2566.1,35.045067,10.76647,288.42447,0,1,0,1,0,0,0,1,0,1,0.0,0.0,0.0,0.0,0.0,0.0,0.0,0.0,0.0,0.0,1.0,0.0,0.0,0.0,0.0,1.0,0.0,0.0,0.0,1.0,1.0,0.0,0.0,0.0,0.0,0.0,2.0
42,21336.9,1656.075,51.0,11.230332,3.0,5.0,6.0,1.0,17.0,20.0,21.75,7.0,1338.82,25.416628,56.050903,388.32626,0,0,1,0,0,0,0,0,0,0,0.0,0.0,1.0,0.0,0.0,0.0,0.0,0.0,0.0,0.0,0.0,0.0,0.0,0.0,0.0,0.0,0.0,1.0,0.0,1.0,0.0,0.0,0.0,0.0,0.0,1.0,1.0
38,56545.44,4619.12,55.0,184.67564,8.0,8.0,27.0,7.0,41.0,24.0,10.04,6.0,2493.18,30.673187,64.01755,453.2188,1,1,1,1,0,0,0,1,0,1,0.0,0.0,0.0,0.0,0.0,0.0,0.0,1.0,0.0,0.0,0.0,0.0,0.0,0.0,0.0,1.0,0.0,0.0,0.0,1.0,1.0,0.0,0.0,0.0,0.0,0.0,0.0
20,29043.01,2326.2507,78.0,153.65604,8.0,7.0,15.0,7.0,25.0,18.0,17.63,9.0,1434.58,23.068344,68.75249,107.51335,1,1,1,0,0,0,0,0,1,1,0.0,0.0,0.0,0.0,0.0,1.0,0.0,0.0,0.0,0.0,0.0,0.0,0.0,0.0,0.0,0.0,0.0,1.0,0.0,1.0,0.0,0.0,0.0,0.0,0.0,1.0,2.0
19,17565.58,1588.7983,27.0,100.63746,10.0,8.0,32.0,8.0,16.0,16.0,21.67,12.0,2986.89,37.16707,72.55901,275.68335,1,1,0,0,1,0,0,1,1,0,0.0,0.0,0.0,0.0,0.0,0.0,0.0,0.0,1.0,0.0,0.0,0.0,0.0,0.0,0.0,1.0,0.0,0.0,0.0,1.0,0.0,0.0,0.0,0.0,0.0,1.0,0.0
19,73737.36,5936.78,131.0,214.81346,7.0,3.0,18.0,4.0,20.0,20.0,13.92,2.0,1219.39,26.728958,245.06798,413.79657,0,1,0,0,0,0,1,1,0,0,0.0,0.0,0.0,0.0,0.0,0.0,0.0,1.0,0.0,0.0,0.0,0.0,0.0,0.0,0.0,0.0,0.0,1.0,0.0,1.0,0.0,1.0,0.0,0.0,0.0,0.0,1.0
37,19396.5,1441.375,35.0,64.71188,9.0,10.0,24.0,5.0,37.0,21.0,15.97,10.0,2552.26,29.63412,92.441124,276.9845,0,1,0,1,1,0,0,1,1,0,0.0,0.0,0.0,0.0,0.0,0.0,0.0,0.0,0.0,0.0,1.0,0.0,0.0,0.0,0.0,1.0,0.0,0.0,0.0,1.0,0.0,0.0,0.0,0.0,0.0,1.0,1.0
18,71368.6,5844.3833,118.0,0.0,6.0,3.0,6.0,0.0,19.0,15.0,10.88,8.0,1161.1,29.041147,134.70401,689.7343,0,0,0,0,0,1,0,0,0,0,0.0,0.0,0.0,0.0,0.0,0.0,1.0,0.0,0.0,0.0,0.0,0.0,0.0,0.0,0.0,0.0,0.0,1.0,0.0,1.0,1.0,0.0,0.0,0.0,0.0,0.0,1.0
31,44689.77,3741.1475,62.0,202.06108,6.0,6.0,20.0,7.0,8.0,8.0,8.31,7.0,2319.8,23.39562,109.119385,312.9343,0,0,1,1,0,0,0,1,0,1,1.0,0.0,0.0,0.0,0.0,0.0,0.0,0.0,0.0,0.0,0.0,0.0,0.0,0.0,0.0,0.0,0.0,1.0,0.0,1.0,0.0,1.0,0.0,0.0,0.0,0.0,0.0
44,15712.65,1195.3875,47.0,79.86676,10.0,7.0,22.0,9.0,23.0,26.0,16.94,9.0,2540.41,24.933287,63.556828,266.11517,0,0,1,1,1,0,1,1,0,1,0.0,0.0,0.0,0.0,0.0,0.0,0.0,0.0,0.0,1.0,0.0,0.0,0.0,0.0,0.0,1.0,0.0,0.0,0.0,1.0,0.0,0.0,0.0,0.0,0.0,1.0,1.0
19,41209.68,3413.14,29.0,127.74772,6.0,7.0,31.0,7.0,48.0,22.0,9.23,10.0,1801.46,30.59388,29.424698,424.14157,1,1,0,0,1,0,1,0,0,1,0.0,0.0,0.0,0.0,0.0,0.0,1.0,0.0,0.0,0.0,0.0,0.0,0.0,0.0,0.0,1.0,0.0,0.0,0.0,1.0,1.0,0.0,0.0,0.0,0.0,0.0,0.0
36,24881.15,2304.4292,77.0,40.173668,4.0,6.0,19.0,2.0,8.0,7.0,17.84,8.0,931.68,30.75995,77.08064,363.1886,0,0,1,0,0,0,0,0,0,1,0.0,0.0,0.0,0.0,0.0,0.0,0.0,0.0,0.0,0.0,1.0,0.0,0.0,0.0,0.0,0.0,0.0,1.0,0.0,1.0,0.0,1.0,0.0,0.0,0.0,0.0,1.0
30,59850.24,5156.52,64.0,131.8174,5.0,5.0,17.0,3.0,12.0,14.0,14.0,13.0,2294.21,30.569094,40.256065,583.57855,0,0,0,0,0,0,0,1,0,0,0.0,0.0,0.0,1.0,0.0,0.0,0.0,0.0,0.0,0.0,0.0,0.0,0.0,0.0,0.0,0.0,0.0,1.0,0.0,1.0,1.0,0.0,0.0,0.0,0.0,0.0,1.0
25,68267.04,5768.92,51.0,316.7433,7.0,7.0,32.0,2.0,17.0,15.0,16.0,7.0,2357.03,37.00257,508.22852,269.74548,1,0,0,0,0,0,1,0,0,0,0.0,0.0,0.0,0.0,0.0,0.0,0.0,0.0,0.0,0.0,0.0,0.0,1.0,0.0,0.0,0.0,0.0,1.0,0.0,1.0,0.0,0.0,0.0,0.0,1.0,0.0,0.0
35,72330.98,6300.5815,138.0,31.379795,0.0,3.0,11.0,1.0,1.0,6.0,4.62,1.0,596.78,27.241022,110.06711,728.61127,1,0,0,0,0,0,0,0,0,0,0.0,0.0,0.0,0.0,0.0,0.0,0.0,0.0,0.0,0.0,1.0,0.0,0.0,0.0,0.0,0.0,1.0,0.0,1.0,0.0,1.0,0.0,0.0,0.0,0.0,0.0,2.0
48,58366.22,5041.8516,99.0,36.110275,5.0,5.0,1.0,1.0,13.0,21.0,1.37,3.0,383.3,25.351603,173.20454,544.87036,0,1,0,0,0,0,0,0,0,0,0.0,1.0,0.0,0.0,0.0,0.0,0.0,0.0,0.0,0.0,0.0,0.0,0.0,0.0,0.0,0.0,1.0,0.0,1.0,0.0,0.0,1.0,0.0,0.0,0.0,0.0,2.0
45,26918.38,2442.1982,106.0,43.92661,6.0,5.0,10.0,2.0,10.0,15.0,5.48,6.0,1054.9,31.030298,56.032234,394.261,0,0,1,0,0,0,0,0,0,1,0.0,0.0,1.0,0.0,0.0,0.0,0.0,0.0,0.0,0.0,0.0,0.0,0.0,0.0,0.0,0.0,0.0,1.0,0.0,1.0,0.0,1.0,0.0,0.0,0.0,0.0,1.0
48,60595.11,5106.5923,69.0,79.49363,8.0,4.0,5.0,2.0,17.0,14.0,8.23,7.0,412.1,31.320978,77.57779,603.5878,1,0,0,0,0,0,0,1,0,0,0.0,0.0,0.0,0.0,0.0,0.0,0.0,0.0,0.0,0.0,1.0,0.0,0.0,0.0,0.0,0.0,0.0,1.0,1.0,0.0,0.0,1.0,0.0,0.0,0.0,0.0,1.0
45,14584.2,997.35,28.0,46.138283,8.0,9.0,15.0,4.0,47.0,12.0,17.9,12.0,1555.23,30.363718,49.748974,293.84775,1,1,0,1,1,0,0,0,0,0,0.0,0.0,0.0,0.0,1.0,0.0,0.0,0.0,0.0,0.0,0.0,0.0,0.0,0.0,0.0,0.0,0.0,1.0,0.0,1.0,0.0,0.0,0.0,0.0,0.0,1.0,0.0
28,41803.08,3685.59,121.0,49.75251,3.0,3.0,13.0,2.0,28.0,13.0,3.66,0.0,1204.07,24.409685,311.2144,277.5921,0,1,1,0,0,0,0,0,0,0,0.0,0.0,0.0,0.0,0.0,0.0,0.0,0.0,1.0,0.0,0.0,0.0,0.0,0.0,0.0,0.0,0.0,1.0,0.0,1.0,0.0,0.0,0.0,1.0,0.0,0.0,1.0
43,33199.8,2507.65,54.0,101.330025,7.0,10.0,22.0,6.0,24.0,15.0,12.0,15.0,1935.68,35.729565,92.85613,346.57883,1,1,1,1,0,0,0,0,0,1,0.0,0.0,0.0,0.0,0.0,0.0,0.0,0.0,0.0,0.0,1.0,0.0,0.0,0.0,0.0,0.0,0.0,1.0,0.0,1.0,0.0,0.0,0.0,0.0,0.0,1.0,0.0
20,37045.6,2820.1333,86.0,23.989574,5.0,7.0,9.0,1.0,9.0,2.0,1.18,3.0,1411.95,25.687859,253.10255,284.9212,0,0,1,0,0,0,0,0,0,0,0.0,0.0,0.0,0.0,1.0,0.0,0.0,0.0,0.0,0.0,0.0,0.0,0.0,0.0,0.0,0.0,1.0,0.0,1.0,0.0,0.0,0.0,0.0,0.0,1.0,0.0,1.0
43,32178.74,2470.5618,49.0,99.44575,10.0,6.0,21.0,6.0,44.0,8.0,14.15,9.0,2165.47,37.983356,154.40048,283.20996,1,0,1,0,0,0,0,1,1,1,0.0,0.0,0.0,0.0,0.0,0.0,0.0,0.0,0.0,0.0,0.0,0.0,0.0,0.0,1.0,0.0,0.0,1.0,0.0,1.0,0.0,0.0,0.0,0.0,0.0,1.0,0.0
44,67413.2,5824.7666,56.0,178.85077,9.0,10.0,16.0,4.0,47.0,11.0,16.18,16.0,1663.58,34.748234,99.94452,553.6814,0,0,0,0,1,0,0,0,0,0,0.0,0.0,0.0,0.0,0.0,0.0,0.0,0.0,0.0,0.0,1.0,0.0,0.0,0.0,0.0,0.0,0.0,1.0,0.0,1.0,0.0,1.0,0.0,0.0,0.0,0.0,0.0
31,35989.5,3039.125,37.0,184.3852,7.0,6.0,26.0,7.0,19.0,21.0,8.66,11.0,1754.71,36.83297,272.94104,136.58626,0,1,0,0,1,0,1,1,0,0,0.0,0.0,0.0,0.0,0.0,1.0,0.0,0.0,0.0,0.0,0.0,0.0,0.0,0.0,0.0,0.0,0.0,1.0,0.0,1.0,0.0,0.0,0.0,0.0,0.0,1.0,0.0
31,28993.75,2459.1458,84.0,18.345585,2.0,4.0,12.0,1.0,9.0,2.0,6.74,0.0,822.72,33.828575,94.31949,423.2495,0,0,0,0,0,0,0,0,1,0,0.0,1.0,0.0,0.0,0.0,0.0,0.0,0.0,0.0,0.0,0.0,0.0,0.0,0.0,0.0,0.0,1.0,0.0,1.0,0.0,0.0,0.0,0.0,0.0,0.0,1.0,1.0
36,22744.15,1910.3458,124.0,0.0,9.0,4.0,14.0,0.0,19.0,13.0,7.73,2.0,116.17,23.573904,162.09924,405.79044,0,0,0,0,0,1,0,0,0,0,0.0,0.0,0.0,0.0,0.0,0.0,0.0,1.0,0.0,0.0,0.0,0.0,0.0,0.0,0.0,0.0,0.0,1.0,0.0,1.0,0.0,0.0,0.0,0.0,0.0,1.0,1.0
54,21434.275,1790.1896,69.0,49.599586,1.0,5.0,3.0,3.0,9.0,7.0,4.54,3.0,166.49,29.885681,164.85411,234.56526,0,1,0,0,1,0,0,0,0,1,0.0,0.0,0.0,0.0,0.0,0.0,0.0,1.0,0.0,0.0,0.0,0.0,0.0,0.0,0.0,0.0,1.0,0.0,1.0,0.0,0.0,0.0,0.0,1.0,0.0,0.0,2.0
37,7863.04,405.25333,53.0,23.609056,7.0,3.0,24.0,4.0,5.0,15.0,17.53,9.0,2286.31,36.558346,14.851679,282.0646,0,1,0,1,0,0,0,1,0,0,0.0,0.0,0.0,0.0,0.0,0.0,1.0,0.0,0.0,0.0,0.0,0.0,0.0,0.0,0.0,0.0,0.0,1.0,0.0,1.0,0.0,0.0,0.0,0.0,1.0,0.0,0.0
39,31846.76,2703.8967,64.0,27.407887,2.0,4.0,7.0,2.0,4.0,6.0,11.95,4.0,881.26,35.51802,258.4195,331.36743,0,1,0,0,0,0,0,0,0,1,0.0,0.0,0.0,0.0,0.0,0.0,0.0,0.0,0.0,0.0,0.0,0.0,0.0,1.0,0.0,0.0,1.0,0.0,1.0,0.0,0.0,0.0,0.0,1.0,0.0,0.0,2.0
20,30622.73,2366.3848,125.0,225.8448,4.0,2.0,11.0,4.0,12.0,0.0,4.87,1.0,383.33,39.249035,157.30365,306.75027,0,1,1,1,0,0,0,0,0,1,0.0,0.0,0.0,0.0,0.0,0.0,0.0,0.0,0.0,0.0,1.0,0.0,0.0,0.0,0.0,0.0,1.0,0.0,1.0,0.0,0.0,0.0,0.0,0.0,1.0,0.0,1.0
39,135994.36,11191.863,115.0,219.95544,9.0,6.0,16.0,2.0,20.0,19.0,5.98,4.0,1280.06,30.371897,458.5524,690.67847,0,0,1,0,0,0,0,0,1,0,0.0,0.0,0.0,0.0,0.0,0.0,0.0,0.0,0.0,0.0,0.0,0.0,1.0,0.0,0.0,0.0,0.0,1.0,0.0,1.0,0.0,1.0,0.0,0.0,0.0,0.0,1.0
38,16449.27,1089.7725,33.0,16.598135,8.0,6.0,20.0,2.0,19.0,15.0,19.86,4.0,1385.18,37.935024,83.68779,288.6913,0,0,1,0,0,0,1,0,0,0,0.0,0.0,0.0,0.0,1.0,0.0,0.0,0.0,0.0,0.0,0.0,0.0,0.0,0.0,0.0,0.0,0.0,1.0,0.0,1.0,0.0,0.0,0.0,0.0,1.0,0.0,1.0
26,12255.61,868.30084,80.0,11.637323,8.0,6.0,19.0,2.0,19.0,18.0,8.23,5.0,494.31,36.748344,87.52395,267.66882,1,0,0,0,1,0,0,0,0,0,0.0,0.0,0.0,0.0,0.0,0.0,0.0,0.0,0.0,0.0,0.0,0.0,0.0,0.0,1.0,0.0,0.0,1.0,0.0,1.0,0.0,0.0,0.0,0.0,1.0,0.0,1.0
24,20317.12,1697.0934,29.0,59.698788,7.0,6.0,17.0,4.0,14.0,10.0,17.72,7.0,2695.78,29.341646,34.677296,325.33325,1,0,0,0,1,0,0,0,1,1,0.0,0.0,0.0,0.0,0.0,0.0,0.0,0.0,0.0,0.0,0.0,0.0,0.0,1.0,0.0,0.0,0.0,1.0,0.0,1.0,0.0,1.0,0.0,0.0,0.0,0.0,1.0
53,15767.215,1408.9346,110.0,0.0,5.0,3.0,20.0,0.0,10.0,19.0,4.28,4.0,1012.39,36.94676,109.06999,311.82346,0,0,0,0,0,1,0,0,0,0,0.0,0.0,0.0,0.0,0.0,0.0,0.0,0.0,0.0,0.0,0.0,0.0,0.0,0.0,1.0,0.0,0.0,1.0,0.0,1.0,0.0,0.0,0.0,0.0,1.0,0.0,1.0
30,14360.97,1262.7476,34.0,48.72288,3.0,3.0,9.0,7.0,19.0,12.0,15.1,4.0,2000.14,25.168467,100.43753,257.11435,1,1,1,1,0,0,0,0,0,1,0.0,0.0,0.0,0.0,0.0,0.0,0.0,0.0,0.0,0.0,0.0,0.0,0.0,0.0,1.0,0.0,0.0,1.0,0.0,1.0,0.0,0.0,0.0,0.0,1.0,0.0,1.0
37,79524.64,6626.053,68.0,167.48685,5.0,5.0,15.0,4.0,26.0,9.0,10.88,7.0,402.54,36.403954,485.289,279.82947,1,0,1,1,0,0,0,1,0,0,1.0,0.0,0.0,0.0,0.0,0.0,0.0,0.0,0.0,0.0,0.0,0.0,0.0,0.0,0.0,0.0,0.0,1.0,0.0,1.0,0.0,0.0,0.0,1.0,0.0,0.0,2.0
34,50538.58,4054.5483,43.0,164.80746,6.0,7.0,9.0,4.0,14.0,20.0,10.09,6.0,1205.13,26.247276,126.852165,363.7952,1,0,1,0,1,0,0,1,0,0,1.0,0.0,0.0,0.0,0.0,0.0,0.0,0.0,0.0,0.0,0.0,0.0,0.0,0.0,0.0,0.0,0.0,1.0,0.0,1.0,0.0,1.0,0.0,0.0,0.0,0.0,1.0
55,60323.34,4769.945,121.0,112.44685,4.0,7.0,6.0,4.0,8.0,15.0,1.07,2.0,600.73,32.16121,161.75883,472.78882,1,1,0,0,0,0,0,0,0,0,0.0,0.0,0.0,0.0,0.0,0.0,0.0,0.0,0.0,0.0,0.0,1.0,0.0,0.0,0.0,0.0,0.0,1.0,1.0,0.0,0.0,0.0,0.0,1.0,0.0,0.0,1.0
53,22246.44,1721.87,94.0,28.446054,4.0,6.0,20.0,2.0,25.0,15.0,11.04,3.0,8.2,30.24933,106.85857,354.34573,0,1,0,1,0,0,0,0,0,0,0.0,0.0,0.0,0.0,0.0,0.0,1.0,0.0,0.0,0.0,0.0,0.0,0.0,0.0,0.0,0.0,0.0,1.0,1.0,0.0,0.0,0.0,0.0,0.0,0.0,1.0,0.0
22,34628.06,3041.6716,98.0,21.688934,1.0,3.0,4.0,1.0,8.0,3.0,0.5,0.0,1024.5,34.645683,195.16902,357.3092,0,0,0,0,0,0,0,0,1,0,0.0,0.0,0.0,0.0,0.0,0.0,0.0,0.0,0.0,0.0,1.0,0.0,0.0,0.0,0.0,0.0,1.0,0.0,1.0,0.0,0.0,0.0,0.0,1.0,0.0,0.0,2.0
19,34106.78,2767.2317,128.0,0.0,8.0,5.0,17.0,0.0,8.0,10.0,10.06,0.0,996.54,38.627518,24.071903,492.65128,0,0,0,0,0,1,0,0,0,0,0.0,0.0,0.0,0.0,0.0,0.0,0.0,0.0,0.0,1.0,0.0,0.0,0.0,0.0,0.0,0.0,0.0,1.0,0.0,1.0,1.0,0.0,0.0,0.0,0.0,0.0,1.0
38,16099.62,1111.635,38.0,0.0,4.0,7.0,14.0,0.0,14.0,9.0,3.14,5.0,1042.78,28.680368,133.79424,267.36926,0,0,0,0,0,1,0,0,0,0,0.0,0.0,0.0,0.0,0.0,0.0,0.0,0.0,0.0,0.0,0.0,0.0,0.0,0.0,1.0,0.0,0.0,1.0,0.0,1.0,0.0,0.0,0.0,0.0,0.0,1.0,1.0
54,73455.03,6367.2524,127.0,86.494804,8.0,4.0,7.0,2.0,10.0,8.0,-3.17,7.0,833.37,27.753794,51.72652,738.5039,0,1,0,0,0,0,1,0,0,0,0.0,0.0,0.0,0.0,0.0,0.0,0.0,0.0,0.0,0.0,0.0,0.0,0.0,1.0,0.0,0.0,0.0,1.0,1.0,0.0,1.0,0.0,0.0,0.0,0.0,0.0,1.0
35,41547.99,3192.3325,104.0,78.79997,0.0,7.0,8.0,3.0,19.0,8.0,10.38,2.0,1156.82,27.779657,143.46791,386.96536,1,0,1,0,0,0,0,0,0,0,0.0,0.0,0.0,0.0,0.0,0.0,0.0,0.0,0.0,0.0,0.0,0.0,0.0,0.0,1.0,0.0,1.0,0.0,1.0,0.0,0.0,0.0,0.0,0.0,0.0,1.0,0.0
39,15251.19,1144.9325,24.0,43.74576,6.0,6.0,18.0,5.0,22.0,19.0,9.85,7.0,1889.3,29.28194,144.0246,216.72289,1,1,0,0,1,0,1,1,0,0,0.0,0.0,0.0,0.0,0.0,1.0,0.0,0.0,0.0,0.0,0.0,0.0,0.0,0.0,0.0,0.0,0.0,1.0,0.0,1.0,0.0,0.0,0.0,0.0,0.0,1.0,1.0
44,35618.39,3174.1992,46.0,163.20242,4.0,4.0,19.0,7.0,7.0,17.0,9.89,7.0,1320.37,31.8257,295.0385,139.17899,0,1,0,1,1,0,0,0,1,1,0.0,1.0,0.0,0.0,0.0,0.0,0.0,0.0,0.0,0.0,0.0,0.0,0.0,0.0,0.0,0.0,0.0,1.0,0.0,1.0,0.0,0.0,1.0,0.0,0.0,0.0,1.0
38,44732.58,3602.715,41.0,70.86323,6.0,3.0,28.0,3.0,28.0,15.0,19.48,8.0,2298.88,30.02304,152.44324,426.96503,0,0,1,0,0,0,1,0,0,1,0.0,0.0,0.0,0.0,0.0,0.0,0.0,0.0,1.0,0.0,0.0,0.0,0.0,0.0,0.0,0.0,0.0,1.0,0.0,1.0,0.0,0.0,0.0,0.0,0.0,1.0,1.0
30,27242.8,2434.2334,69.0,73.81546,5.0,4.0,15.0,6.0,19.0,19.0,19.5,7.0,881.36,32.160503,112.57105,347.0368,0,0,0,1,1,0,1,1,1,0,0.0,0.0,1.0,0.0,0.0,0.0,0.0,0.0,0.0,0.0,0.0,0.0,0.0,0.0,0.0,0.0,0.0,1.0,0.0,1.0,0.0,0.0,0.0,0.0,0.0,1.0,1.0
41,30988.54,2827.3784,60.0,158.54924,6.0,6.0,6.0,7.0,27.0,18.0,8.4,8.0,189.28,30.90304,141.52974,262.65884,0,1,0,0,0,0,0,1,1,1,0.0,0.0,0.0,0.0,0.0,0.0,0.0,0.0,0.0,0.0,0.0,0.0,1.0,0.0,0.0,0.0,0.0,1.0,0.0,1.0,0.0,0.0,0.0,0.0,1.0,0.0,0.0
20,78059.36,6277.947,64.0,55.76223,6.0,5.0,19.0,1.0,26.0,11.0,8.41,5.0,1220.42,25.743914,292.2319,549.80054,0,0,0,0,0,0,0,0,0,1,0.0,0.0,0.0,1.0,0.0,0.0,0.0,0.0,0.0,0.0,0.0,0.0,0.0,0.0,0.0,0.0,0.0,1.0,0.0,1.0,0.0,0.0,0.0,1.0,0.0,0.0,1.0
34,18114.35,1515.5292,42.0,16.120789,9.0,6.0,28.0,2.0,21.0,16.0,5.85,12.0,1289.04,28.057049,97.912125,317.52002,1,0,0,0,0,0,0,0,0,1,0.0,0.0,0.0,0.0,0.0,0.0,0.0,0.0,0.0,0.0,0.0,0.0,0.0,1.0,0.0,1.0,0.0,0.0,0.0,1.0,0.0,0.0,0.0,0.0,1.0,0.0,1.0
41,60106.11,4895.8423,82.0,102.242676,6.0,9.0,32.0,3.0,33.0,15.0,11.5,14.0,1462.16,37.357265,168.15733,469.18423,0,1,1,0,0,0,0,0,0,0,0.0,0.0,0.0,0.0,0.0,0.0,0.0,0.0,0.0,0.0,0.0,0.0,0.0,0.0,1.0,0.0,0.0,1.0,0.0,1.0,0.0,1.0,0.0,0.0,0.0,0.0,0.0
16,40896.9,3347.075,109.0,101.52167,5.0,3.0,18.0,3.0,10.0,10.0,12.19,4.0,365.97,26.316364,130.39328,352.79254,1,0,0,0,1,0,0,0,0,0,0.0,0.0,0.0,0.0,1.0,0.0,0.0,0.0,0.0,0.0,0.0,0.0,0.0,0.0,0.0,0.0,0.0,1.0,0.0,1.0,0.0,1.0,0.0,0.0,0.0,0.0,1.0
21,83164.8,6942.4,123.0,222.71606,4.0,5.0,9.0,4.0,19.0,14.0,13.9,11.0,544.54,38.648354,362.37772,369.1462,1,0,0,0,0,0,1,0,0,1,0.0,0.0,1.0,0.0,0.0,0.0,0.0,0.0,0.0,0.0,0.0,0.0,0.0,0.0,0.0,0.0,0.0,1.0,0.0,1.0,0.0,0.0,1.0,0.0,0.0,0.0,1.0
17,80692.28,6856.3564,47.0,285.0287,7.0,6.0,15.0,5.0,41.0,21.0,4.43,13.0,2707.04,38.698067,63.052307,577.5547,0,1,0,0,0,0,1,0,0,1,1.0,0.0,0.0,0.0,0.0,0.0,0.0,0.0,0.0,0.0,0.0,0.0,0.0,0.0,0.0,1.0,0.0,0.0,0.0,1.0,1.0,0.0,0.0,0.0,0.0,0.0,1.0
28,37182.62,3200.5518,56.0,132.30585,7.0,6.0,19.0,6.0,20.0,19.0,20.0,11.0,2671.92,33.624798,222.74565,235.00366,1,0,1,1,0,0,0,0,1,1,1.0,0.0,0.0,0.0,0.0,0.0,0.0,0.0,0.0,0.0,0.0,0.0,0.0,0.0,0.0,1.0,0.0,0.0,0.0,1.0,0.0,0.0,0.0,1.0,0.0,0.0,0.0
35,28647.75,2161.3125,27.0,113.192314,5.0,6.0,5.0,5.0,5.0,12.0,17.36,4.0,82.6,38.82428,203.71799,189.22095,0,0,1,0,0,0,1,1,1,0,0.0,0.0,1.0,0.0,0.0,0.0,0.0,0.0,0.0,0.0,0.0,0.0,0.0,0.0,0.0,0.0,0.0,1.0,0.0,1.0,0.0,0.0,0.0,0.0,0.0,1.0,1.0
21,56850.32,4753.527,44.0,135.24896,3.0,6.0,5.0,4.0,31.0,9.0,12.94,4.0,201.22,30.632244,51.512684,538.591,1,0,0,0,0,0,0,0,1,1,0.0,0.0,0.0,0.0,1.0,0.0,0.0,0.0,0.0,0.0,0.0,0.0,0.0,0.0,0.0,0.0,0.0,1.0,0.0,1.0,0.0,1.0,0.0,0.0,0.0,0.0,1.0
32,40835.65,3173.971,123.0,0.0,5.0,2.0,1.0,0.0,7.0,11.0,6.42,3.0,1395.47,33.70195,223.4814,383.91568,0,0,0,0,0,1,0,0,0,0,0.0,0.0,0.0,0.0,0.0,0.0,0.0,1.0,0.0,0.0,0.0,0.0,0.0,0.0,0.0,0.0,1.0,0.0,1.0,0.0,0.0,0.0,0.0,0.0,0.0,1.0,2.0
49,15055.0,988.5833,75.0,31.775461,3.0,3.0,8.0,3.0,6.0,4.0,2.61,7.0,360.12,37.56368,63.411896,293.671,0,1,0,1,0,0,1,0,0,0,0.0,0.0,0.0,0.0,0.0,0.0,0.0,1.0,0.0,0.0,0.0,0.0,0.0,0.0,0.0,0.0,1.0,0.0,1.0,0.0,0.0,0.0,0.0,0.0,0.0,1.0,1.0
30,10366.83,568.9025,87.0,24.413347,8.0,3.0,6.0,4.0,24.0,16.0,7.92,5.0,0.95,34.188274,67.86884,254.60806,0,0,1,1,0,0,1,0,0,0,0.0,0.0,0.0,0.0,0.0,0.0,0.0,0.0,0.0,0.0,0.0,1.0,0.0,0.0,0.0,0.0,0.0,1.0,0.0,1.0,0.0,0.0,0.0,0.0,0.0,1.0,1.0
16,17496.35,1495.0292,30.0,47.417904,3.0,4.0,19.0,5.0,11.0,16.0,9.59,12.0,1283.15,34.738625,62.1738,289.91122,0,0,1,1,0,0,0,0,1,0,0.0,0.0,0.0,0.0,0.0,0.0,0.0,0.0,0.0,0.0,0.0,0.0,0.0,0.0,1.0,0.0,0.0,1.0,0.0,1.0,0.0,1.0,0.0,0.0,0.0,0.0,0.0
38,42960.39,3363.0325,124.0,58.19249,2.0,5.0,9.0,3.0,13.0,3.0,2.18,1.0,379.94,33.345818,31.88757,486.2232,0,0,1,0,1,0,0,0,0,1,0.0,0.0,0.0,0.0,0.0,1.0,0.0,0.0,0.0,0.0,0.0,0.0,0.0,0.0,0.0,0.0,1.0,0.0,1.0,0.0,1.0,0.0,0.0,0.0,0.0,0.0,1.0
42,61262.76,5054.23,34.0,250.59685,6.0,9.0,20.0,5.0,18.0,25.0,7.2,9.0,2357.37,27.49241,42.0719,452.75427,1,0,0,0,1,0,1,0,0,1,1.0,0.0,0.0,0.0,0.0,0.0,0.0,0.0,0.0,0.0,0.0,0.0,0.0,0.0,0.0,1.0,0.0,0.0,0.0,1.0,1.0,0.0,0.0,0.0,0.0,0.0,0.0
19,54889.92,4512.16,47.0,147.04738,7.0,4.0,17.0,6.0,24.0,10.0,10.48,4.0,1603.48,29.799461,109.48573,434.6829,0,0,0,1,1,0,0,1,0,1,0.0,0.0,0.0,0.0,0.0,0.0,0.0,0.0,0.0,0.0,1.0,0.0,0.0,0.0,0.0,0.0,0.0,1.0,0.0,1.0,1.0,0.0,0.0,0.0,0.0,0.0,0.0
35,21596.82,2020.735,124.0,9.742872,5.0,3.0,5.0,1.0,1.0,11.0,2.11,0.0,1403.39,31.952648,251.61015,230.72047,0,0,0,1,0,0,0,0,0,0,0.0,0.0,0.0,0.0,0.0,0.0,0.0,0.0,0.0,1.0,0.0,0.0,0.0,0.0,0.0,0.0,1.0,0.0,1.0,0.0,0.0,0.0,0.0,0.0,0.0,1.0,2.0
27,12498.945,1173.5787,130.0,30.87149,5.0,3.0,18.0,4.0,20.0,11.0,9.1,0.0,695.46,24.218971,54.29723,322.18915,1,1,0,0,1,0,0,0,0,0,0.0,0.0,0.0,0.0,0.0,0.0,0.0,0.0,0.0,0.0,0.0,0.0,0.0,0.0,1.0,0.0,0.0,1.0,1.0,0.0,0.0,0.0,0.0,0.0,0.0,1.0,1.0
45,41811.51,3441.2925,135.0,68.27705,4.0,4.0,3.0,3.0,12.0,1.0,9.16,4.0,1137.64,30.141277,23.317774,492.53442,1,0,0,1,0,0,0,0,1,0,0.0,0.0,0.0,0.0,0.0,0.0,0.0,0.0,0.0,0.0,0.0,1.0,0.0,0.0,0.0,0.0,1.0,0.0,1.0,0.0,1.0,0.0,0.0,0.0,0.0,0.0,1.0
23,87939.04,7343.2534,106.0,74.00775,2.0,4.0,11.0,2.0,7.0,7.0,5.98,4.0,320.89,34.775734,186.45679,713.8608,0,0,1,0,0,0,0,1,0,0,0.0,0.0,0.0,0.0,0.0,0.0,0.0,1.0,0.0,0.0,0.0,0.0,0.0,0.0,0.0,0.0,1.0,0.0,1.0,0.0,1.0,0.0,0.0,0.0,0.0,0.0,2.0
47,28587.29,2621.2742,102.0,0.0,4.0,1.0,7.0,0.0,4.0,2.0,3.22,1.0,1496.38,36.658707,210.62437,321.50305,0,0,0,0,0,1,0,0,0,0,0.0,0.0,0.0,0.0,0.0,0.0,0.0,0.0,0.0,0.0,0.0,1.0,0.0,0.0,0.0,0.0,1.0,0.0,1.0,0.0,0.0,0.0,0.0,1.0,0.0,0.0,2.0
48,38458.71,3116.8926,132.0,0.0,0.0,3.0,8.0,0.0,6.0,0.0,6.77,1.0,855.44,27.901602,42.006042,509.6832,0,0,0,0,0,1,0,0,0,0,0.0,0.0,0.0,0.0,0.0,1.0,0.0,0.0,0.0,0.0,0.0,0.0,0.0,0.0,0.0,0.0,1.0,0.0,1.0,0.0,1.0,0.0,0.0,0.0,0.0,0.0,0.0
41,18329.93,1312.4941,86.0,51.967094,7.0,6.0,6.0,6.0,17.0,13.0,18.41,5.0,161.04,28.030355,119.35292,229.9294,0,1,1,1,1,0,0,0,1,1,0.0,0.0,0.0,0.0,0.0,0.0,0.0,0.0,0.0,0.0,0.0,0.0,0.0,0.0,1.0,0.0,0.0,1.0,0.0,1.0,0.0,0.0,0.0,1.0,0.0,0.0,1.0
55,31641.93,2610.8274,80.0,60.3363,4.0,6.0,7.0,3.0,25.0,12.0,12.37,1.0,583.6,26.346825,62.764866,387.9816,0,0,0,0,0,0,0,0,1,1,0.0,0.0,0.0,0.0,0.0,0.0,0.0,0.0,1.0,0.0,0.0,0.0,0.0,0.0,0.0,0.0,0.0,1.0,1.0,0.0,0.0,1.0,0.0,0.0,0.0,0.0,1.0
41,8446.315,627.85956,45.0,28.20196,9.0,6.0,18.0,6.0,19.0,12.0,11.05,12.0,1291.0,31.931515,37.207615,287.37637,1,1,0,0,1,0,1,0,1,0,0.0,0.0,0.0,0.0,0.0,0.0,1.0,0.0,0.0,0.0,0.0,0.0,0.0,0.0,0.0,0.0,0.0,1.0,0.0,1.0,0.0,0.0,0.0,0.0,0.0,1.0,0.0
27,15985.29,1210.9858,62.0,101.979225,6.0,10.0,26.0,2.0,27.0,7.0,11.85,15.0,1336.47,38.87626,125.15334,266.49985,0,0,0,0,0,0,1,0,1,0,0.0,0.0,1.0,0.0,0.0,0.0,0.0,0.0,0.0,0.0,0.0,0.0,0.0,0.0,0.0,0.0,0.0,1.0,0.0,1.0,0.0,0.0,0.0,0.0,1.0,0.0,0.0
44,59789.0,5119.4165,127.0,36.122063,3.0,4.0,1.0,1.0,4.0,10.0,8.06,1.0,1155.96,24.487122,208.21156,517.60803,0,1,0,0,0,0,0,0,0,0,0.0,0.0,0.0,0.0,0.0,0.0,0.0,0.0,1.0,0.0,0.0,0.0,0.0,0.0,0.0,0.0,1.0,0.0,1.0,0.0,0.0,1.0,0.0,0.0,0.0,0.0,1.0
36,27113.76,1962.48,64.0,97.89329,7.0,3.0,8.0,7.0,29.0,19.0,8.12,7.0,834.43,25.009573,164.52611,223.8286,1,1,0,1,1,0,0,0,0,0,0.0,0.0,1.0,0.0,0.0,0.0,0.0,0.0,0.0,0.0,0.0,0.0,0.0,0.0,0.0,0.0,0.0,1.0,0.0,1.0,0.0,0.0,0.0,0.0,0.0,1.0,1.0
38,99995.22,8560.935,135.0,66.42834,0.0,3.0,8.0,1.0,6.0,7.0,11.32,6.0,526.8,36.022118,337.3547,712.3105,0,0,1,0,0,0,0,0,0,0,0.0,0.0,0.0,0.0,0.0,0.0,1.0,0.0,0.0,0.0,0.0,0.0,0.0,0.0,0.0,0.0,1.0,0.0,1.0,0.0,0.0,0.0,1.0,0.0,0.0,0.0,0.0
21,32394.38,2631.5317,79.0,143.0342,8.0,10.0,25.0,9.0,26.0,17.0,5.41,12.0,1941.54,27.712282,44.60269,315.51627,0,1,1,1,0,0,0,1,1,1,0.0,0.0,0.0,0.0,0.0,0.0,0.0,0.0,1.0,0.0,0.0,0.0,0.0,0.0,0.0,1.0,0.0,0.0,0.0,1.0,1.0,0.0,0.0,0.0,0.0,0.0,0.0
31,19042.82,1635.9016,100.0,10.908776,6.0,5.0,18.0,1.0,12.0,15.0,3.12,1.0,659.68,29.424622,68.6295,374.05188,0,0,0,0,0,0,1,0,0,0,0.0,0.0,0.0,0.0,0.0,1.0,0.0,0.0,0.0,0.0,0.0,0.0,0.0,0.0,0.0,0.0,0.0,1.0,1.0,0.0,0.0,0.0,0.0,0.0,0.0,1.0,0.0
30,12186.425,991.5354,75.0,9.584438,6.0,5.0,8.0,1.0,25.0,20.0,8.95,6.0,176.84,22.234377,49.30214,300.26697,0,0,0,0,0,0,0,0,1,0,0.0,1.0,0.0,0.0,0.0,0.0,0.0,0.0,0.0,0.0,0.0,0.0,0.0,0.0,0.0,0.0,1.0,0.0,1.0,0.0,0.0,0.0,1.0,0.0,0.0,0.0,2.0
21,31272.27,2346.0225,70.0,49.99592,0.0,6.0,6.0,3.0,2.0,4.0,17.85,2.0,10.89,32.755604,88.50903,376.0973,0,0,0,0,0,0,1,0,0,1,0.0,1.0,0.0,0.0,0.0,0.0,0.0,0.0,0.0,0.0,0.0,0.0,0.0,0.0,0.0,0.0,1.0,0.0,1.0,0.0,0.0,0.0,0.0,0.0,1.0,0.0,2.0
46,34652.7,2975.725,82.0,64.68031,6.0,7.0,14.0,3.0,4.0,15.0,11.56,4.0,1096.33,30.17464,304.22162,229.58365,0,0,0,0,0,0,0,1,1,0,0.0,0.0,0.0,0.0,0.0,0.0,0.0,0.0,0.0,1.0,0.0,0.0,0.0,0.0,0.0,0.0,0.0,1.0,0.0,1.0,0.0,0.0,0.0,0.0,0.0,1.0,1.0
50,18128.1,1729.675,89.0,56.64916,3.0,3.0,12.0,4.0,5.0,20.0,11.91,2.0,372.17,37.19972,52.808674,343.50967,1,0,1,1,0,0,0,0,0,0,0.0,0.0,0.0,0.0,0.0,0.0,0.0,0.0,0.0,0.0,0.0,0.0,0.0,1.0,0.0,0.0,0.0,1.0,0.0,1.0,0.0,0.0,0.0,0.0,1.0,0.0,1.0
20,19549.47,1897.1226,54.0,86.85516,3.0,7.0,25.0,7.0,16.0,14.0,6.05,4.0,1924.26,30.672272,229.88585,162.97124,0,0,0,1,0,0,1,1,1,0,0.0,0.0,0.0,1.0,0.0,0.0,0.0,0.0,0.0,0.0,0.0,0.0,0.0,0.0,0.0,0.0,0.0,1.0,0.0,1.0,0.0,0.0,0.0,0.0,0.0,1.0,0.0
41,136386.2,11512.517,131.0,187.46432,7.0,5.0,16.0,2.0,13.0,15.0,1.42,0.0,971.34,27.271002,448.4634,765.3239,1,0,0,0,0,0,0,0,0,1,0.0,0.0,0.0,0.0,0.0,0.0,0.0,0.0,0.0,0.0,0.0,1.0,0.0,0.0,0.0,0.0,0.0,1.0,1.0,0.0,0.0,1.0,0.0,0.0,0.0,0.0,1.0
25,45230.85,3471.2375,39.0,212.673,7.0,7.0,26.0,6.0,15.0,17.0,10.23,9.0,1712.99,29.180614,106.18928,324.64578,1,0,0,1,1,0,1,0,1,0,0.0,0.0,0.0,0.0,0.0,0.0,0.0,0.0,0.0,0.0,0.0,0.0,0.0,0.0,1.0,0.0,0.0,1.0,0.0,1.0,1.0,0.0,0.0,0.0,0.0,0.0,1.0
32,32194.56,2663.88,48.0,156.07483,7.0,5.0,30.0,6.0,52.0,16.0,5.68,12.0,2395.85,24.297132,64.85139,295.4618,1,1,0,1,0,0,0,0,1,1,0.0,0.0,0.0,0.0,1.0,0.0,0.0,0.0,0.0,0.0,0.0,0.0,0.0,0.0,0.0,1.0,0.0,0.0,0.0,1.0,0.0,1.0,0.0,0.0,0.0,0.0,0.0
42,67841.78,5562.4814,115.0,177.35078,8.0,3.0,14.0,4.0,30.0,17.0,2.35,3.0,1475.39,35.18292,77.21444,551.6829,0,0,0,0,1,0,0,1,0,0,1.0,0.0,0.0,0.0,0.0,0.0,0.0,0.0,0.0,0.0,0.0,0.0,0.0,0.0,0.0,0.0,0.0,1.0,0.0,1.0,0.0,1.0,0.0,0.0,0.0,0.0,1.0
35,75569.1,6458.425,73.0,0.0,3.0,7.0,7.0,0.0,15.0,19.0,8.35,11.0,1159.55,34.59771,486.55655,429.28595,0,0,0,0,0,1,0,0,0,0,0.0,0.0,0.0,0.0,0.0,0.0,0.0,0.0,0.0,0.0,0.0,0.0,0.0,0.0,1.0,0.0,0.0,1.0,0.0,1.0,0.0,0.0,0.0,1.0,0.0,0.0,1.0
53,76476.66,6536.055,88.0,108.961365,1.0,2.0,10.0,2.0,2.0,4.0,0.78,3.0,1020.69,38.3413,387.1321,427.51202,1,0,0,0,0,0,1,0,0,0,0.0,0.0,0.0,0.0,0.0,0.0,0.0,0.0,1.0,0.0,0.0,0.0,0.0,0.0,0.0,0.0,1.0,0.0,1.0,0.0,0.0,0.0,0.0,1.0,0.0,0.0,2.0
26,70902.06,5898.505,101.0,59.709663,4.0,3.0,5.0,2.0,4.0,8.0,4.88,2.0,720.71,31.900345,214.98407,565.15674,0,0,0,0,0,0,0,1,1,0,0.0,0.0,0.0,0.0,0.0,0.0,0.0,0.0,0.0,0.0,0.0,0.0,0.0,1.0,0.0,0.0,1.0,0.0,1.0,0.0,0.0,1.0,0.0,0.0,0.0,0.0,2.0
33,12629.6,941.4667,64.0,17.809233,7.0,3.0,17.0,2.0,25.0,20.0,19.97,4.0,1090.8,35.209137,110.15651,256.1809,1,0,0,0,0,0,1,0,0,0,0.0,0.0,0.0,0.0,0.0,0.0,0.0,0.0,0.0,0.0,0.0,0.0,0.0,1.0,0.0,0.0,0.0,1.0,0.0,1.0,0.0,0.0,0.0,0.0,0.0,1.0,1.0
33,90403.77,7433.6475,84.0,0.0,4.0,6.0,2.0,0.0,10.0,4.0,0.84,0.0,575.68,39.85425,396.91776,606.447,0,0,0,0,0,1,0,0,0,0,0.0,0.0,0.0,0.0,0.0,0.0,0.0,1.0,0.0,0.0,0.0,0.0,0.0,0.0,0.0,0.0,1.0,0.0,1.0,0.0,0.0,1.0,0.0,0.0,0.0,0.0,1.0
44,53860.98,4260.415,71.0,0.0,4.0,7.0,15.0,0.0,18.0,6.0,10.82,6.0,1356.1,30.852005,46.497932,629.5436,0,0,0,0,0,1,0,0,0,0,0.0,0.0,0.0,0.0,0.0,0.0,0.0,0.0,0.0,1.0,0.0,0.0,0.0,0.0,0.0,0.0,0.0,1.0,0.0,1.0,0.0,0.0,0.0,0.0,0.0,1.0,1.0
54,25506.53,2194.0308,83.0,161.44652,3.0,6.0,10.0,2.0,29.0,13.0,6.54,1.0,43.06,34.146347,33.908176,398.81302,1,0,0,0,0,0,0,0,1,0,0.0,0.0,1.0,0.0,0.0,0.0,0.0,0.0,0.0,0.0,0.0,0.0,0.0,0.0,0.0,0.0,0.0,1.0,1.0,0.0,1.0,0.0,0.0,0.0,0.0,0.0,1.0
43,10389.32,686.7767,59.0,45.267464,3.0,6.0,24.0,6.0,5.0,18.0,10.36,8.0,1909.45,31.044146,23.30305,270.10715,1,1,0,0,1,0,0,0,1,1,0.0,0.0,0.0,1.0,0.0,0.0,0.0,0.0,0.0,0.0,0.0,0.0,0.0,0.0,0.0,0.0,0.0,1.0,0.0,1.0,0.0,0.0,0.0,1.0,0.0,0.0,0.0
27,45367.94,4031.6616,124.0,68.77067,4.0,4.0,4.0,2.0,5.0,18.0,7.6,3.0,43.92,35.038246,100.38007,484.0154,1,0,0,0,0,0,1,0,0,0,0.0,0.0,0.0,0.0,0.0,0.0,0.0,0.0,0.0,1.0,0.0,0.0,0.0,0.0,0.0,0.0,0.0,1.0,1.0,0.0,0.0,1.0,0.0,0.0,0.0,0.0,1.0
37,10112.045,521.3611,118.0,56.143097,4.0,5.0,6.0,1.0,30.0,8.0,6.74,2.0,49.62,34.755177,58.29135,281.94196,0,0,0,0,0,0,0,0,1,0,0.0,0.0,0.0,0.0,0.0,0.0,0.0,0.0,1.0,0.0,0.0,0.0,0.0,0.0,0.0,0.0,0.0,1.0,1.0,0.0,0.0,0.0,0.0,0.0,0.0,1.0,1.0
23,21404.24,1887.6866,62.0,21.3106,4.0,6.0,10.0,2.0,21.0,18.0,15.44,5.0,132.26,24.20853,62.97565,364.48242,1,0,0,0,0,0,1,0,0,0,0.0,0.0,0.0,0.0,1.0,0.0,0.0,0.0,0.0,0.0,0.0,0.0,0.0,0.0,0.0,0.0,0.0,1.0,0.0,1.0,0.0,0.0,1.0,0.0,0.0,0.0,1.0
23,15604.245,1554.3538,118.0,47.629192,4.0,3.0,11.0,4.0,13.0,8.0,1.64,0.0,1065.71,33.35269,55.405388,312.4008,0,0,1,1,1,0,1,0,0,0,0.0,0.0,0.0,0.0,0.0,0.0,0.0,0.0,0.0,1.0,0.0,0.0,0.0,0.0,0.0,0.0,1.0,0.0,1.0,0.0,0.0,0.0,0.0,1.0,0.0,0.0,2.0
20,38831.83,3328.9858,69.0,63.93873,3.0,5.0,9.0,2.0,20.0,1.0,7.74,4.0,807.04,28.325031,72.37993,446.57993,0,0,1,0,1,0,0,0,0,0,0.0,0.0,0.0,0.0,0.0,0.0,0.0,0.0,0.0,1.0,0.0,0.0,0.0,0.0,0.0,0.0,1.0,0.0,1.0,0.0,0.0,1.0,0.0,0.0,0.0,0.0,1.0
36,11629.69,1263.1409,114.0,0.0,7.0,3.0,4.0,0.0,18.0,19.0,8.42,7.0,517.34,25.216322,100.17164,306.14246,0,0,0,0,0,1,0,0,0,0,0.0,0.0,0.0,0.0,0.0,1.0,0.0,0.0,0.0,0.0,0.0,0.0,0.0,0.0,0.0,0.0,1.0,0.0,1.0,0.0,0.0,0.0,0.0,0.0,1.0,0.0,2.0
45,44258.1,3867.175,128.0,23.661055,2.0,6.0,11.0,1.0,10.0,1.0,2.64,2.0,345.23,42.12188,374.71597,466.4057,0,0,1,0,0,0,0,0,0,0,0.0,0.0,0.0,0.0,0.0,0.0,0.0,0.0,0.0,0.0,0.0,0.0,1.0,0.0,0.0,0.0,1.0,0.0,1.0,0.0,0.0,1.0,0.0,0.0,0.0,0.0,1.0
44,15427.215,1253.6012,135.0,48.816833,0.0,3.0,8.0,4.0,13.0,2.0,11.22,8.0,966.45,23.869099,45.039516,321.50378,1,0,0,0,1,0,1,0,0,1,0.0,0.0,0.0,0.0,0.0,0.0,0.0,0.0,0.0,0.0,0.0,0.0,1.0,0.0,0.0,0.0,1.0,0.0,1.0,0.0,0.0,0.0,0.0,0.0,0.0,1.0,1.0
25,82651.74,6756.645,70.0,147.5225,6.0,3.0,14.0,3.0,8.0,19.0,15.66,8.0,1348.26,33.636417,101.0393,667.1027,0,0,1,0,1,0,0,0,1,0,0.0,0.0,0.0,1.0,0.0,0.0,0.0,0.0,0.0,0.0,0.0,0.0,0.0,0.0,0.0,0.0,0.0,1.0,0.0,1.0,1.0,0.0,0.0,0.0,0.0,0.0,1.0
34,10227.53,987.2942,36.0,42.270733,9.0,6.0,22.0,6.0,24.0,20.0,2.38,8.0,1610.77,36.60536,124.96138,262.11276,1,1,0,0,1,0,0,1,0,1,0.0,1.0,0.0,0.0,0.0,0.0,0.0,0.0,0.0,0.0,0.0,0.0,0.0,0.0,0.0,1.0,0.0,0.0,0.0,1.0,0.0,0.0,0.0,0.0,1.0,0.0,0.0
23,7377.215,424.7679,29.0,26.565355,8.0,10.0,18.0,7.0,48.0,22.0,3.86,12.0,1418.65,38.943428,20.103182,275.80826,1,0,1,0,1,0,0,0,1,1,0.0,0.0,0.0,0.0,0.0,0.0,0.0,0.0,0.0,0.0,0.0,0.0,0.0,0.0,1.0,1.0,0.0,0.0,0.0,1.0,0.0,0.0,0.0,0.0,1.0,0.0,0.0
48,38458.71,3116.8926,136.0,0.0,0.0,3.0,8.0,0.0,6.0,0.0,9.77,1.0,855.44,32.2695,124.95586,436.7334,0,0,0,0,0,1,0,0,0,0,0.0,0.0,0.0,0.0,0.0,1.0,0.0,0.0,0.0,0.0,0.0,0.0,0.0,0.0,0.0,0.0,1.0,0.0,1.0,0.0,0.0,1.0,0.0,0.0,0.0,0.0,0.0
19,15833.87,1398.4891,58.0,23.14445,5.0,4.0,10.0,2.0,30.0,19.0,13.71,5.0,211.35,36.345177,127.63698,269.0675,0,1,0,1,0,0,0,0,0,0,0.0,0.0,0.0,1.0,0.0,0.0,0.0,0.0,0.0,0.0,0.0,0.0,0.0,0.0,0.0,0.0,0.0,1.0,0.0,1.0,0.0,0.0,0.0,0.0,1.0,0.0,1.0
32,19487.775,1784.9812,135.0,24.702833,4.0,5.0,1.0,3.0,4.0,9.0,10.62,1.0,246.83,31.068169,90.790924,343.00436,0,0,1,1,0,0,0,0,1,0,0.0,0.0,0.0,0.0,1.0,0.0,0.0,0.0,0.0,0.0,0.0,0.0,0.0,0.0,0.0,0.0,1.0,0.0,1.0,0.0,0.0,0.0,0.0,0.0,1.0,0.0,1.0
42,27581.59,2021.4658,56.0,103.317444,3.0,7.0,13.0,7.0,17.0,14.0,10.34,6.0,1005.37,28.883997,187.09984,181.72931,0,0,1,1,1,0,1,0,1,1,0.0,0.0,0.0,0.0,0.0,0.0,1.0,0.0,0.0,0.0,0.0,0.0,0.0,0.0,0.0,0.0,0.0,1.0,0.0,1.0,0.0,0.0,0.0,1.0,0.0,0.0,1.0
26,21508.72,1898.3933,117.0,0.0,1.0,4.0,6.0,0.0,25.0,10.0,0.86,2.0,1074.99,33.154163,42.35138,387.48795,0,0,0,0,0,1,0,0,0,0,0.0,0.0,0.0,1.0,0.0,0.0,0.0,0.0,0.0,0.0,0.0,0.0,0.0,0.0,0.0,0.0,1.0,0.0,1.0,0.0,1.0,0.0,0.0,0.0,0.0,0.0,0.0
32,14542.1,1449.8417,74.0,43.98817,6.0,3.0,33.0,6.0,21.0,13.0,13.28,10.0,2034.21,26.069715,147.58676,243.40923,0,0,0,0,1,0,1,1,1,1,0.0,0.0,0.0,0.0,0.0,0.0,1.0,0.0,0.0,0.0,0.0,0.0,0.0,0.0,0.0,0.0,0.0,1.0,0.0,1.0,0.0,0.0,0.0,0.0,0.0,1.0,0.0
34,45705.78,3866.815,121.0,0.0,8.0,3.0,20.0,0.0,9.0,6.0,13.97,3.0,132.3,33.684444,79.1709,547.5106,0,0,0,0,0,1,0,0,0,0,0.0,0.0,0.0,0.0,0.0,0.0,0.0,1.0,0.0,0.0,0.0,0.0,0.0,0.0,0.0,0.0,0.0,1.0,1.0,0.0,1.0,0.0,0.0,0.0,0.0,0.0,1.0
28,22116.855,2104.0713,106.0,57.814262,3.0,8.0,10.0,4.0,2.0,6.0,10.14,0.0,100.56,25.131134,125.83239,316.76047,0,0,0,0,1,0,1,1,1,0,0.0,0.0,0.0,0.0,0.0,0.0,0.0,0.0,0.0,0.0,1.0,0.0,0.0,0.0,0.0,0.0,1.0,0.0,1.0,0.0,0.0,0.0,0.0,0.0,0.0,1.0,2.0
21,27910.59,2598.8826,118.0,36.628735,3.0,7.0,14.0,2.0,29.0,16.0,6.96,5.0,229.47,29.118872,105.40247,338.33542,0,0,0,0,0,0,0,1,1,0,0.0,0.0,0.0,0.0,1.0,0.0,0.0,0.0,0.0,0.0,0.0,0.0,0.0,0.0,0.0,0.0,0.0,1.0,0.0,1.0,0.0,0.0,0.0,0.0,0.0,1.0,0.0
24,18065.0,1614.4166,84.0,119.725975,10.0,9.0,28.0,9.0,34.0,18.0,4.68,10.0,2580.19,38.949818,102.703384,219.01231,0,1,1,0,1,0,0,1,1,1,0.0,0.0,0.0,0.0,0.0,0.0,0.0,0.0,0.0,1.0,0.0,0.0,0.0,0.0,0.0,1.0,0.0,0.0,0.0,1.0,0.0,0.0,0.0,0.0,1.0,0.0,0.0
17,8400.715,418.05957,74.0,19.658403,8.0,10.0,29.0,4.0,17.0,19.0,8.08,6.0,1414.23,28.080956,32.25197,264.8253,1,0,0,0,1,0,0,1,0,1,0.0,1.0,0.0,0.0,0.0,0.0,0.0,0.0,0.0,0.0,0.0,0.0,0.0,0.0,0.0,1.0,0.0,0.0,0.0,1.0,0.0,0.0,0.0,0.0,0.0,1.0,0.0
46,27226.38,2332.865,104.0,42.85108,4.0,5.0,11.0,2.0,8.0,18.0,9.07,2.0,1153.62,40.727608,118.5637,331.87173,0,1,0,0,0,0,0,1,0,0,0.0,0.0,0.0,0.0,0.0,0.0,1.0,0.0,0.0,0.0,0.0,0.0,0.0,0.0,0.0,0.0,1.0,0.0,1.0,0.0,0.0,0.0,1.0,0.0,0.0,0.0,2.0
35,41310.18,3269.515,72.0,0.0,3.0,3.0,10.0,0.0,11.0,12.0,8.33,4.0,327.22,36.62043,429.9132,187.0383,0,0,0,0,0,1,0,0,0,0,1.0,0.0,0.0,0.0,0.0,0.0,0.0,0.0,0.0,0.0,0.0,0.0,0.0,0.0,0.0,0.0,1.0,0.0,1.0,0.0,0.0,0.0,0.0,0.0,0.0,1.0,1.0
29,50276.79,4410.7324,73.0,198.7361,7.0,6.0,23.0,7.0,49.0,20.0,15.12,11.0,2629.04,28.388323,187.64308,314.6941,0,1,1,0,0,0,1,1,0,1,0.0,0.0,0.0,0.0,0.0,0.0,0.0,0.0,0.0,0.0,0.0,0.0,0.0,1.0,0.0,0.0,0.0,1.0,0.0,1.0,0.0,0.0,1.0,0.0,0.0,0.0,0.0
39,64036.88,5591.4067,38.0,127.826065,8.0,4.0,15.0,4.0,26.0,15.0,14.7,4.0,1635.19,39.582684,93.11964,578.19495,0,1,0,1,0,0,0,0,1,0,0.0,0.0,0.0,0.0,0.0,0.0,0.0,0.0,0.0,0.0,1.0,0.0,0.0,0.0,0.0,0.0,0.0,1.0,0.0,1.0,1.0,0.0,0.0,0.0,0.0,0.0,1.0
43,71980.26,5715.355,75.0,198.49138,4.0,3.0,13.0,4.0,17.0,20.0,1.6,0.0,909.73,29.279072,82.15476,530.88934,0,0,0,1,1,0,0,0,1,1,0.0,1.0,0.0,0.0,0.0,0.0,0.0,0.0,0.0,0.0,0.0,0.0,0.0,0.0,0.0,0.0,0.0,1.0,1.0,0.0,1.0,0.0,0.0,0.0,0.0,0.0,1.0
18,62200.6,5104.3833,68.0,52.61422,10.0,6.0,34.0,2.0,50.0,24.0,-3.46,7.0,1309.87,34.43892,121.86205,585.96204,0,0,1,0,0,0,0,0,0,1,0.0,0.0,0.0,0.0,0.0,0.0,1.0,0.0,0.0,0.0,0.0,0.0,0.0,0.0,0.0,1.0,0.0,0.0,0.0,1.0,0.0,1.0,0.0,0.0,0.0,0.0,1.0
17,16774.54,1654.8783,74.0,22.194088,8.0,3.0,16.0,3.0,6.0,10.0,18.38,10.0,156.87,30.029858,93.39,319.90375,0,0,0,0,1,0,0,1,1,0,0.0,0.0,0.0,0.0,0.0,0.0,0.0,0.0,0.0,0.0,0.0,1.0,0.0,0.0,0.0,0.0,0.0,1.0,0.0,1.0,0.0,0.0,0.0,1.0,0.0,0.0,1.0
27,45367.94,4031.6616,130.0,68.77067,4.0,4.0,4.0,2.0,5.0,19.0,7.6,3.0,43.92,39.98781,80.352585,494.0429,1,0,0,0,0,0,1,0,0,0,0.0,0.0,0.0,0.0,0.0,0.0,0.0,0.0,0.0,1.0,0.0,0.0,0.0,0.0,0.0,0.0,0.0,1.0,1.0,0.0,1.0,0.0,0.0,0.0,0.0,0.0,1.0
41,90438.88,7440.573,137.0,176.25343,8.0,6.0,10.0,3.0,15.0,15.0,11.89,0.0,898.09,30.43452,178.6153,639.1886,0,0,1,0,0,0,0,1,0,1,0.0,0.0,0.0,0.0,0.0,0.0,0.0,0.0,0.0,0.0,0.0,1.0,0.0,0.0,0.0,0.0,0.0,1.0,0.0,1.0,0.0,1.0,0.0,0.0,0.0,0.0,1.0
40,11688.93,1239.0775,122.0,31.782137,6.0,7.0,19.0,4.0,17.0,10.0,5.3,4.0,1066.48,33.439766,47.29352,304.8321,0,0,0,1,1,0,0,0,1,0,0.0,0.0,0.0,0.0,0.0,0.0,0.0,0.0,1.0,0.0,0.0,0.0,0.0,0.0,0.0,0.0,0.0,1.0,1.0,0.0,0.0,0.0,1.0,0.0,0.0,0.0,1.0
33,44264.41,3755.701,80.0,40.482426,3.0,3.0,6.0,2.0,15.0,2.0,9.66,3.0,1312.23,31.959358,136.32558,448.7621,0,0,0,0,0,0,0,0,0,1,0.0,0.0,0.0,0.0,0.0,0.0,0.0,0.0,1.0,0.0,0.0,0.0,0.0,0.0,0.0,0.0,1.0,0.0,1.0,0.0,0.0,1.0,0.0,0.0,0.0,0.0,1.0
23,19899.64,1759.3033,115.0,17.125813,5.0,3.0,6.0,2.0,4.0,11.0,4.85,4.0,714.58,28.051983,82.606766,346.19775,1,0,0,0,0,0,0,0,0,1,0.0,0.0,1.0,0.0,0.0,0.0,0.0,0.0,0.0,0.0,0.0,0.0,0.0,0.0,0.0,0.0,1.0,0.0,1.0,0.0,0.0,0.0,0.0,1.0,0.0,0.0,0.0
27,12167.22,1114.6179,76.0,97.317085,5.0,7.0,15.0,0.0,17.0,8.0,7.83,6.0,124.66,33.58246,77.0302,334.1633,0,0,0,0,0,1,0,0,0,0,0.0,0.0,0.0,0.0,0.0,0.0,1.0,0.0,0.0,0.0,0.0,0.0,0.0,0.0,0.0,0.0,0.0,1.0,0.0,1.0,0.0,0.0,0.0,0.0,0.0,1.0,1.0
31,38103.74,3175.3118,129.0,0.0,8.0,7.0,16.0,0.0,11.0,8.0,4.74,1.0,129.64,26.640446,78.349266,479.18192,0,0,0,0,0,1,0,0,0,0,1.0,0.0,0.0,0.0,0.0,0.0,0.0,0.0,0.0,0.0,0.0,0.0,0.0,0.0,0.0,0.0,0.0,1.0,1.0,0.0,1.0,0.0,0.0,0.0,0.0,0.0,1.0
23,47178.46,4126.5386,126.0,0.0,6.0,5.0,18.0,0.0,25.0,8.0,7.09,6.0,112.54,38.39929,145.4769,557.17694,0,0,0,0,0,1,0,0,0,0,0.0,0.0,0.0,1.0,0.0,0.0,0.0,0.0,0.0,0.0,0.0,0.0,0.0,0.0,0.0,0.0,0.0,1.0,1.0,0.0,0.0,0.0,0.0,0.0,0.0,1.0,1.0
18,20403.52,1755.2933,134.0,13.890726,1.0,7.0,12.0,1.0,1.0,5.0,3.85,4.0,397.38,34.967705,39.285313,362.3533,0,0,1,0,0,0,0,0,0,0,0.0,0.0,0.0,0.0,0.0,0.0,0.0,0.0,0.0,1.0,0.0,0.0,0.0,0.0,0.0,0.0,1.0,0.0,1.0,0.0,1.0,0.0,0.0,0.0,0.0,0.0,2.0
49,36535.57,3114.6309,82.0,78.36933,5.0,3.0,9.0,3.0,15.0,0.0,8.67,1.0,557.68,40.082836,191.19913,311.89462,1,0,0,0,0,0,0,0,0,1,0.0,0.0,0.0,0.0,0.0,0.0,0.0,1.0,0.0,0.0,0.0,0.0,0.0,0.0,0.0,0.0,1.0,0.0,1.0,0.0,0.0,0.0,0.0,1.0,0.0,0.0,1.0
23,16674.26,1104.5216,76.0,29.620106,6.0,6.0,6.0,4.0,8.0,20.0,9.11,8.0,2187.49,29.442875,92.52806,268.30402,1,0,0,0,0,0,0,1,1,0,0.0,0.0,0.0,0.0,0.0,0.0,0.0,0.0,0.0,0.0,0.0,0.0,0.0,0.0,1.0,0.0,0.0,1.0,0.0,1.0,0.0,0.0,0.0,0.0,1.0,0.0,0.0
50,22914.66,1746.555,132.0,49.375874,8.0,3.0,10.0,3.0,12.0,8.0,16.66,2.0,345.85,36.663258,38.132668,347.14694,0,1,1,0,0,0,1,0,0,0,0.0,0.0,0.0,0.0,0.0,0.0,0.0,1.0,0.0,0.0,0.0,0.0,0.0,0.0,0.0,0.0,0.0,1.0,0.0,1.0,0.0,0.0,1.0,0.0,0.0,0.0,1.0
40,15366.215,996.51794,122.0,9.091012,4.0,4.0,15.0,1.0,27.0,13.0,8.58,0.0,189.59,27.093483,57.52015,293.04062,1,0,0,0,0,0,0,0,0,0,0.0,0.0,0.0,0.0,0.0,0.0,0.0,0.0,0.0,0.0,0.0,0.0,1.0,0.0,0.0,0.0,0.0,1.0,1.0,0.0,0.0,0.0,1.0,0.0,0.0,0.0,1.0
28,30261.67,2455.4797,91.0,183.76486,3.0,5.0,5.0,3.0,10.0,18.0,6.48,4.0,595.94,31.957245,52.625595,387.1161,0,1,0,1,0,0,0,1,0,0,0.0,0.0,0.0,0.0,0.0,0.0,0.0,1.0,0.0,0.0,0.0,0.0,0.0,0.0,0.0,0.0,1.0,0.0,1.0,0.0,0.0,1.0,0.0,0.0,0.0,0.0,2.0
34,33061.79,2752.1492,85.0,81.98814,3.0,5.0,9.0,3.0,19.0,8.0,12.38,2.0,953.68,38.584255,164.31096,288.91583,0,0,1,0,1,0,0,0,1,0,0.0,0.0,0.0,0.0,0.0,0.0,1.0,0.0,0.0,0.0,0.0,0.0,0.0,0.0,0.0,0.0,0.0,1.0,1.0,0.0,0.0,0.0,1.0,0.0,0.0,0.0,1.0
21,21419.85,1509.9875,113.0,25.347351,3.0,3.0,12.0,2.0,10.0,0.0,5.67,2.0,307.94,29.585493,86.09577,319.55563,0,0,1,0,0,0,1,0,0,0,0.0,0.0,1.0,0.0,0.0,0.0,0.0,0.0,0.0,0.0,0.0,0.0,0.0,0.0,0.0,0.0,1.0,0.0,1.0,0.0,0.0,0.0,0.0,0.0,1.0,0.0,2.0
18,18226.13,1383.8441,82.0,61.35257,8.0,3.0,15.0,5.0,17.0,20.0,15.9,4.0,1125.37,29.412626,131.5757,235.45615,0,0,0,1,1,0,0,1,0,1,0.0,0.0,0.0,0.0,0.0,0.0,0.0,0.0,0.0,0.0,0.0,0.0,1.0,0.0,0.0,0.0,0.0,1.0,0.0,1.0,0.0,0.0,0.0,0.0,0.0,1.0,0.0
27,35883.18,3176.265,127.0,115.80243,6.0,5.0,8.0,4.0,16.0,10.0,7.63,5.0,78.52,35.707436,129.16516,322.6589,1,0,0,0,0,0,1,0,0,0,0.0,0.0,0.0,0.0,0.0,0.0,0.0,0.0,0.0,0.0,1.0,0.0,0.0,0.0,0.0,0.0,1.0,0.0,1.0,0.0,0.0,1.0,0.0,0.0,0.0,0.0,2.0
51,38175.39,3287.2825,112.0,69.05566,1.0,2.0,7.0,3.0,1.0,8.0,11.81,2.0,315.36,33.49407,327.21405,212.45854,0,0,1,0,0,0,0,0,1,0,0.0,0.0,0.0,0.0,0.0,0.0,0.0,0.0,0.0,0.0,0.0,1.0,0.0,0.0,0.0,0.0,1.0,0.0,1.0,0.0,0.0,0.0,0.0,0.0,1.0,0.0,2.0
51,88221.16,7113.763,110.0,0.0,7.0,5.0,12.0,0.0,16.0,15.0,14.98,3.0,988.12,40.66412,327.49854,663.8778,0,0,0,0,0,1,0,0,0,0,0.0,0.0,1.0,0.0,0.0,0.0,0.0,0.0,0.0,0.0,0.0,0.0,0.0,0.0,0.0,0.0,0.0,1.0,0.0,1.0,0.0,0.0,0.0,0.0,1.0,0.0,1.0
20,15363.22,1286.2683,39.0,61.516594,7.0,5.0,22.0,6.0,27.0,19.0,12.79,8.0,2456.24,29.038307,158.82591,198.28433,0,1,0,1,1,0,0,1,0,1,0.0,0.0,1.0,0.0,0.0,0.0,0.0,0.0,0.0,0.0,0.0,0.0,0.0,0.0,0.0,1.0,0.0,0.0,0.0,1.0,0.0,0.0,0.0,0.0,0.0,1.0,1.0
31,21205.82,1880.1516,100.0,0.0,3.0,3.0,3.0,0.0,11.0,2.0,9.72,3.0,848.17,34.149776,191.37941,286.63577,0,0,0,0,0,1,0,0,0,0,0.0,0.0,0.0,0.0,0.0,0.0,0.0,0.0,0.0,0.0,0.0,0.0,0.0,0.0,1.0,0.0,1.0,0.0,1.0,0.0,0.0,0.0,0.0,0.0,0.0,1.0,0.0
52,16792.324,1292.3605,117.0,29.147963,1.0,4.0,5.0,3.0,6.0,3.0,3.33,1.0,161.57,40.82157,88.091484,301.9966,0,1,0,0,1,0,1,0,0,0,0.0,0.0,0.0,0.0,0.0,0.0,0.0,0.0,0.0,0.0,0.0,0.0,0.0,1.0,0.0,0.0,1.0,0.0,1.0,0.0,0.0,0.0,0.0,0.0,0.0,1.0,2.0
26,71102.8,6185.2334,84.0,0.0,2.0,1.0,5.0,0.0,14.0,2.0,8.73,2.0,830.07,33.221733,504.0114,404.5119,0,0,0,0,0,1,0,0,0,0,0.0,0.0,0.0,0.0,0.0,1.0,0.0,0.0,0.0,0.0,0.0,0.0,0.0,0.0,0.0,0.0,1.0,0.0,1.0,0.0,0.0,0.0,0.0,0.0,0.0,1.0,2.0
48,30804.39,2448.0325,135.0,80.719215,2.0,5.0,3.0,4.0,1.0,7.0,0.54,5.0,884.38,23.98,190.9241,243.15993,1,0,0,0,0,0,0,1,1,0,0.0,0.0,0.0,1.0,0.0,0.0,0.0,0.0,0.0,0.0,0.0,0.0,0.0,0.0,0.0,0.0,1.0,0.0,1.0,0.0,0.0,0.0,0.0,1.0,0.0,0.0,1.0
17,8375.46,531.955,27.0,16.291252,7.0,5.0,10.0,4.0,16.0,8.0,17.66,5.0,1885.89,27.97497,34.42742,292.47684,1,1,0,1,0,0,0,1,0,0,0.0,0.0,0.0,0.0,0.0,0.0,0.0,1.0,0.0,0.0,0.0,0.0,0.0,0.0,0.0,0.0,0.0,1.0,0.0,1.0,0.0,0.0,0.0,0.0,0.0,1.0,0.0
41,31200.24,2588.02,98.0,71.67124,2.0,3.0,1.0,3.0,7.0,5.0,10.64,3.0,14.34,31.812567,56.149216,380.98154,0,0,0,0,0,0,1,0,1,1,0.0,0.0,0.0,0.0,0.0,0.0,0.0,1.0,0.0,0.0,0.0,0.0,0.0,0.0,0.0,0.0,1.0,0.0,1.0,0.0,0.0,1.0,0.0,0.0,0.0,0.0,2.0
21,17816.75,1657.7291,66.0,68.7511,10.0,7.0,29.0,9.0,28.0,25.0,1.6,17.0,2422.84,24.033321,95.96729,291.05453,1,1,1,0,1,0,0,1,1,0,0.0,0.0,0.0,0.0,0.0,0.0,0.0,0.0,0.0,0.0,0.0,0.0,1.0,0.0,0.0,1.0,0.0,0.0,0.0,1.0,0.0,1.0,0.0,0.0,0.0,0.0,0.0
21,15307.26,1097.605,103.0,0.0,2.0,1.0,3.0,0.0,1.0,1.0,4.89,3.0,705.9,38.888084,43.399944,346.36057,0,0,0,0,0,1,0,0,0,0,0.0,0.0,0.0,0.0,0.0,0.0,0.0,0.0,0.0,0.0,0.0,1.0,0.0,0.0,0.0,0.0,1.0,0.0,1.0,0.0,0.0,0.0,0.0,0.0,1.0,0.0,1.0
37,17251.38,1654.615,58.0,57.351166,6.0,3.0,7.0,7.0,3.0,15.0,15.06,10.0,2431.64,32.944843,23.472605,324.63773,0,0,0,1,1,0,1,0,1,1,0.0,0.0,0.0,0.0,0.0,0.0,0.0,0.0,0.0,0.0,0.0,0.0,0.0,0.0,1.0,0.0,0.0,1.0,0.0,1.0,1.0,0.0,0.0,0.0,0.0,0.0,1.0
34,58295.16,4590.93,34.0,203.3793,10.0,7.0,18.0,5.0,21.0,25.0,21.04,10.0,2543.04,32.09921,179.52792,336.1858,1,0,1,0,0,0,1,0,0,0,0.0,0.0,0.0,0.0,1.0,0.0,0.0,0.0,0.0,0.0,0.0,0.0,0.0,0.0,0.0,1.0,0.0,0.0,0.0,1.0,0.0,0.0,1.0,0.0,0.0,0.0,0.0
45,73439.26,6144.9385,74.0,186.38118,8.0,7.0,6.0,4.0,11.0,19.0,10.71,3.0,613.92,38.078323,84.45003,588.37524,1,0,1,0,0,0,0,0,0,0,0.0,0.0,0.0,1.0,0.0,0.0,0.0,0.0,0.0,0.0,0.0,0.0,0.0,0.0,0.0,0.0,0.0,1.0,1.0,0.0,1.0,0.0,0.0,0.0,0.0,0.0,1.0
45,34257.69,3111.8076,78.0,50.992523,3.0,5.0,9.0,3.0,15.0,20.0,5.38,6.0,777.19,37.002914,94.23679,415.95145,0,1,0,0,1,0,0,0,0,0,1.0,0.0,0.0,0.0,0.0,0.0,0.0,0.0,0.0,0.0,0.0,0.0,0.0,0.0,0.0,0.0,0.0,1.0,1.0,0.0,0.0,1.0,0.0,0.0,0.0,0.0,1.0
34,56500.7,4765.3916,133.0,79.01142,2.0,3.0,4.0,2.0,11.0,2.0,12.86,3.0,991.98,30.22721,143.87471,503.65305,0,0,0,0,0,0,1,0,0,1,0.0,0.0,0.0,0.0,0.0,0.0,0.0,0.0,0.0,0.0,0.0,1.0,0.0,0.0,0.0,0.0,1.0,0.0,1.0,0.0,0.0,1.0,0.0,0.0,0.0,0.0,2.0
50,30020.14,2179.2979,105.0,257.61972,1.0,7.0,3.0,4.0,5.0,12.0,1.25,6.0,1292.34,26.893375,116.85294,317.57565,0,0,0,0,1,0,0,0,1,1,0.0,0.0,0.0,0.0,0.0,0.0,0.0,0.0,0.0,0.0,0.0,0.0,0.0,0.0,1.0,0.0,1.0,0.0,1.0,0.0,0.0,0.0,0.0,0.0,0.0,1.0,1.0
19,17227.16,1398.5967,35.0,69.89031,8.0,6.0,22.0,6.0,48.0,16.0,7.52,11.0,2086.83,32.428642,62.98948,296.9799,0,0,0,0,1,0,1,1,1,1,0.0,0.0,0.0,1.0,0.0,0.0,0.0,0.0,0.0,0.0,0.0,0.0,0.0,0.0,0.0,1.0,0.0,0.0,0.0,1.0,0.0,0.0,0.0,0.0,0.0,1.0,0.0
25,31380.64,2356.0532,100.0,74.05279,2.0,1.0,4.0,3.0,7.0,1.0,3.18,3.0,1027.38,25.229567,41.920517,369.63202,0,0,1,0,0,0,0,0,1,1,0.0,0.0,0.0,0.0,0.0,0.0,0.0,0.0,0.0,0.0,0.0,0.0,0.0,1.0,0.0,0.0,1.0,0.0,1.0,0.0,0.0,1.0,0.0,0.0,0.0,0.0,1.0
36,33878.15,3031.1792,67.0,0.0,4.0,2.0,8.0,0.0,3.0,12.0,0.64,2.0,1195.14,24.092564,74.59489,468.52304,0,0,0,0,0,1,0,0,0,0,0.0,0.0,0.0,0.0,0.0,0.0,0.0,0.0,0.0,0.0,0.0,0.0,1.0,0.0,0.0,0.0,1.0,0.0,1.0,0.0,1.0,0.0,0.0,0.0,0.0,0.0,2.0
27,59505.12,4898.76,43.0,71.9069,5.0,7.0,17.0,2.0,4.0,8.0,9.9,7.0,1491.91,25.165703,175.87544,492.09366,0,0,0,1,0,0,0,0,1,0,0.0,0.0,0.0,0.0,0.0,0.0,0.0,0.0,0.0,0.0,1.0,0.0,0.0,0.0,0.0,0.0,0.0,1.0,0.0,1.0,0.0,1.0,0.0,0.0,0.0,0.0,1.0
33,71285.0,6207.4165,97.0,159.20712,0.0,5.0,4.0,3.0,10.0,6.0,9.28,2.0,1308.67,32.501617,320.37088,421.16367,0,0,1,1,0,0,0,1,0,0,0.0,0.0,0.0,0.0,0.0,0.0,0.0,0.0,0.0,0.0,0.0,1.0,0.0,0.0,0.0,0.0,1.0,0.0,1.0,0.0,0.0,0.0,0.0,0.0,1.0,0.0,2.0
40,36647.46,3043.955,64.0,90.147484,3.0,5.0,9.0,4.0,29.0,18.0,10.74,1.0,1471.04,33.135735,181.22505,323.02295,1,0,0,0,0,0,0,1,1,0,0.0,0.0,0.0,0.0,0.0,1.0,0.0,0.0,0.0,0.0,0.0,0.0,0.0,0.0,0.0,0.0,1.0,0.0,1.0,0.0,0.0,0.0,0.0,0.0,0.0,1.0,2.0
37,100284.24,8288.02,123.0,148.3518,5.0,7.0,18.0,3.0,9.0,11.0,2.1,4.0,333.25,31.677084,163.1144,757.3358,0,1,0,0,1,0,0,1,0,0,0.0,0.0,0.0,0.0,0.0,0.0,0.0,0.0,0.0,0.0,0.0,0.0,0.0,0.0,1.0,0.0,0.0,1.0,0.0,1.0,1.0,0.0,0.0,0.0,0.0,0.0,1.0
45,37618.3,3285.8584,128.0,79.93902,4.0,7.0,3.0,3.0,17.0,5.0,0.85,4.0,821.6,24.851889,184.34099,344.30582,0,1,1,0,0,0,0,0,0,0,0.0,0.0,0.0,0.0,0.0,0.0,1.0,0.0,0.0,0.0,0.0,0.0,0.0,0.0,0.0,0.0,1.0,0.0,1.0,0.0,0.0,0.0,0.0,0.0,1.0,0.0,1.0
31,29101.85,2485.154,101.0,0.0,6.0,3.0,5.0,0.0,30.0,11.0,4.77,9.0,1465.87,39.782497,108.74682,429.76862,0,0,0,0,0,1,0,0,0,0,0.0,0.0,0.0,0.0,0.0,0.0,0.0,0.0,0.0,0.0,0.0,0.0,0.0,0.0,1.0,0.0,0.0,1.0,1.0,0.0,0.0,0.0,0.0,0.0,0.0,1.0,1.0
44,37424.16,3045.68,75.0,90.94863,7.0,5.0,18.0,3.0,10.0,18.0,11.64,6.0,1445.81,35.727062,29.969147,423.6502,0,0,1,1,0,0,0,0,0,1,0.0,0.0,0.0,0.0,0.0,0.0,0.0,0.0,0.0,0.0,0.0,0.0,0.0,1.0,0.0,0.0,0.0,1.0,0.0,1.0,1.0,0.0,0.0,0.0,0.0,0.0,1.0
43,104118.69,8853.558,94.0,163.64459,5.0,7.0,5.0,3.0,17.0,12.0,14.65,9.0,555.27,34.91143,326.92084,644.7903,0,0,1,0,1,0,0,0,1,0,0.0,0.0,0.0,0.0,0.0,0.0,0.0,0.0,0.0,0.0,0.0,0.0,1.0,0.0,0.0,0.0,0.0,1.0,0.0,1.0,0.0,1.0,0.0,0.0,0.0,0.0,1.0
23,18283.91,1747.6592,45.0,54.721203,6.0,10.0,29.0,6.0,27.0,19.0,7.87,10.0,2521.4,34.074554,104.7417,305.303,0,1,1,1,0,0,0,0,1,0,0.0,0.0,0.0,0.0,0.0,0.0,0.0,1.0,0.0,0.0,0.0,0.0,0.0,0.0,0.0,1.0,0.0,0.0,0.0,1.0,0.0,0.0,0.0,0.0,0.0,1.0,0.0
36,21892.96,1539.4133,126.0,16.225609,0.0,3.0,8.0,1.0,21.0,14.0,7.09,1.0,624.67,30.789328,184.78874,341.44528,1,0,0,0,0,0,0,0,0,0,0.0,0.0,0.0,0.0,0.0,0.0,0.0,0.0,0.0,1.0,0.0,0.0,0.0,0.0,0.0,0.0,1.0,0.0,1.0,0.0,0.0,0.0,0.0,0.0,1.0,0.0,0.0
25,14544.27,1395.0225,35.0,21.680628,4.0,5.0,26.0,2.0,5.0,18.0,17.39,7.0,2634.91,31.945019,79.95405,307.86758,0,0,0,1,0,0,0,0,1,0,0.0,0.0,0.0,0.0,0.0,0.0,0.0,0.0,0.0,0.0,1.0,0.0,0.0,0.0,0.0,0.0,0.0,1.0,0.0,1.0,0.0,0.0,0.0,1.0,0.0,0.0,1.0
17,66289.36,5433.1133,64.0,61.325214,4.0,5.0,15.0,2.0,9.0,14.0,7.27,11.0,713.33,37.71213,98.92304,623.0631,0,0,0,0,0,0,0,0,1,1,0.0,0.0,0.0,0.0,0.0,0.0,0.0,0.0,0.0,0.0,0.0,0.0,0.0,0.0,1.0,0.0,0.0,1.0,0.0,1.0,0.0,1.0,0.0,0.0,0.0,0.0,1.0
23,72412.74,6294.395,108.0,31.053326,5.0,6.0,6.0,1.0,11.0,15.0,6.76,0.0,794.93,32.93993,172.44902,685.93713,0,1,0,0,0,0,0,0,0,0,0.0,0.0,0.0,0.0,0.0,0.0,0.0,0.0,1.0,0.0,0.0,0.0,0.0,0.0,0.0,0.0,0.0,1.0,1.0,0.0,0.0,0.0,1.0,0.0,0.0,0.0,1.0
16,41498.3,3265.1917,63.0,187.51865,3.0,4.0,19.0,7.0,29.0,12.0,10.2,5.0,2275.26,37.47603,119.90751,299.09302,0,1,0,0,0,0,1,1,1,1,0.0,0.0,0.0,0.0,0.0,0.0,0.0,0.0,0.0,1.0,0.0,0.0,0.0,0.0,0.0,0.0,0.0,1.0,0.0,1.0,0.0,0.0,0.0,0.0,1.0,0.0,1.0
53,85498.65,7313.8877,70.0,151.79527,3.0,3.0,14.0,3.0,9.0,17.0,5.38,6.0,397.93,36.92549,244.52954,585.0639,0,1,0,0,1,0,1,0,0,0,0.0,0.0,0.0,0.0,0.0,0.0,0.0,0.0,1.0,0.0,0.0,0.0,0.0,0.0,0.0,0.0,0.0,1.0,0.0,1.0,0.0,1.0,0.0,0.0,0.0,0.0,1.0
22,55732.68,4903.39,50.0,208.27202,8.0,8.0,27.0,5.0,14.0,8.0,8.35,10.0,2536.84,39.759857,80.619965,275.53427,0,1,0,1,0,0,1,0,1,0,1.0,0.0,0.0,0.0,0.0,0.0,0.0,0.0,0.0,0.0,0.0,0.0,0.0,0.0,0.0,0.0,0.0,1.0,0.0,1.0,0.0,0.0,0.0,0.0,0.0,1.0,0.0
39,10068.97,840.0808,66.0,23.222252,8.0,4.0,7.0,3.0,30.0,17.0,10.8,4.0,2192.93,28.940834,58.367977,292.41785,0,1,1,0,0,0,0,1,0,0,0.0,0.0,0.0,0.0,0.0,0.0,0.0,0.0,0.0,0.0,0.0,0.0,1.0,0.0,0.0,0.0,0.0,1.0,0.0,1.0,0.0,0.0,0.0,0.0,0.0,1.0,1.0
47,33022.95,2975.9126,79.0,0.0,3.0,5.0,3.0,0.0,9.0,4.0,10.27,0.0,320.54,39.775047,69.26713,478.32413,0,0,0,0,0,1,0,0,0,0,0.0,0.0,0.0,1.0,0.0,0.0,0.0,0.0,0.0,0.0,0.0,0.0,0.0,0.0,0.0,0.0,1.0,0.0,1.0,0.0,0.0,1.0,0.0,0.0,0.0,0.0,0.0
33,37029.04,3308.7534,50.0,117.13925,6.0,7.0,26.0,5.0,35.0,23.0,13.22,10.0,2221.05,30.75437,123.504814,340.23126,0,0,0,0,0,0,0,1,0,1,0.0,0.0,0.0,0.0,0.0,0.0,0.0,0.0,0.0,0.0,0.0,0.0,0.0,0.0,1.0,1.0,0.0,0.0,0.0,1.0,0.0,1.0,0.0,0.0,0.0,0.0,0.0
30,75299.36,6367.947,132.0,0.0,3.0,3.0,9.0,0.0,22.0,3.0,1.16,6.0,1041.4,38.854725,112.93387,773.8608,0,0,0,0,0,1,0,0,0,0,0.0,0.0,0.0,0.0,0.0,0.0,0.0,0.0,1.0,0.0,0.0,0.0,0.0,0.0,0.0,0.0,1.0,0.0,1.0,0.0,0.0,1.0,0.0,0.0,0.0,0.0,0.0
17,83218.0,6966.8335,50.0,246.56364,8.0,6.0,18.0,5.0,17.0,28.0,7.84,6.0,2159.69,30.813137,197.13542,481.854,1,1,0,0,1,0,1,0,0,1,1.0,0.0,0.0,0.0,0.0,0.0,0.0,0.0,0.0,0.0,0.0,0.0,0.0,0.0,0.0,1.0,0.0,0.0,0.0,1.0,0.0,1.0,0.0,0.0,0.0,0.0,0.0
45,71842.8,6101.9,108.0,65.273575,3.0,7.0,12.0,2.0,13.0,8.0,7.41,4.0,39.31,37.276855,92.56556,702.3509,0,1,0,0,0,0,0,1,0,0,0.0,0.0,1.0,0.0,0.0,0.0,0.0,0.0,0.0,0.0,0.0,0.0,0.0,0.0,0.0,0.0,0.0,1.0,1.0,0.0,0.0,1.0,0.0,0.0,0.0,0.0,1.0
29,78066.48,6673.54,69.0,132.91118,7.0,8.0,20.0,4.0,38.0,8.0,11.2,9.0,1703.06,34.766575,153.95761,640.4852,1,0,0,1,0,0,0,1,1,0,0.0,0.0,0.0,0.0,0.0,0.0,0.0,0.0,0.0,0.0,1.0,0.0,0.0,0.0,0.0,0.0,0.0,1.0,0.0,1.0,1.0,0.0,0.0,0.0,0.0,0.0,0.0
32,79772.04,6885.67,44.0,131.14032,4.0,4.0,19.0,3.0,9.0,16.0,21.86,6.0,1619.87,30.663225,119.57609,677.8506,0,1,0,0,0,0,0,0,0,1,0.0,0.0,0.0,0.0,1.0,0.0,0.0,0.0,0.0,0.0,0.0,0.0,0.0,0.0,0.0,0.0,0.0,1.0,0.0,1.0,1.0,0.0,0.0,0.0,0.0,0.0,1.0
45,41550.06,3191.505,41.0,48.56282,9.0,7.0,24.0,2.0,44.0,21.0,8.28,8.0,2507.93,31.539564,112.056786,418.53088,0,0,0,1,0,0,1,0,0,0,0.0,0.0,0.0,0.0,0.0,0.0,0.0,0.0,0.0,1.0,0.0,0.0,0.0,0.0,0.0,1.0,0.0,0.0,0.0,1.0,0.0,0.0,1.0,0.0,0.0,0.0,0.0
38,10265.86,761.48834,31.0,11.9557705,6.0,8.0,21.0,2.0,19.0,18.0,7.22,8.0,2221.93,24.000214,26.605713,327.58734,0,0,1,0,0,0,1,0,0,0,0.0,0.0,0.0,0.0,0.0,0.0,0.0,0.0,0.0,0.0,0.0,0.0,0.0,0.0,1.0,1.0,0.0,0.0,0.0,1.0,0.0,0.0,0.0,0.0,0.0,1.0,0.0
26,71460.32,6038.027,74.0,109.89586,4.0,4.0,5.0,2.0,10.0,1.0,7.95,4.0,240.64,30.6324,249.25627,494.6505,0,1,0,0,0,0,0,0,0,0,0.0,0.0,0.0,0.0,0.0,0.0,0.0,0.0,0.0,0.0,0.0,0.0,1.0,0.0,0.0,0.0,1.0,0.0,1.0,0.0,0.0,1.0,0.0,0.0,0.0,0.0,1.0
50,28947.84,2337.32,90.0,23.701506,0.0,5.0,4.0,1.0,13.0,1.0,3.14,0.0,928.92,26.558432,35.01344,425.01706,0,0,0,0,0,0,1,0,0,0,1.0,0.0,0.0,0.0,0.0,0.0,0.0,0.0,0.0,0.0,0.0,0.0,0.0,0.0,0.0,0.0,1.0,0.0,1.0,0.0,0.0,1.0,0.0,0.0,0.0,0.0,2.0
23,34601.35,3141.4458,43.0,30.19805,5.0,3.0,14.0,2.0,11.0,11.0,14.15,5.0,68.23,29.73452,284.29996,269.64658,0,0,1,1,0,0,0,0,0,0,0.0,0.0,0.0,0.0,1.0,0.0,0.0,0.0,0.0,0.0,0.0,0.0,0.0,0.0,0.0,0.0,0.0,1.0,0.0,1.0,0.0,0.0,0.0,1.0,0.0,0.0,1.0
32,17455.36,1222.6133,42.0,58.796223,7.0,10.0,21.0,7.0,52.0,16.0,1.49,17.0,1657.79,24.596117,80.07496,273.39014,0,1,1,1,1,0,0,1,0,0,0.0,0.0,0.0,0.0,0.0,0.0,0.0,0.0,0.0,1.0,0.0,0.0,0.0,0.0,0.0,1.0,0.0,0.0,0.0,1.0,0.0,0.0,0.0,0.0,0.0,1.0,0.0
39,107991.54,8763.295,129.0,68.64104,1.0,3.0,1.0,1.0,3.0,10.0,7.4,4.0,1163.93,30.978455,294.88757,772.8009,0,0,1,0,0,0,0,0,0,0,0.0,0.0,0.0,0.0,0.0,0.0,0.0,0.0,0.0,0.0,1.0,0.0,0.0,0.0,0.0,0.0,1.0,0.0,1.0,0.0,0.0,0.0,1.0,0.0,0.0,0.0,1.0
20,9592.415,502.36792,101.0,12.375677,3.0,4.0,9.0,3.0,27.0,19.0,1.96,4.0,754.55,32.93116,53.924175,273.93695,0,0,0,1,0,0,1,1,0,0,0.0,0.0,0.0,0.0,1.0,0.0,0.0,0.0,0.0,0.0,0.0,0.0,0.0,0.0,0.0,0.0,1.0,0.0,1.0,0.0,0.0,0.0,0.0,0.0,0.0,1.0,0.0
52,75893.07,6328.4224,81.0,0.0,6.0,5.0,1.0,0.0,21.0,16.0,3.37,1.0,500.47,42.390163,302.99042,675.50214,0,0,0,0,0,1,0,0,0,0,0.0,0.0,0.0,0.0,1.0,0.0,0.0,0.0,0.0,0.0,0.0,0.0,0.0,0.0,0.0,0.0,1.0,0.0,1.0,0.0,0.0,0.0,0.0,0.0,0.0,1.0,2.0
28,40633.86,3572.155,93.0,19.132696,5.0,7.0,13.0,1.0,18.0,9.0,7.68,4.0,628.11,33.874767,140.4405,457.6423,0,0,0,1,0,0,0,0,0,0,0.0,0.0,0.0,0.0,0.0,0.0,0.0,1.0,0.0,0.0,0.0,0.0,0.0,0.0,0.0,0.0,0.0,1.0,1.0,0.0,0.0,0.0,1.0,0.0,0.0,0.0,1.0
25,49650.36,3995.53,61.0,194.31244,7.0,11.0,26.0,6.0,31.0,7.0,18.53,9.0,1826.54,30.068968,81.0249,384.21567,0,1,0,1,0,0,1,0,1,1,0.0,0.0,0.0,0.0,0.0,0.0,0.0,0.0,0.0,0.0,0.0,0.0,0.0,1.0,0.0,0.0,0.0,1.0,0.0,1.0,0.0,0.0,1.0,0.0,0.0,0.0,0.0
37,35862.37,3172.5308,75.0,51.645767,4.0,2.0,7.0,2.0,0.0,1.0,0.74,4.0,546.87,25.043383,134.84428,415.19278,0,0,0,0,0,0,0,0,1,0,0.0,0.0,0.0,0.0,0.0,0.0,0.0,0.0,1.0,0.0,0.0,0.0,0.0,0.0,0.0,0.0,1.0,0.0,1.0,0.0,0.0,0.0,0.0,0.0,1.0,0.0,2.0
44,31364.96,2573.7466,64.0,0.0,6.0,5.0,10.0,0.0,17.0,9.0,21.47,7.0,948.01,25.994043,89.12857,458.2461,0,0,0,0,0,1,0,0,0,0,0.0,0.0,0.0,0.0,0.0,0.0,0.0,1.0,0.0,0.0,0.0,0.0,0.0,0.0,0.0,0.0,0.0,1.0,0.0,1.0,0.0,0.0,0.0,0.0,0.0,1.0,1.0
54,37171.29,3231.6074,129.0,64.249985,1.0,6.0,1.0,4.0,4.0,3.0,-1.52,8.0,103.82,32.30702,127.58886,391.3219,1,0,0,0,0,0,0,0,1,0,0.0,1.0,0.0,0.0,0.0,0.0,0.0,0.0,0.0,0.0,0.0,0.0,0.0,0.0,0.0,0.0,1.0,0.0,1.0,0.0,0.0,0.0,1.0,0.0,0.0,0.0,1.0
22,7195.3,434.60834,81.0,37.724087,10.0,9.0,20.0,7.0,27.0,18.0,8.99,12.0,1820.55,25.81494,16.659338,279.07742,0,1,1,0,0,0,1,0,1,1,0.0,0.0,0.0,0.0,0.0,0.0,0.0,1.0,0.0,0.0,0.0,0.0,0.0,0.0,0.0,0.0,0.0,1.0,0.0,1.0,0.0,0.0,0.0,0.0,0.0,1.0,0.0
20,78208.96,6595.4136,134.0,184.3776,8.0,5.0,9.0,3.0,22.0,9.0,11.2,5.0,1419.42,27.270205,44.870007,670.29376,1,0,1,0,0,0,0,0,1,0,0.0,0.0,0.0,0.0,0.0,0.0,0.0,0.0,0.0,0.0,0.0,0.0,0.0,0.0,1.0,0.0,0.0,1.0,1.0,0.0,1.0,0.0,0.0,0.0,0.0,0.0,1.0
21,55473.22,4598.7686,90.0,180.34341,5.0,6.0,7.0,4.0,26.0,20.0,1.51,4.0,160.87,37.34964,206.33159,333.20184,0,0,1,0,0,0,0,1,1,0,0.0,0.0,0.0,0.0,1.0,0.0,0.0,0.0,0.0,0.0,0.0,0.0,0.0,0.0,0.0,0.0,1.0,0.0,1.0,0.0,0.0,0.0,1.0,0.0,0.0,0.0,2.0
35,88940.76,7406.73,128.0,67.642555,0.0,5.0,3.0,1.0,21.0,9.0,2.16,3.0,1405.04,33.184216,413.4119,742.38885,0,0,0,0,0,0,1,0,0,0,0.0,0.0,1.0,0.0,0.0,0.0,0.0,0.0,0.0,0.0,0.0,0.0,0.0,0.0,0.0,0.0,1.0,0.0,1.0,0.0,0.0,0.0,0.0,0.0,1.0,0.0,0.0
20,38321.39,3354.4492,75.0,114.27115,4.0,4.0,3.0,4.0,11.0,4.0,1.59,3.0,678.57,35.123924,131.989,349.18478,0,0,1,0,1,0,0,0,0,1,0.0,1.0,0.0,0.0,0.0,0.0,0.0,0.0,0.0,0.0,0.0,0.0,0.0,0.0,0.0,0.0,1.0,0.0,1.0,0.0,0.0,0.0,1.0,0.0,0.0,0.0,0.0
28,32019.26,2610.2717,62.0,47.777695,4.0,3.0,15.0,2.0,20.0,11.0,9.38,7.0,1697.41,31.744299,100.070366,393.1791,1,1,0,0,0,0,0,0,0,0,0.0,0.0,0.0,0.0,0.0,0.0,0.0,0.0,0.0,1.0,0.0,0.0,0.0,0.0,0.0,0.0,0.0,1.0,0.0,1.0,0.0,0.0,0.0,0.0,1.0,0.0,0.0
52,49497.34,4201.7783,102.0,151.74342,8.0,4.0,8.0,4.0,12.0,14.0,1.29,1.0,129.5,27.911697,184.6326,353.80182,0,1,0,1,1,0,0,0,0,0,0.0,0.0,0.0,0.0,0.0,0.0,0.0,0.0,1.0,0.0,0.0,0.0,0.0,0.0,0.0,0.0,0.0,1.0,1.0,0.0,0.0,0.0,0.0,1.0,0.0,0.0,1.0
43,69445.68,5937.14,125.0,0.0,7.0,7.0,1.0,0.0,22.0,23.0,1.47,4.0,872.64,31.97214,147.2293,696.4847,0,0,0,0,0,1,0,0,0,0,0.0,0.0,0.0,1.0,0.0,0.0,0.0,0.0,0.0,0.0,0.0,0.0,0.0,0.0,0.0,0.0,1.0,0.0,1.0,0.0,0.0,1.0,0.0,0.0,0.0,0.0,2.0
27,24390.29,1762.5242,137.0,37.760895,3.0,6.0,3.0,3.0,23.0,16.0,4.7,3.0,523.63,26.597355,137.52043,290.9711,0,0,0,0,0,0,1,1,0,1,0.0,0.0,1.0,0.0,0.0,0.0,0.0,0.0,0.0,0.0,0.0,0.0,0.0,0.0,0.0,0.0,1.0,0.0,1.0,0.0,0.0,0.0,0.0,0.0,0.0,1.0,0.0
49,41235.33,3384.2776,73.0,78.37418,3.0,3.0,1.0,3.0,12.0,3.0,3.93,2.0,734.69,33.065014,218.65204,321.40152,0,0,0,1,0,0,0,0,1,0,0.0,0.0,0.0,0.0,0.0,0.0,0.0,0.0,0.0,0.0,0.0,0.0,0.0,0.0,1.0,0.0,1.0,0.0,1.0,0.0,0.0,0.0,0.0,0.0,1.0,0.0,1.0
33,63563.88,5272.99,57.0,312.57944,8.0,7.0,17.0,7.0,6.0,17.0,18.45,8.0,2624.3,34.90828,40.2836,414.43597,1,1,0,0,0,0,1,1,1,0,0.0,0.0,0.0,0.0,0.0,0.0,0.0,0.0,0.0,0.0,0.0,1.0,0.0,0.0,0.0,0.0,0.0,1.0,0.0,1.0,1.0,0.0,0.0,0.0,0.0,0.0,0.0
22,29960.97,2240.7476,129.0,17.23486,3.0,6.0,14.0,1.0,15.0,17.0,19.54,6.0,744.37,31.741058,84.05065,372.78925,0,0,0,1,0,0,0,0,0,0,0.0,0.0,1.0,0.0,0.0,0.0,0.0,0.0,0.0,0.0,0.0,0.0,0.0,0.0,0.0,0.0,0.0,1.0,0.0,1.0,0.0,1.0,0.0,0.0,0.0,0.0,1.0
21,35547.71,2853.309,131.0,0.0,7.0,5.0,5.0,0.0,1.0,15.0,2.58,4.0,943.86,28.924953,96.785484,438.54544,0,0,0,0,0,1,0,0,0,0,0.0,0.0,1.0,0.0,0.0,0.0,0.0,0.0,0.0,0.0,0.0,0.0,0.0,0.0,0.0,0.0,0.0,1.0,0.0,1.0,0.0,1.0,0.0,0.0,0.0,0.0,1.0
43,7299.77,674.31415,26.0,10.17629,7.0,7.0,25.0,2.0,44.0,22.0,13.75,8.0,1775.52,23.683167,50.271603,286.98352,0,0,0,0,0,0,0,1,0,1,0.0,0.0,1.0,0.0,0.0,0.0,0.0,0.0,0.0,0.0,0.0,0.0,0.0,0.0,0.0,1.0,0.0,0.0,0.0,1.0,0.0,0.0,0.0,0.0,1.0,0.0,0.0
18,32989.45,2637.1208,66.0,80.95539,5.0,3.0,2.0,4.0,7.0,0.0,2.47,0.0,40.48,31.199558,28.605932,394.15076,0,0,1,0,1,0,0,1,0,0,0.0,0.0,0.0,0.0,0.0,0.0,0.0,0.0,0.0,0.0,0.0,1.0,0.0,0.0,0.0,0.0,1.0,0.0,1.0,0.0,1.0,0.0,0.0,0.0,0.0,0.0,2.0
31,15264.39,1383.0325,90.0,0.0,1.0,4.0,5.0,0.0,14.0,10.0,0.95,2.0,104.07,22.618208,56.267036,372.03622,0,0,0,0,0,1,0,0,0,0,0.0,0.0,0.0,0.0,0.0,0.0,0.0,0.0,0.0,1.0,0.0,0.0,0.0,0.0,0.0,0.0,1.0,0.0,1.0,0.0,0.0,0.0,0.0,0.0,0.0,1.0,1.0
40,35873.36,2922.4468,78.0,77.4202,9.0,5.0,18.0,3.0,25.0,15.0,3.38,11.0,2336.04,27.461563,361.05096,143.7735,0,0,0,1,0,0,1,0,0,1,0.0,1.0,0.0,0.0,0.0,0.0,0.0,0.0,0.0,0.0,0.0,0.0,0.0,0.0,0.0,1.0,0.0,0.0,0.0,1.0,0.0,0.0,0.0,0.0,0.0,1.0,0.0
54,16188.16,1396.0133,98.0,41.572258,7.0,4.0,1.0,4.0,8.0,20.0,9.52,2.0,1029.46,33.712975,90.757744,297.27133,1,0,0,0,0,0,0,0,1,1,0.0,0.0,0.0,0.0,0.0,0.0,0.0,1.0,0.0,0.0,0.0,0.0,0.0,0.0,0.0,0.0,0.0,1.0,1.0,0.0,0.0,0.0,0.0,0.0,0.0,1.0,1.0
36,103221.21,8699.768,110.0,136.70955,5.0,5.0,7.0,2.0,26.0,16.0,8.51,5.0,1256.48,39.14325,367.69623,615.571,0,0,0,1,0,0,0,0,0,0,0.0,0.0,0.0,0.0,0.0,0.0,0.0,0.0,0.0,1.0,0.0,0.0,0.0,0.0,0.0,0.0,0.0,1.0,0.0,1.0,0.0,1.0,0.0,0.0,0.0,0.0,1.0
53,43504.07,3767.339,125.0,53.428337,5.0,4.0,2.0,2.0,10.0,6.0,3.76,2.0,530.51,31.412527,82.473816,500.83176,0,0,0,0,1,0,0,0,0,1,0.0,0.0,1.0,0.0,0.0,0.0,0.0,0.0,0.0,0.0,0.0,0.0,0.0,0.0,0.0,0.0,1.0,0.0,1.0,0.0,0.0,0.0,1.0,0.0,0.0,0.0,1.0
45,33410.45,3059.204,113.0,0.0,4.0,6.0,19.0,0.0,27.0,15.0,10.91,1.0,693.39,34.986088,326.8709,269.0495,0,0,0,0,0,1,0,0,0,0,1.0,0.0,0.0,0.0,0.0,0.0,0.0,0.0,0.0,0.0,0.0,0.0,0.0,0.0,0.0,0.0,0.0,1.0,0.0,1.0,0.0,0.0,0.0,0.0,0.0,1.0,1.0
43,53084.07,4525.6724,12.0,228.68713,10.0,9.0,23.0,8.0,26.0,26.0,15.3,9.0,2904.16,32.791187,173.48195,300.39816,1,1,0,1,1,0,1,1,0,1,0.0,0.0,0.0,1.0,0.0,0.0,0.0,0.0,0.0,0.0,0.0,0.0,0.0,0.0,0.0,1.0,0.0,0.0,0.0,1.0,0.0,1.0,0.0,0.0,0.0,0.0,1.0
39,85020.54,6962.045,68.0,205.21133,0.0,5.0,7.0,3.0,11.0,9.0,4.74,3.0,934.62,36.72675,133.95236,597.04083,0,0,0,0,1,0,1,0,1,0,0.0,0.0,0.0,0.0,0.0,0.0,0.0,1.0,0.0,0.0,0.0,0.0,0.0,0.0,0.0,0.0,1.0,0.0,1.0,0.0,1.0,0.0,0.0,0.0,0.0,0.0,1.0
22,29041.4,2646.1167,133.0,37.0235,3.0,5.0,3.0,2.0,3.0,0.0,8.58,1.0,1029.86,35.046215,37.83274,439.75543,0,0,0,0,0,0,0,1,0,1,0.0,0.0,1.0,0.0,0.0,0.0,0.0,0.0,0.0,0.0,0.0,0.0,0.0,0.0,0.0,0.0,1.0,0.0,1.0,0.0,0.0,0.0,0.0,0.0,0.0,1.0,0.0
31,44498.78,3748.2317,103.0,92.44447,4.0,5.0,18.0,3.0,17.0,11.0,11.73,4.0,1131.03,28.52892,119.14318,413.2355,0,0,0,0,1,0,0,1,0,1,0.0,0.0,0.0,0.0,0.0,0.0,0.0,1.0,0.0,0.0,0.0,0.0,0.0,0.0,0.0,0.0,0.0,1.0,0.0,1.0,0.0,1.0,0.0,0.0,0.0,0.0,1.0
24,46422.1,4085.5083,101.0,66.49089,8.0,6.0,9.0,2.0,15.0,12.0,3.5,0.0,832.68,40.672676,49.983673,532.0763,0,0,0,0,0,0,0,1,1,0,0.0,0.0,0.0,0.0,0.0,0.0,0.0,0.0,0.0,0.0,0.0,0.0,0.0,1.0,0.0,0.0,0.0,1.0,1.0,0.0,0.0,0.0,0.0,0.0,0.0,1.0,1.0
55,16168.52,1513.3767,82.0,7.1880374,5.0,7.0,17.0,1.0,13.0,11.0,8.65,3.0,92.04,33.04849,168.56912,265.5805,0,0,0,0,0,0,0,1,0,0,0.0,0.0,0.0,0.0,0.0,0.0,0.0,0.0,0.0,1.0,0.0,0.0,0.0,0.0,0.0,0.0,0.0,1.0,1.0,0.0,0.0,0.0,0.0,0.0,0.0,1.0,1.0
52,77906.25,6399.1875,78.0,173.56856,3.0,5.0,5.0,4.0,26.0,17.0,11.47,4.0,583.4,39.675735,233.18762,523.16254,1,0,1,0,0,0,0,0,1,0,0.0,0.0,0.0,0.0,0.0,0.0,0.0,0.0,1.0,0.0,0.0,0.0,0.0,0.0,0.0,0.0,1.0,0.0,1.0,0.0,0.0,0.0,0.0,0.0,0.0,1.0,1.0
55,25793.11,2322.4258,117.0,47.579357,4.0,7.0,20.0,3.0,8.0,12.0,8.78,4.0,413.08,27.877129,196.95982,257.7034,1,1,0,1,0,0,0,0,0,0,0.0,0.0,0.0,0.0,0.0,1.0,0.0,0.0,0.0,0.0,0.0,0.0,0.0,0.0,0.0,0.0,0.0,1.0,1.0,0.0,0.0,0.0,0.0,1.0,0.0,0.0,1.0
39,32777.51,2701.4592,110.0,64.97591,5.0,4.0,1.0,3.0,2.0,6.0,3.22,2.0,653.37,29.906092,57.27732,397.8927,0,0,0,0,1,0,0,0,1,1,1.0,0.0,0.0,0.0,0.0,0.0,0.0,0.0,0.0,0.0,0.0,0.0,0.0,0.0,0.0,0.0,1.0,0.0,1.0,0.0,0.0,1.0,0.0,0.0,0.0,0.0,2.0
22,43311.84,3879.32,98.0,73.54904,3.0,4.0,9.0,3.0,9.0,8.0,2.78,1.0,951.78,29.315239,83.48493,480.89804,0,1,0,1,1,0,0,0,0,0,0.0,0.0,0.0,0.0,0.0,0.0,0.0,0.0,1.0,0.0,0.0,0.0,0.0,0.0,0.0,0.0,1.0,0.0,1.0,0.0,0.0,1.0,0.0,0.0,0.0,0.0,0.0
21,110110.04,9238.837,69.0,233.86002,8.0,4.0,12.0,4.0,15.0,15.0,5.61,0.0,1495.41,26.866417,387.6408,552.3828,0,1,1,0,1,0,0,0,0,1,0.0,0.0,0.0,0.0,0.0,0.0,0.0,0.0,0.0,0.0,0.0,0.0,0.0,1.0,0.0,0.0,1.0,0.0,1.0,0.0,0.0,1.0,0.0,0.0,0.0,0.0,2.0
43,98112.03,8417.003,125.0,197.32205,2.0,5.0,4.0,3.0,1.0,5.0,7.79,0.0,579.47,36.037083,146.96605,737.4122,1,0,1,0,0,0,1,0,0,0,0.0,0.0,0.0,0.0,0.0,0.0,0.0,0.0,0.0,0.0,0.0,0.0,0.0,0.0,1.0,0.0,1.0,0.0,1.0,0.0,1.0,0.0,0.0,0.0,0.0,0.0,1.0
53,94369.64,8164.1367,101.0,210.70934,4.0,7.0,19.0,4.0,22.0,20.0,2.99,0.0,464.88,29.96439,150.40225,705.30206,1,1,0,0,0,0,0,1,0,0,0.0,0.0,0.0,0.0,0.0,1.0,0.0,0.0,0.0,0.0,0.0,0.0,0.0,0.0,0.0,0.0,0.0,1.0,0.0,1.0,0.0,1.0,0.0,0.0,0.0,0.0,0.0
20,63856.48,5320.3735,51.0,233.24084,7.0,7.0,13.0,5.0,11.0,16.0,12.05,8.0,1240.11,23.686327,325.97067,242.82582,0,1,1,0,1,0,1,0,1,0,0.0,0.0,0.0,0.0,1.0,0.0,0.0,0.0,0.0,0.0,0.0,0.0,0.0,0.0,0.0,0.0,0.0,1.0,0.0,1.0,0.0,0.0,0.0,1.0,0.0,0.0,1.0
45,76208.52,6431.71,90.0,35.835403,5.0,7.0,13.0,1.0,15.0,14.0,8.22,3.0,1068.66,24.507969,402.75476,474.58084,0,1,0,0,0,0,0,0,0,0,0.0,0.0,0.0,0.0,0.0,0.0,0.0,0.0,0.0,0.0,1.0,0.0,0.0,0.0,0.0,0.0,0.0,1.0,0.0,1.0,0.0,0.0,0.0,1.0,0.0,0.0,1.0
33,16826.494,1555.2079,63.0,39.671814,5.0,7.0,20.0,4.0,26.0,15.0,12.12,8.0,464.4,28.90768,70.83072,335.01825,0,1,0,1,0,0,0,1,0,1,0.0,0.0,0.0,0.0,0.0,0.0,1.0,0.0,0.0,0.0,0.0,0.0,0.0,0.0,0.0,0.0,0.0,1.0,0.0,1.0,0.0,0.0,0.0,0.0,0.0,1.0,1.0
27,33818.63,2535.2192,72.0,68.08221,4.0,3.0,1.0,4.0,15.0,3.0,12.81,2.0,672.08,28.094337,81.05448,364.38522,0,0,1,0,1,0,0,0,0,1,0.0,0.0,1.0,0.0,0.0,0.0,0.0,0.0,0.0,0.0,0.0,0.0,0.0,0.0,0.0,0.0,1.0,0.0,1.0,0.0,0.0,0.0,1.0,0.0,0.0,0.0,2.0
28,37688.55,3317.7124,100.0,114.333725,2.0,6.0,2.0,4.0,9.0,10.0,3.27,7.0,28.36,25.631372,59.081387,408.35614,1,0,0,0,1,0,0,1,0,1,0.0,0.0,0.0,0.0,0.0,0.0,0.0,0.0,1.0,0.0,0.0,0.0,0.0,0.0,0.0,0.0,1.0,0.0,1.0,0.0,0.0,1.0,0.0,0.0,0.0,0.0,2.0
47,41715.11,3395.2593,133.0,0.0,0.0,4.0,4.0,0.0,11.0,11.0,10.09,3.0,1494.8,32.657528,266.60394,342.922,0,0,0,0,0,1,0,0,0,0,0.0,0.0,1.0,0.0,0.0,0.0,0.0,0.0,0.0,0.0,0.0,0.0,0.0,0.0,0.0,0.0,1.0,0.0,1.0,0.0,0.0,0.0,0.0,1.0,0.0,0.0,1.0
17,73049.36,6047.447,66.0,133.789,6.0,6.0,14.0,3.0,11.0,10.0,12.05,7.0,2315.7,29.649242,70.22643,640.72925,0,0,0,1,1,0,1,0,0,0,0.0,0.0,0.0,0.0,0.0,0.0,0.0,0.0,0.0,0.0,0.0,0.0,0.0,0.0,1.0,0.0,0.0,1.0,0.0,1.0,1.0,0.0,0.0,0.0,0.0,0.0,1.0
27,43452.15,3864.0125,46.0,155.26013,3.0,6.0,7.0,5.0,30.0,9.0,10.4,6.0,859.42,36.75098,174.41162,316.7295,0,1,0,0,0,0,1,1,0,1,0.0,0.0,0.0,0.0,0.0,0.0,0.0,0.0,0.0,0.0,0.0,0.0,1.0,0.0,0.0,0.0,0.0,1.0,0.0,1.0,0.0,0.0,1.0,0.0,0.0,0.0,1.0
35,33857.41,2683.451,78.0,89.43153,3.0,3.0,20.0,4.0,23.0,18.0,17.52,5.0,899.22,33.09479,85.42995,343.48358,0,1,0,1,0,0,1,1,0,0,0.0,1.0,0.0,0.0,0.0,0.0,0.0,0.0,0.0,0.0,0.0,0.0,0.0,0.0,0.0,0.0,0.0,1.0,0.0,1.0,0.0,1.0,0.0,0.0,0.0,0.0,1.0
32,19014.19,1405.5159,71.0,75.49603,3.0,8.0,32.0,5.0,26.0,15.0,13.75,13.0,2034.13,23.691244,30.280333,284.7752,0,0,1,1,0,0,0,0,0,1,0.0,0.0,0.0,0.0,0.0,0.0,1.0,0.0,0.0,0.0,0.0,0.0,0.0,0.0,0.0,0.0,0.0,1.0,0.0,1.0,0.0,0.0,0.0,0.0,1.0,0.0,0.0
52,85498.65,7313.8877,71.0,151.79527,3.0,3.0,14.0,3.0,9.0,16.0,5.38,2.0,397.93,37.63214,413.08978,436.5037,0,1,0,0,1,0,1,0,0,0,0.0,0.0,0.0,0.0,0.0,0.0,0.0,0.0,1.0,0.0,0.0,0.0,0.0,0.0,0.0,0.0,0.0,1.0,0.0,1.0,0.0,0.0,0.0,1.0,0.0,0.0,1.0
40,35643.6,3046.3,31.0,60.03954,4.0,3.0,9.0,4.0,24.0,22.0,16.48,12.0,171.98,40.464756,102.44377,422.1467,1,0,0,0,0,0,0,0,1,0,0.0,0.0,0.0,0.0,0.0,0.0,0.0,0.0,0.0,0.0,1.0,0.0,0.0,0.0,0.0,0.0,0.0,1.0,0.0,1.0,0.0,0.0,0.0,0.0,1.0,0.0,1.0
50,19891.58,1387.2866,116.0,187.26953,4.0,1.0,7.0,4.0,15.0,12.0,3.12,2.0,320.29,39.08608,117.1638,265.47485,0,1,0,1,1,0,0,0,0,0,0.0,0.0,0.0,0.0,0.0,1.0,0.0,0.0,0.0,0.0,0.0,0.0,0.0,0.0,0.0,0.0,1.0,0.0,1.0,0.0,0.0,0.0,0.0,0.0,0.0,1.0,2.0
30,31632.32,2421.0266,138.0,59.022873,2.0,3.0,9.0,3.0,1.0,9.0,3.7,6.0,73.75,25.962303,75.22644,357.85336,0,0,0,0,1,0,0,1,0,0,0.0,0.0,1.0,0.0,0.0,0.0,0.0,0.0,0.0,0.0,0.0,0.0,0.0,0.0,0.0,0.0,1.0,0.0,1.0,0.0,0.0,1.0,0.0,0.0,0.0,0.0,2.0
23,13231.53,1379.6274,81.0,36.263508,5.0,5.0,12.0,5.0,30.0,13.0,16.46,8.0,292.4,36.186756,64.22601,297.47324,0,1,0,1,1,0,0,0,0,1,0.0,1.0,0.0,0.0,0.0,0.0,0.0,0.0,0.0,0.0,0.0,0.0,0.0,0.0,0.0,0.0,0.0,1.0,0.0,1.0,0.0,0.0,1.0,0.0,0.0,0.0,1.0
43,17276.8,1584.7333,76.0,23.897596,8.0,5.0,34.0,3.0,50.0,9.0,15.95,11.0,1980.0,24.143404,13.946721,360.62903,0,0,0,0,0,0,0,1,1,0,0.0,0.0,0.0,0.0,0.0,0.0,0.0,1.0,0.0,0.0,0.0,0.0,0.0,0.0,0.0,0.0,0.0,1.0,0.0,1.0,1.0,0.0,0.0,0.0,0.0,0.0,1.0
42,39231.42,3202.285,62.0,49.072735,6.0,9.0,23.0,3.0,38.0,6.0,8.33,8.0,1720.78,23.774363,122.06425,419.09152,0,1,1,0,0,0,0,0,1,0,0.0,0.0,0.0,0.0,0.0,0.0,0.0,0.0,0.0,1.0,0.0,0.0,0.0,0.0,0.0,0.0,0.0,1.0,0.0,1.0,0.0,0.0,0.0,1.0,0.0,0.0,0.0
26,50807.44,4197.953,98.0,88.75992,8.0,4.0,11.0,4.0,15.0,10.0,2.6,4.0,869.59,38.53179,180.64067,420.39474,0,0,0,1,1,0,1,0,0,0,0.0,0.0,0.0,0.0,0.0,0.0,0.0,0.0,0.0,0.0,0.0,0.0,1.0,0.0,0.0,0.0,0.0,1.0,0.0,1.0,0.0,0.0,0.0,1.0,0.0,0.0,1.0
20,109364.08,9409.673,91.0,227.2944,3.0,3.0,16.0,3.0,17.0,5.0,13.09,5.0,409.27,29.710997,283.4781,732.1777,0,0,0,0,1,0,0,1,1,0,0.0,0.0,0.0,0.0,0.0,0.0,0.0,0.0,0.0,0.0,0.0,0.0,0.0,1.0,0.0,0.0,0.0,1.0,0.0,1.0,0.0,0.0,1.0,0.0,0.0,0.0,1.0
27,38624.06,3043.6716,64.0,78.45203,0.0,5.0,11.0,4.0,6.0,10.0,4.19,6.0,1394.46,25.277576,79.14388,416.77127,0,1,1,1,0,0,0,0,0,1,1.0,0.0,0.0,0.0,0.0,0.0,0.0,0.0,0.0,0.0,0.0,0.0,0.0,0.0,0.0,0.0,1.0,0.0,1.0,0.0,0.0,0.0,0.0,0.0,0.0,1.0,1.0
32,73871.32,5985.9434,65.0,0.0,5.0,7.0,10.0,0.0,20.0,15.0,2.01,4.0,217.57,38.48747,206.98674,671.6076,0,0,0,0,0,1,0,0,0,0,0.0,0.0,0.0,0.0,0.0,0.0,0.0,0.0,0.0,1.0,0.0,0.0,0.0,0.0,0.0,0.0,0.0,1.0,1.0,0.0,0.0,0.0,0.0,0.0,1.0,0.0,1.0
54,26175.52,1985.2933,105.0,26.839285,8.0,6.0,6.0,2.0,19.0,11.0,4.32,0.0,359.67,27.12837,99.647125,362.0429,1,0,0,0,0,0,0,0,1,0,0.0,0.0,0.0,0.0,0.0,0.0,0.0,0.0,0.0,0.0,0.0,0.0,0.0,1.0,0.0,0.0,1.0,0.0,1.0,0.0,0.0,0.0,0.0,0.0,0.0,1.0,2.0
26,9283.17,807.5975,73.0,59.797863,9.0,8.0,28.0,8.0,42.0,20.0,0.95,12.0,1603.67,24.325838,27.036837,273.92505,1,1,0,1,1,0,1,0,1,1,0.0,0.0,1.0,0.0,0.0,0.0,0.0,0.0,0.0,0.0,0.0,0.0,0.0,0.0,0.0,1.0,0.0,0.0,0.0,1.0,0.0,0.0,0.0,0.0,1.0,0.0,0.0
26,23987.59,2087.9658,107.0,19.300701,6.0,5.0,10.0,1.0,29.0,6.0,18.36,10.0,1332.44,37.265102,54.68088,384.815,0,0,1,0,0,0,0,0,0,0,0.0,0.0,0.0,0.0,1.0,0.0,0.0,0.0,0.0,0.0,0.0,0.0,0.0,0.0,0.0,0.0,0.0,1.0,0.0,1.0,0.0,1.0,0.0,0.0,0.0,0.0,2.0
45,72309.42,6135.785,134.0,0.0,1.0,5.0,2.0,0.0,12.0,12.0,4.29,1.0,493.99,28.762894,219.75488,643.8236,0,0,0,0,0,1,0,0,0,0,0.0,0.0,0.0,0.0,0.0,0.0,0.0,0.0,0.0,0.0,0.0,0.0,1.0,0.0,0.0,0.0,1.0,0.0,1.0,0.0,0.0,1.0,0.0,0.0,0.0,0.0,0.0
48,35730.44,2934.5366,88.0,74.46925,5.0,6.0,3.0,4.0,11.0,13.0,1.65,4.0,1185.95,29.731321,211.6202,277.36423,1,1,0,0,0,0,0,0,1,0,0.0,0.0,0.0,0.0,0.0,0.0,1.0,0.0,0.0,0.0,0.0,0.0,0.0,0.0,0.0,0.0,1.0,0.0,1.0,0.0,0.0,0.0,0.0,1.0,0.0,0.0,1.0
47,41832.64,3713.0532,108.0,62.74168,7.0,7.0,10.0,3.0,17.0,20.0,12.22,3.0,759.6,32.80744,72.09455,476.4691,0,0,0,0,1,0,0,0,0,1,0.0,0.0,0.0,0.0,0.0,0.0,1.0,0.0,0.0,0.0,0.0,0.0,0.0,0.0,0.0,0.0,0.0,1.0,0.0,1.0,1.0,0.0,0.0,0.0,0.0,0.0,1.0
39,61732.23,5031.3525,73.0,0.0,8.0,3.0,5.0,0.0,10.0,19.0,8.9,6.0,1408.55,28.205765,327.37924,465.756,0,0,0,0,0,1,0,0,0,0,0.0,0.0,0.0,0.0,0.0,1.0,0.0,0.0,0.0,0.0,0.0,0.0,0.0,0.0,0.0,0.0,0.0,1.0,0.0,1.0,0.0,0.0,0.0,0.0,0.0,1.0,1.0
26,35023.49,2651.6243,134.0,52.665546,3.0,4.0,18.0,3.0,22.0,12.0,14.86,6.0,305.79,31.549074,295.57327,206.92361,0,0,0,1,0,0,1,0,1,0,0.0,0.0,1.0,0.0,0.0,0.0,0.0,0.0,0.0,0.0,0.0,0.0,0.0,0.0,0.0,0.0,0.0,1.0,0.0,1.0,0.0,0.0,0.0,0.0,0.0,1.0,1.0
30,14773.62,1085.135,63.0,42.99065,5.0,3.0,23.0,5.0,11.0,13.0,12.16,6.0,2367.13,30.230028,79.20949,276.31335,1,1,1,0,0,0,0,0,1,0,0.0,0.0,0.0,0.0,0.0,0.0,0.0,1.0,0.0,0.0,0.0,0.0,0.0,0.0,0.0,0.0,0.0,1.0,0.0,1.0,0.0,0.0,0.0,0.0,0.0,1.0,1.0
20,34253.08,3025.4233,79.0,133.84381,3.0,9.0,25.0,6.0,12.0,12.0,9.66,12.0,1485.7,37.07676,121.18842,297.5101,1,1,0,0,0,0,1,0,0,1,0.0,0.0,0.0,0.0,0.0,0.0,0.0,1.0,0.0,0.0,0.0,0.0,0.0,0.0,0.0,0.0,0.0,1.0,0.0,1.0,0.0,1.0,0.0,0.0,0.0,0.0,1.0
29,75654.81,6113.5674,88.0,43.037857,7.0,6.0,12.0,1.0,9.0,14.0,11.4,6.0,1063.69,28.119295,273.8259,574.493,0,0,0,0,1,0,0,0,0,0,0.0,0.0,0.0,0.0,1.0,0.0,0.0,0.0,0.0,0.0,0.0,0.0,0.0,0.0,0.0,0.0,0.0,1.0,0.0,1.0,0.0,0.0,0.0,0.0,1.0,0.0,1.0
52,105295.08,8854.59,116.0,178.36745,2.0,3.0,7.0,4.0,6.0,2.0,10.02,6.0,321.36,40.510975,455.08633,522.00525,1,0,0,0,0,0,1,0,1,0,0.0,0.0,0.0,0.0,0.0,0.0,0.0,0.0,0.0,0.0,0.0,0.0,0.0,0.0,1.0,0.0,1.0,0.0,1.0,0.0,0.0,0.0,0.0,1.0,0.0,0.0,1.0
34,81969.24,6707.77,84.0,188.54251,8.0,8.0,15.0,4.0,44.0,24.0,9.56,10.0,2015.16,30.66864,57.13934,665.09515,0,1,1,1,0,0,0,0,0,0,0.0,1.0,0.0,0.0,0.0,0.0,0.0,0.0,0.0,0.0,0.0,0.0,0.0,0.0,0.0,1.0,0.0,0.0,0.0,1.0,1.0,0.0,0.0,0.0,0.0,0.0,1.0
26,38480.95,2912.7458,87.0,0.0,5.0,3.0,2.0,0.0,11.0,5.0,3.81,4.0,1208.71,40.25261,30.91231,500.36227,0,0,0,0,0,1,0,0,0,0,0.0,0.0,0.0,0.0,0.0,0.0,0.0,0.0,0.0,0.0,0.0,1.0,0.0,0.0,0.0,0.0,1.0,0.0,1.0,0.0,1.0,0.0,0.0,0.0,0.0,0.0,1.0
21,16603.43,1205.6191,48.0,31.855732,8.0,10.0,30.0,3.0,26.0,15.0,19.81,12.0,2056.83,25.652702,68.46394,280.24225,0,0,0,1,0,0,0,1,0,1,0.0,0.0,0.0,0.0,0.0,0.0,0.0,0.0,0.0,0.0,0.0,0.0,0.0,1.0,0.0,0.0,0.0,1.0,0.0,1.0,0.0,0.0,1.0,0.0,0.0,0.0,0.0
36,56614.2,4638.85,80.0,310.1451,9.0,10.0,33.0,7.0,44.0,12.0,11.23,13.0,2600.73,29.639399,135.69003,268.04987,1,0,1,1,0,0,1,1,0,0,0.0,0.0,0.0,0.0,1.0,0.0,0.0,0.0,0.0,0.0,0.0,0.0,0.0,0.0,0.0,0.0,0.0,1.0,0.0,1.0,0.0,1.0,0.0,0.0,0.0,0.0,0.0
33,16436.66,1472.7217,31.0,77.91293,10.0,9.0,34.0,6.0,19.0,23.0,6.58,10.0,2669.09,32.711464,122.887245,226.47198,1,1,0,0,0,0,0,1,1,1,0.0,0.0,0.0,0.0,0.0,0.0,0.0,0.0,0.0,0.0,0.0,0.0,0.0,1.0,0.0,1.0,0.0,0.0,0.0,1.0,0.0,0.0,1.0,0.0,0.0,0.0,0.0
28,55916.52,4597.71,114.0,103.06639,8.0,7.0,5.0,4.0,17.0,13.0,2.23,2.0,1069.61,28.374168,129.70433,477.00027,1,0,0,0,1,0,0,0,0,1,0.0,0.0,0.0,0.0,0.0,0.0,0.0,0.0,0.0,0.0,0.0,0.0,0.0,1.0,0.0,0.0,0.0,1.0,0.0,1.0,0.0,1.0,0.0,0.0,0.0,0.0,1.0
18,29625.82,2559.8184,29.0,92.116234,3.0,4.0,11.0,4.0,27.0,14.0,17.74,4.0,1042.61,25.613401,87.08739,326.7782,1,0,1,0,0,0,0,1,1,0,0.0,0.0,0.0,0.0,0.0,0.0,0.0,0.0,0.0,0.0,0.0,1.0,0.0,0.0,0.0,0.0,0.0,1.0,0.0,1.0,0.0,1.0,0.0,0.0,0.0,0.0,1.0
20,24238.03,2138.836,93.0,15.19501,8.0,7.0,12.0,1.0,23.0,13.0,3.1,8.0,349.88,29.881638,118.448975,360.2396,0,1,0,0,0,0,0,0,0,0,0.0,0.0,0.0,0.0,0.0,0.0,0.0,0.0,0.0,0.0,0.0,0.0,1.0,0.0,0.0,0.0,0.0,1.0,1.0,0.0,0.0,0.0,0.0,0.0,1.0,0.0,1.0
31,34775.16,3048.93,58.0,126.59682,7.0,9.0,25.0,5.0,20.0,20.0,17.16,6.0,3003.45,36.05847,67.970375,360.3258,1,0,0,0,1,0,1,1,0,0,0.0,0.0,0.0,0.0,0.0,0.0,1.0,0.0,0.0,0.0,0.0,0.0,0.0,0.0,0.0,1.0,0.0,0.0,0.0,1.0,0.0,1.0,0.0,0.0,0.0,0.0,0.0
44,14705.9,1479.4917,68.0,57.893047,7.0,5.0,19.0,6.0,6.0,17.0,17.91,4.0,1190.8,35.957592,59.32368,290.73245,1,1,1,1,1,0,0,0,0,1,0.0,0.0,1.0,0.0,0.0,0.0,0.0,0.0,0.0,0.0,0.0,0.0,0.0,0.0,0.0,0.0,0.0,1.0,0.0,1.0,0.0,0.0,1.0,0.0,0.0,0.0,1.0
33,10701.525,651.79376,130.0,13.791205,3.0,5.0,19.0,3.0,13.0,12.0,5.95,3.0,158.95,26.727844,14.643723,286.74445,1,0,0,0,0,0,0,1,1,0,0.0,0.0,0.0,1.0,0.0,0.0,0.0,0.0,0.0,0.0,0.0,0.0,0.0,0.0,0.0,0.0,0.0,1.0,1.0,0.0,0.0,1.0,0.0,0.0,0.0,0.0,1.0
37,90160.11,7412.3423,105.0,238.89584,5.0,3.0,20.0,4.0,17.0,16.0,3.87,2.0,1174.21,39.086964,147.53232,594.8061,0,0,1,1,0,0,1,0,1,0,0.0,0.0,0.0,0.0,0.0,0.0,1.0,0.0,0.0,0.0,0.0,0.0,0.0,0.0,0.0,0.0,0.0,1.0,0.0,1.0,1.0,0.0,0.0,0.0,0.0,0.0,1.0
22,47873.6,3895.4666,107.0,57.865036,3.0,3.0,19.0,2.0,19.0,16.0,17.81,3.0,879.54,37.30411,168.66753,443.0141,0,0,0,0,1,0,0,1,0,0,0.0,0.0,0.0,1.0,0.0,0.0,0.0,0.0,0.0,0.0,0.0,0.0,0.0,0.0,0.0,0.0,0.0,1.0,0.0,1.0,0.0,0.0,0.0,0.0,1.0,0.0,0.0
48,23848.02,2234.335,69.0,0.0,8.0,3.0,10.0,0.0,5.0,19.0,6.36,0.0,340.16,33.335434,145.86276,347.57074,0,0,0,0,0,1,0,0,0,0,0.0,0.0,0.0,0.0,1.0,0.0,0.0,0.0,0.0,0.0,0.0,0.0,0.0,0.0,0.0,0.0,0.0,1.0,1.0,0.0,0.0,0.0,0.0,1.0,0.0,0.0,1.0
26,18228.535,1402.0446,89.0,54.007027,0.0,3.0,2.0,4.0,3.0,0.0,1.35,4.0,157.78,25.386868,182.77046,193.42697,1,0,1,0,0,0,1,0,0,0,0.0,0.0,0.0,0.0,0.0,0.0,0.0,0.0,0.0,1.0,0.0,0.0,0.0,0.0,0.0,0.0,1.0,0.0,1.0,0.0,0.0,0.0,0.0,0.0,0.0,1.0,2.0
22,10456.235,1090.3529,45.0,9.822822,4.0,8.0,25.0,2.0,23.0,12.0,16.4,10.0,1498.73,32.308537,86.45067,302.7618,1,0,0,0,0,0,0,0,0,1,0.0,0.0,0.0,0.0,0.0,0.0,0.0,0.0,0.0,0.0,0.0,0.0,0.0,0.0,1.0,0.0,0.0,1.0,0.0,1.0,0.0,0.0,0.0,0.0,0.0,1.0,0.0
20,7979.775,531.98126,41.0,38.27652,7.0,10.0,25.0,7.0,10.0,11.0,11.32,7.0,2211.7,32.034508,49.742092,255.17952,1,1,0,0,0,0,1,1,1,1,0.0,0.0,0.0,0.0,0.0,0.0,0.0,0.0,0.0,0.0,0.0,1.0,0.0,0.0,0.0,0.0,0.0,1.0,0.0,1.0,0.0,0.0,0.0,0.0,0.0,1.0,0.0
31,30616.07,2813.339,118.0,0.0,1.0,2.0,3.0,0.0,4.0,2.0,9.61,3.0,1244.22,39.157856,115.962006,445.37192,0,0,0,0,0,1,0,0,0,0,0.0,0.0,0.0,0.0,0.0,0.0,0.0,0.0,1.0,0.0,0.0,0.0,0.0,0.0,0.0,0.0,1.0,0.0,1.0,0.0,0.0,0.0,0.0,0.0,1.0,0.0,2.0
26,59458.29,4692.8574,81.0,26.333036,8.0,5.0,13.0,1.0,31.0,21.0,10.62,1.0,1114.52,26.466225,81.88225,601.0705,0,0,0,0,0,0,0,0,1,0,0.0,0.0,0.0,0.0,0.0,0.0,0.0,0.0,0.0,0.0,1.0,0.0,0.0,0.0,0.0,0.0,0.0,1.0,0.0,1.0,1.0,0.0,0.0,0.0,0.0,0.0,1.0
31,55197.81,4708.8174,33.0,78.74862,6.0,4.0,23.0,2.0,20.0,20.0,14.17,4.0,1931.66,24.893734,476.27133,205.86182,0,1,0,0,0,0,1,0,0,0,0.0,0.0,0.0,0.0,0.0,0.0,0.0,0.0,0.0,0.0,0.0,0.0,0.0,0.0,1.0,0.0,0.0,1.0,0.0,1.0,0.0,0.0,0.0,0.0,0.0,1.0,0.0
23,16406.08,1604.1733,34.0,34.194042,5.0,5.0,16.0,3.0,22.0,17.0,18.02,10.0,1618.94,27.801105,33.328453,342.89484,0,1,0,0,0,0,0,1,0,1,0.0,0.0,0.0,0.0,0.0,0.0,0.0,1.0,0.0,0.0,0.0,0.0,0.0,0.0,0.0,0.0,0.0,1.0,0.0,1.0,0.0,1.0,0.0,0.0,0.0,0.0,1.0
38,7261.91,393.15918,33.0,35.4618,5.0,7.0,12.0,6.0,30.0,14.0,17.98,7.0,908.02,28.660538,17.9066,245.94751,0,1,0,1,0,0,1,1,1,0,0.0,0.0,0.0,0.0,0.0,0.0,0.0,1.0,0.0,0.0,0.0,0.0,0.0,0.0,0.0,0.0,0.0,1.0,0.0,1.0,0.0,0.0,1.0,0.0,0.0,0.0,1.0
28,44423.16,3825.93,115.0,57.48555,5.0,4.0,20.0,3.0,18.0,8.0,10.06,4.0,1149.63,38.07425,72.09174,493.01572,1,0,1,0,0,0,0,1,0,0,0.0,0.0,0.0,0.0,0.0,0.0,0.0,0.0,0.0,0.0,1.0,0.0,0.0,0.0,0.0,0.0,0.0,1.0,1.0,0.0,1.0,0.0,0.0,0.0,0.0,0.0,1.0
51,14179.49,1276.6241,131.0,21.898954,5.0,2.0,5.0,3.0,9.0,0.0,3.62,1.0,1362.09,31.385174,91.86463,303.89883,1,0,0,0,0,0,0,0,1,1,0.0,0.0,0.0,0.0,0.0,0.0,0.0,0.0,0.0,0.0,1.0,0.0,0.0,0.0,0.0,0.0,1.0,0.0,1.0,0.0,0.0,0.0,0.0,0.0,0.0,1.0,1.0
39,62805.48,5247.79,82.0,134.01028,6.0,7.0,30.0,5.0,32.0,22.0,0.85,15.0,1584.95,26.388586,128.46736,512.30133,1,0,1,0,1,0,0,0,0,1,0.0,0.0,0.0,0.0,0.0,1.0,0.0,0.0,0.0,0.0,0.0,0.0,0.0,0.0,0.0,1.0,0.0,0.0,0.0,1.0,0.0,1.0,0.0,0.0,0.0,0.0,0.0
31,116690.94,9747.245,112.0,233.5025,2.0,4.0,6.0,3.0,6.0,14.0,0.14,3.0,1096.42,33.162678,187.42488,793.7971,1,0,0,0,0,0,0,1,1,0,0.0,0.0,0.0,0.0,0.0,0.0,0.0,0.0,0.0,0.0,0.0,0.0,0.0,1.0,0.0,0.0,1.0,0.0,1.0,0.0,1.0,0.0,0.0,0.0,0.0,0.0,1.0
28,72140.07,5777.6724,112.0,52.448822,6.0,5.0,9.0,1.0,23.0,11.0,19.52,4.0,638.12,26.762777,86.058784,592.03986,0,0,0,0,0,0,0,0,1,0,0.0,0.0,0.0,0.0,0.0,0.0,0.0,1.0,0.0,0.0,0.0,0.0,0.0,0.0,0.0,0.0,0.0,1.0,0.0,1.0,0.0,0.0,0.0,0.0,1.0,0.0,1.0
50,89531.13,7216.9277,133.0,223.27655,3.0,4.0,10.0,3.0,11.0,12.0,-2.96,4.0,931.94,40.872383,194.04298,584.3732,1,0,0,1,0,0,0,0,0,0,0.0,0.0,0.0,0.0,0.0,0.0,0.0,0.0,0.0,0.0,0.0,0.0,0.0,1.0,0.0,0.0,0.0,1.0,1.0,0.0,0.0,0.0,0.0,0.0,1.0,0.0,1.0
23,33470.66,2562.2217,86.0,99.3172,6.0,3.0,7.0,4.0,30.0,9.0,8.98,0.0,1423.22,36.69958,152.00151,274.90347,1,1,0,1,0,0,1,0,0,0,0.0,1.0,0.0,0.0,0.0,0.0,0.0,0.0,0.0,0.0,0.0,0.0,0.0,0.0,0.0,0.0,0.0,1.0,0.0,1.0,0.0,0.0,0.0,1.0,0.0,0.0,1.0
16,57877.95,4531.1626,82.0,204.47246,8.0,10.0,15.0,5.0,16.0,14.0,14.36,11.0,1805.92,31.594667,226.36137,292.2824,0,0,1,1,1,0,1,0,0,0,0.0,0.0,1.0,0.0,0.0,0.0,0.0,0.0,0.0,0.0,0.0,0.0,0.0,0.0,0.0,0.0,0.0,1.0,0.0,1.0,0.0,0.0,0.0,1.0,0.0,0.0,0.0
52,43594.55,3778.8792,117.0,51.23169,1.0,3.0,2.0,2.0,4.0,2.0,7.62,1.0,1231.5,37.4643,27.548,539.1082,0,0,1,1,0,0,0,0,0,0,0.0,0.0,1.0,0.0,0.0,0.0,0.0,0.0,0.0,0.0,0.0,0.0,0.0,0.0,0.0,0.0,1.0,0.0,1.0,0.0,1.0,0.0,0.0,0.0,0.0,0.0,1.0
29,25810.93,1916.9109,71.0,51.42495,5.0,3.0,14.0,3.0,14.0,13.0,10.53,5.0,1123.51,22.503939,153.19637,277.06976,1,1,0,0,0,0,1,0,0,0,0.0,0.0,0.0,0.0,0.0,0.0,0.0,0.0,0.0,0.0,1.0,0.0,0.0,0.0,0.0,0.0,0.0,1.0,0.0,1.0,0.0,0.0,0.0,0.0,0.0,1.0,1.0
35,19294.46,1392.8717,76.0,86.26888,10.0,5.0,22.0,8.0,45.0,18.0,2.06,7.0,2233.25,27.775326,119.75865,223.25963,1,1,0,1,1,0,1,0,1,0,0.0,0.0,0.0,0.0,0.0,0.0,0.0,0.0,1.0,0.0,0.0,0.0,0.0,0.0,0.0,1.0,0.0,0.0,0.0,1.0,0.0,0.0,0.0,0.0,0.0,1.0,0.0
20,16038.68,1538.5566,77.0,0.0,3.0,4.0,15.0,0.0,10.0,14.0,11.12,4.0,984.67,34.27817,85.48027,358.3754,0,0,0,0,0,1,0,0,0,0,0.0,0.0,0.0,0.0,0.0,0.0,0.0,0.0,0.0,0.0,0.0,0.0,1.0,0.0,0.0,0.0,0.0,1.0,1.0,0.0,0.0,0.0,0.0,0.0,0.0,1.0,1.0
20,36349.28,2885.1067,46.0,72.660805,6.0,8.0,26.0,4.0,21.0,22.0,17.25,12.0,2195.84,39.668453,65.79055,400.05933,1,1,0,0,0,0,1,0,0,0,0.0,0.0,1.0,0.0,0.0,0.0,0.0,0.0,0.0,0.0,0.0,0.0,0.0,0.0,0.0,1.0,0.0,0.0,0.0,1.0,0.0,1.0,0.0,0.0,0.0,0.0,0.0
32,20063.03,1460.9192,47.0,36.899063,3.0,5.0,15.0,3.0,18.0,11.0,8.55,9.0,1598.32,26.488216,145.47667,253.71617,0,1,0,0,0,0,0,1,0,1,0.0,0.0,0.0,0.0,0.0,1.0,0.0,0.0,0.0,0.0,0.0,0.0,0.0,0.0,0.0,0.0,0.0,1.0,0.0,1.0,0.0,0.0,0.0,0.0,0.0,1.0,0.0
34,15093.63,1479.8025,40.0,54.673878,10.0,10.0,26.0,7.0,48.0,20.0,19.41,12.0,2684.55,29.949492,108.0098,275.29657,1,0,1,1,0,0,0,1,0,1,0.0,0.0,0.0,0.0,0.0,0.0,0.0,0.0,0.0,0.0,0.0,0.0,0.0,1.0,0.0,1.0,0.0,0.0,0.0,1.0,0.0,0.0,0.0,0.0,0.0,1.0,0.0
36,12761.21,1026.4342,69.0,33.819557,5.0,4.0,13.0,4.0,20.0,11.0,3.0,4.0,662.86,37.039352,30.77181,288.05206,0,0,1,0,0,0,1,0,1,0,0.0,0.0,0.0,0.0,0.0,0.0,0.0,0.0,0.0,0.0,0.0,1.0,0.0,0.0,0.0,0.0,0.0,1.0,1.0,0.0,0.0,1.0,0.0,0.0,0.0,0.0,1.0
35,19562.47,1713.2058,37.0,30.784138,3.0,3.0,9.0,3.0,5.0,9.0,19.35,10.0,712.22,26.85201,128.68501,281.85144,0,1,0,0,0,0,0,0,0,0,0.0,0.0,0.0,0.0,0.0,0.0,1.0,0.0,0.0,0.0,0.0,0.0,0.0,0.0,0.0,0.0,0.0,1.0,0.0,1.0,0.0,0.0,0.0,1.0,0.0,0.0,1.0
51,84031.02,7021.585,110.0,0.0,5.0,3.0,1.0,0.0,7.0,6.0,4.48,2.0,1325.84,32.456177,319.125,663.0335,0,0,0,0,0,1,0,0,0,0,0.0,0.0,0.0,0.0,0.0,0.0,1.0,0.0,0.0,0.0,0.0,0.0,0.0,0.0,0.0,0.0,1.0,0.0,1.0,0.0,0.0,1.0,0.0,0.0,0.0,0.0,2.0
43,46066.06,3567.8384,105.0,61.159485,7.0,7.0,8.0,2.0,29.0,11.0,16.43,5.0,373.75,40.123383,357.74316,227.8812,0,0,0,0,0,0,0,1,0,1,0.0,0.0,0.0,0.0,0.0,0.0,0.0,0.0,0.0,0.0,0.0,1.0,0.0,0.0,0.0,0.0,0.0,1.0,0.0,1.0,0.0,0.0,0.0,0.0,0.0,1.0,1.0
43,21265.79,2035.1492,85.0,19.353361,6.0,6.0,5.0,2.0,26.0,15.0,13.99,2.0,515.14,24.818125,35.01393,389.1476,0,0,1,0,0,0,0,0,0,1,0.0,0.0,0.0,0.0,0.0,0.0,0.0,0.0,0.0,0.0,0.0,1.0,0.0,0.0,0.0,0.0,0.0,1.0,0.0,1.0,1.0,0.0,0.0,0.0,0.0,0.0,1.0
30,48053.61,3917.4675,81.0,175.96541,7.0,8.0,17.0,5.0,52.0,20.0,7.85,9.0,2141.5,33.463326,244.74332,241.03801,1,1,1,0,0,0,0,1,0,0,0.0,1.0,0.0,0.0,0.0,0.0,0.0,0.0,0.0,0.0,0.0,0.0,0.0,0.0,0.0,1.0,0.0,0.0,0.0,1.0,0.0,0.0,0.0,1.0,0.0,0.0,0.0
48,88859.37,7517.9473,92.0,49.2213,5.0,4.0,8.0,1.0,8.0,12.0,2.49,4.0,473.15,39.76293,223.00003,729.5734,0,0,0,0,0,0,0,0,1,0,0.0,0.0,0.0,0.0,0.0,0.0,1.0,0.0,0.0,0.0,0.0,0.0,0.0,0.0,0.0,0.0,1.0,0.0,1.0,0.0,0.0,1.0,0.0,0.0,0.0,0.0,2.0
46,27288.85,2524.0708,82.0,65.728134,5.0,3.0,5.0,4.0,9.0,10.0,19.85,4.0,1354.13,30.133654,118.61393,328.06503,0,1,0,0,0,0,0,1,0,0,0.0,0.0,1.0,0.0,0.0,0.0,0.0,0.0,0.0,0.0,0.0,0.0,0.0,0.0,0.0,0.0,0.0,1.0,0.0,1.0,0.0,0.0,1.0,0.0,0.0,0.0,1.0
27,29283.91,2380.326,128.0,36.208447,3.0,5.0,8.0,2.0,17.0,4.0,8.33,2.0,309.61,37.04272,188.99182,292.8323,0,0,0,0,1,0,1,0,0,0,0.0,0.0,0.0,0.0,0.0,0.0,0.0,0.0,0.0,0.0,0.0,0.0,0.0,1.0,0.0,0.0,1.0,0.0,1.0,0.0,0.0,0.0,0.0,0.0,1.0,0.0,0.0
20,62892.92,5461.0767,73.0,211.79646,7.0,6.0,33.0,5.0,29.0,17.0,5.58,17.0,2432.07,27.717709,124.45224,459.85898,0,0,1,1,0,0,1,1,0,1,0.0,0.0,1.0,0.0,0.0,0.0,0.0,0.0,0.0,0.0,0.0,0.0,0.0,0.0,0.0,1.0,0.0,0.0,0.0,1.0,1.0,0.0,0.0,0.0,0.0,0.0,0.0
39,37080.88,3347.0732,25.0,222.07222,7.0,7.0,29.0,9.0,31.0,23.0,21.96,7.0,3004.98,33.788445,83.51336,269.12177,1,0,1,1,0,0,0,1,1,1,0.0,0.0,0.0,0.0,0.0,0.0,0.0,0.0,0.0,1.0,0.0,0.0,0.0,0.0,0.0,1.0,0.0,0.0,0.0,1.0,1.0,0.0,0.0,0.0,0.0,0.0,1.0
29,70802.28,6073.19,125.0,0.0,7.0,5.0,15.0,0.0,28.0,10.0,17.74,1.0,684.53,32.681236,155.12126,692.19775,0,0,0,0,0,1,0,0,0,0,1.0,0.0,0.0,0.0,0.0,0.0,0.0,0.0,0.0,0.0,0.0,0.0,0.0,0.0,0.0,0.0,0.0,1.0,0.0,1.0,1.0,0.0,0.0,0.0,0.0,0.0,1.0
35,16640.35,1253.6958,76.0,7.50474,5.0,6.0,9.0,1.0,25.0,7.0,6.24,5.0,1128.37,27.969542,47.33558,344.25778,0,0,0,0,0,0,0,1,0,0,0.0,0.0,1.0,0.0,0.0,0.0,0.0,0.0,0.0,0.0,0.0,0.0,0.0,0.0,0.0,0.0,0.0,1.0,0.0,1.0,0.0,0.0,0.0,0.0,0.0,1.0,0.0
27,28749.39,2181.7825,70.0,93.136826,7.0,3.0,10.0,4.0,16.0,18.0,-2.04,3.0,1084.73,34.801598,171.7739,223.26753,0,0,1,0,1,0,1,0,0,1,0.0,0.0,0.0,0.0,0.0,0.0,0.0,0.0,1.0,0.0,0.0,0.0,0.0,0.0,0.0,0.0,1.0,0.0,1.0,0.0,0.0,0.0,0.0,1.0,0.0,0.0,2.0
52,19602.22,1448.5183,79.0,23.746183,7.0,4.0,6.0,2.0,9.0,6.0,10.7,1.0,962.35,31.339596,69.422165,341.68347,0,1,1,0,0,0,0,0,0,0,0.0,0.0,0.0,1.0,0.0,0.0,0.0,0.0,0.0,0.0,0.0,0.0,0.0,0.0,0.0,0.0,0.0,1.0,0.0,1.0,0.0,0.0,0.0,0.0,0.0,1.0,1.0
27,21498.365,1628.5304,97.0,49.800526,3.0,3.0,8.0,4.0,27.0,4.0,9.46,2.0,488.89,29.682243,51.26965,321.78287,0,0,0,1,0,0,0,1,0,1,0.0,0.0,0.0,0.0,0.0,0.0,0.0,0.0,0.0,1.0,0.0,0.0,0.0,0.0,0.0,0.0,1.0,0.0,1.0,0.0,0.0,0.0,1.0,0.0,0.0,0.0,0.0
33,32908.26,2504.355,57.0,70.60526,7.0,10.0,33.0,4.0,45.0,21.0,19.13,9.0,1775.04,29.783407,176.7036,293.12665,0,0,0,0,1,0,0,1,1,0,0.0,0.0,1.0,0.0,0.0,0.0,0.0,0.0,0.0,0.0,0.0,0.0,0.0,0.0,0.0,1.0,0.0,0.0,0.0,1.0,0.0,0.0,0.0,0.0,0.0,1.0,1.0
20,59923.89,4783.6577,75.0,94.816826,10.0,10.0,15.0,2.0,49.0,14.0,15.47,10.0,2497.36,37.95735,342.22958,311.31934,0,0,0,0,0,0,1,1,0,0,0.0,1.0,0.0,0.0,0.0,0.0,0.0,0.0,0.0,0.0,0.0,0.0,0.0,0.0,0.0,0.0,0.0,1.0,0.0,1.0,0.0,0.0,0.0,1.0,0.0,0.0,0.0
39,76395.28,6074.2734,40.0,208.7696,9.0,8.0,30.0,5.0,21.0,20.0,22.94,10.0,3026.97,34.307793,127.91524,530.7425,0,1,0,1,1,0,1,0,0,0,0.0,0.0,1.0,0.0,0.0,0.0,0.0,0.0,0.0,0.0,0.0,0.0,0.0,0.0,0.0,1.0,0.0,0.0,0.0,1.0,0.0,0.0,1.0,0.0,0.0,0.0,0.0
19,28665.76,2582.8132,101.0,22.688177,7.0,3.0,5.0,1.0,16.0,13.0,4.32,0.0,1237.46,31.423496,117.047356,378.5458,0,0,1,0,0,0,0,0,0,0,0.0,0.0,1.0,0.0,0.0,0.0,0.0,0.0,0.0,0.0,0.0,0.0,0.0,0.0,0.0,0.0,0.0,1.0,1.0,0.0,0.0,0.0,1.0,0.0,0.0,0.0,1.0
25,15905.25,1075.4375,80.0,49.586113,5.0,4.0,34.0,7.0,22.0,22.0,17.51,10.0,2223.59,32.098125,81.523,266.43463,0,0,0,1,1,0,1,1,0,1,0.0,0.0,0.0,0.0,0.0,0.0,0.0,0.0,0.0,0.0,1.0,0.0,0.0,0.0,0.0,0.0,0.0,1.0,0.0,1.0,0.0,0.0,0.0,0.0,0.0,1.0,0.0
46,61976.44,5027.703,79.0,190.55675,1.0,5.0,8.0,4.0,-3.0,11.0,11.01,3.0,78.47,24.753565,317.6697,254.54388,0,0,0,1,0,0,0,0,1,1,0.0,1.0,0.0,0.0,0.0,0.0,0.0,0.0,0.0,0.0,0.0,0.0,0.0,0.0,0.0,0.0,1.0,0.0,1.0,0.0,0.0,0.0,1.0,0.0,0.0,0.0,1.0
52,78261.62,6373.802,111.0,111.15588,1.0,1.0,6.0,3.0,10.0,5.0,7.66,3.0,431.77,39.037,418.90955,367.31476,0,0,0,0,1,0,0,1,1,0,0.0,0.0,0.0,0.0,0.0,0.0,0.0,0.0,0.0,0.0,0.0,1.0,0.0,0.0,0.0,0.0,1.0,0.0,1.0,0.0,0.0,0.0,1.0,0.0,0.0,0.0,2.0
53,12743.995,1271.9996,99.0,12.867268,3.0,4.0,8.0,2.0,31.0,12.0,7.22,6.0,998.95,31.956238,152.50893,251.82376,0,0,0,0,0,0,0,0,1,1,0.0,1.0,0.0,0.0,0.0,0.0,0.0,0.0,0.0,0.0,0.0,0.0,0.0,0.0,0.0,0.0,0.0,1.0,1.0,0.0,0.0,0.0,0.0,0.0,0.0,1.0,1.0
19,19575.89,1559.3242,71.0,54.090797,5.0,10.0,16.0,5.0,16.0,16.0,18.27,8.0,2394.38,25.06425,63.62512,328.2165,1,0,0,1,0,0,1,1,0,0,0.0,1.0,0.0,0.0,0.0,0.0,0.0,0.0,0.0,0.0,0.0,0.0,0.0,0.0,0.0,0.0,0.0,1.0,0.0,1.0,0.0,0.0,0.0,0.0,0.0,1.0,0.0
34,15093.63,1479.8025,41.0,54.673878,10.0,10.0,26.0,7.0,52.0,17.0,17.41,12.0,2684.55,27.879866,145.05641,238.24997,1,0,1,1,0,0,0,1,0,1,0.0,0.0,0.0,0.0,0.0,0.0,0.0,0.0,0.0,0.0,0.0,0.0,0.0,1.0,0.0,1.0,0.0,0.0,0.0,1.0,0.0,0.0,0.0,0.0,0.0,1.0,0.0
21,58452.18,4676.015,73.0,0.0,3.0,5.0,2.0,0.0,2.0,1.0,6.83,2.0,1437.16,25.655186,110.69136,596.91016,0,0,0,0,0,1,0,0,0,0,0.0,0.0,0.0,0.0,0.0,0.0,0.0,0.0,1.0,0.0,0.0,0.0,0.0,0.0,0.0,0.0,1.0,0.0,1.0,0.0,1.0,0.0,0.0,0.0,0.0,0.0,0.0
47,33669.54,2571.795,114.0,54.036976,5.0,6.0,3.0,2.0,12.0,6.0,8.14,4.0,741.68,26.19748,107.84203,355.3005,1,0,0,0,0,0,0,0,1,0,0.0,0.0,0.0,0.0,0.0,0.0,0.0,0.0,0.0,0.0,0.0,0.0,1.0,0.0,0.0,0.0,1.0,0.0,1.0,0.0,0.0,0.0,0.0,0.0,0.0,1.0,1.0
23,33518.12,2879.1768,74.0,165.64462,6.0,9.0,23.0,7.0,43.0,14.0,10.18,10.0,1743.43,40.26143,210.03433,202.23871,1,0,0,1,1,0,1,0,0,1,0.0,0.0,0.0,0.0,1.0,0.0,0.0,0.0,0.0,0.0,0.0,0.0,0.0,0.0,0.0,0.0,0.0,1.0,0.0,1.0,0.0,0.0,0.0,0.0,0.0,1.0,0.0
42,78626.49,6682.2075,72.0,140.73222,5.0,4.0,9.0,4.0,18.0,22.0,6.73,0.0,550.1,31.769632,211.22946,596.2591,1,1,0,0,0,0,1,0,0,0,0.0,0.0,0.0,0.0,0.0,0.0,0.0,0.0,0.0,0.0,1.0,0.0,0.0,0.0,0.0,0.0,0.0,1.0,1.0,0.0,0.0,0.0,0.0,0.0,1.0,0.0,1.0
36,19012.94,1805.4116,37.0,25.16027,8.0,6.0,31.0,2.0,17.0,17.0,15.81,8.0,2670.43,35.083344,126.31495,299.06595,1,0,1,0,0,0,0,0,0,0,0.0,0.0,0.0,0.0,0.0,0.0,0.0,0.0,0.0,0.0,0.0,0.0,0.0,0.0,1.0,0.0,0.0,1.0,0.0,1.0,0.0,0.0,0.0,1.0,0.0,0.0,1.0
38,69312.12,5956.01,72.0,220.16144,8.0,6.0,7.0,4.0,5.0,12.0,8.43,8.0,170.5,28.016489,233.14932,402.29025,1,0,0,0,1,0,0,1,0,1,0.0,0.0,1.0,0.0,0.0,0.0,0.0,0.0,0.0,0.0,0.0,0.0,0.0,0.0,0.0,0.0,0.0,1.0,0.0,1.0,0.0,0.0,1.0,0.0,0.0,0.0,0.0
50,59673.22,5200.7686,135.0,90.72548,3.0,4.0,12.0,2.0,5.0,9.0,6.0,3.0,5.67,34.62658,281.0002,408.35114,0,1,1,0,0,0,0,0,0,0,1.0,0.0,0.0,0.0,0.0,0.0,0.0,0.0,0.0,0.0,0.0,0.0,0.0,0.0,0.0,0.0,1.0,0.0,1.0,0.0,0.0,0.0,1.0,0.0,0.0,0.0,2.0
37,57459.36,4839.28,38.0,222.16689,8.0,7.0,15.0,5.0,5.0,17.0,18.18,10.0,2124.47,37.08061,185.13435,326.62677,1,0,0,1,0,0,1,1,1,0,0.0,0.0,0.0,0.0,1.0,0.0,0.0,0.0,0.0,0.0,0.0,0.0,0.0,0.0,0.0,0.0,0.0,1.0,0.0,1.0,0.0,1.0,0.0,0.0,0.0,0.0,1.0
21,18927.65,1779.3042,84.0,62.540253,6.0,7.0,24.0,6.0,12.0,14.0,8.61,12.0,1942.4,28.833067,108.161194,297.22897,1,0,0,1,1,0,0,0,1,1,0.0,0.0,0.0,0.0,0.0,0.0,0.0,0.0,0.0,0.0,0.0,0.0,1.0,0.0,0.0,0.0,0.0,1.0,0.0,1.0,0.0,0.0,0.0,0.0,0.0,1.0,0.0
40,112362.76,9279.563,100.0,236.27766,4.0,4.0,5.0,4.0,25.0,17.0,5.86,2.0,1358.65,29.914524,424.69955,546.9791,0,0,0,0,1,0,0,1,1,0,0.0,0.0,0.0,0.0,0.0,0.0,0.0,0.0,1.0,0.0,0.0,0.0,0.0,0.0,0.0,0.0,0.0,1.0,1.0,0.0,0.0,0.0,0.0,0.0,1.0,0.0,1.0
35,75306.68,6327.5566,130.0,158.6074,2.0,4.0,6.0,3.0,3.0,1.0,1.43,2.0,103.22,41.9578,61.919014,652.22925,0,0,1,0,0,0,0,0,0,0,0.0,0.0,0.0,0.0,0.0,0.0,0.0,0.0,0.0,0.0,0.0,0.0,0.0,0.0,1.0,0.0,1.0,0.0,1.0,0.0,1.0,0.0,0.0,0.0,0.0,0.0,1.0
41,31490.63,2766.2192,121.0,0.0,7.0,5.0,17.0,0.0,14.0,11.0,7.39,0.0,708.5,25.881632,52.166275,233.76512,0,0,0,0,0,1,0,0,0,0,0.0,0.0,0.0,0.0,0.0,0.0,0.0,1.0,0.0,0.0,0.0,0.0,0.0,0.0,0.0,0.0,0.0,1.0,0.0,1.0,0.0,0.0,0.0,0.0,0.0,1.0,1.0
41,99340.08,8506.34,120.0,0.0,3.0,1.0,8.0,0.0,15.0,6.0,7.91,5.0,1028.59,29.245996,415.833,694.801,0,0,0,0,0,1,0,0,0,0,0.0,0.0,1.0,0.0,0.0,0.0,0.0,0.0,0.0,0.0,0.0,0.0,0.0,0.0,0.0,0.0,1.0,0.0,1.0,0.0,0.0,0.0,1.0,0.0,0.0,0.0,2.0
22,69014.48,5467.2065,66.0,310.14035,10.0,6.0,25.0,7.0,43.0,22.0,14.28,12.0,2313.63,34.523403,474.84457,31.735746,1,0,0,1,1,0,0,0,1,1,0.0,0.0,0.0,0.0,0.0,0.0,0.0,1.0,0.0,0.0,0.0,0.0,0.0,0.0,0.0,1.0,0.0,0.0,0.0,1.0,0.0,0.0,0.0,1.0,0.0,0.0,0.0
47,58210.38,4681.865,87.0,135.22722,2.0,5.0,3.0,4.0,8.0,9.0,8.47,0.0,311.9,34.91513,156.44153,426.51776,0,0,1,0,0,0,0,0,1,0,0.0,0.0,0.0,0.0,0.0,0.0,0.0,0.0,0.0,0.0,0.0,0.0,1.0,0.0,0.0,0.0,1.0,0.0,1.0,0.0,0.0,1.0,0.0,0.0,0.0,0.0,2.0
52,68763.14,5520.2617,103.0,72.94696,5.0,2.0,1.0,2.0,4.0,6.0,3.72,5.0,1304.38,29.894867,137.55501,601.5242,0,0,0,1,0,0,0,0,0,0,0.0,0.0,0.0,0.0,0.0,1.0,0.0,0.0,0.0,0.0,0.0,0.0,0.0,0.0,0.0,0.0,1.0,0.0,1.0,0.0,0.0,0.0,1.0,0.0,0.0,0.0,2.0
52,19646.256,1831.1879,122.0,30.118977,3.0,6.0,10.0,2.0,9.0,1.0,6.7,1.0,614.76,38.38042,114.42737,328.57245,0,0,1,0,1,0,0,0,0,0,0.0,0.0,0.0,0.0,1.0,0.0,0.0,0.0,0.0,0.0,0.0,0.0,0.0,0.0,0.0,0.0,1.0,0.0,1.0,0.0,0.0,0.0,0.0,0.0,0.0,1.0,0.0
24,10805.56,627.4633,77.0,13.16186,5.0,6.0,15.0,2.0,22.0,16.0,0.29,2.0,298.98,30.610441,71.56321,268.02127,0,0,0,0,1,0,1,0,0,0,0.0,0.0,0.0,0.0,0.0,0.0,0.0,1.0,0.0,0.0,0.0,0.0,0.0,0.0,0.0,0.0,0.0,1.0,1.0,0.0,0.0,0.0,0.0,0.0,0.0,1.0,1.0
40,42241.19,3231.099,109.0,0.0,0.0,5.0,11.0,0.0,5.0,14.0,3.24,9.0,190.04,26.435152,334.94366,460.1679,0,0,0,0,0,1,0,0,0,0,0.0,0.0,0.0,0.0,0.0,0.0,1.0,0.0,0.0,0.0,0.0,0.0,0.0,0.0,0.0,0.0,1.0,0.0,1.0,0.0,0.0,0.0,0.0,1.0,0.0,0.0,2.0
51,20199.46,1520.2883,85.0,60.042793,3.0,3.0,6.0,4.0,7.0,3.0,5.56,2.0,1357.95,38.006104,147.60558,234.38048,0,1,1,0,0,0,0,1,1,0,0.0,0.0,0.0,0.0,0.0,0.0,0.0,0.0,0.0,0.0,1.0,0.0,0.0,0.0,0.0,0.0,1.0,0.0,1.0,0.0,0.0,0.0,0.0,0.0,0.0,1.0,1.0
28,20734.16,1984.8467,98.0,12.65311,7.0,5.0,19.0,1.0,25.0,13.0,10.51,5.0,1344.19,39.923386,104.88425,360.94733,0,0,0,0,0,0,0,0,1,0,0.0,0.0,0.0,0.0,0.0,0.0,0.0,0.0,0.0,0.0,0.0,0.0,1.0,0.0,0.0,0.0,0.0,1.0,0.0,1.0,0.0,0.0,0.0,0.0,1.0,0.0,0.0
46,55120.88,4465.4067,74.0,103.28113,5.0,7.0,5.0,4.0,21.0,19.0,2.82,11.0,1045.89,40.732525,174.53497,418.72458,0,0,1,0,0,0,1,1,1,0,0.0,0.0,0.0,0.0,0.0,0.0,0.0,1.0,0.0,0.0,0.0,0.0,0.0,0.0,0.0,0.0,0.0,1.0,0.0,1.0,0.0,1.0,0.0,0.0,0.0,0.0,1.0
32,60856.6,5282.3833,65.0,124.3913,3.0,6.0,9.0,3.0,14.0,6.0,3.88,3.0,1159.43,40.790245,94.45262,559.3944,0,0,0,0,0,0,0,1,0,1,0.0,0.0,0.0,0.0,0.0,1.0,0.0,0.0,0.0,0.0,0.0,0.0,0.0,0.0,0.0,0.0,1.0,0.0,1.0,0.0,0.0,1.0,0.0,0.0,0.0,0.0,1.0
29,38861.72,3511.4766,128.0,26.069204,4.0,5.0,11.0,1.0,10.0,3.0,3.83,4.0,107.29,41.963673,80.40861,494.66986,0,0,0,0,1,0,0,0,0,0,0.0,0.0,0.0,0.0,0.0,0.0,0.0,0.0,1.0,0.0,0.0,0.0,0.0,0.0,0.0,0.0,1.0,0.0,1.0,0.0,0.0,1.0,0.0,0.0,0.0,0.0,2.0
49,39242.1,3229.175,91.0,0.0,4.0,2.0,4.0,0.0,5.0,8.0,3.01,3.0,772.08,32.51507,94.27703,461.31,0,0,0,0,0,1,0,0,0,0,0.0,1.0,0.0,0.0,0.0,0.0,0.0,0.0,0.0,0.0,0.0,0.0,0.0,0.0,0.0,0.0,1.0,0.0,1.0,0.0,0.0,1.0,0.0,0.0,0.0,0.0,2.0
51,14730.78,1507.565,76.0,0.0,6.0,3.0,10.0,0.0,19.0,14.0,5.76,7.0,655.01,34.794907,25.321009,375.4355,0,0,0,0,0,1,0,0,0,0,1.0,0.0,0.0,0.0,0.0,0.0,0.0,0.0,0.0,0.0,0.0,0.0,0.0,0.0,0.0,0.0,1.0,0.0,1.0,0.0,0.0,1.0,0.0,0.0,0.0,0.0,2.0
18,20485.76,1950.1466,100.0,29.226494,3.0,2.0,11.0,3.0,1.0,12.0,3.65,6.0,1362.09,23.001694,219.14262,236.64554,0,0,0,0,1,0,1,0,0,0,0.0,0.0,0.0,1.0,0.0,0.0,0.0,0.0,0.0,0.0,0.0,0.0,0.0,0.0,0.0,0.0,1.0,0.0,1.0,0.0,0.0,0.0,0.0,0.0,0.0,1.0,2.0
22,33911.02,2999.9182,91.0,23.701338,3.0,5.0,14.0,1.0,12.0,8.0,7.71,6.0,459.16,30.83463,253.58943,312.70105,0,1,0,0,0,0,0,0,0,0,0.0,1.0,0.0,0.0,0.0,0.0,0.0,0.0,0.0,0.0,0.0,0.0,0.0,0.0,0.0,0.0,0.0,1.0,1.0,0.0,0.0,0.0,0.0,0.0,0.0,1.0,1.0
21,126026.19,10704.183,126.0,250.11697,0.0,7.0,2.0,3.0,12.0,3.0,8.61,4.0,1475.49,40.652824,268.1946,792.1067,0,1,0,0,0,0,0,0,1,1,0.0,0.0,0.0,1.0,0.0,0.0,0.0,0.0,0.0,0.0,0.0,0.0,0.0,0.0,0.0,0.0,1.0,0.0,1.0,0.0,1.0,0.0,0.0,0.0,0.0,0.0,1.0
33,17423.69,1707.9741,128.0,0.0,6.0,5.0,15.0,0.0,20.0,11.0,16.74,5.0,1158.96,35.733227,26.15944,384.63797,0,0,0,0,0,1,0,0,0,0,0.0,0.0,0.0,0.0,0.0,1.0,0.0,0.0,0.0,0.0,0.0,0.0,0.0,0.0,0.0,0.0,0.0,1.0,0.0,1.0,1.0,0.0,0.0,0.0,0.0,0.0,1.0
19,78208.96,6595.4136,136.0,184.3776,8.0,5.0,9.0,3.0,26.0,9.0,11.2,4.0,1419.42,34.939053,140.27217,574.89154,1,0,1,0,0,0,0,0,1,0,0.0,0.0,0.0,0.0,0.0,0.0,0.0,0.0,0.0,0.0,0.0,0.0,0.0,0.0,1.0,0.0,0.0,1.0,1.0,0.0,1.0,0.0,0.0,0.0,0.0,0.0,1.0
43,63539.56,4996.9634,69.0,60.66705,8.0,7.0,15.0,2.0,22.0,15.0,2.03,10.0,2638.22,25.228254,99.94649,589.0828,0,0,0,0,0,0,0,0,1,1,0.0,0.0,0.0,0.0,0.0,0.0,1.0,0.0,0.0,0.0,0.0,0.0,0.0,0.0,0.0,1.0,0.0,0.0,0.0,1.0,0.0,1.0,0.0,0.0,0.0,0.0,0.0
19,32089.33,2882.1108,106.0,71.306854,4.0,6.0,2.0,4.0,5.0,21.0,-4.67,0.0,435.89,27.510477,190.21631,286.68793,0,0,0,1,0,0,1,0,1,0,0.0,0.0,0.0,0.0,0.0,0.0,0.0,0.0,0.0,0.0,0.0,0.0,0.0,1.0,0.0,0.0,1.0,0.0,1.0,0.0,0.0,0.0,1.0,0.0,0.0,0.0,0.0
35,19603.314,1533.6096,95.0,10.640033,1.0,5.0,6.0,1.0,14.0,11.0,7.74,0.0,1048.56,31.735243,37.930504,374.79044,0,0,0,1,0,0,0,0,0,0,0.0,0.0,0.0,0.0,1.0,0.0,0.0,0.0,0.0,0.0,0.0,0.0,0.0,0.0,0.0,0.0,1.0,0.0,1.0,0.0,0.0,0.0,0.0,1.0,0.0,0.0,1.0
48,23848.02,2234.335,67.0,0.0,8.0,3.0,10.0,0.0,5.0,16.0,-1.64,0.0,340.16,27.368904,290.0052,223.42831,0,0,0,0,0,1,0,0,0,0,0.0,0.0,0.0,0.0,1.0,0.0,0.0,0.0,0.0,0.0,0.0,0.0,0.0,0.0,0.0,0.0,0.0,1.0,1.0,0.0,0.0,0.0,0.0,0.0,0.0,1.0,1.0
36,11482.565,1128.8804,71.0,15.370863,4.0,3.0,10.0,3.0,18.0,18.0,2.05,7.0,517.07,39.200977,32.089592,315.42758,0,0,1,0,0,0,0,0,1,1,0.0,0.0,0.0,0.0,0.0,0.0,0.0,0.0,0.0,0.0,0.0,1.0,0.0,0.0,0.0,0.0,0.0,1.0,1.0,0.0,0.0,1.0,0.0,0.0,0.0,0.0,1.0
18,46230.26,3579.5217,34.0,34.425285,8.0,3.0,11.0,1.0,23.0,16.0,10.76,11.0,260.98,36.58466,102.07812,471.44876,0,0,0,0,0,0,0,0,0,1,0.0,0.0,0.0,0.0,0.0,0.0,0.0,0.0,0.0,1.0,0.0,0.0,0.0,0.0,0.0,0.0,0.0,1.0,0.0,1.0,0.0,1.0,0.0,0.0,0.0,0.0,1.0
46,63068.88,5406.74,84.0,97.057335,2.0,5.0,11.0,3.0,16.0,7.0,11.47,2.0,348.96,37.405983,330.67682,382.93985,1,0,0,0,1,0,0,0,0,1,0.0,0.0,0.0,0.0,0.0,0.0,0.0,0.0,1.0,0.0,0.0,0.0,0.0,0.0,0.0,0.0,1.0,0.0,1.0,0.0,0.0,0.0,0.0,1.0,0.0,0.0,0.0
28,9737.045,699.4204,48.0,49.64299,5.0,6.0,6.0,7.0,27.0,11.0,10.35,4.0,1802.87,33.904716,36.65993,243.63911,1,1,0,0,1,0,1,1,1,0,0.0,0.0,0.0,0.0,1.0,0.0,0.0,0.0,0.0,0.0,0.0,0.0,0.0,0.0,0.0,0.0,0.0,1.0,0.0,1.0,0.0,0.0,1.0,0.0,0.0,0.0,0.0
24,29038.58,2382.8816,83.0,110.9417,8.0,4.0,12.0,7.0,18.0,20.0,15.24,6.0,1583.12,38.2012,82.82381,314.52264,0,1,1,1,0,0,1,1,1,0,0.0,0.0,0.0,0.0,0.0,1.0,0.0,0.0,0.0,0.0,0.0,0.0,0.0,0.0,0.0,0.0,0.0,1.0,0.0,1.0,0.0,0.0,0.0,0.0,0.0,1.0,0.0
20,81491.94,6497.995,101.0,231.06976,3.0,3.0,9.0,4.0,9.0,1.0,9.51,9.0,859.6,37.64614,79.32697,579.4028,0,1,1,0,1,0,0,1,0,0,0.0,0.0,0.0,0.0,0.0,0.0,0.0,0.0,0.0,0.0,0.0,0.0,0.0,1.0,0.0,0.0,1.0,0.0,1.0,0.0,1.0,0.0,0.0,0.0,0.0,0.0,2.0
43,88685.32,7417.4434,95.0,168.7708,0.0,2.0,3.0,4.0,13.0,6.0,7.75,8.0,1429.35,34.32946,168.4948,654.47876,0,1,1,0,0,0,0,0,1,0,0.0,0.0,0.0,0.0,1.0,0.0,0.0,0.0,0.0,0.0,0.0,0.0,0.0,0.0,0.0,0.0,1.0,0.0,1.0,0.0,0.0,1.0,0.0,0.0,0.0,0.0,2.0
24,17366.08,1365.1733,78.0,12.974549,6.0,6.0,14.0,1.0,28.0,12.0,15.53,4.0,133.38,31.29951,41.20936,352.33344,0,1,0,0,0,0,0,0,0,0,0.0,0.0,0.0,1.0,0.0,0.0,0.0,0.0,0.0,0.0,0.0,0.0,0.0,0.0,0.0,0.0,0.0,1.0,0.0,1.0,0.0,0.0,0.0,1.0,0.0,0.0,1.0
41,77257.64,6237.1367,120.0,77.97074,0.0,4.0,7.0,2.0,15.0,9.0,3.67,4.0,199.5,24.406887,424.7399,358.86884,0,1,0,0,0,0,1,0,0,0,0.0,0.0,0.0,0.0,0.0,1.0,0.0,0.0,0.0,0.0,0.0,0.0,0.0,0.0,0.0,0.0,1.0,0.0,1.0,0.0,0.0,0.0,0.0,1.0,0.0,0.0,2.0
32,33599.08,2749.9233,111.0,95.59666,5.0,5.0,13.0,4.0,13.0,10.0,7.18,5.0,743.6,32.853325,306.61053,162.78514,0,0,1,0,1,0,1,0,1,0,0.0,1.0,0.0,0.0,0.0,0.0,0.0,0.0,0.0,0.0,0.0,0.0,0.0,0.0,0.0,0.0,0.0,1.0,0.0,1.0,0.0,0.0,0.0,0.0,0.0,1.0,1.0
44,7844.045,767.6704,25.0,21.280483,9.0,10.0,22.0,6.0,28.0,16.0,15.25,9.0,2342.78,40.403957,48.807743,286.6788,1,1,0,0,0,0,1,1,1,0,0.0,0.0,0.0,0.0,0.0,0.0,0.0,1.0,0.0,0.0,0.0,0.0,0.0,0.0,0.0,1.0,0.0,0.0,0.0,1.0,0.0,0.0,0.0,0.0,1.0,0.0,1.0
18,61352.64,5014.72,72.0,225.79745,3.0,7.0,19.0,5.0,30.0,9.0,17.32,4.0,497.13,26.857647,211.24084,314.43372,1,1,0,0,1,0,0,0,1,0,0.0,0.0,0.0,0.0,0.0,0.0,0.0,0.0,0.0,0.0,0.0,0.0,1.0,0.0,0.0,0.0,0.0,1.0,0.0,1.0,0.0,1.0,0.0,0.0,0.0,0.0,1.0
24,30466.74,2378.895,53.0,114.59756,7.0,5.0,15.0,7.0,11.0,19.0,5.53,4.0,670.48,26.80471,38.365456,334.92648,1,1,0,1,0,0,1,1,1,0,0.0,0.0,0.0,0.0,0.0,0.0,0.0,0.0,0.0,1.0,0.0,0.0,0.0,0.0,0.0,0.0,0.0,1.0,0.0,1.0,0.0,1.0,0.0,0.0,0.0,0.0,1.0
27,12723.325,1183.2771,88.0,29.270266,4.0,7.0,13.0,3.0,12.0,5.0,8.81,0.0,387.78,30.329357,103.41357,275.6439,0,1,1,0,0,0,1,0,0,0,0.0,0.0,0.0,0.0,0.0,0.0,0.0,0.0,0.0,0.0,0.0,0.0,0.0,0.0,1.0,0.0,0.0,1.0,1.0,0.0,1.0,0.0,0.0,0.0,0.0,0.0,1.0
41,43426.9,3497.9084,133.0,98.63146,1.0,6.0,2.0,4.0,7.0,8.0,8.35,6.0,0.95,26.727465,184.08722,327.07214,1,0,1,0,0,0,1,1,0,0,0.0,0.0,0.0,0.0,0.0,1.0,0.0,0.0,0.0,0.0,0.0,0.0,0.0,0.0,0.0,0.0,1.0,0.0,1.0,0.0,1.0,0.0,0.0,0.0,0.0,0.0,1.0
43,33191.11,2604.9258,97.0,0.0,7.0,5.0,17.0,0.0,15.0,10.0,16.67,1.0,908.33,37.283794,162.87082,387.62177,0,0,0,0,0,1,0,0,0,0,0.0,1.0,0.0,0.0,0.0,0.0,0.0,0.0,0.0,0.0,0.0,0.0,0.0,0.0,0.0,0.0,0.0,1.0,0.0,1.0,0.0,0.0,0.0,0.0,0.0,1.0,0.0
29,100505.49,8538.457,132.0,165.51,7.0,6.0,17.0,3.0,22.0,14.0,6.85,2.0,1309.0,39.969643,278.0291,660.30664,0,0,0,0,1,0,0,0,1,1,0.0,0.0,0.0,0.0,0.0,0.0,0.0,0.0,0.0,0.0,0.0,0.0,0.0,1.0,0.0,0.0,0.0,1.0,1.0,0.0,0.0,1.0,0.0,0.0,0.0,0.0,1.0
24,58704.26,4940.0215,102.0,38.323345,6.0,3.0,8.0,1.0,18.0,15.0,4.32,2.0,244.69,27.476284,364.66675,371.0121,0,0,0,0,0,0,1,0,0,0,0.0,0.0,0.0,0.0,0.0,0.0,0.0,0.0,0.0,0.0,0.0,0.0,0.0,1.0,0.0,0.0,0.0,1.0,0.0,1.0,0.0,0.0,0.0,0.0,1.0,0.0,1.0
46,21426.07,1511.5059,65.0,117.266785,5.0,7.0,16.0,7.0,29.0,19.0,13.79,7.0,1024.27,29.087753,68.0934,225.79039,0,1,1,0,1,0,0,1,1,0,0.0,0.0,1.0,0.0,0.0,0.0,0.0,0.0,0.0,0.0,0.0,0.0,0.0,0.0,0.0,0.0,0.0,1.0,0.0,1.0,0.0,0.0,1.0,0.0,0.0,0.0,1.0
29,24208.83,1773.4025,134.0,42.313038,7.0,4.0,13.0,3.0,33.0,20.0,5.4,5.0,873.13,29.454227,24.919195,350.10803,0,1,0,0,0,0,1,0,0,0,0.0,0.0,0.0,0.0,0.0,0.0,0.0,0.0,0.0,0.0,0.0,1.0,0.0,0.0,0.0,0.0,0.0,1.0,1.0,0.0,1.0,0.0,0.0,0.0,0.0,0.0,1.0
22,87974.28,7222.19,79.0,92.2083,5.0,8.0,10.0,2.0,6.0,9.0,6.75,4.0,60.08,30.435616,119.800476,582.8546,1,0,0,1,0,0,0,0,0,0,0.0,0.0,0.0,0.0,0.0,0.0,0.0,0.0,1.0,0.0,0.0,0.0,0.0,0.0,0.0,0.0,0.0,1.0,1.0,0.0,0.0,1.0,0.0,0.0,0.0,0.0,1.0
47,21421.73,1689.1442,88.0,47.62902,5.0,3.0,17.0,4.0,17.0,13.0,9.11,4.0,1378.89,34.30334,125.681786,285.6036,0,1,0,1,1,0,0,0,0,0,0.0,0.0,0.0,0.0,0.0,0.0,0.0,0.0,0.0,1.0,0.0,0.0,0.0,0.0,0.0,0.0,0.0,1.0,1.0,0.0,0.0,0.0,0.0,0.0,0.0,1.0,0.0
35,40602.72,3177.56,125.0,96.20399,4.0,6.0,14.0,3.0,11.0,12.0,8.08,2.0,1314.56,38.178017,84.14748,387.40454,0,1,1,0,0,0,1,0,0,0,0.0,0.0,0.0,0.0,0.0,0.0,0.0,0.0,0.0,0.0,0.0,0.0,0.0,0.0,1.0,0.0,0.0,1.0,1.0,0.0,0.0,1.0,0.0,0.0,0.0,0.0,1.0
28,57107.12,4462.927,70.0,136.04028,8.0,5.0,30.0,3.0,19.0,14.0,9.71,12.0,1870.02,35.898987,32.95987,517.2925,1,0,0,1,1,0,0,0,0,0,0.0,0.0,1.0,0.0,0.0,0.0,0.0,0.0,0.0,0.0,0.0,0.0,0.0,0.0,0.0,0.0,0.0,1.0,0.0,1.0,1.0,0.0,0.0,0.0,0.0,0.0,0.0
36,31994.01,2756.1675,67.0,34.081516,3.0,7.0,8.0,2.0,5.0,19.0,15.8,8.0,1197.22,36.984974,59.453377,422.08185,0,1,0,1,0,0,0,0,0,0,0.0,0.0,0.0,0.0,0.0,0.0,0.0,0.0,0.0,0.0,0.0,0.0,1.0,0.0,0.0,0.0,0.0,1.0,0.0,1.0,1.0,0.0,0.0,0.0,0.0,0.0,1.0
35,29555.14,2663.9282,50.0,81.46542,7.0,3.0,13.0,5.0,27.0,17.0,9.04,6.0,1488.29,25.60463,70.419655,364.50775,1,1,1,0,0,0,0,1,1,0,0.0,0.0,0.0,1.0,0.0,0.0,0.0,0.0,0.0,0.0,0.0,0.0,0.0,0.0,0.0,0.0,0.0,1.0,0.0,1.0,0.0,1.0,0.0,0.0,0.0,0.0,1.0
31,18146.26,1442.1884,80.0,66.158035,7.0,7.0,23.0,5.0,26.0,16.0,15.25,14.0,1708.57,25.794813,118.63036,239.43044,0,0,0,0,1,0,0,1,1,0,0.0,0.0,0.0,0.0,0.0,0.0,0.0,1.0,0.0,0.0,0.0,0.0,0.0,0.0,0.0,0.0,0.0,1.0,0.0,1.0,0.0,0.0,0.0,0.0,1.0,0.0,0.0
35,25744.12,1923.3434,106.0,12.332013,6.0,4.0,14.0,1.0,11.0,19.0,2.16,1.0,1118.51,36.41461,47.04919,372.95312,0,0,1,0,0,0,0,0,0,0,0.0,1.0,0.0,0.0,0.0,0.0,0.0,0.0,0.0,0.0,0.0,0.0,0.0,0.0,0.0,0.0,0.0,1.0,1.0,0.0,1.0,0.0,0.0,0.0,0.0,0.0,1.0
31,59241.38,4818.7817,97.0,128.92924,4.0,5.0,9.0,3.0,7.0,10.0,6.0,2.0,690.12,25.947847,326.41113,316.53778,1,0,1,0,0,0,0,0,1,0,0.0,0.0,0.0,0.0,0.0,0.0,0.0,0.0,1.0,0.0,0.0,0.0,0.0,0.0,0.0,0.0,1.0,0.0,1.0,0.0,0.0,0.0,0.0,0.0,0.0,1.0,1.0
37,88406.34,7113.195,129.0,242.23685,2.0,7.0,12.0,4.0,15.0,0.0,9.06,2.0,1273.15,22.130104,429.08047,310.00217,0,0,0,1,0,0,1,1,1,0,0.0,0.0,0.0,0.0,0.0,0.0,0.0,0.0,0.0,0.0,0.0,1.0,0.0,0.0,0.0,0.0,1.0,0.0,1.0,0.0,0.0,0.0,0.0,1.0,0.0,0.0,1.0
21,12613.92,1155.16,128.0,16.941902,4.0,6.0,13.0,3.0,14.0,17.0,17.51,3.0,569.11,39.841496,41.943604,346.6305,0,0,0,1,0,0,0,0,1,1,1.0,0.0,0.0,0.0,0.0,0.0,0.0,0.0,0.0,0.0,0.0,0.0,0.0,0.0,0.0,0.0,0.0,1.0,0.0,1.0,0.0,0.0,0.0,0.0,0.0,1.0,1.0
38,28061.52,2128.46,89.0,49.43234,5.0,1.0,5.0,4.0,3.0,10.0,9.31,5.0,1020.77,34.954987,46.336796,377.07687,0,1,0,0,1,0,0,0,1,0,0.0,0.0,0.0,0.0,0.0,0.0,0.0,0.0,0.0,0.0,1.0,0.0,0.0,0.0,0.0,0.0,1.0,0.0,1.0,0.0,0.0,0.0,1.0,0.0,0.0,0.0,1.0
45,40985.48,3329.4568,52.0,87.046524,8.0,7.0,27.0,4.0,41.0,18.0,9.74,11.0,1941.84,31.386244,100.26572,415.63342,1,0,0,0,0,0,1,1,0,0,0.0,0.0,0.0,0.0,1.0,0.0,0.0,0.0,0.0,0.0,0.0,0.0,0.0,0.0,0.0,1.0,0.0,0.0,0.0,1.0,0.0,0.0,0.0,1.0,0.0,0.0,0.0
41,29386.9,2236.9084,71.0,100.486374,4.0,4.0,27.0,6.0,25.0,15.0,9.17,9.0,2127.78,32.134613,205.23563,207.96884,1,0,1,0,1,0,0,1,1,1,0.0,0.0,0.0,0.0,0.0,0.0,0.0,0.0,0.0,0.0,0.0,0.0,1.0,0.0,0.0,0.0,0.0,1.0,0.0,1.0,0.0,0.0,0.0,0.0,0.0,1.0,0.0
43,49400.52,4055.71,31.0,230.28784,9.0,7.0,31.0,6.0,30.0,22.0,18.24,10.0,2665.45,30.027,92.37462,332.90854,1,1,0,0,1,0,1,0,0,1,0.0,0.0,0.0,0.0,0.0,0.0,1.0,0.0,0.0,0.0,0.0,0.0,0.0,0.0,0.0,1.0,0.0,0.0,0.0,1.0,0.0,1.0,0.0,0.0,0.0,0.0,1.0
18,42519.57,3734.2976,32.0,238.32689,9.0,9.0,26.0,8.0,42.0,24.0,24.1,8.0,2703.93,31.80502,111.12232,273.98056,0,1,1,0,0,0,1,0,1,1,0.0,0.0,0.0,0.0,0.0,0.0,0.0,0.0,0.0,1.0,0.0,0.0,0.0,0.0,0.0,1.0,0.0,0.0,0.0,1.0,0.0,0.0,1.0,0.0,0.0,0.0,1.0
35,64930.47,5286.8726,91.0,91.129715,4.0,7.0,20.0,2.0,15.0,19.0,1.07,4.0,1239.09,23.966187,127.12955,550.428,0,0,0,0,0,0,0,1,1,0,1.0,0.0,0.0,0.0,0.0,0.0,0.0,0.0,0.0,0.0,0.0,0.0,0.0,0.0,0.0,0.0,0.0,1.0,0.0,1.0,1.0,0.0,0.0,0.0,0.0,0.0,1.0
38,49570.5,4335.875,50.0,130.63492,6.0,8.0,24.0,4.0,19.0,21.0,4.86,8.0,1697.98,32.41783,157.9615,434.99106,0,1,1,0,0,0,1,0,1,0,0.0,0.0,0.0,0.0,0.0,1.0,0.0,0.0,0.0,0.0,0.0,0.0,0.0,0.0,0.0,1.0,0.0,0.0,0.0,1.0,0.0,0.0,0.0,0.0,0.0,1.0,0.0
22,36568.05,3011.3374,125.0,72.587456,4.0,7.0,12.0,4.0,12.0,15.0,2.83,0.0,1417.22,31.592152,119.82716,417.88443,0,1,0,0,1,0,1,0,1,0,0.0,0.0,0.0,0.0,0.0,0.0,0.0,0.0,0.0,0.0,0.0,0.0,0.0,1.0,0.0,0.0,0.0,1.0,0.0,1.0,0.0,1.0,0.0,0.0,0.0,0.0,1.0
53,15480.03,1228.0024,108.0,0.0,5.0,5.0,8.0,0.0,9.0,0.0,1.63,1.0,928.78,32.41356,165.5287,247.27155,0,0,0,0,0,1,0,0,0,0,0.0,0.0,0.0,0.0,0.0,0.0,0.0,0.0,1.0,0.0,0.0,0.0,0.0,0.0,0.0,0.0,1.0,0.0,1.0,0.0,0.0,0.0,0.0,0.0,0.0,1.0,1.0
29,9783.245,908.27045,81.0,52.839134,8.0,6.0,29.0,8.0,50.0,16.0,6.75,7.0,1684.06,39.30674,31.691551,266.29636,1,1,0,0,1,0,1,1,0,0,0.0,0.0,0.0,0.0,0.0,0.0,0.0,0.0,0.0,0.0,0.0,0.0,0.0,1.0,0.0,1.0,0.0,0.0,0.0,1.0,0.0,0.0,1.0,0.0,0.0,0.0,0.0
34,58248.33,4722.0273,31.0,213.87654,8.0,6.0,33.0,5.0,25.0,22.0,18.38,12.0,1528.09,25.248793,180.39111,347.93512,0,1,1,1,0,0,1,1,0,0,0.0,0.0,1.0,0.0,0.0,0.0,0.0,0.0,0.0,0.0,0.0,0.0,0.0,0.0,0.0,1.0,0.0,0.0,0.0,1.0,0.0,0.0,0.0,1.0,0.0,0.0,0.0
48,15649.26,1420.105,111.0,7.853946,4.0,6.0,8.0,1.0,14.0,1.0,9.15,6.0,195.62,28.57072,40.888798,343.26776,0,0,0,0,0,0,0,0,1,0,0.0,0.0,0.0,0.0,0.0,0.0,0.0,0.0,0.0,0.0,0.0,1.0,0.0,0.0,0.0,0.0,1.0,0.0,1.0,0.0,0.0,1.0,0.0,0.0,0.0,0.0,2.0
23,16559.984,1268.9988,76.0,10.263438,1.0,4.0,2.0,1.0,17.0,11.0,9.6,3.0,680.86,36.62531,137.23245,269.404,0,0,0,0,0,0,1,0,0,0,0.0,0.0,0.0,0.0,0.0,0.0,0.0,0.0,0.0,1.0,0.0,0.0,0.0,0.0,0.0,0.0,1.0,0.0,1.0,0.0,0.0,0.0,0.0,0.0,0.0,1.0,0.0
42,72618.32,6295.527,118.0,127.50073,5.0,6.0,14.0,3.0,9.0,20.0,10.02,1.0,805.95,32.874134,248.35918,533.69275,0,1,1,0,0,0,0,0,0,1,0.0,0.0,0.0,0.0,0.0,0.0,0.0,0.0,0.0,0.0,0.0,0.0,1.0,0.0,0.0,0.0,0.0,1.0,1.0,0.0,0.0,0.0,0.0,0.0,1.0,0.0,1.0
37,58604.32,4788.6934,81.0,197.42514,7.0,7.0,18.0,6.0,45.0,21.0,15.75,14.0,1887.32,31.309677,102.47424,418.96994,1,1,0,1,0,0,1,1,0,0,0.0,0.0,0.0,0.0,0.0,0.0,0.0,0.0,0.0,0.0,0.0,1.0,0.0,0.0,0.0,1.0,0.0,0.0,0.0,1.0,1.0,0.0,0.0,0.0,0.0,0.0,0.0
25,45852.8,3655.0667,133.0,104.58918,5.0,5.0,9.0,3.0,22.0,18.0,5.69,4.0,1249.64,30.603586,157.05412,363.86337,1,0,0,0,0,0,0,1,0,0,0.0,0.0,0.0,0.0,0.0,0.0,0.0,0.0,0.0,0.0,1.0,0.0,0.0,0.0,0.0,0.0,1.0,0.0,1.0,0.0,0.0,0.0,1.0,0.0,0.0,0.0,2.0
20,45285.96,4022.83,45.0,46.970177,6.0,4.0,12.0,2.0,11.0,13.0,6.47,6.0,1077.91,29.65218,315.71686,319.59598,0,1,1,0,0,0,0,0,0,0,1.0,0.0,0.0,0.0,0.0,0.0,0.0,0.0,0.0,0.0,0.0,0.0,0.0,0.0,0.0,0.0,0.0,1.0,0.0,1.0,0.0,0.0,0.0,0.0,1.0,0.0,1.0
38,21039.26,1628.2716,85.0,20.214342,5.0,4.0,19.0,2.0,29.0,12.0,4.21,4.0,1401.54,36.60925,120.82502,291.7878,0,0,0,1,1,0,0,0,0,0,0.0,0.0,0.0,0.0,0.0,0.0,0.0,0.0,0.0,1.0,0.0,0.0,0.0,0.0,0.0,0.0,0.0,1.0,0.0,1.0,0.0,0.0,0.0,1.0,0.0,0.0,1.0
33,95745.88,7799.823,84.0,142.28078,7.0,6.0,18.0,3.0,15.0,13.0,10.17,3.0,738.41,33.760075,183.12878,704.57275,0,0,0,0,0,0,0,1,0,1,0.0,0.0,0.0,0.0,1.0,0.0,0.0,0.0,0.0,0.0,0.0,0.0,0.0,0.0,0.0,0.0,0.0,1.0,0.0,1.0,0.0,1.0,0.0,0.0,0.0,0.0,1.0
34,29902.22,2230.8516,86.0,66.21033,6.0,3.0,12.0,3.0,9.0,12.0,9.57,0.0,533.71,38.700394,141.61479,275.26004,0,0,0,0,0,0,0,1,1,1,0.0,0.0,0.0,0.0,1.0,0.0,0.0,0.0,0.0,0.0,0.0,0.0,0.0,0.0,0.0,0.0,0.0,1.0,0.0,1.0,0.0,0.0,0.0,0.0,0.0,1.0,1.0
45,22387.75,1938.6459,116.0,14.442149,7.0,7.0,15.0,1.0,28.0,12.0,9.4,4.0,133.02,35.10224,69.0791,360.34332,0,0,0,0,0,0,0,1,0,0,0.0,0.0,0.0,0.0,1.0,0.0,0.0,0.0,0.0,0.0,0.0,0.0,0.0,0.0,0.0,0.0,0.0,1.0,1.0,0.0,0.0,1.0,0.0,0.0,0.0,0.0,1.0
27,12167.22,1114.6179,73.0,97.317085,5.0,7.0,15.0,0.0,21.0,10.0,7.83,6.0,124.66,33.53223,145.14915,266.04434,0,0,0,0,0,1,0,0,0,0,0.0,0.0,0.0,0.0,0.0,0.0,1.0,0.0,0.0,0.0,0.0,0.0,0.0,0.0,0.0,0.0,0.0,1.0,0.0,1.0,0.0,0.0,0.0,0.0,0.0,1.0,2.0
27,73431.2,6296.2666,31.0,200.30524,3.0,7.0,9.0,4.0,16.0,12.0,16.44,8.0,1965.63,24.823774,157.18047,500.06256,1,0,0,0,0,0,1,0,0,1,0.0,0.0,1.0,0.0,0.0,0.0,0.0,0.0,0.0,0.0,0.0,0.0,0.0,0.0,0.0,0.0,0.0,1.0,0.0,1.0,0.0,0.0,0.0,0.0,0.0,1.0,1.0
25,48409.17,4021.0974,56.0,98.65879,8.0,6.0,12.0,4.0,23.0,19.0,16.38,8.0,2120.2,39.054775,140.72423,452.7267,0,1,1,0,0,0,0,1,1,0,0.0,0.0,0.0,0.0,0.0,0.0,0.0,0.0,0.0,0.0,0.0,1.0,0.0,0.0,0.0,0.0,0.0,1.0,0.0,1.0,0.0,0.0,0.0,0.0,0.0,1.0,1.0
30,89064.52,7256.0435,125.0,37.57275,5.0,3.0,1.0,1.0,6.0,7.0,6.37,3.0,648.36,39.348316,178.10135,779.93024,0,0,0,0,1,0,0,0,0,0,0.0,0.0,0.0,0.0,0.0,1.0,0.0,0.0,0.0,0.0,0.0,0.0,0.0,0.0,0.0,0.0,1.0,0.0,1.0,0.0,0.0,0.0,0.0,1.0,0.0,0.0,2.0
26,26299.08,2490.59,127.0,41.098675,3.0,7.0,9.0,3.0,26.0,13.0,5.07,3.0,397.04,29.911432,93.54146,404.41888,0,1,0,0,1,0,0,0,1,0,0.0,0.0,0.0,0.0,0.0,1.0,0.0,0.0,0.0,0.0,0.0,0.0,0.0,0.0,0.0,0.0,0.0,1.0,0.0,1.0,0.0,0.0,0.0,0.0,0.0,1.0,2.0
43,62359.82,5120.652,103.0,29.765762,4.0,5.0,11.0,1.0,9.0,11.0,8.94,3.0,250.56,29.557,111.322105,610.9773,0,0,0,0,0,0,0,0,1,0,0.0,0.0,0.0,0.0,0.0,0.0,0.0,0.0,0.0,0.0,0.0,0.0,0.0,1.0,0.0,0.0,0.0,1.0,0.0,1.0,1.0,0.0,0.0,0.0,0.0,0.0,1.0
36,58145.22,4577.435,121.0,82.44172,4.0,7.0,9.0,2.0,1.0,3.0,6.76,4.0,171.06,36.797108,53.71884,571.58295,0,0,0,0,1,0,0,0,1,0,0.0,0.0,0.0,0.0,0.0,0.0,0.0,0.0,0.0,0.0,0.0,1.0,0.0,0.0,0.0,0.0,1.0,0.0,1.0,0.0,0.0,1.0,0.0,0.0,0.0,0.0,2.0
22,18743.8,1550.9833,48.0,44.763523,4.0,7.0,24.0,3.0,6.0,15.0,13.24,6.0,2019.55,32.47311,57.090866,343.24396,0,0,1,1,1,0,0,0,0,0,0.0,0.0,0.0,0.0,0.0,0.0,0.0,0.0,0.0,0.0,0.0,0.0,1.0,0.0,0.0,0.0,0.0,1.0,0.0,1.0,0.0,0.0,0.0,0.0,0.0,1.0,0.0
25,32928.14,2948.0117,127.0,0.0,0.0,2.0,5.0,0.0,10.0,0.0,1.63,5.0,929.04,33.099216,142.0177,422.78348,0,0,0,0,0,1,0,0,0,0,0.0,0.0,0.0,0.0,0.0,1.0,0.0,0.0,0.0,0.0,0.0,0.0,0.0,0.0,0.0,0.0,1.0,0.0,1.0,0.0,0.0,0.0,0.0,1.0,0.0,0.0,2.0
24,89367.27,7276.2725,87.0,148.6388,2.0,3.0,8.0,2.0,5.0,8.0,5.99,1.0,716.97,40.69087,98.181175,720.80725,0,0,0,0,0,0,0,0,1,1,0.0,0.0,0.0,0.0,0.0,0.0,0.0,0.0,0.0,0.0,0.0,0.0,1.0,0.0,0.0,0.0,1.0,0.0,1.0,0.0,1.0,0.0,0.0,0.0,0.0,0.0,2.0
18,52210.26,4465.855,134.0,24.296593,3.0,6.0,10.0,1.0,5.0,15.0,8.11,4.0,1276.23,33.441742,81.078354,601.2106,0,0,0,0,0,0,0,0,0,1,0.0,0.0,1.0,0.0,0.0,0.0,0.0,0.0,0.0,0.0,0.0,0.0,0.0,0.0,0.0,0.0,0.0,1.0,1.0,0.0,0.0,0.0,1.0,0.0,0.0,0.0,1.0
51,57847.1,4808.592,93.0,44.510452,1.0,4.0,5.0,1.0,5.0,8.0,8.19,3.0,958.73,41.082844,73.94181,612.4069,0,0,0,0,0,0,0,1,0,0,0.0,0.0,0.0,0.0,0.0,0.0,0.0,0.0,0.0,0.0,0.0,0.0,0.0,1.0,0.0,0.0,1.0,0.0,1.0,0.0,0.0,1.0,0.0,0.0,0.0,0.0,1.0
34,63617.92,5231.493,27.0,257.5238,6.0,9.0,30.0,7.0,14.0,20.0,14.07,9.0,1826.94,34.185368,43.319332,462.3062,1,1,1,0,0,0,0,1,0,1,0.0,0.0,1.0,0.0,0.0,0.0,0.0,0.0,0.0,0.0,0.0,0.0,0.0,0.0,0.0,0.0,0.0,1.0,0.0,1.0,1.0,0.0,0.0,0.0,0.0,0.0,0.0
32,32151.76,2591.3132,30.0,181.96507,7.0,10.0,29.0,9.0,38.0,18.0,20.53,15.0,2598.41,22.947529,70.313576,266.8527,0,1,1,0,1,0,0,1,0,1,0.0,0.0,0.0,0.0,1.0,0.0,0.0,0.0,0.0,0.0,0.0,0.0,0.0,0.0,0.0,1.0,0.0,0.0,0.0,1.0,0.0,0.0,1.0,0.0,0.0,0.0,0.0
50,39561.48,3455.79,98.0,87.463005,2.0,4.0,12.0,3.0,4.0,4.0,1.04,0.0,839.41,22.6781,221.85329,296.2627,0,0,0,1,1,0,0,0,1,0,0.0,0.0,0.0,0.0,0.0,0.0,1.0,0.0,0.0,0.0,0.0,0.0,0.0,0.0,0.0,0.0,1.0,0.0,1.0,0.0,0.0,0.0,1.0,0.0,0.0,0.0,1.0
26,94287.36,7823.28,64.0,124.14301,4.0,4.0,13.0,2.0,27.0,17.0,18.66,2.0,1261.99,33.316227,433.289,504.89597,0,0,0,0,0,0,0,0,1,1,0.0,0.0,0.0,0.0,0.0,0.0,0.0,0.0,0.0,0.0,0.0,0.0,0.0,1.0,0.0,0.0,0.0,1.0,0.0,1.0,1.0,0.0,0.0,0.0,0.0,0.0,1.0
24,24995.92,2099.9934,118.0,45.910625,5.0,3.0,8.0,3.0,24.0,12.0,12.07,0.0,968.32,41.065357,107.54755,336.54117,1,0,0,1,0,0,0,0,0,0,0.0,0.0,0.0,0.0,0.0,1.0,0.0,0.0,0.0,0.0,0.0,0.0,0.0,0.0,0.0,0.0,0.0,1.0,0.0,1.0,0.0,0.0,0.0,0.0,1.0,0.0,1.0
40,112362.76,9279.563,94.0,236.27766,4.0,4.0,5.0,4.0,25.0,20.0,5.86,2.0,1358.65,42.060284,163.72354,767.95514,0,0,0,0,1,0,0,1,1,0,0.0,0.0,0.0,0.0,0.0,0.0,0.0,0.0,1.0,0.0,0.0,0.0,0.0,0.0,0.0,0.0,0.0,1.0,1.0,0.0,1.0,0.0,0.0,0.0,0.0,0.0,1.0
41,52847.32,4607.9434,91.0,57.657772,6.0,7.0,13.0,2.0,28.0,14.0,-2.91,2.0,517.77,40.133247,162.23785,500.8987,0,1,1,0,0,0,0,0,0,0,0.0,0.0,0.0,0.0,0.0,0.0,0.0,0.0,0.0,0.0,0.0,0.0,1.0,0.0,0.0,0.0,0.0,1.0,1.0,0.0,0.0,0.0,1.0,0.0,0.0,0.0,1.0
24,11892.72,976.06,129.0,7.5111823,6.0,4.0,5.0,1.0,30.0,23.0,15.73,8.0,736.01,32.52112,61.71824,318.3766,0,0,0,1,0,0,0,0,0,0,0.0,0.0,1.0,0.0,0.0,0.0,0.0,0.0,0.0,0.0,0.0,0.0,0.0,0.0,0.0,0.0,0.0,1.0,0.0,1.0,0.0,0.0,0.0,0.0,0.0,1.0,1.0
47,33669.54,2571.795,109.0,54.036976,5.0,6.0,3.0,2.0,8.0,10.0,8.14,4.0,741.68,34.18401,41.938213,411.2043,1,0,0,0,0,0,0,0,1,0,0.0,0.0,0.0,0.0,0.0,0.0,0.0,0.0,0.0,0.0,0.0,0.0,1.0,0.0,0.0,0.0,1.0,0.0,1.0,0.0,0.0,1.0,0.0,0.0,0.0,0.0,1.0
20,19428.03,1809.0024,117.0,9.076122,8.0,7.0,7.0,1.0,6.0,11.0,13.1,4.0,798.1,23.107174,122.56177,339.26236,0,1,0,0,0,0,0,0,0,0,0.0,1.0,0.0,0.0,0.0,0.0,0.0,0.0,0.0,0.0,0.0,0.0,0.0,0.0,0.0,0.0,0.0,1.0,0.0,1.0,0.0,0.0,0.0,0.0,0.0,1.0,1.0
40,111896.16,9571.68,75.0,0.0,8.0,7.0,17.0,0.0,26.0,13.0,5.79,10.0,978.3,24.518463,495.69186,721.47614,0,0,0,0,0,1,0,0,0,0,1.0,0.0,0.0,0.0,0.0,0.0,0.0,0.0,0.0,0.0,0.0,0.0,0.0,0.0,0.0,0.0,0.0,1.0,0.0,1.0,0.0,0.0,1.0,0.0,0.0,0.0,1.0
45,63539.66,5032.9717,77.0,206.86743,6.0,7.0,19.0,4.0,5.0,5.0,15.15,5.0,173.85,38.03696,199.12756,347.3022,0,0,1,0,0,0,0,1,1,0,0.0,0.0,0.0,0.0,0.0,0.0,1.0,0.0,0.0,0.0,0.0,0.0,0.0,0.0,0.0,0.0,0.0,1.0,0.0,1.0,0.0,1.0,0.0,0.0,0.0,0.0,1.0
28,51324.82,4350.0684,76.0,28.735662,7.0,3.0,11.0,1.0,22.0,13.0,5.49,8.0,138.16,29.99048,172.45135,483.81982,0,0,0,0,0,0,0,0,0,1,0.0,0.0,0.0,0.0,1.0,0.0,0.0,0.0,0.0,0.0,0.0,0.0,0.0,0.0,0.0,0.0,0.0,1.0,0.0,1.0,0.0,1.0,0.0,0.0,0.0,0.0,1.0
39,42619.92,3630.66,113.0,30.698755,5.0,3.0,20.0,1.0,9.0,20.0,3.03,2.0,124.55,30.218462,49.12107,523.24615,0,0,0,0,1,0,0,0,0,0,0.0,0.0,0.0,0.0,0.0,0.0,0.0,0.0,1.0,0.0,0.0,0.0,0.0,0.0,0.0,0.0,0.0,1.0,0.0,1.0,1.0,0.0,0.0,0.0,0.0,0.0,1.0
32,43450.25,3711.8542,97.0,41.399643,0.0,3.0,4.0,2.0,6.0,0.0,7.47,2.0,588.59,33.31906,324.46512,295.32065,0,1,1,0,0,0,0,0,0,0,1.0,0.0,0.0,0.0,0.0,0.0,0.0,0.0,0.0,0.0,0.0,0.0,0.0,0.0,0.0,0.0,1.0,0.0,1.0,0.0,0.0,0.0,0.0,0.0,0.0,1.0,2.0
39,25399.68,2124.64,71.0,61.003437,4.0,4.0,9.0,3.0,28.0,14.0,14.99,11.0,1495.03,23.590748,84.48359,287.86844,0,0,0,1,1,0,0,0,1,0,1.0,0.0,0.0,0.0,0.0,0.0,0.0,0.0,0.0,0.0,0.0,0.0,0.0,0.0,0.0,0.0,0.0,1.0,0.0,1.0,0.0,0.0,0.0,0.0,1.0,0.0,0.0
35,33917.38,2505.9478,28.0,255.9529,6.0,10.0,28.0,5.0,15.0,12.0,18.35,11.0,1966.55,31.77427,108.59374,291.79877,1,0,0,0,0,0,0,0,1,1,0.0,1.0,0.0,0.0,0.0,0.0,0.0,0.0,0.0,0.0,0.0,0.0,0.0,0.0,0.0,0.0,0.0,1.0,0.0,1.0,0.0,0.0,1.0,0.0,0.0,0.0,0.0
29,45144.8,3980.0667,89.0,36.151424,4.0,3.0,13.0,1.0,18.0,20.0,4.06,2.0,1112.58,24.392439,208.63377,433.22147,0,0,0,0,0,0,0,0,1,0,0.0,1.0,0.0,0.0,0.0,0.0,0.0,0.0,0.0,0.0,0.0,0.0,0.0,0.0,0.0,0.0,0.0,1.0,1.0,0.0,0.0,0.0,0.0,0.0,1.0,0.0,1.0
24,16559.984,1268.9988,73.0,10.263438,1.0,4.0,2.0,1.0,17.0,14.0,14.6,3.0,680.86,35.352802,116.95321,279.68323,0,0,0,0,0,0,1,0,0,0,0.0,0.0,0.0,0.0,0.0,0.0,0.0,0.0,0.0,1.0,0.0,0.0,0.0,0.0,0.0,0.0,1.0,0.0,1.0,0.0,0.0,0.0,0.0,0.0,1.0,0.0,1.0
41,8833.225,956.1021,33.0,34.61952,10.0,7.0,23.0,5.0,49.0,19.0,2.63,10.0,2987.52,34.391182,44.033134,306.95755,1,1,0,0,0,0,0,1,1,0,0.0,0.0,0.0,0.0,0.0,0.0,0.0,0.0,0.0,0.0,0.0,0.0,1.0,0.0,0.0,1.0,0.0,0.0,0.0,1.0,0.0,0.0,0.0,0.0,0.0,1.0,0.0
17,61533.36,5186.78,65.0,251.52267,8.0,3.0,9.0,5.0,22.0,16.0,11.28,6.0,1029.35,24.374674,100.11373,417.0416,0,0,1,0,0,0,1,1,0,0,0.0,0.0,0.0,0.0,0.0,0.0,0.0,0.0,0.0,1.0,0.0,0.0,0.0,0.0,0.0,0.0,0.0,1.0,0.0,1.0,0.0,1.0,0.0,0.0,0.0,0.0,1.0
35,49329.78,4210.815,135.0,25.742071,6.0,5.0,20.0,1.0,12.0,14.0,7.4,3.0,1022.77,30.333761,210.41006,454.92935,0,0,0,0,0,0,0,0,0,1,0.0,0.0,0.0,0.0,1.0,0.0,0.0,0.0,0.0,0.0,0.0,0.0,0.0,0.0,0.0,0.0,0.0,1.0,0.0,1.0,0.0,0.0,0.0,1.0,0.0,0.0,1.0
24,40105.03,3515.086,108.0,17.861334,2.0,6.0,4.0,1.0,3.0,4.0,6.55,3.0,618.37,25.45732,135.5711,478.07614,1,0,0,0,0,0,0,0,0,0,0.0,0.0,0.0,0.0,0.0,0.0,0.0,0.0,0.0,0.0,0.0,0.0,0.0,0.0,1.0,0.0,1.0,0.0,1.0,0.0,0.0,0.0,0.0,0.0,1.0,0.0,1.0
25,34447.49,2723.6243,122.0,67.23624,5.0,6.0,4.0,4.0,31.0,8.0,8.71,0.0,922.3,28.587103,122.30439,372.82178,0,0,1,0,0,0,1,1,0,0,0.0,0.0,0.0,0.0,0.0,0.0,0.0,0.0,0.0,0.0,0.0,0.0,0.0,1.0,0.0,0.0,1.0,0.0,1.0,0.0,0.0,0.0,0.0,0.0,0.0,1.0,2.0
49,17258.715,1691.2262,138.0,0.0,4.0,7.0,10.0,0.0,0.0,12.0,11.09,1.0,741.09,23.696764,140.08339,309.03925,0,0,0,0,0,1,0,0,0,0,0.0,0.0,0.0,0.0,0.0,0.0,0.0,0.0,0.0,0.0,0.0,0.0,0.0,0.0,1.0,0.0,1.0,0.0,1.0,0.0,0.0,0.0,0.0,0.0,1.0,0.0,1.0
29,93169.92,7794.16,114.0,112.340294,6.0,7.0,18.0,2.0,6.0,12.0,19.62,1.0,1110.09,26.212078,296.5573,620.5184,0,0,0,0,1,0,0,1,0,0,0.0,0.0,0.0,0.0,0.0,0.0,0.0,1.0,0.0,0.0,0.0,0.0,0.0,0.0,0.0,0.0,0.0,1.0,0.0,1.0,0.0,1.0,0.0,0.0,0.0,0.0,1.0
41,48297.48,3743.79,139.0,0.0,8.0,3.0,10.0,0.0,16.0,16.0,12.77,2.0,1323.54,27.204681,66.10599,558.273,0,0,0,0,0,1,0,0,0,0,0.0,0.0,0.0,0.0,0.0,0.0,0.0,0.0,0.0,0.0,1.0,0.0,0.0,0.0,0.0,0.0,0.0,1.0,1.0,0.0,0.0,1.0,0.0,0.0,0.0,0.0,1.0
28,136900.4,11257.366,125.0,178.19818,6.0,4.0,10.0,3.0,25.0,15.0,11.49,0.0,1327.34,34.71497,506.73557,700.8029,0,0,0,1,0,0,0,1,0,1,0.0,0.0,1.0,0.0,0.0,0.0,0.0,0.0,0.0,0.0,0.0,0.0,0.0,0.0,0.0,0.0,1.0,0.0,1.0,0.0,0.0,0.0,1.0,0.0,0.0,0.0,0.0
38,67703.85,5492.9873,102.0,79.797134,6.0,4.0,17.0,2.0,29.0,15.0,11.03,3.0,1493.29,34.623783,304.09473,455.4069,0,0,0,1,0,0,0,0,0,1,0.0,0.0,0.0,0.0,0.0,0.0,0.0,0.0,0.0,1.0,0.0,0.0,0.0,0.0,0.0,0.0,0.0,1.0,1.0,0.0,0.0,0.0,0.0,0.0,0.0,1.0,1.0
44,34476.68,2715.0566,47.0,171.17577,6.0,7.0,24.0,8.0,36.0,14.0,4.48,11.0,1976.63,37.904152,79.0037,281.3262,1,0,1,0,1,0,1,0,1,1,0.0,0.0,0.0,0.0,0.0,0.0,0.0,0.0,1.0,0.0,0.0,0.0,0.0,0.0,0.0,1.0,0.0,0.0,0.0,1.0,0.0,0.0,1.0,0.0,0.0,0.0,0.0
33,82647.69,6967.3076,67.0,186.25539,3.0,4.0,9.0,3.0,27.0,11.0,17.57,7.0,1485.52,30.43022,197.12236,593.35297,0,0,0,1,1,0,0,0,0,0,1.0,0.0,0.0,0.0,0.0,0.0,0.0,0.0,0.0,0.0,0.0,0.0,0.0,0.0,0.0,0.0,0.0,1.0,0.0,1.0,0.0,0.0,0.0,0.0,1.0,0.0,1.0
19,69348.7,5512.058,126.0,0.0,8.0,7.0,11.0,0.0,19.0,10.0,3.53,1.0,973.83,29.458258,105.171906,706.03394,0,0,0,0,0,1,0,0,0,0,0.0,0.0,1.0,0.0,0.0,0.0,0.0,0.0,0.0,0.0,0.0,0.0,0.0,0.0,0.0,0.0,0.0,1.0,1.0,0.0,0.0,0.0,1.0,0.0,0.0,0.0,1.0
23,28686.15,2346.5125,85.0,0.0,4.0,6.0,2.0,0.0,8.0,0.0,8.41,4.0,806.96,29.227772,148.73848,375.91278,0,0,0,0,0,1,0,0,0,0,0.0,0.0,0.0,0.0,1.0,0.0,0.0,0.0,0.0,0.0,0.0,0.0,0.0,0.0,0.0,0.0,1.0,0.0,1.0,0.0,0.0,0.0,0.0,0.0,0.0,1.0,2.0
22,70160.18,6100.6816,138.0,82.49421,7.0,6.0,11.0,2.0,23.0,12.0,16.11,8.0,1154.39,28.435358,199.3836,578.19037,1,0,0,1,0,0,0,0,0,0,0.0,0.0,0.0,0.0,1.0,0.0,0.0,0.0,0.0,0.0,0.0,0.0,0.0,0.0,0.0,0.0,0.0,1.0,0.0,1.0,0.0,1.0,0.0,0.0,0.0,0.0,1.0
29,69753.12,5521.76,59.0,94.17278,6.0,10.0,27.0,2.0,19.0,18.0,7.92,7.0,2487.17,29.99761,179.22932,528.7739,0,0,0,0,0,0,1,1,0,0,0.0,0.0,0.0,0.0,0.0,0.0,0.0,0.0,1.0,0.0,0.0,0.0,0.0,0.0,0.0,1.0,0.0,0.0,0.0,1.0,0.0,1.0,0.0,0.0,0.0,0.0,0.0
51,19019.1,1637.925,70.0,38.837685,5.0,3.0,8.0,4.0,13.0,11.0,7.79,3.0,878.69,30.483667,124.64867,270.30615,0,1,1,0,0,0,1,0,0,1,0.0,0.0,0.0,0.0,0.0,0.0,0.0,0.0,1.0,0.0,0.0,0.0,0.0,0.0,0.0,0.0,1.0,0.0,1.0,0.0,0.0,0.0,0.0,1.0,0.0,0.0,2.0
44,76391.48,6596.9565,99.0,75.81024,1.0,4.0,10.0,2.0,27.0,5.0,1.77,4.0,614.83,28.5281,184.48917,649.39624,1,0,0,0,0,0,0,0,1,0,0.0,0.0,0.0,0.0,0.0,0.0,0.0,0.0,0.0,0.0,0.0,1.0,0.0,0.0,0.0,0.0,1.0,0.0,1.0,0.0,0.0,1.0,0.0,0.0,0.0,0.0,0.0
44,20940.42,1812.035,26.0,69.268456,7.0,6.0,18.0,6.0,23.0,11.0,18.03,9.0,2217.05,25.434889,205.05574,196.8793,0,0,0,1,1,0,1,1,1,0,0.0,0.0,0.0,0.0,0.0,0.0,0.0,0.0,0.0,1.0,0.0,0.0,0.0,0.0,0.0,0.0,0.0,1.0,0.0,1.0,0.0,0.0,0.0,0.0,0.0,1.0,0.0
53,17411.26,1267.9384,106.0,24.103142,1.0,2.0,9.0,2.0,4.0,0.0,7.41,2.0,797.16,29.952381,33.25794,349.43274,0,1,0,0,0,0,0,0,0,0,0.0,0.0,0.0,1.0,0.0,0.0,0.0,0.0,0.0,0.0,0.0,0.0,0.0,0.0,0.0,0.0,1.0,0.0,1.0,0.0,0.0,0.0,0.0,0.0,1.0,0.0,2.0
43,61804.34,5228.362,65.0,147.01595,4.0,7.0,12.0,3.0,7.0,12.0,10.39,2.0,179.87,39.463375,43.521526,572.2987,0,0,1,1,0,0,0,0,0,1,1.0,0.0,0.0,0.0,0.0,0.0,0.0,0.0,0.0,0.0,0.0,0.0,0.0,0.0,0.0,0.0,1.0,0.0,1.0,0.0,1.0,0.0,0.0,0.0,0.0,0.0,1.0
40,36311.46,2747.955,83.0,68.12821,8.0,5.0,12.0,4.0,22.0,9.0,17.75,8.0,1788.43,29.442911,142.42833,334.23895,1,0,1,0,0,0,1,1,0,0,0.0,1.0,0.0,0.0,0.0,0.0,0.0,0.0,0.0,0.0,0.0,0.0,0.0,0.0,0.0,0.0,0.0,1.0,0.0,1.0,0.0,0.0,0.0,1.0,0.0,0.0,1.0
34,30771.54,2749.295,36.0,162.40181,4.0,6.0,18.0,7.0,19.0,18.0,19.25,4.0,246.06,29.352262,37.82134,324.70636,1,0,0,0,1,0,0,0,0,1,0.0,0.0,0.0,0.0,0.0,0.0,0.0,0.0,1.0,0.0,0.0,0.0,0.0,0.0,0.0,0.0,0.0,1.0,0.0,1.0,0.0,1.0,0.0,0.0,0.0,0.0,1.0
25,68171.55,5489.9624,94.0,49.233887,6.0,3.0,4.0,1.0,21.0,11.0,9.2,2.0,1049.75,25.70097,200.17769,589.58466,0,0,0,0,1,0,0,0,0,0,0.0,0.0,0.0,0.0,0.0,0.0,0.0,0.0,0.0,0.0,0.0,1.0,0.0,0.0,0.0,0.0,0.0,1.0,1.0,0.0,0.0,0.0,0.0,0.0,0.0,1.0,1.0
39,21018.0,2011.5,108.0,0.0,8.0,4.0,17.0,0.0,14.0,16.0,12.1,4.0,98.61,28.0197,133.30469,337.8453,0,0,0,0,0,1,0,0,0,0,0.0,0.0,0.0,0.0,0.0,0.0,0.0,0.0,0.0,1.0,0.0,0.0,0.0,0.0,0.0,0.0,0.0,1.0,0.0,1.0,0.0,0.0,0.0,1.0,0.0,0.0,1.0
41,35848.82,3219.4016,100.0,53.63901,3.0,4.0,12.0,3.0,27.0,19.0,-5.31,1.0,1309.04,34.412655,116.888016,411.41315,0,1,0,0,0,0,1,0,0,1,0.0,0.0,0.0,0.0,0.0,0.0,0.0,0.0,0.0,0.0,0.0,0.0,0.0,1.0,0.0,0.0,0.0,1.0,1.0,0.0,0.0,0.0,1.0,0.0,0.0,0.0,1.0
40,70277.22,5633.435,84.0,149.93411,3.0,6.0,7.0,3.0,5.0,12.0,11.05,7.0,762.48,37.503693,135.80933,527.60004,0,0,0,1,0,0,1,0,0,0,0.0,0.0,0.0,0.0,0.0,0.0,0.0,0.0,1.0,0.0,0.0,0.0,0.0,0.0,0.0,0.0,1.0,0.0,1.0,0.0,0.0,1.0,0.0,0.0,0.0,0.0,2.0
40,58774.86,4796.905,61.0,290.94498,7.0,6.0,17.0,7.0,31.0,16.0,8.46,14.0,2083.26,24.795174,63.14978,375.59576,0,0,1,1,1,0,1,0,1,1,0.0,0.0,0.0,0.0,0.0,0.0,0.0,0.0,0.0,0.0,0.0,0.0,0.0,1.0,0.0,1.0,0.0,0.0,0.0,1.0,0.0,1.0,0.0,0.0,0.0,0.0,0.0
30,19936.4,1404.3667,135.0,0.0,4.0,6.0,6.0,0.0,8.0,19.0,2.62,5.0,1342.68,26.264837,91.73698,308.69968,0,0,0,0,0,1,0,0,0,0,0.0,0.0,0.0,0.0,0.0,0.0,0.0,0.0,0.0,0.0,0.0,0.0,0.0,1.0,0.0,0.0,0.0,1.0,1.0,0.0,0.0,0.0,1.0,0.0,0.0,0.0,1.0
18,74380.96,6374.4136,81.0,203.0823,4.0,6.0,27.0,4.0,9.0,8.0,16.51,7.0,1768.05,38.73007,136.94402,537.415,0,0,1,0,1,0,1,0,0,1,0.0,0.0,0.0,1.0,0.0,0.0,0.0,0.0,0.0,0.0,0.0,0.0,0.0,0.0,0.0,0.0,0.0,1.0,0.0,1.0,1.0,0.0,0.0,0.0,0.0,0.0,0.0
34,29491.38,2525.615,61.0,96.29849,7.0,9.0,21.0,7.0,21.0,11.0,19.22,14.0,1593.63,31.809727,227.44394,198.81906,0,0,0,1,0,0,1,1,0,1,0.0,0.0,0.0,0.0,0.0,0.0,0.0,0.0,0.0,0.0,0.0,0.0,0.0,0.0,1.0,0.0,0.0,1.0,0.0,1.0,0.0,0.0,0.0,1.0,0.0,0.0,1.0
54,43754.32,3938.1934,87.0,35.37457,5.0,7.0,7.0,1.0,4.0,8.0,7.55,2.0,515.73,33.44447,104.46786,503.9769,0,1,0,0,0,0,0,0,0,0,0.0,0.0,0.0,0.0,0.0,0.0,0.0,1.0,0.0,0.0,0.0,0.0,0.0,0.0,0.0,0.0,1.0,0.0,1.0,0.0,0.0,1.0,0.0,0.0,0.0,0.0,2.0
37,57293.49,4610.4575,39.0,309.61185,8.0,7.0,34.0,7.0,38.0,19.0,10.83,8.0,1970.44,38.619495,259.277,152.1569,1,0,0,0,0,0,1,0,1,1,0.0,0.0,1.0,0.0,0.0,0.0,0.0,0.0,0.0,0.0,0.0,0.0,0.0,0.0,0.0,1.0,0.0,0.0,0.0,1.0,1.0,0.0,0.0,0.0,0.0,0.0,0.0
52,42274.96,3284.9133,124.0,0.0,3.0,7.0,1.0,0.0,12.0,8.0,11.79,2.0,703.05,38.17518,159.5257,428.96564,0,0,0,0,0,1,0,0,0,0,0.0,0.0,0.0,0.0,0.0,0.0,0.0,0.0,0.0,0.0,0.0,1.0,0.0,0.0,0.0,0.0,1.0,0.0,1.0,0.0,0.0,0.0,1.0,0.0,0.0,0.0,2.0
36,24577.48,2055.1233,59.0,95.53849,5.0,5.0,18.0,6.0,24.0,13.0,18.91,5.0,844.54,34.548088,252.19649,147.77736,0,1,1,1,0,0,0,0,1,1,0.0,0.0,0.0,0.0,0.0,0.0,0.0,0.0,0.0,1.0,0.0,0.0,0.0,0.0,0.0,0.0,0.0,1.0,0.0,1.0,0.0,0.0,0.0,0.0,0.0,1.0,1.0
37,20634.78,1572.565,37.0,55.577194,5.0,3.0,18.0,4.0,29.0,13.0,17.98,17.0,2483.98,39.061935,95.668625,296.01068,1,0,0,1,1,0,0,0,0,0,0.0,0.0,0.0,0.0,0.0,0.0,0.0,1.0,0.0,0.0,0.0,0.0,0.0,0.0,0.0,0.0,0.0,1.0,0.0,1.0,0.0,0.0,0.0,0.0,0.0,1.0,0.0
36,35942.96,3081.2466,109.0,116.019554,4.0,3.0,20.0,4.0,6.0,15.0,-4.08,4.0,707.38,38.05986,138.56335,313.54175,1,0,0,0,1,0,1,1,0,0,0.0,0.0,0.0,0.0,0.0,0.0,0.0,0.0,0.0,0.0,0.0,0.0,1.0,0.0,0.0,0.0,0.0,1.0,1.0,0.0,0.0,0.0,1.0,0.0,0.0,0.0,1.0
47,32283.05,2845.2542,102.0,0.0,8.0,6.0,17.0,0.0,7.0,8.0,13.09,4.0,291.29,25.821524,182.84071,371.6847,0,0,0,0,0,1,0,0,0,0,0.0,0.0,0.0,0.0,0.0,0.0,0.0,1.0,0.0,0.0,0.0,0.0,0.0,0.0,0.0,0.0,0.0,1.0,0.0,1.0,0.0,0.0,0.0,1.0,0.0,0.0,1.0
25,49215.3,3962.275,79.0,158.37093,5.0,3.0,20.0,5.0,16.0,9.0,13.59,4.0,2653.33,37.983036,191.7541,306.10248,1,1,0,0,1,0,1,0,0,0,0.0,1.0,0.0,0.0,0.0,0.0,0.0,0.0,0.0,0.0,0.0,0.0,0.0,0.0,0.0,0.0,0.0,1.0,0.0,1.0,0.0,0.0,1.0,0.0,0.0,0.0,0.0
36,35851.39,2762.6157,76.0,53.519096,6.0,4.0,5.0,2.0,4.0,15.0,11.1,4.0,926.99,30.551332,19.317427,443.42505,1,0,0,0,0,0,0,0,0,1,0.0,0.0,1.0,0.0,0.0,0.0,0.0,0.0,0.0,0.0,0.0,0.0,0.0,0.0,0.0,0.0,0.0,1.0,1.0,0.0,1.0,0.0,0.0,0.0,0.0,0.0,1.0
45,22443.96,2114.33,32.0,51.24706,4.0,6.0,17.0,5.0,3.0,19.0,16.9,4.0,429.65,31.421267,183.62224,266.56372,0,0,0,1,1,0,0,1,1,0,0.0,0.0,0.0,0.0,0.0,0.0,0.0,0.0,0.0,0.0,0.0,1.0,0.0,0.0,0.0,0.0,0.0,1.0,0.0,1.0,0.0,0.0,0.0,0.0,0.0,1.0,1.0
20,60214.04,5034.8364,58.0,201.95602,7.0,5.0,18.0,5.0,16.0,18.0,1.97,12.0,1322.67,25.600754,101.06537,440.46228,0,0,1,1,0,0,0,0,1,1,0.0,0.0,0.0,1.0,0.0,0.0,0.0,0.0,0.0,0.0,0.0,0.0,0.0,0.0,0.0,1.0,0.0,0.0,0.0,1.0,1.0,0.0,0.0,0.0,0.0,0.0,0.0
33,17488.904,1643.4087,104.0,31.874662,5.0,6.0,20.0,3.0,27.0,12.0,8.64,4.0,1169.13,31.907295,96.14759,326.31863,0,0,0,1,0,0,0,0,1,1,0.0,0.0,0.0,1.0,0.0,0.0,0.0,0.0,0.0,0.0,0.0,0.0,0.0,0.0,0.0,0.0,0.0,1.0,1.0,0.0,0.0,0.0,0.0,0.0,0.0,1.0,1.0
32,15829.875,1242.1562,87.0,6.719535,4.0,2.0,4.0,1.0,10.0,6.0,4.7,3.0,968.61,28.534082,102.83389,304.6622,0,0,0,0,0,0,0,0,0,1,0.0,0.0,0.0,0.0,0.0,0.0,0.0,0.0,0.0,0.0,1.0,0.0,0.0,0.0,0.0,0.0,1.0,0.0,1.0,0.0,0.0,0.0,1.0,0.0,0.0,0.0,2.0
26,35793.97,2799.8308,99.0,113.83339,5.0,6.0,8.0,4.0,7.0,11.0,10.92,0.0,82.15,27.786285,50.70249,355.4472,0,0,0,0,0,0,1,1,1,0,0.0,0.0,0.0,1.0,0.0,0.0,0.0,0.0,0.0,0.0,0.0,0.0,0.0,0.0,0.0,0.0,1.0,0.0,1.0,0.0,1.0,0.0,0.0,0.0,0.0,0.0,1.0
30,44120.8,3468.7334,119.0,87.40729,2.0,3.0,12.0,3.0,5.0,0.0,0.46,2.0,15.47,38.937294,81.25545,438.2106,0,0,0,0,0,0,0,1,1,1,0.0,0.0,0.0,0.0,0.0,0.0,0.0,0.0,0.0,0.0,1.0,0.0,0.0,0.0,0.0,0.0,1.0,0.0,1.0,0.0,0.0,0.0,0.0,1.0,0.0,0.0,1.0
42,60224.34,5028.695,98.0,0.0,0.0,7.0,5.0,0.0,28.0,1.0,2.83,4.0,1261.46,29.666153,423.39935,369.47015,0,0,0,0,0,1,0,0,0,0,0.0,0.0,0.0,0.0,0.0,0.0,0.0,1.0,0.0,0.0,0.0,0.0,0.0,0.0,0.0,0.0,1.0,0.0,1.0,0.0,0.0,0.0,0.0,0.0,0.0,1.0,1.0
47,58267.5,4601.625,90.0,0.0,4.0,3.0,19.0,0.0,12.0,10.0,13.42,0.0,244.16,26.615122,510.0908,240.0717,0,0,0,0,0,1,0,0,0,0,0.0,0.0,0.0,0.0,0.0,0.0,0.0,0.0,1.0,0.0,0.0,0.0,0.0,0.0,0.0,0.0,0.0,1.0,0.0,1.0,0.0,0.0,0.0,1.0,0.0,0.0,1.0
45,16254.6,1187.55,37.0,59.962254,7.0,7.0,23.0,5.0,47.0,18.0,13.65,6.0,2911.44,27.384666,45.809277,199.01723,0,1,0,0,0,0,1,0,1,0,0.0,0.0,0.0,0.0,0.0,0.0,0.0,0.0,0.0,0.0,0.0,1.0,0.0,0.0,0.0,1.0,0.0,0.0,0.0,1.0,0.0,0.0,0.0,0.0,0.0,1.0,0.0
25,82382.62,7097.2183,101.0,56.537624,2.0,7.0,10.0,1.0,5.0,10.0,14.18,5.0,1231.32,34.57182,136.83022,766.354,0,0,0,0,0,0,0,0,0,1,0.0,0.0,0.0,0.0,1.0,0.0,0.0,0.0,0.0,0.0,0.0,0.0,0.0,0.0,0.0,0.0,1.0,0.0,1.0,0.0,0.0,1.0,0.0,0.0,0.0,0.0,2.0
21,18763.21,1752.6008,56.0,73.564,8.0,6.0,30.0,5.0,18.0,16.0,8.22,12.0,2286.73,33.083347,48.467663,313.22842,0,0,1,1,0,0,1,0,0,1,0.0,0.0,0.0,0.0,0.0,0.0,0.0,0.0,0.0,1.0,0.0,0.0,0.0,0.0,0.0,0.0,0.0,1.0,0.0,1.0,0.0,0.0,1.0,0.0,0.0,0.0,1.0
54,80396.86,6623.7383,109.0,0.0,5.0,7.0,9.0,0.0,8.0,11.0,10.47,0.0,1357.54,34.926865,266.01303,646.3608,0,0,0,0,0,1,0,0,0,0,0.0,0.0,0.0,0.0,0.0,0.0,0.0,0.0,1.0,0.0,0.0,0.0,0.0,0.0,0.0,0.0,1.0,0.0,1.0,0.0,0.0,1.0,0.0,0.0,0.0,0.0,2.0
36,33206.26,2519.1882,111.0,17.962557,0.0,3.0,7.0,1.0,1.0,11.0,5.2,3.0,1027.77,39.827255,316.66687,207.2894,0,0,1,0,0,0,0,0,0,0,0.0,0.0,0.0,0.0,0.0,0.0,0.0,1.0,0.0,0.0,0.0,0.0,0.0,0.0,0.0,0.0,1.0,0.0,1.0,0.0,0.0,0.0,0.0,0.0,0.0,1.0,2.0
45,72309.42,6135.785,130.0,0.0,1.0,5.0,2.0,0.0,12.0,12.0,2.29,1.0,493.99,30.077696,133.84212,719.7364,0,0,0,0,0,1,0,0,0,0,0.0,0.0,0.0,0.0,0.0,0.0,0.0,0.0,0.0,0.0,0.0,0.0,1.0,0.0,0.0,0.0,1.0,0.0,1.0,0.0,1.0,0.0,0.0,0.0,0.0,0.0,0.0
40,33262.2,2914.85,124.0,43.325153,6.0,5.0,18.0,3.0,14.0,12.0,17.33,2.0,696.05,33.82696,98.0968,241.89842,0,0,0,0,0,0,1,1,1,0,0.0,0.0,0.0,0.0,0.0,0.0,0.0,0.0,0.0,0.0,0.0,0.0,0.0,0.0,1.0,0.0,0.0,1.0,0.0,1.0,0.0,0.0,0.0,0.0,0.0,1.0,1.0
19,50212.71,4341.3926,73.0,132.4316,7.0,5.0,16.0,6.0,27.0,18.0,13.95,4.0,1796.17,33.900146,83.99779,477.70987,0,1,1,1,0,0,1,1,0,0,0.0,0.0,0.0,0.0,0.0,0.0,0.0,0.0,0.0,1.0,0.0,0.0,0.0,0.0,0.0,0.0,0.0,1.0,0.0,1.0,0.0,0.0,1.0,0.0,0.0,0.0,0.0
51,14274.54,992.545,114.0,0.0,7.0,6.0,10.0,0.0,18.0,11.0,8.13,4.0,1251.36,34.63954,78.62941,319.6723,0,0,0,0,0,1,0,0,0,0,0.0,0.0,0.0,0.0,0.0,0.0,1.0,0.0,0.0,0.0,0.0,0.0,0.0,0.0,0.0,0.0,1.0,0.0,1.0,0.0,0.0,0.0,0.0,0.0,1.0,0.0,0.0
19,40854.02,3552.5017,119.0,26.261793,2.0,4.0,6.0,1.0,2.0,1.0,9.58,2.0,462.84,26.67271,144.64597,434.3424,0,0,1,0,0,0,0,0,0,0,0.0,0.0,0.0,0.0,0.0,0.0,0.0,0.0,0.0,0.0,1.0,0.0,0.0,0.0,0.0,0.0,1.0,0.0,1.0,0.0,0.0,1.0,0.0,0.0,0.0,0.0,2.0
19,127491.48,10731.29,96.0,287.1612,5.0,1.0,1.0,4.0,4.0,9.0,1.65,4.0,563.31,26.996155,357.096,688.8718,1,0,0,0,0,0,0,1,1,0,0.0,0.0,0.0,0.0,0.0,0.0,0.0,0.0,1.0,0.0,0.0,0.0,0.0,0.0,0.0,0.0,1.0,0.0,1.0,0.0,0.0,0.0,1.0,0.0,0.0,0.0,2.0
19,19826.67,1805.2225,27.0,45.868927,6.0,3.0,33.0,5.0,6.0,15.0,11.47,8.0,2052.89,26.325518,240.08199,184.57133,1,0,0,1,0,0,0,0,1,1,0.0,0.0,0.0,0.0,0.0,0.0,0.0,0.0,0.0,0.0,0.0,1.0,0.0,0.0,0.0,0.0,0.0,1.0,0.0,1.0,0.0,0.0,0.0,0.0,0.0,1.0,1.0
24,44864.55,3840.7124,135.0,107.49008,4.0,7.0,2.0,4.0,9.0,0.0,9.34,1.0,441.24,36.458504,280.10886,276.47232,0,1,1,1,0,0,0,0,0,0,0.0,0.0,0.0,0.0,0.0,0.0,0.0,0.0,0.0,1.0,0.0,0.0,0.0,0.0,0.0,0.0,1.0,0.0,1.0,0.0,0.0,0.0,0.0,0.0,1.0,0.0,1.0
36,9853.855,720.1546,50.0,46.93471,8.0,10.0,22.0,6.0,52.0,16.0,26.87,11.0,2763.66,31.903267,63.666203,251.41455,1,0,0,1,0,0,1,1,0,0,0.0,0.0,0.0,0.0,0.0,0.0,1.0,0.0,0.0,0.0,0.0,0.0,0.0,0.0,0.0,1.0,0.0,0.0,0.0,1.0,0.0,0.0,0.0,0.0,0.0,1.0,0.0
17,18157.95,1095.8121,37.0,217.31282,6.0,7.0,28.0,2.0,26.0,12.0,9.03,15.0,1795.88,27.653683,98.80615,288.34772,0,0,0,1,0,0,0,0,1,0,0.0,0.0,0.0,0.0,0.0,0.0,0.0,0.0,0.0,0.0,0.0,1.0,0.0,0.0,0.0,0.0,0.0,1.0,0.0,1.0,0.0,0.0,0.0,0.0,1.0,0.0,1.0
34,22007.11,1983.9258,123.0,45.12758,3.0,4.0,14.0,4.0,25.0,11.0,-3.52,2.0,1330.7,37.04577,106.45511,306.8099,1,1,0,0,0,0,0,1,1,0,0.0,0.0,0.0,0.0,1.0,0.0,0.0,0.0,0.0,0.0,0.0,0.0,0.0,0.0,0.0,0.0,0.0,1.0,0.0,1.0,0.0,0.0,1.0,0.0,0.0,0.0,1.0
38,18309.76,1370.8134,55.0,48.339817,8.0,5.0,11.0,6.0,22.0,18.0,14.26,8.0,2193.28,33.179356,121.357895,257.3836,0,1,1,0,0,0,1,1,1,1,0.0,0.0,0.0,0.0,0.0,0.0,1.0,0.0,0.0,0.0,0.0,0.0,0.0,0.0,0.0,0.0,0.0,1.0,0.0,1.0,0.0,0.0,0.0,0.0,0.0,1.0,1.0
50,16965.3,1247.775,68.0,0.0,1.0,5.0,3.0,0.0,15.0,8.0,3.02,6.0,69.93,38.0748,123.168304,281.6092,0,0,0,0,0,1,0,0,0,0,0.0,0.0,0.0,0.0,0.0,0.0,0.0,0.0,0.0,0.0,0.0,0.0,0.0,0.0,1.0,0.0,1.0,0.0,1.0,0.0,0.0,0.0,0.0,0.0,1.0,0.0,1.0
43,132387.52,10844.293,124.0,145.65076,3.0,5.0,5.0,2.0,2.0,10.0,14.95,2.0,361.08,38.225033,408.08145,780.69714,0,1,0,0,0,0,0,1,0,0,0.0,0.0,1.0,0.0,0.0,0.0,0.0,0.0,0.0,0.0,0.0,0.0,0.0,0.0,0.0,0.0,1.0,0.0,1.0,0.0,0.0,1.0,0.0,0.0,0.0,0.0,1.0
21,19796.08,1357.6733,38.0,68.07298,6.0,9.0,21.0,7.0,29.0,10.0,14.47,7.0,2399.46,34.604965,77.283585,260.41077,0,1,1,0,0,0,1,1,1,1,0.0,0.0,0.0,0.0,0.0,0.0,0.0,0.0,0.0,0.0,1.0,0.0,0.0,0.0,0.0,0.0,0.0,1.0,0.0,1.0,0.0,0.0,0.0,1.0,0.0,0.0,0.0
30,67188.58,5758.0483,79.0,145.9296,5.0,7.0,9.0,3.0,9.0,2.0,7.84,4.0,1370.98,35.626396,194.83386,485.04138,0,1,1,0,0,0,1,0,0,0,0.0,0.0,0.0,0.0,0.0,0.0,0.0,0.0,0.0,0.0,0.0,1.0,0.0,0.0,0.0,0.0,1.0,0.0,1.0,0.0,0.0,1.0,0.0,0.0,0.0,0.0,1.0
32,28694.16,2544.18,27.0,123.7044,8.0,9.0,15.0,8.0,44.0,22.0,2.52,10.0,2481.83,33.667076,336.90543,83.80819,0,1,0,1,1,0,0,0,1,0,0.0,0.0,0.0,0.0,0.0,0.0,0.0,1.0,0.0,0.0,0.0,0.0,0.0,0.0,0.0,1.0,0.0,0.0,0.0,1.0,0.0,0.0,0.0,0.0,0.0,1.0,1.0
40,16724.455,1408.7046,135.0,0.0,4.0,4.0,11.0,0.0,17.0,3.0,10.98,1.0,139.33,29.537342,22.478289,368.39218,0,0,0,0,0,1,0,0,0,0,0.0,1.0,0.0,0.0,0.0,0.0,0.0,0.0,0.0,0.0,0.0,0.0,0.0,0.0,0.0,0.0,1.0,0.0,1.0,0.0,0.0,1.0,0.0,0.0,0.0,0.0,2.0
39,35417.25,3013.4375,77.0,0.0,3.0,5.0,7.0,0.0,9.0,14.0,13.96,5.0,701.43,23.321756,330.25385,261.0899,0,0,0,0,0,1,0,0,0,0,0.0,0.0,0.0,0.0,0.0,0.0,1.0,0.0,0.0,0.0,0.0,0.0,0.0,0.0,0.0,0.0,0.0,1.0,0.0,1.0,0.0,0.0,0.0,0.0,0.0,1.0,1.0
17,47330.91,3793.2424,53.0,103.17933,9.0,10.0,18.0,3.0,50.0,23.0,3.68,14.0,1455.64,35.46967,126.33802,399.8069,0,1,0,0,1,0,0,1,0,0,0.0,0.0,0.0,0.0,1.0,0.0,0.0,0.0,0.0,0.0,0.0,0.0,0.0,0.0,0.0,1.0,0.0,0.0,0.0,1.0,0.0,1.0,0.0,0.0,0.0,0.0,0.0
55,60841.98,5053.165,107.0,30.41954,3.0,3.0,9.0,1.0,3.0,5.0,3.32,7.0,1064.4,39.577656,61.623344,653.2736,0,0,0,0,1,0,0,0,0,0,0.0,0.0,0.0,0.0,0.0,0.0,1.0,0.0,0.0,0.0,0.0,0.0,0.0,0.0,0.0,0.0,1.0,0.0,1.0,0.0,1.0,0.0,0.0,0.0,0.0,0.0,1.0
30,34290.12,2697.51,57.0,185.11198,9.0,8.0,25.0,7.0,52.0,12.0,13.96,9.0,2686.81,24.222555,108.946915,225.69211,1,1,1,1,1,0,0,0,0,0,0.0,0.0,0.0,0.0,0.0,0.0,0.0,0.0,0.0,0.0,0.0,0.0,0.0,0.0,1.0,0.0,0.0,1.0,0.0,1.0,0.0,1.0,0.0,0.0,0.0,0.0,0.0
38,32273.01,2800.4175,66.0,65.042656,1.0,4.0,2.0,3.0,6.0,5.0,3.06,3.0,1362.01,23.076315,92.44178,392.5573,0,0,0,0,1,0,0,0,0,1,0.0,0.0,1.0,0.0,0.0,0.0,0.0,0.0,0.0,0.0,0.0,0.0,0.0,0.0,0.0,0.0,1.0,0.0,1.0,0.0,0.0,0.0,0.0,1.0,0.0,0.0,1.0
41,72617.55,5996.4624,112.0,89.40562,3.0,4.0,5.0,2.0,22.0,15.0,3.02,2.0,1475.91,39.535362,168.09001,612.15063,0,0,1,0,0,0,0,0,1,0,0.0,0.0,0.0,0.0,1.0,0.0,0.0,0.0,0.0,0.0,0.0,0.0,0.0,0.0,0.0,0.0,1.0,0.0,1.0,0.0,0.0,0.0,0.0,1.0,0.0,0.0,0.0
44,18110.7,1733.225,28.0,100.73146,6.0,8.0,20.0,7.0,28.0,19.0,4.09,14.0,1834.47,36.112297,120.36626,222.22478,0,1,1,0,0,0,0,0,1,1,0.0,0.0,0.0,0.0,0.0,0.0,0.0,0.0,0.0,0.0,0.0,0.0,0.0,0.0,1.0,1.0,0.0,0.0,0.0,1.0,0.0,0.0,0.0,1.0,0.0,0.0,0.0
36,34829.92,3031.4934,105.0,26.930855,4.0,5.0,9.0,1.0,3.0,0.0,-2.74,3.0,211.51,32.161465,82.84072,443.37775,0,0,0,0,1,0,0,0,0,0,0.0,0.0,0.0,0.0,0.0,0.0,0.0,0.0,0.0,0.0,0.0,0.0,0.0,1.0,0.0,0.0,1.0,0.0,1.0,0.0,1.0,0.0,0.0,0.0,0.0,0.0,2.0
50,109600.95,9336.412,81.0,252.46481,4.0,7.0,1.0,3.0,14.0,4.0,3.93,3.0,141.08,30.310814,299.3504,631.82605,0,0,0,0,1,0,0,1,1,0,0.0,0.0,0.0,0.0,0.0,1.0,0.0,0.0,0.0,0.0,0.0,0.0,0.0,0.0,0.0,0.0,1.0,0.0,1.0,0.0,0.0,1.0,0.0,0.0,0.0,0.0,2.0
53,57367.1,5030.592,122.0,190.44083,2.0,1.0,4.0,4.0,15.0,3.0,8.22,0.0,401.33,37.527294,484.8273,375.39856,0,0,0,1,0,0,1,0,0,0,0.0,0.0,0.0,0.0,0.0,0.0,0.0,0.0,0.0,1.0,0.0,0.0,0.0,0.0,0.0,0.0,1.0,0.0,1.0,0.0,0.0,1.0,0.0,0.0,0.0,0.0,2.0
32,22320.13,2151.0107,80.0,30.855247,5.0,6.0,18.0,2.0,24.0,11.0,18.5,7.0,1426.31,37.368237,236.95285,237.293,0,1,0,0,0,0,1,0,0,0,0.0,0.0,0.0,0.0,0.0,0.0,0.0,0.0,0.0,1.0,0.0,0.0,0.0,0.0,0.0,0.0,0.0,1.0,0.0,1.0,0.0,0.0,0.0,0.0,0.0,1.0,1.0
16,19895.9,1384.9917,57.0,66.388435,5.0,9.0,34.0,5.0,32.0,15.0,19.44,6.0,2600.04,36.36897,172.21283,189.8979,0,1,0,0,1,0,1,0,0,1,1.0,0.0,0.0,0.0,0.0,0.0,0.0,0.0,0.0,0.0,0.0,0.0,0.0,0.0,0.0,0.0,0.0,1.0,0.0,1.0,0.0,0.0,0.0,0.0,0.0,1.0,0.0
51,44595.18,3632.265,90.0,24.35689,3.0,3.0,10.0,1.0,18.0,10.0,8.22,4.0,795.49,30.96941,45.691586,533.17804,0,0,1,0,0,0,0,0,0,0,0.0,0.0,0.0,0.0,0.0,0.0,0.0,0.0,0.0,0.0,0.0,1.0,0.0,0.0,0.0,0.0,1.0,0.0,1.0,0.0,1.0,0.0,0.0,0.0,0.0,0.0,1.0
29,16045.125,1361.0938,85.0,30.293322,1.0,6.0,10.0,4.0,11.0,2.0,5.79,1.0,1013.24,24.199026,114.99531,280.82074,1,0,1,1,0,0,0,1,0,0,0.0,0.0,0.0,1.0,0.0,0.0,0.0,0.0,0.0,0.0,0.0,0.0,0.0,0.0,0.0,0.0,1.0,0.0,1.0,0.0,0.0,0.0,0.0,0.0,0.0,1.0,1.0
53,42048.24,3758.02,122.0,53.581463,6.0,4.0,5.0,2.0,22.0,8.0,9.54,1.0,975.52,25.365295,179.83896,402.38156,1,0,0,0,0,0,0,0,1,0,0.0,0.0,0.0,0.0,0.0,0.0,0.0,0.0,0.0,1.0,0.0,0.0,0.0,0.0,0.0,0.0,1.0,0.0,1.0,0.0,0.0,0.0,1.0,0.0,0.0,0.0,1.0
21,19653.006,1581.7504,77.0,38.112556,3.0,3.0,10.0,4.0,6.0,11.0,1.22,2.0,919.98,34.12998,89.80023,310.26227,0,0,1,0,0,0,1,0,1,1,0.0,0.0,0.0,0.0,0.0,0.0,0.0,0.0,0.0,0.0,0.0,0.0,1.0,0.0,0.0,0.0,1.0,0.0,1.0,0.0,0.0,0.0,0.0,0.0,1.0,0.0,1.0
27,38073.6,3048.8,39.0,143.89969,10.0,6.0,20.0,5.0,38.0,16.0,5.79,8.0,1644.31,23.40534,78.90121,322.0791,0,1,1,1,0,0,0,1,1,0,0.0,0.0,0.0,0.0,1.0,0.0,0.0,0.0,0.0,0.0,0.0,0.0,0.0,0.0,0.0,0.0,0.0,1.0,0.0,1.0,1.0,0.0,0.0,0.0,0.0,0.0,0.0
53,93163.52,7828.6265,104.0,149.07277,4.0,4.0,9.0,3.0,9.0,13.0,6.51,1.0,13.57,36.022346,247.12434,646.6656,1,0,0,0,0,0,0,1,1,0,0.0,0.0,0.0,0.0,0.0,0.0,1.0,0.0,0.0,0.0,0.0,0.0,0.0,0.0,0.0,0.0,0.0,1.0,1.0,0.0,0.0,0.0,1.0,0.0,0.0,0.0,1.0
37,18244.44,1555.37,64.0,66.98943,7.0,4.0,15.0,7.0,8.0,17.0,18.2,7.0,1580.95,32.26092,152.30212,216.24545,0,0,1,1,1,0,1,1,0,0,0.0,0.0,0.0,0.0,0.0,0.0,0.0,0.0,0.0,0.0,1.0,0.0,0.0,0.0,0.0,0.0,0.0,1.0,0.0,1.0,0.0,0.0,0.0,0.0,1.0,0.0,0.0
47,15624.68,1504.0566,101.0,9.801339,7.0,4.0,17.0,1.0,26.0,10.0,2.26,4.0,274.91,33.174755,52.41974,368.1846,0,0,1,0,0,0,0,0,0,0,0.0,1.0,0.0,0.0,0.0,0.0,0.0,0.0,0.0,0.0,0.0,0.0,0.0,0.0,0.0,0.0,0.0,1.0,0.0,1.0,0.0,0.0,0.0,0.0,1.0,0.0,1.0
43,16595.94,1175.995,28.0,40.69342,7.0,5.0,27.0,4.0,27.0,18.0,18.35,6.0,1747.16,28.081656,58.88932,288.01675,1,1,0,1,0,0,0,0,0,1,1.0,0.0,0.0,0.0,0.0,0.0,0.0,0.0,0.0,0.0,0.0,0.0,0.0,0.0,0.0,0.0,0.0,1.0,0.0,1.0,0.0,0.0,0.0,1.0,0.0,0.0,0.0
25,29633.99,2370.4993,27.0,32.226013,7.0,4.0,15.0,2.0,23.0,19.0,9.95,7.0,113.42,31.917679,52.660316,402.16357,0,0,0,0,1,0,1,0,0,0,0.0,0.0,0.0,0.0,0.0,0.0,0.0,0.0,0.0,0.0,0.0,0.0,0.0,1.0,0.0,0.0,0.0,1.0,0.0,1.0,0.0,1.0,0.0,0.0,0.0,0.0,1.0
24,36641.86,3008.4883,127.0,37.41636,6.0,6.0,15.0,2.0,34.0,14.0,10.23,7.0,1467.95,35.121674,38.7586,464.6739,0,0,0,0,1,0,0,0,0,1,0.0,0.0,0.0,0.0,0.0,0.0,0.0,0.0,0.0,0.0,0.0,1.0,0.0,0.0,0.0,0.0,0.0,1.0,0.0,1.0,1.0,0.0,0.0,0.0,0.0,0.0,1.0
50,40330.08,3271.84,88.0,108.80263,5.0,6.0,3.0,4.0,10.0,5.0,0.79,5.0,613.91,25.63812,111.41347,386.9679,0,0,0,1,1,0,1,0,1,0,0.0,0.0,0.0,0.0,0.0,0.0,0.0,1.0,0.0,0.0,0.0,0.0,0.0,0.0,0.0,0.0,1.0,0.0,1.0,0.0,0.0,0.0,0.0,0.0,1.0,0.0,0.0
48,17880.045,1580.0038,87.0,35.33936,8.0,5.0,2.0,4.0,5.0,16.0,6.61,8.0,157.85,28.295826,133.08685,269.57416,0,0,0,1,0,0,0,1,1,1,0.0,0.0,0.0,0.0,0.0,0.0,0.0,0.0,0.0,0.0,1.0,0.0,0.0,0.0,0.0,0.0,1.0,0.0,1.0,0.0,0.0,0.0,0.0,0.0,0.0,1.0,2.0
46,31501.87,2482.1558,120.0,37.42616,5.0,3.0,16.0,2.0,23.0,14.0,13.25,3.0,333.02,34.762085,171.39499,299.39444,0,0,0,1,0,0,0,0,1,0,0.0,0.0,0.0,1.0,0.0,0.0,0.0,0.0,0.0,0.0,0.0,0.0,0.0,0.0,0.0,0.0,0.0,1.0,0.0,1.0,0.0,0.0,1.0,0.0,0.0,0.0,1.0
34,41329.56,3421.13,101.0,20.553577,2.0,3.0,7.0,1.0,2.0,8.0,12.66,2.0,1245.01,39.01155,462.11765,149.44179,0,0,0,0,0,0,1,0,0,0,0.0,0.0,0.0,0.0,0.0,1.0,0.0,0.0,0.0,0.0,0.0,0.0,0.0,0.0,0.0,0.0,1.0,0.0,1.0,0.0,0.0,0.0,0.0,0.0,0.0,1.0,2.0
22,8329.915,660.1596,79.0,31.265802,8.0,5.0,30.0,8.0,41.0,16.0,0.79,7.0,2308.1,33.54228,44.320724,250.42943,1,0,1,0,1,0,1,1,1,0,0.0,0.0,0.0,0.0,0.0,0.0,0.0,0.0,0.0,0.0,0.0,0.0,1.0,0.0,0.0,1.0,0.0,0.0,0.0,1.0,0.0,0.0,1.0,0.0,0.0,0.0,0.0
27,25290.87,1868.5725,92.0,59.866936,3.0,5.0,17.0,3.0,13.0,12.0,14.1,5.0,340.65,40.543884,81.19482,305.7955,0,0,0,0,1,0,0,0,0,1,0.0,0.0,1.0,0.0,0.0,0.0,0.0,0.0,0.0,0.0,0.0,0.0,0.0,0.0,0.0,0.0,0.0,1.0,0.0,1.0,0.0,0.0,1.0,0.0,0.0,0.0,1.0
28,71498.38,6100.198,106.0,0.0,4.0,6.0,8.0,0.0,15.0,7.0,7.29,0.0,972.14,28.281563,139.29059,730.72925,0,0,0,0,0,1,0,0,0,0,1.0,0.0,0.0,0.0,0.0,0.0,0.0,0.0,0.0,0.0,0.0,0.0,0.0,0.0,0.0,0.0,1.0,0.0,1.0,0.0,0.0,0.0,1.0,0.0,0.0,0.0,0.0
32,31696.73,2363.3943,91.0,0.0,3.0,6.0,15.0,0.0,26.0,12.0,3.4,7.0,1055.29,29.44104,52.75581,443.58362,0,0,0,0,0,1,0,0,0,0,1.0,0.0,0.0,0.0,0.0,0.0,0.0,0.0,0.0,0.0,0.0,0.0,0.0,0.0,0.0,0.0,0.0,1.0,1.0,0.0,0.0,0.0,1.0,0.0,0.0,0.0,2.0
17,28021.64,2326.9053,32.0,194.27068,7.0,4.0,33.0,6.0,19.0,17.0,19.11,14.0,1377.41,39.061073,188.92068,275.05377,1,0,1,1,0,0,0,0,1,1,0.0,0.0,0.0,1.0,0.0,0.0,0.0,0.0,0.0,0.0,0.0,0.0,0.0,0.0,0.0,0.0,0.0,1.0,0.0,1.0,0.0,0.0,0.0,0.0,0.0,1.0,0.0
27,53218.86,4715.905,23.0,56.38856,10.0,9.0,25.0,2.0,26.0,17.0,8.67,8.0,2623.47,41.436367,35.069378,620.13257,0,1,0,0,0,0,1,0,0,0,0.0,0.0,0.0,1.0,0.0,0.0,0.0,0.0,0.0,0.0,0.0,0.0,0.0,0.0,0.0,1.0,0.0,0.0,0.0,1.0,1.0,0.0,0.0,0.0,0.0,0.0,1.0
19,36933.77,3324.8142,81.0,62.864372,4.0,6.0,8.0,3.0,4.0,10.0,6.65,1.0,185.39,30.732431,28.283232,481.3338,0,1,0,0,1,0,0,0,1,0,0.0,0.0,0.0,1.0,0.0,0.0,0.0,0.0,0.0,0.0,0.0,0.0,0.0,0.0,0.0,0.0,1.0,0.0,1.0,0.0,1.0,0.0,0.0,0.0,0.0,0.0,0.0
40,81047.56,6565.9634,83.0,153.20169,1.0,5.0,4.0,3.0,12.0,8.0,2.68,3.0,1290.47,32.019707,492.7024,280.69226,0,0,0,0,0,0,0,0,1,1,0.0,0.0,0.0,0.0,0.0,0.0,0.0,0.0,0.0,0.0,1.0,0.0,0.0,0.0,0.0,0.0,1.0,0.0,1.0,0.0,0.0,0.0,0.0,1.0,0.0,0.0,2.0
31,59971.42,5190.618,82.0,107.93724,8.0,5.0,6.0,3.0,11.0,20.0,0.52,0.0,203.03,39.58067,217.69307,463.43152,0,0,1,1,0,0,0,0,0,1,1.0,0.0,0.0,0.0,0.0,0.0,0.0,0.0,0.0,0.0,0.0,0.0,0.0,0.0,0.0,0.0,0.0,1.0,1.0,0.0,0.0,0.0,0.0,1.0,0.0,0.0,1.0
21,69506.16,5868.18,68.0,51.78614,8.0,6.0,17.0,1.0,15.0,20.0,16.76,4.0,460.46,42.469578,41.28903,733.74286,0,0,1,0,0,0,0,0,0,0,0.0,0.0,0.0,0.0,0.0,0.0,0.0,0.0,0.0,0.0,0.0,0.0,0.0,1.0,0.0,0.0,0.0,1.0,0.0,1.0,1.0,0.0,0.0,0.0,0.0,0.0,1.0
34,36607.63,2986.6357,117.0,45.411232,0.0,6.0,5.0,2.0,11.0,4.0,0.98,7.0,836.46,30.196579,137.46753,375.78482,0,1,0,0,0,0,1,0,0,0,0.0,0.0,0.0,0.0,0.0,0.0,0.0,0.0,0.0,0.0,0.0,0.0,1.0,0.0,0.0,0.0,1.0,0.0,1.0,0.0,0.0,0.0,1.0,0.0,0.0,0.0,0.0
33,13207.76,822.64667,87.0,37.77978,7.0,5.0,9.0,4.0,21.0,11.0,15.15,12.0,780.74,39.022484,47.282024,277.20285,0,0,1,1,0,0,0,1,0,1,0.0,0.0,1.0,0.0,0.0,0.0,0.0,0.0,0.0,0.0,0.0,0.0,0.0,0.0,0.0,0.0,0.0,1.0,0.0,1.0,0.0,0.0,0.0,0.0,1.0,0.0,2.0
40,39280.52,3297.3767,96.0,38.304173,5.0,1.0,9.0,2.0,0.0,3.0,7.15,4.0,599.81,25.124891,120.15002,421.28348,0,0,0,1,0,0,1,0,0,0,0.0,0.0,0.0,0.0,0.0,0.0,0.0,0.0,0.0,0.0,0.0,1.0,0.0,0.0,0.0,0.0,1.0,0.0,1.0,0.0,0.0,1.0,0.0,0.0,0.0,0.0,2.0
47,53052.2,4546.0166,78.0,79.606895,6.0,5.0,12.0,2.0,29.0,6.0,2.57,2.0,434.25,36.723293,114.97198,510.0228,0,1,0,0,0,0,0,1,0,0,0.0,0.0,0.0,0.0,0.0,0.0,0.0,0.0,0.0,0.0,0.0,0.0,0.0,0.0,1.0,0.0,0.0,1.0,1.0,0.0,0.0,0.0,0.0,0.0,1.0,0.0,0.0
32,75175.46,6492.6216,87.0,100.3792,4.0,1.0,7.0,2.0,8.0,6.0,10.13,4.0,170.62,31.7968,312.89407,505.9889,0,0,0,0,0,0,0,1,0,1,0.0,0.0,1.0,0.0,0.0,0.0,0.0,0.0,0.0,0.0,0.0,0.0,0.0,0.0,0.0,0.0,1.0,0.0,1.0,0.0,0.0,0.0,0.0,1.0,0.0,0.0,2.0
40,18836.23,1280.6858,32.0,49.55784,6.0,8.0,16.0,6.0,30.0,19.0,14.26,14.0,1310.56,33.80608,81.59042,286.92032,0,0,1,0,0,0,1,1,1,0,0.0,0.0,0.0,0.0,1.0,0.0,0.0,0.0,0.0,0.0,0.0,0.0,0.0,0.0,0.0,1.0,0.0,0.0,0.0,1.0,0.0,0.0,0.0,1.0,0.0,0.0,0.0
32,8002.575,644.8812,68.0,8.0568695,6.0,9.0,29.0,2.0,21.0,20.0,7.51,7.0,1699.99,26.793312,29.476294,316.95496,0,0,0,0,1,0,1,0,0,0,0.0,0.0,0.0,0.0,0.0,0.0,1.0,0.0,0.0,0.0,0.0,0.0,0.0,0.0,0.0,1.0,0.0,0.0,0.0,1.0,0.0,0.0,0.0,0.0,0.0,1.0,0.0
37,32631.54,2765.295,101.0,0.0,0.0,1.0,7.0,0.0,11.0,2.0,7.63,0.0,1013.79,32.865463,212.59674,353.93277,0,0,0,0,0,1,0,0,0,0,0.0,0.0,0.0,0.0,0.0,0.0,0.0,0.0,1.0,0.0,0.0,0.0,0.0,0.0,0.0,0.0,1.0,0.0,1.0,0.0,0.0,0.0,0.0,0.0,0.0,1.0,1.0
27,93390.44,7538.5366,77.0,117.48716,6.0,5.0,18.0,3.0,27.0,12.0,11.28,0.0,1036.26,35.7054,121.358864,755.0076,0,0,1,0,0,0,0,0,1,0,0.0,0.0,0.0,0.0,0.0,1.0,0.0,0.0,0.0,0.0,0.0,0.0,0.0,0.0,0.0,0.0,0.0,1.0,1.0,0.0,1.0,0.0,0.0,0.0,0.0,0.0,1.0
26,26281.03,2440.086,68.0,46.426163,8.0,3.0,16.0,3.0,33.0,23.0,12.82,7.0,267.49,34.565735,79.37923,368.2032,1,0,0,0,1,0,1,0,0,0,0.0,0.0,0.0,0.0,0.0,0.0,0.0,0.0,1.0,0.0,0.0,0.0,0.0,0.0,0.0,0.0,0.0,1.0,0.0,1.0,0.0,1.0,0.0,0.0,0.0,0.0,1.0
21,60401.4,5163.45,89.0,226.89635,6.0,6.0,27.0,6.0,45.0,21.0,7.06,11.0,2253.93,27.535706,98.72222,440.72644,1,0,1,0,1,0,1,1,1,0,0.0,0.0,0.0,0.0,0.0,0.0,0.0,0.0,0.0,0.0,0.0,0.0,0.0,0.0,1.0,1.0,0.0,0.0,0.0,1.0,0.0,1.0,0.0,0.0,0.0,0.0,0.0
20,65858.48,5421.2065,34.0,261.20123,7.0,7.0,30.0,5.0,33.0,14.0,15.88,13.0,2344.57,28.076984,208.00775,362.91168,1,0,0,0,1,0,1,1,0,1,0.0,0.0,0.0,0.0,0.0,0.0,0.0,0.0,0.0,0.0,0.0,0.0,1.0,0.0,0.0,0.0,0.0,1.0,0.0,1.0,0.0,0.0,0.0,0.0,0.0,1.0,1.0
25,52454.79,4130.2324,32.0,273.56064,8.0,6.0,24.0,7.0,25.0,25.0,1.77,11.0,2429.89,27.765276,91.47738,287.98523,0,1,1,1,0,0,1,1,0,1,0.0,0.0,0.0,0.0,0.0,0.0,1.0,0.0,0.0,0.0,0.0,0.0,0.0,0.0,0.0,1.0,0.0,0.0,0.0,1.0,1.0,0.0,0.0,0.0,0.0,0.0,0.0
39,64110.51,5217.5425,29.0,28.611776,8.0,4.0,6.0,1.0,20.0,19.0,19.62,7.0,174.22,35.345016,148.07335,595.0691,0,0,0,0,1,0,0,0,0,0,0.0,0.0,0.0,0.0,0.0,0.0,0.0,0.0,1.0,0.0,0.0,0.0,0.0,0.0,0.0,0.0,0.0,1.0,0.0,1.0,0.0,1.0,0.0,0.0,0.0,0.0,1.0
28,64416.46,5494.0386,116.0,130.38214,5.0,3.0,14.0,4.0,6.0,11.0,16.03,1.0,758.45,37.353294,157.54544,511.47626,0,0,0,0,1,0,0,1,0,0,0.0,0.0,0.0,0.0,0.0,0.0,1.0,0.0,0.0,0.0,0.0,0.0,0.0,0.0,0.0,0.0,0.0,1.0,0.0,1.0,0.0,1.0,0.0,0.0,0.0,0.0,1.0
27,55916.52,4597.71,109.0,103.06639,8.0,7.0,5.0,4.0,22.0,14.0,2.23,0.0,1069.61,31.14967,53.122177,543.58246,1,0,0,0,1,0,0,0,0,1,0.0,0.0,0.0,0.0,0.0,0.0,0.0,0.0,0.0,0.0,0.0,0.0,0.0,1.0,0.0,0.0,0.0,1.0,0.0,1.0,1.0,0.0,0.0,0.0,0.0,0.0,1.0
41,16626.25,1096.5209,97.0,0.0,0.0,2.0,5.0,0.0,13.0,7.0,6.39,0.0,1113.26,28.814869,103.63212,296.01996,0,0,0,0,0,1,0,0,0,0,0.0,0.0,0.0,0.0,0.0,1.0,0.0,0.0,0.0,0.0,0.0,0.0,0.0,0.0,0.0,0.0,1.0,0.0,1.0,0.0,0.0,0.0,0.0,0.0,0.0,1.0,2.0
22,93312.33,7898.0273,129.0,126.18588,3.0,3.0,13.0,2.0,26.0,16.0,14.88,0.0,555.33,35.845543,161.85951,761.7574,0,0,0,0,0,0,1,1,0,0,0.0,0.0,0.0,0.0,1.0,0.0,0.0,0.0,0.0,0.0,0.0,0.0,0.0,0.0,0.0,0.0,0.0,1.0,0.0,1.0,0.0,0.0,1.0,0.0,0.0,0.0,1.0
33,43287.85,3769.3208,85.0,33.86127,4.0,4.0,5.0,1.0,3.0,2.0,1.13,2.0,1370.94,32.5779,95.055244,488.01556,0,0,0,0,0,0,0,0,1,0,0.0,0.0,0.0,0.0,0.0,0.0,0.0,0.0,0.0,0.0,0.0,0.0,1.0,0.0,0.0,0.0,1.0,0.0,1.0,0.0,1.0,0.0,0.0,0.0,0.0,0.0,2.0
38,33827.58,2736.965,135.0,32.36085,8.0,3.0,14.0,2.0,17.0,8.0,11.96,0.0,1191.4,29.897413,116.107,375.22864,0,0,1,0,0,0,1,0,0,0,0.0,0.0,0.0,0.0,0.0,1.0,0.0,0.0,0.0,0.0,0.0,0.0,0.0,0.0,0.0,0.0,0.0,1.0,0.0,1.0,0.0,1.0,0.0,0.0,0.0,0.0,1.0
22,19193.42,1589.4517,122.0,60.116665,5.0,6.0,9.0,4.0,28.0,20.0,16.83,8.0,211.4,32.977436,101.962654,283.15277,0,0,0,1,1,0,0,0,0,0,0.0,0.0,0.0,1.0,0.0,0.0,0.0,0.0,0.0,0.0,0.0,0.0,0.0,0.0,0.0,0.0,0.0,1.0,0.0,1.0,0.0,0.0,0.0,0.0,0.0,1.0,1.0
28,19370.48,1828.2067,87.0,40.2389,6.0,3.0,10.0,3.0,10.0,16.0,11.58,1.0,482.47,39.18282,146.66385,285.91794,1,0,0,0,1,0,0,1,0,0,0.0,0.0,0.0,0.0,1.0,0.0,0.0,0.0,0.0,0.0,0.0,0.0,0.0,0.0,0.0,0.0,0.0,1.0,1.0,0.0,0.0,0.0,0.0,0.0,0.0,1.0,1.0
30,10366.83,568.9025,88.0,24.413347,8.0,3.0,6.0,4.0,24.0,14.0,7.92,5.0,0.95,21.941298,41.756844,280.72006,0,0,1,1,0,0,1,0,0,0,0.0,0.0,0.0,0.0,0.0,0.0,0.0,0.0,0.0,0.0,0.0,1.0,0.0,0.0,0.0,0.0,0.0,1.0,0.0,1.0,0.0,0.0,0.0,0.0,0.0,1.0,1.0
19,40327.22,3595.6016,95.0,0.0,5.0,5.0,7.0,0.0,13.0,0.0,7.87,4.0,1073.76,36.725803,245.28627,404.2739,0,0,0,0,0,1,0,0,0,0,0.0,0.0,0.0,0.0,0.0,0.0,0.0,0.0,0.0,0.0,1.0,0.0,0.0,0.0,0.0,0.0,1.0,0.0,1.0,0.0,0.0,0.0,0.0,0.0,0.0,1.0,1.0
28,39800.12,3047.6768,72.0,58.487656,7.0,5.0,12.0,3.0,17.0,18.0,18.53,4.0,660.69,41.203354,33.79278,462.4872,1,0,0,0,0,0,0,1,1,0,0.0,0.0,0.0,0.0,0.0,0.0,0.0,0.0,0.0,0.0,0.0,0.0,0.0,0.0,1.0,0.0,0.0,1.0,0.0,1.0,0.0,1.0,0.0,0.0,0.0,0.0,2.0
40,34271.96,3058.9966,123.0,81.97544,3.0,7.0,19.0,3.0,7.0,19.0,1.87,5.0,839.04,36.79446,69.33299,404.59125,0,0,1,1,0,0,0,0,1,0,1.0,0.0,0.0,0.0,0.0,0.0,0.0,0.0,0.0,0.0,0.0,0.0,0.0,0.0,0.0,0.0,0.0,1.0,1.0,0.0,0.0,1.0,0.0,0.0,0.0,0.0,1.0
43,9203.725,1048.977,37.0,31.497066,10.0,5.0,18.0,7.0,37.0,21.0,1.8,11.0,2338.29,27.686447,83.84082,269.5598,1,0,1,1,1,0,1,0,0,1,0.0,0.0,0.0,0.0,1.0,0.0,0.0,0.0,0.0,0.0,0.0,0.0,0.0,0.0,0.0,1.0,0.0,0.0,0.0,1.0,0.0,0.0,0.0,0.0,1.0,0.0,0.0
49,28975.42,2391.6184,100.0,19.30059,4.0,5.0,13.0,1.0,13.0,11.0,2.86,2.0,675.8,36.036057,109.25753,400.6037,0,0,1,0,0,0,0,0,0,0,0.0,0.0,0.0,0.0,0.0,0.0,1.0,0.0,0.0,0.0,0.0,0.0,0.0,0.0,0.0,0.0,0.0,1.0,1.0,0.0,0.0,0.0,0.0,0.0,0.0,1.0,1.0
26,70902.06,5898.505,107.0,59.709663,4.0,3.0,5.0,2.0,6.0,6.0,4.88,7.0,720.71,34.470184,102.4276,667.71326,0,0,0,0,0,0,0,1,1,0,0.0,0.0,0.0,0.0,0.0,0.0,0.0,0.0,0.0,0.0,0.0,0.0,0.0,1.0,0.0,0.0,1.0,0.0,1.0,0.0,0.0,1.0,0.0,0.0,0.0,0.0,1.0
42,35022.22,2859.5183,117.0,21.214577,3.0,5.0,4.0,1.0,6.0,11.0,1.36,5.0,1000.44,26.722208,64.84809,439.88916,0,0,0,0,0,0,0,0,0,1,0.0,0.0,0.0,0.0,1.0,0.0,0.0,0.0,0.0,0.0,0.0,0.0,0.0,0.0,0.0,0.0,1.0,0.0,1.0,0.0,1.0,0.0,0.0,0.0,0.0,0.0,2.0
46,66189.24,5437.77,76.0,36.86044,3.0,5.0,12.0,1.0,31.0,21.0,12.41,1.0,544.21,27.254,216.05959,570.857,0,0,0,0,0,0,1,0,0,0,0.0,0.0,0.0,0.0,0.0,0.0,0.0,0.0,0.0,0.0,0.0,0.0,0.0,0.0,1.0,0.0,0.0,1.0,0.0,1.0,0.0,0.0,0.0,0.0,1.0,0.0,1.0
44,12016.0,729.3333,118.0,20.743544,6.0,3.0,14.0,3.0,31.0,10.0,15.23,0.0,583.27,32.663708,27.761984,304.4278,1,0,0,0,1,0,1,0,0,0,0.0,0.0,0.0,0.0,0.0,0.0,0.0,0.0,0.0,0.0,0.0,0.0,0.0,1.0,0.0,0.0,0.0,1.0,0.0,1.0,0.0,0.0,0.0,0.0,1.0,0.0,1.0
52,33200.52,2755.71,76.0,28.064297,6.0,4.0,20.0,2.0,25.0,15.0,9.59,4.0,1290.73,32.449047,246.45233,281.05435,0,0,0,0,0,0,0,0,0,1,0.0,0.0,0.0,0.0,0.0,0.0,0.0,0.0,1.0,0.0,0.0,0.0,0.0,0.0,0.0,0.0,0.0,1.0,1.0,0.0,0.0,0.0,0.0,0.0,1.0,0.0,1.0
38,68392.18,5622.348,112.0,108.40185,0.0,5.0,12.0,3.0,15.0,5.0,14.78,3.0,719.2,34.0512,105.15421,598.6788,0,0,1,0,1,0,0,0,0,0,0.0,0.0,0.0,0.0,0.0,0.0,1.0,0.0,0.0,0.0,0.0,0.0,0.0,0.0,0.0,0.0,1.0,0.0,1.0,0.0,0.0,1.0,0.0,0.0,0.0,0.0,2.0
17,19369.96,1791.1633,68.0,57.412212,6.0,5.0,18.0,4.0,14.0,21.0,17.39,8.0,1266.31,30.806946,129.948,271.75613,0,1,1,0,0,0,0,1,0,0,1.0,0.0,0.0,0.0,0.0,0.0,0.0,0.0,0.0,0.0,0.0,0.0,0.0,0.0,0.0,0.0,0.0,1.0,0.0,1.0,0.0,0.0,0.0,0.0,0.0,1.0,1.0
20,7724.425,631.7021,61.0,14.118876,10.0,7.0,26.0,3.0,39.0,18.0,5.06,7.0,2048.13,38.32135,28.402475,310.64886,0,1,0,1,0,0,1,0,0,0,0.0,0.0,1.0,0.0,0.0,0.0,0.0,0.0,0.0,0.0,0.0,0.0,0.0,0.0,0.0,1.0,0.0,0.0,0.0,1.0,0.0,0.0,0.0,0.0,0.0,1.0,0.0
25,30555.87,2776.3225,98.0,0.0,2.0,6.0,11.0,0.0,-3.0,9.0,7.33,5.0,418.79,35.357937,128.47527,439.15698,0,0,0,0,0,1,0,0,0,0,0.0,0.0,0.0,0.0,0.0,0.0,1.0,0.0,0.0,0.0,0.0,0.0,0.0,0.0,0.0,0.0,1.0,0.0,1.0,0.0,0.0,0.0,0.0,0.0,0.0,1.0,1.0
39,22143.31,2110.276,128.0,54.364975,5.0,6.0,17.0,3.0,23.0,17.0,12.18,3.0,1428.31,36.49238,267.2894,179.37321,0,0,0,0,0,0,1,1,1,0,0.0,0.0,0.0,0.0,0.0,0.0,0.0,0.0,0.0,0.0,0.0,0.0,0.0,0.0,1.0,0.0,0.0,1.0,0.0,1.0,0.0,0.0,0.0,0.0,0.0,1.0,0.0
38,20193.59,1400.7992,50.0,68.09054,3.0,3.0,8.0,5.0,21.0,12.0,11.42,6.0,1109.22,34.14269,64.23482,297.75455,0,1,0,1,1,0,1,1,0,0,0.0,0.0,0.0,1.0,0.0,0.0,0.0,0.0,0.0,0.0,0.0,0.0,0.0,0.0,0.0,0.0,0.0,1.0,0.0,1.0,0.0,0.0,0.0,0.0,0.0,1.0,1.0
28,40646.19,3276.1826,95.0,0.0,3.0,7.0,6.0,0.0,15.0,8.0,4.77,4.0,534.4,40.155872,257.1045,350.51376,0,0,0,0,0,1,0,0,0,0,1.0,0.0,0.0,0.0,0.0,0.0,0.0,0.0,0.0,0.0,0.0,0.0,0.0,0.0,0.0,0.0,1.0,0.0,1.0,0.0,0.0,0.0,0.0,0.0,1.0,0.0,1.0
34,56038.28,4860.8564,89.0,76.22103,5.0,4.0,10.0,2.0,7.0,14.0,8.03,4.0,264.52,28.501783,69.262634,590.602,0,1,0,0,0,0,0,0,1,0,0.0,0.0,0.0,0.0,0.0,0.0,0.0,1.0,0.0,0.0,0.0,0.0,0.0,0.0,0.0,0.0,1.0,0.0,1.0,0.0,0.0,1.0,0.0,0.0,0.0,0.0,2.0
36,22312.07,2013.3391,97.0,32.891186,0.0,4.0,4.0,3.0,7.0,2.0,9.04,3.0,51.37,32.001015,121.75874,336.684,0,0,1,1,0,0,0,0,0,1,0.0,0.0,0.0,0.0,0.0,0.0,0.0,1.0,0.0,0.0,0.0,0.0,0.0,0.0,0.0,0.0,1.0,0.0,1.0,0.0,0.0,0.0,0.0,0.0,0.0,1.0,2.0
22,61017.93,5054.8276,86.0,132.88638,4.0,3.0,7.0,3.0,15.0,22.0,11.13,4.0,1399.51,35.904896,156.20549,486.39087,0,0,1,0,0,0,1,0,0,0,0.0,0.0,0.0,1.0,0.0,0.0,0.0,0.0,0.0,0.0,0.0,0.0,0.0,0.0,0.0,0.0,0.0,1.0,1.0,0.0,0.0,0.0,0.0,1.0,0.0,0.0,2.0
29,10037.855,849.4879,44.0,20.690956,4.0,5.0,17.0,4.0,5.0,18.0,13.99,7.0,1665.09,35.45934,35.341476,318.91635,0,1,0,1,1,0,0,0,0,0,0.0,0.0,1.0,0.0,0.0,0.0,0.0,0.0,0.0,0.0,0.0,0.0,0.0,0.0,0.0,0.0,0.0,1.0,0.0,1.0,0.0,0.0,0.0,0.0,0.0,1.0,0.0
50,19199.49,1649.9575,104.0,31.85522,3.0,1.0,4.0,2.0,7.0,5.0,1.11,3.0,399.44,37.746662,36.731403,336.40912,0,0,1,0,0,0,0,0,0,1,0.0,0.0,1.0,0.0,0.0,0.0,0.0,0.0,0.0,0.0,0.0,0.0,0.0,0.0,0.0,0.0,1.0,0.0,1.0,0.0,1.0,0.0,0.0,0.0,0.0,0.0,2.0
45,83477.58,6718.465,77.0,42.143955,4.0,7.0,12.0,1.0,7.0,12.0,3.64,3.0,715.49,29.959013,337.56284,562.1397,0,0,0,0,0,0,0,0,1,0,0.0,0.0,0.0,0.0,0.0,0.0,0.0,1.0,0.0,0.0,0.0,0.0,0.0,0.0,0.0,0.0,1.0,0.0,1.0,0.0,0.0,0.0,0.0,1.0,0.0,0.0,1.0
47,20867.67,1489.9725,132.0,16.837189,1.0,3.0,11.0,1.0,13.0,8.0,1.1,4.0,884.52,38.03283,120.777596,337.14374,0,0,1,0,0,0,0,0,0,0,0.0,0.0,0.0,0.0,0.0,0.0,0.0,0.0,0.0,0.0,0.0,0.0,0.0,0.0,1.0,0.0,1.0,0.0,1.0,0.0,1.0,0.0,0.0,0.0,0.0,0.0,2.0
53,17992.775,1769.398,77.0,0.0,3.0,5.0,6.0,0.0,4.0,12.0,4.61,2.0,565.22,23.136824,95.65646,341.28333,0,0,0,0,0,1,0,0,0,0,0.0,0.0,0.0,0.0,1.0,0.0,0.0,0.0,0.0,0.0,0.0,0.0,0.0,0.0,0.0,0.0,1.0,0.0,1.0,0.0,0.0,0.0,1.0,0.0,0.0,0.0,0.0
24,41167.6,3596.6333,111.0,0.0,7.0,3.0,7.0,0.0,28.0,8.0,9.92,2.0,918.62,32.065945,99.84384,529.8195,0,0,0,0,0,1,0,0,0,0,0.0,0.0,0.0,0.0,0.0,0.0,0.0,0.0,0.0,0.0,0.0,0.0,1.0,0.0,0.0,0.0,1.0,0.0,1.0,0.0,0.0,0.0,0.0,1.0,0.0,0.0,1.0
20,9067.12,637.5933,23.0,39.710224,10.0,5.0,30.0,6.0,21.0,23.0,20.79,16.0,2563.0,23.560965,64.75539,249.29373,0,1,0,0,1,0,0,0,1,1,0.0,0.0,0.0,0.0,0.0,0.0,0.0,0.0,0.0,0.0,0.0,0.0,0.0,0.0,1.0,1.0,0.0,0.0,0.0,1.0,0.0,0.0,0.0,0.0,1.0,0.0,1.0
27,55229.64,4833.47,122.0,124.49583,5.0,4.0,5.0,4.0,20.0,15.0,7.42,4.0,590.3,34.97095,140.92372,467.92746,1,0,1,0,0,0,1,0,0,0,0.0,0.0,0.0,0.0,0.0,0.0,0.0,0.0,0.0,1.0,0.0,0.0,0.0,0.0,0.0,0.0,0.0,1.0,1.0,0.0,0.0,1.0,0.0,0.0,0.0,0.0,1.0
33,21205.72,1556.1433,117.0,20.007887,3.0,5.0,10.0,2.0,9.0,14.0,2.55,2.0,327.83,31.84193,125.46908,300.13736,0,1,0,0,0,0,0,0,0,1,0.0,0.0,0.0,0.0,0.0,0.0,0.0,0.0,0.0,0.0,0.0,0.0,0.0,1.0,0.0,0.0,1.0,0.0,1.0,0.0,0.0,0.0,0.0,0.0,0.0,1.0,1.0
33,33652.17,2602.3474,67.0,18.995377,2.0,5.0,8.0,1.0,13.0,10.0,4.07,1.0,306.53,36.829353,222.04033,309.19904,0,0,1,0,0,0,0,0,0,0,0.0,0.0,0.0,0.0,1.0,0.0,0.0,0.0,0.0,0.0,0.0,0.0,0.0,0.0,0.0,0.0,1.0,0.0,1.0,0.0,0.0,0.0,0.0,0.0,0.0,1.0,2.0
24,33475.63,3033.6357,90.0,0.0,8.0,7.0,16.0,0.0,17.0,16.0,11.6,6.0,666.72,30.53887,222.35818,361.0054,0,0,0,0,0,1,0,0,0,0,0.0,0.0,0.0,0.0,1.0,0.0,0.0,0.0,0.0,0.0,0.0,0.0,0.0,0.0,0.0,0.0,0.0,1.0,0.0,1.0,0.0,0.0,0.0,0.0,1.0,0.0,1.0
47,90729.48,7299.79,118.0,183.31122,4.0,4.0,15.0,3.0,20.0,9.0,0.93,3.0,46.92,29.436392,234.52902,562.1388,0,1,0,0,0,0,1,0,0,0,0.0,0.0,0.0,0.0,0.0,0.0,0.0,0.0,0.0,0.0,0.0,0.0,0.0,1.0,0.0,0.0,0.0,1.0,0.0,1.0,0.0,1.0,0.0,0.0,0.0,0.0,1.0
22,73665.33,6080.7773,76.0,41.34864,8.0,4.0,6.0,1.0,18.0,18.0,8.69,6.0,794.92,30.967083,239.25021,577.4789,0,0,0,0,0,0,0,0,1,0,0.0,0.0,0.0,0.0,0.0,0.0,0.0,0.0,0.0,0.0,0.0,0.0,1.0,0.0,0.0,0.0,0.0,1.0,1.0,0.0,0.0,1.0,0.0,0.0,0.0,0.0,1.0
42,20562.56,1651.5466,50.0,28.58877,5.0,6.0,31.0,2.0,23.0,13.0,9.16,9.0,2491.07,37.416843,91.50919,305.0567,0,1,0,0,0,0,1,0,0,0,0.0,0.0,0.0,0.0,0.0,0.0,0.0,0.0,0.0,0.0,0.0,0.0,0.0,0.0,1.0,0.0,0.0,1.0,0.0,1.0,0.0,0.0,1.0,0.0,0.0,0.0,0.0
33,40591.74,3156.645,81.0,93.036896,5.0,5.0,16.0,4.0,22.0,10.0,12.36,4.0,278.43,32.55062,65.92273,416.70486,0,1,0,0,1,0,1,0,0,1,0.0,0.0,0.0,0.0,0.0,0.0,0.0,0.0,0.0,0.0,0.0,1.0,0.0,0.0,0.0,0.0,0.0,1.0,0.0,1.0,0.0,0.0,1.0,0.0,0.0,0.0,1.0
28,44308.67,3519.3892,84.0,0.0,5.0,3.0,9.0,0.0,12.0,9.0,4.3,9.0,1394.14,29.741167,309.77127,312.16766,0,0,0,0,0,1,0,0,0,0,1.0,0.0,0.0,0.0,0.0,0.0,0.0,0.0,0.0,0.0,0.0,0.0,0.0,0.0,0.0,0.0,1.0,0.0,1.0,0.0,0.0,0.0,0.0,1.0,0.0,0.0,2.0
44,34980.94,2653.0784,68.0,52.923805,1.0,5.0,7.0,3.0,8.0,10.0,4.66,3.0,715.01,29.051003,47.291786,415.09225,0,0,0,1,1,0,0,0,0,0,0.0,0.0,0.0,0.0,0.0,0.0,1.0,0.0,0.0,0.0,0.0,0.0,0.0,0.0,0.0,0.0,1.0,0.0,1.0,0.0,0.0,1.0,0.0,0.0,0.0,0.0,2.0
25,36408.04,3123.0034,78.0,0.0,7.0,3.0,9.0,0.0,27.0,8.0,9.39,6.0,903.14,31.16543,374.05768,228.24265,0,0,0,0,0,1,0,0,0,0,0.0,0.0,0.0,0.0,0.0,0.0,0.0,0.0,0.0,0.0,1.0,0.0,0.0,0.0,0.0,0.0,0.0,1.0,1.0,0.0,0.0,1.0,0.0,0.0,0.0,0.0,1.0
32,16481.715,1537.4762,43.0,66.68122,7.0,3.0,15.0,6.0,11.0,9.0,9.59,8.0,145.32,33.985607,129.22835,237.83804,1,0,0,0,0,0,1,1,0,1,0.0,0.0,0.0,0.0,0.0,0.0,0.0,1.0,0.0,0.0,0.0,0.0,0.0,0.0,0.0,0.0,0.0,1.0,0.0,1.0,0.0,0.0,0.0,0.0,1.0,0.0,1.0
18,15157.25,1092.1041,27.0,41.935688,8.0,10.0,24.0,5.0,52.0,25.0,6.01,6.0,1448.71,25.055391,66.24591,261.0288,1,1,0,0,1,0,0,0,1,0,0.0,0.0,0.0,0.0,0.0,0.0,0.0,0.0,0.0,0.0,0.0,0.0,0.0,1.0,0.0,1.0,0.0,0.0,0.0,1.0,0.0,0.0,1.0,0.0,0.0,0.0,0.0
55,10394.805,1038.2338,84.0,5.2492733,7.0,4.0,8.0,1.0,25.0,17.0,1.82,3.0,139.11,36.26182,55.860126,302.714,1,0,0,0,0,0,0,0,0,0,0.0,0.0,0.0,0.0,0.0,0.0,0.0,0.0,0.0,0.0,0.0,0.0,0.0,1.0,0.0,0.0,1.0,0.0,1.0,0.0,0.0,0.0,1.0,0.0,0.0,0.0,2.0
24,92949.78,7774.815,101.0,197.30489,0.0,5.0,10.0,4.0,15.0,13.0,7.88,3.0,1037.46,36.014374,228.60045,631.5762,1,0,1,1,0,0,0,0,0,0,1.0,0.0,0.0,0.0,0.0,0.0,0.0,0.0,0.0,0.0,0.0,0.0,0.0,0.0,0.0,0.0,1.0,0.0,1.0,0.0,0.0,0.0,0.0,1.0,0.0,0.0,1.0
28,38334.61,2966.5508,91.0,41.07297,3.0,4.0,12.0,2.0,9.0,2.0,6.35,3.0,1234.53,23.650097,157.06845,378.51367,0,0,0,0,1,0,1,0,0,0,0.0,0.0,1.0,0.0,0.0,0.0,0.0,0.0,0.0,0.0,0.0,0.0,0.0,0.0,0.0,0.0,1.0,0.0,1.0,0.0,0.0,0.0,0.0,0.0,1.0,0.0,1.0
36,15566.02,1423.1683,39.0,43.07052,8.0,5.0,32.0,4.0,17.0,20.0,9.24,7.0,1693.95,24.251028,169.62099,219.62534,0,1,0,1,1,0,0,0,1,0,0.0,0.0,0.0,0.0,0.0,0.0,0.0,0.0,0.0,0.0,0.0,1.0,0.0,0.0,0.0,0.0,0.0,1.0,0.0,1.0,0.0,0.0,0.0,0.0,0.0,1.0,0.0
30,21639.39,1633.2825,97.0,12.131866,3.0,4.0,7.0,1.0,21.0,15.0,9.71,7.0,1066.41,37.797028,179.23978,261.9566,0,0,0,0,1,0,0,0,0,0,0.0,1.0,0.0,0.0,0.0,0.0,0.0,0.0,0.0,0.0,0.0,0.0,0.0,0.0,0.0,0.0,0.0,1.0,0.0,1.0,0.0,0.0,0.0,0.0,0.0,1.0,0.0
49,93068.88,7497.74,99.0,221.0215,5.0,8.0,16.0,4.0,30.0,21.0,1.36,4.0,151.6,37.27572,504.20328,314.54922,0,0,0,0,1,0,0,1,1,0,0.0,0.0,0.0,0.0,0.0,0.0,0.0,0.0,0.0,0.0,0.0,1.0,0.0,0.0,0.0,0.0,0.0,1.0,1.0,0.0,0.0,0.0,0.0,0.0,0.0,1.0,1.0
33,38839.22,3272.6016,139.0,64.69525,8.0,4.0,19.0,3.0,24.0,9.0,1.83,4.0,1203.51,26.666842,39.695908,366.84622,1,0,0,0,0,0,0,0,1,1,0.0,0.0,0.0,0.0,1.0,0.0,0.0,0.0,0.0,0.0,0.0,0.0,0.0,0.0,0.0,0.0,0.0,1.0,0.0,1.0,0.0,0.0,1.0,0.0,0.0,0.0,1.0
47,39477.34,3010.7783,123.0,0.0,0.0,1.0,11.0,0.0,13.0,3.0,-2.52,3.0,348.02,38.530098,191.22386,399.85397,0,0,0,0,0,1,0,0,0,0,0.0,1.0,0.0,0.0,0.0,0.0,0.0,0.0,0.0,0.0,0.0,0.0,0.0,0.0,0.0,0.0,1.0,0.0,1.0,0.0,0.0,0.0,0.0,0.0,0.0,1.0,1.0
21,21825.32,2006.6658,127.0,144.77124,4.0,5.0,12.0,4.0,16.0,8.0,7.73,1.0,428.44,34.936695,175.68822,260.52902,0,0,0,0,1,0,0,0,1,1,0.0,0.0,0.0,0.0,0.0,0.0,0.0,0.0,0.0,0.0,0.0,0.0,0.0,1.0,0.0,0.0,0.0,1.0,1.0,0.0,0.0,0.0,0.0,0.0,0.0,1.0,1.0
29,65929.12,5649.0933,82.0,64.91669,6.0,5.0,18.0,2.0,8.0,11.0,17.76,12.0,1329.17,31.39465,104.39571,645.5969,1,0,0,0,0,0,0,1,0,0,0.0,0.0,0.0,0.0,0.0,0.0,0.0,0.0,0.0,0.0,0.0,0.0,1.0,0.0,0.0,0.0,0.0,1.0,0.0,1.0,0.0,1.0,0.0,0.0,0.0,0.0,1.0
35,19328.71,1480.7258,71.0,25.87483,3.0,5.0,2.0,2.0,7.0,4.0,7.27,3.0,160.03,30.871029,57.89038,314.30737,0,1,0,0,0,0,0,0,0,1,0.0,1.0,0.0,0.0,0.0,0.0,0.0,0.0,0.0,0.0,0.0,0.0,0.0,0.0,0.0,0.0,1.0,0.0,1.0,0.0,0.0,1.0,0.0,0.0,0.0,0.0,2.0
30,32943.66,2811.305,42.0,162.93396,5.0,6.0,14.0,6.0,20.0,14.0,17.52,7.0,226.74,29.600895,128.641,259.55554,1,0,0,0,0,0,1,1,1,1,0.0,0.0,0.0,1.0,0.0,0.0,0.0,0.0,0.0,0.0,0.0,0.0,0.0,0.0,0.0,0.0,0.0,1.0,0.0,1.0,0.0,0.0,0.0,1.0,0.0,0.0,1.0
41,23621.48,2158.4568,75.0,0.0,5.0,4.0,18.0,0.0,7.0,16.0,17.96,2.0,1451.24,31.27912,73.05119,422.79446,0,0,0,0,0,1,0,0,0,0,0.0,0.0,0.0,0.0,1.0,0.0,0.0,0.0,0.0,0.0,0.0,0.0,0.0,0.0,0.0,0.0,0.0,1.0,0.0,1.0,0.0,0.0,0.0,0.0,1.0,0.0,1.0
53,21834.105,2071.5088,105.0,16.922558,4.0,5.0,11.0,1.0,3.0,9.0,10.4,1.0,1215.84,39.835938,33.857307,396.371,0,1,0,0,0,0,0,0,0,0,0.0,0.0,0.0,0.0,0.0,0.0,0.0,0.0,0.0,0.0,0.0,0.0,1.0,0.0,0.0,0.0,1.0,0.0,1.0,0.0,1.0,0.0,0.0,0.0,0.0,0.0,2.0
39,7792.475,573.3729,62.0,42.09972,6.0,7.0,16.0,7.0,16.0,18.0,16.6,9.0,2041.74,37.564846,24.71231,280.52527,0,0,1,0,0,0,0,1,1,1,0.0,0.0,0.0,0.0,0.0,1.0,0.0,0.0,0.0,0.0,0.0,0.0,0.0,0.0,0.0,0.0,0.0,1.0,0.0,1.0,0.0,0.0,0.0,0.0,0.0,1.0,0.0
29,64247.12,5330.927,37.0,181.34233,7.0,10.0,29.0,6.0,40.0,20.0,11.98,10.0,1808.12,40.204056,90.89774,510.8526,1,0,0,0,1,0,1,0,1,1,0.0,0.0,0.0,0.0,0.0,0.0,0.0,0.0,1.0,0.0,0.0,0.0,0.0,0.0,0.0,1.0,0.0,0.0,0.0,1.0,0.0,1.0,0.0,0.0,0.0,0.0,0.0
28,18285.06,1238.755,56.0,39.72157,5.0,4.0,22.0,4.0,23.0,13.0,14.25,11.0,2541.81,27.982573,50.644054,323.5099,0,0,0,1,1,0,0,1,0,0,0.0,0.0,0.0,0.0,0.0,0.0,0.0,0.0,1.0,0.0,0.0,0.0,0.0,0.0,0.0,0.0,0.0,1.0,0.0,1.0,0.0,0.0,0.0,0.0,0.0,1.0,0.0
42,41499.21,3582.2676,68.0,0.0,0.0,5.0,5.0,0.0,4.0,7.0,14.79,4.0,1272.15,30.506678,160.22893,467.99783,0,0,0,0,0,1,0,0,0,0,0.0,1.0,0.0,0.0,0.0,0.0,0.0,0.0,0.0,0.0,0.0,0.0,0.0,0.0,0.0,0.0,1.0,0.0,1.0,0.0,0.0,0.0,0.0,1.0,0.0,0.0,2.0
47,29814.97,2731.5808,134.0,14.345324,4.0,3.0,17.0,1.0,25.0,16.0,10.09,4.0,27.63,37.90863,115.83664,392.97614,0,0,0,0,0,0,0,0,0,1,1.0,0.0,0.0,0.0,0.0,0.0,0.0,0.0,0.0,0.0,0.0,0.0,0.0,0.0,0.0,0.0,0.0,1.0,1.0,0.0,0.0,1.0,0.0,0.0,0.0,0.0,2.0
32,127672.24,10668.354,127.0,289.02914,8.0,7.0,19.0,4.0,20.0,13.0,0.76,3.0,504.03,29.031801,262.7464,765.0598,1,0,0,1,0,0,0,1,0,0,0.0,0.0,1.0,0.0,0.0,0.0,0.0,0.0,0.0,0.0,0.0,0.0,0.0,0.0,0.0,0.0,0.0,1.0,1.0,0.0,0.0,1.0,0.0,0.0,0.0,0.0,1.0
24,54815.73,4866.9775,65.0,117.57426,8.0,8.0,20.0,5.0,48.0,10.0,11.13,11.0,1441.79,28.05295,317.32996,321.79355,0,0,1,0,1,0,0,1,0,1,0.0,0.0,0.0,0.0,0.0,0.0,0.0,1.0,0.0,0.0,0.0,0.0,0.0,0.0,0.0,0.0,0.0,1.0,0.0,1.0,0.0,0.0,0.0,1.0,0.0,0.0,0.0
34,14461.52,1010.12665,38.0,41.82172,10.0,8.0,33.0,6.0,48.0,17.0,18.75,11.0,2566.1,38.051323,100.01681,239.17413,0,1,0,1,0,0,0,1,0,1,0.0,0.0,0.0,0.0,0.0,0.0,0.0,0.0,0.0,0.0,1.0,0.0,0.0,0.0,0.0,1.0,0.0,0.0,0.0,1.0,0.0,0.0,0.0,0.0,1.0,0.0,1.0
31,26053.36,2059.1133,97.0,39.729984,8.0,6.0,11.0,2.0,12.0,14.0,9.13,0.0,1339.71,38.655514,100.43775,325.7436,0,0,0,1,0,0,0,0,1,0,0.0,0.0,0.0,0.0,1.0,0.0,0.0,0.0,0.0,0.0,0.0,0.0,0.0,0.0,0.0,0.0,0.0,1.0,0.0,1.0,0.0,0.0,1.0,0.0,0.0,0.0,1.0
18,19369.96,1791.1633,70.0,57.412212,6.0,5.0,18.0,4.0,14.0,18.0,13.39,8.0,1266.31,27.641188,124.39524,287.30887,0,1,1,0,0,0,0,1,0,0,1.0,0.0,0.0,0.0,0.0,0.0,0.0,0.0,0.0,0.0,0.0,0.0,0.0,0.0,0.0,0.0,0.0,1.0,0.0,1.0,0.0,0.0,0.0,0.0,0.0,1.0,1.0
43,18137.25,1729.4375,29.0,72.05824,7.0,6.0,8.0,7.0,29.0,10.0,17.26,6.0,2234.83,40.31658,57.262253,293.62326,0,0,1,0,1,0,0,1,1,0,0.0,0.0,0.0,0.0,0.0,1.0,0.0,0.0,0.0,0.0,0.0,0.0,0.0,0.0,0.0,0.0,0.0,1.0,0.0,1.0,0.0,1.0,0.0,0.0,0.0,0.0,0.0
22,22119.355,1925.2795,108.0,33.295074,2.0,7.0,11.0,2.0,0.0,0.0,6.92,0.0,1111.07,31.756668,210.92903,238.30385,1,0,0,0,0,0,0,1,0,0,0.0,0.0,0.0,0.0,0.0,0.0,1.0,0.0,0.0,0.0,0.0,0.0,0.0,0.0,0.0,0.0,1.0,0.0,1.0,0.0,0.0,0.0,0.0,0.0,0.0,1.0,1.0
34,17666.82,1608.235,104.0,18.337578,8.0,5.0,3.0,2.0,27.0,21.0,3.77,0.0,346.12,27.4255,108.308136,324.1778,0,0,1,0,1,0,0,0,0,0,0.0,0.0,0.0,0.0,0.0,0.0,0.0,0.0,0.0,0.0,0.0,0.0,0.0,1.0,0.0,0.0,1.0,0.0,1.0,0.0,0.0,0.0,0.0,0.0,0.0,1.0,0.0
36,32152.97,2602.414,46.0,33.408306,4.0,3.0,6.0,2.0,11.0,15.0,13.06,6.0,612.91,35.045433,323.35486,193.47824,0,1,0,0,1,0,0,0,0,0,0.0,0.0,0.0,0.0,0.0,0.0,0.0,0.0,0.0,0.0,0.0,0.0,0.0,0.0,1.0,0.0,0.0,1.0,0.0,1.0,1.0,0.0,0.0,0.0,0.0,0.0,1.0
46,20867.67,1489.9725,124.0,16.837189,1.0,3.0,11.0,1.0,13.0,12.0,1.1,4.0,884.52,24.476135,49.615864,342.5442,0,0,1,0,0,0,0,0,0,0,0.0,0.0,0.0,0.0,0.0,0.0,0.0,0.0,0.0,0.0,0.0,0.0,0.0,0.0,1.0,0.0,1.0,0.0,1.0,0.0,0.0,0.0,0.0,0.0,0.0,1.0,2.0
29,24208.83,1773.4025,139.0,42.313038,7.0,4.0,13.0,3.0,32.0,20.0,12.4,5.0,873.13,32.968216,182.24216,242.78506,0,1,0,0,0,0,1,0,0,0,0.0,0.0,0.0,0.0,0.0,0.0,0.0,0.0,0.0,0.0,0.0,1.0,0.0,0.0,0.0,0.0,0.0,1.0,1.0,0.0,0.0,0.0,0.0,0.0,0.0,1.0,0.0
29,45144.8,3980.0667,91.0,36.151424,4.0,3.0,13.0,1.0,18.0,20.0,6.06,6.0,1112.58,33.045593,44.60669,557.24854,0,0,0,0,0,0,0,0,1,0,0.0,1.0,0.0,0.0,0.0,0.0,0.0,0.0,0.0,0.0,0.0,0.0,0.0,0.0,0.0,0.0,0.0,1.0,1.0,0.0,1.0,0.0,0.0,0.0,0.0,0.0,1.0
44,32632.16,2789.3467,63.0,35.191647,6.0,9.0,25.0,2.0,39.0,24.0,7.68,7.0,1309.09,29.512125,231.99942,301.74362,0,0,0,0,0,0,0,0,0,1,0.0,1.0,0.0,0.0,0.0,0.0,0.0,0.0,0.0,0.0,0.0,0.0,0.0,0.0,0.0,1.0,0.0,0.0,0.0,1.0,0.0,0.0,0.0,0.0,0.0,1.0,0.0
54,43609.13,3420.0942,102.0,24.967604,2.0,3.0,11.0,1.0,12.0,4.0,2.5,5.0,1312.58,30.176899,136.23303,440.80878,0,0,0,0,0,0,0,0,1,0,0.0,0.0,0.0,1.0,0.0,0.0,0.0,0.0,0.0,0.0,0.0,0.0,0.0,0.0,0.0,0.0,1.0,0.0,1.0,0.0,0.0,0.0,1.0,0.0,0.0,0.0,0.0
41,50243.22,4107.935,114.0,62.899235,8.0,3.0,19.0,3.0,12.0,14.0,14.19,2.0,1161.1,35.031208,88.1235,519.77075,1,0,0,0,0,0,1,0,1,0,0.0,0.0,1.0,0.0,0.0,0.0,0.0,0.0,0.0,0.0,0.0,0.0,0.0,0.0,0.0,0.0,0.0,1.0,0.0,1.0,0.0,0.0,1.0,0.0,0.0,0.0,1.0
17,61266.63,5296.5527,50.0,74.69387,4.0,6.0,15.0,2.0,13.0,13.0,16.45,12.0,570.58,36.27307,188.22978,526.73157,0,0,1,0,1,0,0,0,0,0,0.0,0.0,0.0,0.0,0.0,0.0,0.0,0.0,0.0,0.0,0.0,0.0,0.0,0.0,1.0,0.0,0.0,1.0,0.0,1.0,0.0,0.0,1.0,0.0,0.0,0.0,0.0
30,28793.49,2669.4575,92.0,69.888275,7.0,5.0,17.0,3.0,16.0,20.0,12.01,6.0,405.99,37.6658,147.56589,309.49158,0,0,0,1,0,0,0,1,1,0,0.0,0.0,0.0,0.0,0.0,0.0,0.0,1.0,0.0,0.0,0.0,0.0,0.0,0.0,0.0,0.0,0.0,1.0,0.0,1.0,0.0,0.0,1.0,0.0,0.0,0.0,1.0
30,112302.04,9220.503,120.0,269.76108,4.0,6.0,6.0,3.0,15.0,12.0,2.39,4.0,734.94,32.5511,175.7022,716.5871,1,0,0,0,0,0,0,0,0,1,0.0,0.0,0.0,0.0,0.0,0.0,0.0,0.0,0.0,1.0,0.0,0.0,0.0,0.0,0.0,0.0,1.0,0.0,1.0,0.0,1.0,0.0,0.0,0.0,0.0,0.0,2.0
40,32530.44,2935.87,57.0,41.29298,10.0,6.0,25.0,3.0,34.0,22.0,13.29,11.0,1560.96,34.714005,145.82346,376.47055,0,0,1,0,1,0,0,0,1,0,0.0,0.0,0.0,0.0,0.0,0.0,0.0,0.0,0.0,0.0,0.0,0.0,0.0,1.0,0.0,1.0,0.0,0.0,0.0,1.0,0.0,0.0,0.0,1.0,0.0,0.0,0.0
48,80942.22,6630.185,129.0,0.0,5.0,1.0,11.0,0.0,15.0,2.0,4.13,4.0,405.01,35.266968,445.1678,477.8507,0,0,0,0,0,1,0,0,0,0,0.0,0.0,0.0,0.0,1.0,0.0,0.0,0.0,0.0,0.0,0.0,0.0,0.0,0.0,0.0,0.0,1.0,0.0,1.0,0.0,0.0,0.0,1.0,0.0,0.0,0.0,2.0
30,16154.25,1273.1875,64.0,33.767387,8.0,8.0,29.0,5.0,31.0,20.0,4.8,10.0,1426.76,37.71027,129.687,243.86438,1,1,0,1,0,0,0,0,0,0,0.0,1.0,0.0,0.0,0.0,0.0,0.0,0.0,0.0,0.0,0.0,0.0,0.0,0.0,0.0,1.0,0.0,0.0,0.0,1.0,0.0,0.0,0.0,0.0,1.0,0.0,0.0
37,71111.1,6113.925,42.0,80.10439,8.0,6.0,14.0,2.0,26.0,15.0,15.14,4.0,1085.48,27.447195,77.590004,693.6981,0,0,0,0,0,0,0,0,1,0,0.0,0.0,0.0,0.0,0.0,1.0,0.0,0.0,0.0,0.0,0.0,0.0,0.0,0.0,0.0,0.0,0.0,1.0,0.0,1.0,1.0,0.0,0.0,0.0,0.0,0.0,1.0
18,57921.74,4772.8115,114.0,94.36731,4.0,3.0,11.0,3.0,4.0,8.0,0.99,3.0,978.88,35.93015,327.21793,325.69592,1,0,1,1,0,0,0,0,0,0,0.0,0.0,0.0,0.0,0.0,1.0,0.0,0.0,0.0,0.0,0.0,0.0,0.0,0.0,0.0,0.0,1.0,0.0,1.0,0.0,0.0,0.0,0.0,1.0,0.0,0.0,2.0
43,38456.2,3086.6833,103.0,39.56684,6.0,4.0,9.0,2.0,29.0,18.0,11.7,3.0,313.26,35.375393,181.24452,377.85696,0,0,0,0,1,0,1,0,0,0,0.0,0.0,0.0,0.0,0.0,0.0,0.0,0.0,0.0,0.0,1.0,0.0,0.0,0.0,0.0,0.0,0.0,1.0,1.0,0.0,0.0,0.0,0.0,0.0,0.0,1.0,1.0
24,46850.7,3837.225,71.0,194.82092,5.0,4.0,20.0,5.0,14.0,15.0,7.23,10.0,1676.93,36.90775,255.98045,222.92113,1,0,0,0,0,0,0,1,0,1,0.0,0.0,0.0,1.0,0.0,0.0,0.0,0.0,0.0,0.0,0.0,0.0,0.0,0.0,0.0,0.0,0.0,1.0,0.0,1.0,0.0,0.0,0.0,0.0,0.0,1.0,1.0
18,73047.96,6253.33,80.0,117.50628,5.0,7.0,15.0,3.0,13.0,17.0,10.86,8.0,1372.24,35.32237,90.43437,657.39233,0,0,0,1,0,0,0,0,1,0,0.0,0.0,1.0,0.0,0.0,0.0,0.0,0.0,0.0,0.0,0.0,0.0,0.0,0.0,0.0,0.0,0.0,1.0,0.0,1.0,1.0,0.0,0.0,0.0,0.0,0.0,0.0
41,35350.24,3085.8533,30.0,139.69745,4.0,7.0,20.0,7.0,19.0,11.0,14.26,7.0,543.54,24.988272,130.34758,328.5403,1,1,1,0,0,0,1,1,0,0,0.0,0.0,0.0,0.0,0.0,0.0,0.0,0.0,0.0,0.0,0.0,0.0,1.0,0.0,0.0,0.0,0.0,1.0,0.0,1.0,0.0,0.0,0.0,0.0,0.0,1.0,1.0
31,73052.94,5909.745,112.0,64.603935,4.0,4.0,14.0,2.0,25.0,13.0,1.93,3.0,583.73,33.266727,292.54202,523.82855,0,0,1,0,0,0,0,0,0,0,0.0,0.0,1.0,0.0,0.0,0.0,0.0,0.0,0.0,0.0,0.0,0.0,0.0,0.0,0.0,0.0,0.0,1.0,0.0,1.0,0.0,0.0,0.0,0.0,0.0,1.0,0.0
33,42515.6,3447.9666,70.0,103.302666,3.0,4.0,11.0,3.0,14.0,12.0,3.8,3.0,629.75,37.198975,324.0507,207.44331,0,0,0,0,1,0,0,0,1,1,0.0,0.0,0.0,0.0,0.0,0.0,0.0,0.0,0.0,0.0,0.0,0.0,1.0,0.0,0.0,0.0,1.0,0.0,1.0,0.0,0.0,0.0,0.0,0.0,0.0,1.0,2.0
36,58537.38,4688.115,95.0,105.85331,7.0,5.0,19.0,4.0,19.0,10.0,11.11,5.0,259.63,24.096693,93.47116,509.48703,0,0,1,1,0,0,0,1,0,1,0.0,0.0,0.0,0.0,0.0,0.0,0.0,0.0,0.0,0.0,0.0,0.0,1.0,0.0,0.0,0.0,0.0,1.0,1.0,0.0,1.0,0.0,0.0,0.0,0.0,0.0,2.0
55,89384.91,7658.7427,130.0,118.53495,1.0,3.0,10.0,3.0,14.0,5.0,9.54,1.0,1041.11,33.17845,229.35727,697.98206,1,0,0,0,0,0,0,1,0,1,0.0,0.0,0.0,0.0,0.0,0.0,0.0,0.0,0.0,0.0,0.0,1.0,0.0,0.0,0.0,0.0,1.0,0.0,1.0,0.0,0.0,0.0,0.0,0.0,1.0,0.0,2.0
41,39649.74,3078.145,90.0,0.0,5.0,3.0,5.0,0.0,15.0,6.0,1.47,4.0,1338.65,33.30706,295.1545,302.66,0,0,0,0,0,1,0,0,0,0,0.0,0.0,0.0,0.0,0.0,0.0,0.0,0.0,0.0,0.0,0.0,1.0,0.0,0.0,0.0,0.0,1.0,0.0,1.0,0.0,0.0,0.0,0.0,0.0,0.0,1.0,1.0
20,15881.55,1361.4625,77.0,74.48465,8.0,5.0,24.0,6.0,24.0,24.0,4.67,9.0,2395.15,23.620361,114.31397,227.34763,0,1,1,0,0,0,1,0,1,1,0.0,0.0,0.0,0.0,0.0,0.0,1.0,0.0,0.0,0.0,0.0,0.0,0.0,0.0,0.0,1.0,0.0,0.0,0.0,1.0,0.0,0.0,0.0,0.0,1.0,0.0,0.0
38,60770.22,4924.185,118.0,190.27457,8.0,4.0,15.0,4.0,11.0,15.0,8.36,6.0,176.02,34.53275,145.58081,406.5631,0,0,0,0,1,0,1,0,1,0,0.0,0.0,0.0,0.0,0.0,0.0,0.0,0.0,1.0,0.0,0.0,0.0,0.0,0.0,0.0,0.0,0.0,1.0,1.0,0.0,0.0,1.0,0.0,0.0,0.0,0.0,1.0
25,10307.97,625.9975,69.0,11.02219,8.0,3.0,13.0,2.0,6.0,11.0,8.67,10.0,480.17,29.492039,52.752865,278.8247,1,0,1,0,0,0,0,0,0,0,0.0,0.0,1.0,0.0,0.0,0.0,0.0,0.0,0.0,0.0,0.0,0.0,0.0,0.0,0.0,0.0,0.0,1.0,0.0,1.0,0.0,0.0,0.0,0.0,1.0,0.0,1.0
33,12943.475,1327.6229,31.0,45.090828,5.0,5.0,9.0,6.0,15.0,12.0,10.6,6.0,265.36,26.650316,129.48178,248.18968,0,1,0,0,0,0,1,1,1,1,0.0,0.0,0.0,0.0,0.0,0.0,0.0,0.0,0.0,0.0,1.0,0.0,0.0,0.0,0.0,0.0,0.0,1.0,0.0,1.0,0.0,0.0,0.0,0.0,0.0,1.0,1.0
36,71223.92,5713.3267,28.0,242.15915,6.0,10.0,19.0,7.0,24.0,22.0,5.8,10.0,1917.13,40.615734,348.5104,270.66312,0,1,1,1,0,0,1,0,1,0,0.0,0.0,0.0,0.0,0.0,0.0,1.0,0.0,0.0,0.0,0.0,0.0,0.0,0.0,0.0,1.0,0.0,0.0,0.0,1.0,0.0,0.0,0.0,0.0,0.0,1.0,0.0
37,42171.98,3764.3318,91.0,102.76292,2.0,7.0,10.0,3.0,4.0,8.0,2.58,4.0,556.91,40.15058,97.56676,446.1035,1,0,0,0,0,0,1,0,0,0,0.0,0.0,0.0,0.0,0.0,0.0,0.0,0.0,0.0,0.0,0.0,0.0,1.0,0.0,0.0,0.0,1.0,0.0,1.0,0.0,0.0,0.0,0.0,0.0,0.0,1.0,1.0
52,55336.94,4453.4116,109.0,34.461987,6.0,6.0,18.0,1.0,26.0,14.0,11.63,3.0,1170.84,30.204777,454.78195,246.09724,0,0,0,0,1,0,0,0,0,0,0.0,0.0,0.0,1.0,0.0,0.0,0.0,0.0,0.0,0.0,0.0,0.0,0.0,0.0,0.0,0.0,0.0,1.0,0.0,1.0,0.0,0.0,0.0,0.0,0.0,1.0,1.0
35,28010.02,2072.1682,45.0,49.875015,9.0,7.0,26.0,4.0,29.0,15.0,5.33,11.0,1794.71,27.629744,19.021902,378.31992,0,1,0,1,1,0,0,0,0,0,0.0,0.0,0.0,0.0,0.0,0.0,0.0,0.0,0.0,0.0,0.0,0.0,0.0,1.0,0.0,1.0,0.0,0.0,0.0,1.0,1.0,0.0,0.0,0.0,0.0,0.0,0.0
41,37057.58,3063.1316,36.0,106.642525,6.0,3.0,18.0,4.0,13.0,13.0,5.94,4.0,2230.04,25.695396,113.895744,375.7749,1,1,1,1,0,0,0,0,0,0,0.0,0.0,1.0,0.0,0.0,0.0,0.0,0.0,0.0,0.0,0.0,0.0,0.0,0.0,0.0,0.0,0.0,1.0,0.0,1.0,0.0,0.0,0.0,0.0,0.0,1.0,1.0
26,25290.87,1868.5725,87.0,59.866936,3.0,5.0,17.0,3.0,8.0,12.0,17.1,4.0,340.65,31.262434,60.571213,316.4191,0,0,0,0,1,0,0,0,0,1,0.0,0.0,1.0,0.0,0.0,0.0,0.0,0.0,0.0,0.0,0.0,0.0,0.0,0.0,0.0,0.0,0.0,1.0,0.0,1.0,0.0,1.0,0.0,0.0,0.0,0.0,1.0
49,21623.465,1776.9554,66.0,34.3359,2.0,4.0,10.0,2.0,8.0,9.0,6.65,5.0,569.26,30.563654,136.19003,277.16962,0,0,0,0,0,0,0,1,0,1,0.0,0.0,1.0,0.0,0.0,0.0,0.0,0.0,0.0,0.0,0.0,0.0,0.0,0.0,0.0,0.0,1.0,0.0,1.0,0.0,0.0,0.0,0.0,1.0,0.0,0.0,2.0
35,64721.58,5129.465,127.0,33.164524,3.0,6.0,5.0,1.0,18.0,14.0,10.15,3.0,559.19,23.725786,470.10788,279.6741,1,0,0,0,0,0,0,0,0,0,0.0,0.0,0.0,0.0,0.0,0.0,0.0,0.0,0.0,0.0,0.0,1.0,0.0,0.0,0.0,0.0,0.0,1.0,0.0,1.0,0.0,0.0,0.0,1.0,0.0,0.0,1.0
25,35006.57,3203.214,66.0,76.98346,5.0,7.0,10.0,4.0,8.0,14.0,16.95,3.0,246.13,26.935015,291.83096,231.50699,1,0,1,0,0,0,0,1,0,0,0.0,0.0,0.0,0.0,0.0,0.0,0.0,0.0,0.0,0.0,1.0,0.0,0.0,0.0,0.0,0.0,0.0,1.0,0.0,1.0,0.0,0.0,0.0,0.0,1.0,0.0,1.0
46,103316.76,8473.73,82.0,198.93956,4.0,4.0,4.0,3.0,21.0,5.0,11.58,1.0,609.13,26.11798,126.03225,772.4012,1,0,1,0,1,0,0,0,0,0,1.0,0.0,0.0,0.0,0.0,0.0,0.0,0.0,0.0,0.0,0.0,0.0,0.0,0.0,0.0,0.0,1.0,0.0,1.0,0.0,0.0,1.0,0.0,0.0,0.0,0.0,0.0
31,33726.6,2860.55,123.0,0.0,6.0,5.0,19.0,0.0,17.0,15.0,9.65,6.0,1251.27,27.687048,233.04187,343.01312,0,0,0,0,0,1,0,0,0,0,0.0,0.0,0.0,0.0,0.0,0.0,1.0,0.0,0.0,0.0,0.0,0.0,0.0,0.0,0.0,0.0,0.0,1.0,0.0,1.0,0.0,0.0,0.0,0.0,0.0,1.0,1.0
22,33907.86,2562.655,91.0,36.35655,3.0,7.0,8.0,2.0,7.0,9.0,2.04,2.0,1354.46,28.80296,285.3475,224.56145,0,0,0,0,0,0,1,1,0,0,0.0,0.0,0.0,0.0,0.0,0.0,1.0,0.0,0.0,0.0,0.0,0.0,0.0,0.0,0.0,0.0,1.0,0.0,1.0,0.0,0.0,0.0,0.0,0.0,0.0,1.0,0.0
36,15845.47,1039.4558,31.0,73.239494,5.0,10.0,26.0,6.0,25.0,15.0,11.12,12.0,1275.75,32.29609,87.12642,223.57967,0,1,0,1,1,0,0,1,0,1,0.0,0.0,0.0,0.0,0.0,0.0,0.0,1.0,0.0,0.0,0.0,0.0,0.0,0.0,0.0,0.0,0.0,1.0,0.0,1.0,0.0,1.0,0.0,0.0,0.0,0.0,1.0
55,35184.74,3035.0618,111.0,34.630066,6.0,7.0,13.0,2.0,21.0,18.0,12.25,4.0,1036.03,33.669884,146.14442,392.7317,0,0,0,1,0,0,0,0,0,0,0.0,0.0,0.0,0.0,0.0,0.0,0.0,0.0,0.0,0.0,0.0,0.0,0.0,0.0,1.0,0.0,0.0,1.0,0.0,1.0,0.0,0.0,0.0,1.0,0.0,0.0,1.0
32,75916.96,6037.4136,54.0,243.25375,6.0,5.0,14.0,4.0,19.0,19.0,12.6,4.0,368.59,32.87417,122.20855,478.27902,1,0,1,0,1,0,1,0,0,0,0.0,0.0,0.0,0.0,1.0,0.0,0.0,0.0,0.0,0.0,0.0,0.0,0.0,0.0,0.0,0.0,0.0,1.0,0.0,1.0,1.0,0.0,0.0,0.0,0.0,0.0,1.0
35,72583.32,6093.61,78.0,104.01673,7.0,3.0,10.0,2.0,27.0,14.0,1.66,4.0,1019.44,27.375006,131.95796,623.3863,1,0,0,0,0,0,0,0,1,0,0.0,0.0,0.0,0.0,0.0,0.0,0.0,0.0,0.0,0.0,0.0,1.0,0.0,0.0,0.0,0.0,0.0,1.0,0.0,1.0,0.0,1.0,0.0,0.0,0.0,0.0,1.0
39,10341.68,761.80664,38.0,50.88804,7.0,6.0,16.0,8.0,42.0,23.0,4.61,12.0,2712.98,32.180176,17.884468,267.40817,1,1,0,0,1,0,1,1,0,0,0.0,0.0,0.0,0.0,0.0,1.0,0.0,0.0,0.0,0.0,0.0,0.0,0.0,0.0,0.0,1.0,0.0,0.0,0.0,1.0,0.0,0.0,1.0,0.0,0.0,0.0,0.0
43,37424.09,3182.674,113.0,62.10743,4.0,5.0,5.0,2.0,4.0,6.0,6.55,1.0,509.45,24.3589,75.17411,420.98587,1,0,0,1,0,0,0,0,0,0,0.0,1.0,0.0,0.0,0.0,0.0,0.0,0.0,0.0,0.0,0.0,0.0,0.0,0.0,0.0,0.0,1.0,0.0,1.0,0.0,1.0,0.0,0.0,0.0,0.0,0.0,2.0
40,119612.28,9999.69,81.0,0.0,3.0,1.0,3.0,0.0,17.0,8.0,11.83,1.0,1274.05,36.573936,497.19916,762.76984,0,0,0,0,0,1,0,0,0,0,1.0,0.0,0.0,0.0,0.0,0.0,0.0,0.0,0.0,0.0,0.0,0.0,0.0,0.0,0.0,0.0,1.0,0.0,1.0,0.0,0.0,0.0,1.0,0.0,0.0,0.0,2.0
46,107068.92,8657.41,76.0,211.87093,3.0,3.0,5.0,3.0,8.0,13.0,11.69,7.0,122.31,38.61206,127.22124,766.6488,0,0,0,1,1,0,0,0,0,1,1.0,0.0,0.0,0.0,0.0,0.0,0.0,0.0,0.0,0.0,0.0,0.0,0.0,0.0,0.0,0.0,0.0,1.0,0.0,1.0,1.0,0.0,0.0,0.0,0.0,0.0,1.0
18,42903.79,3468.316,119.0,34.975456,0.0,4.0,6.0,1.0,14.0,0.0,5.1,1.0,1079.48,30.625298,31.19392,520.66223,0,0,0,0,0,0,1,0,0,0,0.0,0.0,0.0,0.0,0.0,0.0,0.0,1.0,0.0,0.0,0.0,0.0,0.0,0.0,0.0,0.0,1.0,0.0,1.0,0.0,1.0,0.0,0.0,0.0,0.0,0.0,1.0
54,62773.2,5370.1,117.0,92.25413,3.0,4.0,19.0,2.0,7.0,6.0,11.22,4.0,746.09,25.298435,309.7948,394.9611,0,0,0,0,1,0,0,1,0,0,0.0,0.0,0.0,0.0,0.0,0.0,0.0,1.0,0.0,0.0,0.0,0.0,0.0,0.0,0.0,0.0,0.0,1.0,0.0,1.0,0.0,0.0,1.0,0.0,0.0,0.0,1.0
26,10240.42,937.36835,30.0,42.97442,10.0,9.0,23.0,9.0,44.0,23.0,12.13,7.0,1445.23,37.391083,87.53053,233.23187,0,1,0,0,1,0,0,1,1,1,0.0,0.0,0.0,0.0,0.0,0.0,0.0,0.0,0.0,0.0,0.0,1.0,0.0,0.0,0.0,1.0,0.0,0.0,0.0,1.0,0.0,0.0,0.0,0.0,0.0,1.0,0.0
30,104367.21,8486.268,69.0,83.34946,6.0,5.0,19.0,1.0,16.0,15.0,11.24,6.0,460.46,38.97543,320.3313,704.946,0,0,0,0,1,0,0,0,0,0,0.0,0.0,0.0,0.0,0.0,0.0,0.0,0.0,1.0,0.0,0.0,0.0,0.0,0.0,0.0,0.0,0.0,1.0,1.0,0.0,0.0,0.0,1.0,0.0,0.0,0.0,1.0
40,10341.68,761.80664,34.0,50.88804,7.0,6.0,16.0,8.0,38.0,23.0,4.61,14.0,2712.98,35.3861,21.184607,264.10803,1,1,0,0,1,0,1,1,0,0,0.0,0.0,0.0,0.0,0.0,1.0,0.0,0.0,0.0,0.0,0.0,0.0,0.0,0.0,0.0,1.0,0.0,0.0,0.0,1.0,0.0,0.0,0.0,0.0,0.0,1.0,0.0
32,9662.195,885.1829,58.0,29.540062,6.0,7.0,6.0,5.0,11.0,14.0,12.25,8.0,656.57,24.248081,115.95527,233.02296,0,0,1,1,0,0,0,1,1,0,0.0,0.0,0.0,0.0,0.0,0.0,0.0,0.0,0.0,0.0,0.0,0.0,0.0,1.0,0.0,0.0,0.0,1.0,0.0,1.0,0.0,0.0,0.0,0.0,0.0,1.0,1.0
38,59513.44,5046.453,133.0,37.878532,5.0,7.0,1.0,1.0,15.0,5.0,10.89,2.0,47.58,36.17965,495.93384,250.83298,0,1,0,0,0,0,0,0,0,0,0.0,0.0,0.0,0.0,0.0,0.0,0.0,0.0,0.0,1.0,0.0,0.0,0.0,0.0,0.0,0.0,1.0,0.0,1.0,0.0,0.0,0.0,0.0,0.0,1.0,0.0,1.0
24,10805.56,627.4633,73.0,13.16186,5.0,6.0,15.0,2.0,24.0,13.0,4.29,2.0,298.98,26.627136,48.69968,290.8848,0,0,0,0,1,0,1,0,0,0,0.0,0.0,0.0,0.0,0.0,0.0,0.0,1.0,0.0,0.0,0.0,0.0,0.0,0.0,0.0,0.0,0.0,1.0,1.0,0.0,0.0,0.0,0.0,0.0,0.0,1.0,1.0
20,9163.96,806.6633,26.0,14.377701,6.0,10.0,23.0,2.0,20.0,15.0,10.93,6.0,1685.88,25.982134,32.708084,323.58054,0,0,1,0,0,0,0,1,0,0,0.0,0.0,0.0,0.0,0.0,1.0,0.0,0.0,0.0,0.0,0.0,0.0,0.0,0.0,0.0,0.0,0.0,1.0,0.0,1.0,0.0,0.0,0.0,0.0,1.0,0.0,0.0
30,10366.83,568.9025,88.0,24.413347,8.0,3.0,6.0,4.0,24.0,14.0,7.92,5.0,0.95,21.941298,41.756844,280.72006,0,0,1,1,0,0,1,0,0,0,0.0,0.0,0.0,0.0,0.0,0.0,0.0,0.0,0.0,0.0,0.0,1.0,0.0,0.0,0.0,0.0,0.0,1.0,0.0,1.0,0.0,0.0,0.0,0.0,0.0,1.0,1.0
35,10525.355,645.1129,121.0,0.0,4.0,6.0,3.0,0.0,17.0,10.0,5.99,0.0,583.9,36.771133,17.078112,327.43317,0,0,0,0,0,1,0,0,0,0,0.0,0.0,0.0,0.0,0.0,0.0,0.0,0.0,0.0,0.0,0.0,0.0,0.0,0.0,1.0,0.0,1.0,0.0,1.0,0.0,0.0,0.0,0.0,0.0,1.0,0.0,0.0
39,37840.64,2913.3867,70.0,60.68036,6.0,5.0,5.0,2.0,21.0,16.0,18.54,6.0,2641.91,31.066471,44.558292,436.1,0,0,1,0,1,0,0,0,0,0,0.0,0.0,0.0,0.0,0.0,0.0,1.0,0.0,0.0,0.0,0.0,0.0,0.0,0.0,0.0,0.0,0.0,1.0,0.0,1.0,0.0,1.0,0.0,0.0,0.0,0.0,1.0
19,31204.74,2888.395,31.0,96.22099,8.0,4.0,8.0,4.0,30.0,20.0,10.75,4.0,611.99,24.243052,192.2312,217.25276,0,1,1,1,0,0,0,0,1,0,0.0,0.0,0.0,1.0,0.0,0.0,0.0,0.0,0.0,0.0,0.0,0.0,0.0,0.0,0.0,0.0,0.0,1.0,0.0,1.0,0.0,0.0,0.0,0.0,0.0,1.0,1.0
27,103351.8,8465.65,42.0,140.85823,3.0,7.0,8.0,2.0,12.0,8.0,10.03,8.0,1246.62,29.532705,321.934,270.21417,0,0,0,0,0,0,0,0,1,1,0.0,1.0,0.0,0.0,0.0,0.0,0.0,0.0,0.0,0.0,0.0,0.0,0.0,0.0,0.0,0.0,0.0,1.0,0.0,1.0,0.0,0.0,0.0,0.0,1.0,0.0,0.0
30,47404.02,3883.335,57.0,156.468,7.0,9.0,24.0,6.0,43.0,17.0,11.61,9.0,2621.5,30.428007,67.79971,414.0658,1,0,0,0,1,0,0,1,0,1,0.0,0.0,0.0,0.0,0.0,0.0,0.0,0.0,0.0,0.0,0.0,0.0,0.0,1.0,0.0,0.0,0.0,1.0,0.0,1.0,0.0,1.0,0.0,0.0,0.0,0.0,1.0
28,101203.0,8675.583,100.0,278.90732,8.0,4.0,6.0,4.0,25.0,13.0,3.08,1.0,598.94,34.534508,124.36065,714.29034,0,1,0,0,1,0,1,1,0,0,0.0,0.0,0.0,0.0,0.0,0.0,0.0,0.0,0.0,0.0,0.0,0.0,0.0,0.0,1.0,0.0,0.0,1.0,1.0,0.0,0.0,1.0,0.0,0.0,0.0,0.0,1.0
48,43090.57,3787.8809,132.0,34.76528,3.0,4.0,8.0,1.0,1.0,9.0,11.55,4.0,1128.23,30.192175,170.82767,433.19513,0,0,0,0,1,0,0,0,0,0,0.0,0.0,0.0,0.0,0.0,0.0,0.0,0.0,0.0,0.0,0.0,1.0,0.0,0.0,0.0,0.0,1.0,0.0,1.0,0.0,0.0,0.0,1.0,0.0,0.0,0.0,0.0
43,15859.47,1082.6226,83.0,55.394894,8.0,5.0,33.0,5.0,10.0,10.0,15.92,7.0,2151.1,26.425718,141.63718,201.2302,1,0,0,0,0,0,1,0,1,0,0.0,0.0,1.0,0.0,0.0,0.0,0.0,0.0,0.0,0.0,0.0,0.0,0.0,0.0,0.0,0.0,0.0,1.0,0.0,1.0,0.0,0.0,0.0,0.0,0.0,1.0,1.0
30,15548.34,1291.695,68.0,58.154987,7.0,10.0,33.0,5.0,34.0,23.0,15.71,11.0,1398.98,35.800667,80.58613,280.42838,0,0,1,0,1,0,1,1,1,0,0.0,0.0,0.0,0.0,0.0,0.0,0.0,0.0,0.0,0.0,1.0,0.0,0.0,0.0,0.0,1.0,0.0,0.0,0.0,1.0,0.0,0.0,0.0,0.0,0.0,1.0,0.0
38,15724.73,1194.3942,62.0,49.56535,5.0,8.0,18.0,6.0,18.0,18.0,16.43,10.0,1653.25,29.777067,94.035545,255.83852,0,0,1,1,0,0,1,0,0,1,0.0,0.0,0.0,0.0,0.0,0.0,0.0,0.0,0.0,1.0,0.0,0.0,0.0,0.0,0.0,0.0,0.0,1.0,0.0,1.0,0.0,0.0,0.0,0.0,1.0,0.0,0.0
40,17267.895,1639.9912,93.0,12.082436,0.0,5.0,6.0,1.0,2.0,7.0,5.97,3.0,1292.69,24.882475,114.949776,306.96692,0,0,0,0,0,0,1,0,0,0,0.0,0.0,0.0,1.0,0.0,0.0,0.0,0.0,0.0,0.0,0.0,0.0,0.0,0.0,0.0,0.0,1.0,0.0,1.0,0.0,0.0,0.0,0.0,1.0,0.0,0.0,1.0
39,20382.97,1451.5808,82.0,56.85069,6.0,9.0,28.0,6.0,38.0,24.0,4.03,11.0,2536.84,33.501675,22.215122,316.0923,1,1,1,1,0,0,1,0,0,1,0.0,0.0,0.0,0.0,0.0,0.0,0.0,0.0,0.0,0.0,1.0,0.0,0.0,0.0,0.0,1.0,0.0,0.0,0.0,1.0,0.0,1.0,0.0,0.0,0.0,0.0,0.0
24,27372.59,2564.049,95.0,0.0,8.0,7.0,11.0,0.0,14.0,16.0,13.06,1.0,1131.86,39.770985,105.40609,420.99884,0,0,0,0,0,1,0,0,0,0,0.0,0.0,0.0,0.0,0.0,0.0,0.0,0.0,1.0,0.0,0.0,0.0,0.0,0.0,0.0,0.0,0.0,1.0,0.0,1.0,0.0,0.0,0.0,1.0,0.0,0.0,1.0
41,23437.79,1711.1492,127.0,47.873337,8.0,4.0,20.0,3.0,25.0,12.0,7.31,6.0,589.94,22.797754,172.96938,240.2722,0,1,0,0,1,0,0,1,0,0,0.0,0.0,0.0,0.0,0.0,0.0,1.0,0.0,0.0,0.0,0.0,0.0,0.0,0.0,0.0,0.0,0.0,1.0,0.0,1.0,0.0,0.0,0.0,0.0,0.0,1.0,0.0
39,78443.48,6358.9565,66.0,177.38756,7.0,5.0,23.0,4.0,39.0,19.0,6.37,6.0,1527.77,29.2447,463.74188,274.7662,0,0,0,1,1,0,0,0,1,1,0.0,0.0,0.0,0.0,0.0,1.0,0.0,0.0,0.0,0.0,0.0,0.0,0.0,0.0,0.0,1.0,0.0,0.0,0.0,1.0,0.0,0.0,0.0,0.0,1.0,0.0,0.0
45,8071.24,493.60333,59.0,45.68156,7.0,5.0,21.0,9.0,49.0,23.0,7.86,12.0,1311.23,27.955118,30.363781,263.315,1,1,1,1,1,0,0,1,1,0,0.0,0.0,1.0,0.0,0.0,0.0,0.0,0.0,0.0,0.0,0.0,0.0,0.0,0.0,0.0,1.0,0.0,0.0,0.0,1.0,0.0,0.0,0.0,0.0,0.0,1.0,0.0
27,15391.47,1147.6226,86.0,21.515453,7.0,7.0,19.0,3.0,20.0,13.0,13.68,5.0,939.63,26.247131,77.46365,275.78314,1,0,0,0,0,0,1,1,0,0,1.0,0.0,0.0,0.0,0.0,0.0,0.0,0.0,0.0,0.0,0.0,0.0,0.0,0.0,0.0,0.0,0.0,1.0,0.0,1.0,0.0,0.0,1.0,0.0,0.0,0.0,1.0
32,50253.0,4356.75,72.0,27.965427,3.0,4.0,18.0,1.0,15.0,22.0,9.84,0.0,1017.21,33.239017,134.7121,565.6215,0,0,0,0,1,0,0,0,0,0,0.0,0.0,0.0,0.0,0.0,0.0,0.0,0.0,1.0,0.0,0.0,0.0,0.0,0.0,0.0,0.0,0.0,1.0,0.0,1.0,0.0,1.0,0.0,0.0,0.0,0.0,1.0
53,22933.45,1873.1208,83.0,38.756004,8.0,7.0,19.0,4.0,33.0,10.0,6.52,4.0,328.94,33.21081,129.45044,309.10565,1,1,0,0,1,0,0,0,1,0,0.0,0.0,0.0,0.0,0.0,0.0,0.0,0.0,0.0,1.0,0.0,0.0,0.0,0.0,0.0,0.0,0.0,1.0,0.0,1.0,0.0,0.0,0.0,0.0,0.0,1.0,1.0
38,100831.95,8599.662,87.0,250.5993,0.0,1.0,3.0,3.0,5.0,1.0,9.0,3.0,220.4,25.752228,131.85948,717.50745,1,0,0,0,0,0,0,0,1,1,0.0,0.0,0.0,0.0,0.0,0.0,0.0,1.0,0.0,0.0,0.0,0.0,0.0,0.0,0.0,0.0,1.0,0.0,1.0,0.0,1.0,0.0,0.0,0.0,0.0,0.0,2.0
39,83384.2,7080.683,50.0,112.010414,3.0,9.0,24.0,3.0,27.0,8.0,15.14,9.0,2613.85,32.736736,110.829094,725.2288,0,0,1,0,0,0,0,0,1,1,0.0,0.0,0.0,0.0,1.0,0.0,0.0,0.0,0.0,0.0,0.0,0.0,0.0,0.0,0.0,0.0,0.0,1.0,0.0,1.0,1.0,0.0,0.0,0.0,0.0,0.0,0.0
28,65668.78,5238.3984,118.0,135.14874,2.0,6.0,4.0,4.0,10.0,11.0,7.36,0.0,1261.43,31.64116,317.57495,341.11615,0,1,0,0,1,0,0,1,1,0,0.0,0.0,0.0,0.0,0.0,0.0,0.0,0.0,0.0,0.0,0.0,0.0,0.0,1.0,0.0,0.0,1.0,0.0,1.0,0.0,0.0,0.0,0.0,1.0,0.0,0.0,0.0
21,28256.16,2500.68,45.0,195.86719,8.0,7.0,22.0,9.0,23.0,20.0,8.95,9.0,1721.83,35.79086,51.35318,242.84764,0,1,1,0,1,0,1,0,1,0,0.0,0.0,0.0,0.0,1.0,0.0,0.0,0.0,0.0,0.0,0.0,0.0,0.0,0.0,0.0,1.0,0.0,0.0,0.0,1.0,1.0,0.0,0.0,0.0,0.0,0.0,1.0
38,102212.37,8470.697,75.0,257.59155,7.0,5.0,16.0,5.0,23.0,13.0,7.97,7.0,657.3,34.724644,170.07758,659.40063,1,1,0,0,0,0,0,0,1,0,0.0,0.0,0.0,0.0,0.0,0.0,0.0,0.0,0.0,0.0,0.0,0.0,0.0,0.0,1.0,0.0,0.0,1.0,0.0,1.0,1.0,0.0,0.0,0.0,0.0,0.0,1.0
21,38840.78,3431.7317,28.0,42.32512,4.0,7.0,21.0,2.0,17.0,8.0,16.72,6.0,1442.28,40.615494,124.251526,426.59653,0,0,0,1,0,0,0,0,1,0,0.0,0.0,0.0,0.0,0.0,0.0,0.0,0.0,0.0,1.0,0.0,0.0,0.0,0.0,0.0,0.0,0.0,1.0,0.0,1.0,0.0,1.0,0.0,0.0,0.0,0.0,1.0
35,35579.68,2864.9734,63.0,118.39497,10.0,7.0,31.0,5.0,27.0,12.0,9.12,13.0,1646.74,27.092287,270.17905,177.92331,1,0,1,1,0,0,0,1,1,0,0.0,0.0,0.0,0.0,0.0,0.0,0.0,0.0,0.0,0.0,1.0,0.0,0.0,0.0,0.0,0.0,0.0,1.0,0.0,1.0,0.0,0.0,0.0,0.0,1.0,0.0,0.0
19,73888.42,6077.368,111.0,244.26491,4.0,5.0,17.0,4.0,15.0,15.0,10.81,4.0,604.85,34.42811,90.71502,522.7569,1,1,0,0,0,0,1,0,0,1,0.0,0.0,0.0,0.0,0.0,0.0,0.0,0.0,0.0,0.0,0.0,0.0,0.0,1.0,0.0,0.0,0.0,1.0,0.0,1.0,0.0,1.0,0.0,0.0,0.0,0.0,1.0
25,62571.84,5440.32,95.0,103.5582,2.0,2.0,7.0,3.0,8.0,0.0,11.16,1.0,472.54,41.090336,268.3396,462.13422,0,0,0,1,0,0,1,0,0,0,0.0,0.0,0.0,0.0,1.0,0.0,0.0,0.0,0.0,0.0,0.0,0.0,0.0,0.0,0.0,0.0,1.0,0.0,1.0,0.0,0.0,0.0,0.0,0.0,0.0,1.0,2.0
20,16348.87,1573.4059,31.0,59.17488,10.0,9.0,24.0,7.0,29.0,16.0,7.75,9.0,1440.67,38.49783,64.4578,323.7079,1,0,0,1,1,0,0,1,1,0,0.0,0.0,0.0,0.0,0.0,0.0,0.0,0.0,1.0,0.0,0.0,0.0,0.0,0.0,0.0,1.0,0.0,0.0,0.0,1.0,0.0,0.0,0.0,0.0,0.0,1.0,0.0
24,14906.56,1360.2134,47.0,20.692547,6.0,6.0,20.0,2.0,39.0,19.0,7.63,12.0,2626.18,24.380676,72.22309,333.10568,0,0,0,0,0,0,0,1,0,1,0.0,0.0,0.0,0.0,0.0,0.0,0.0,0.0,0.0,1.0,0.0,0.0,0.0,0.0,0.0,0.0,0.0,1.0,0.0,1.0,0.0,0.0,0.0,0.0,0.0,1.0,0.0
47,41715.11,3395.2593,139.0,0.0,0.0,4.0,4.0,0.0,11.0,11.0,10.09,3.0,1494.8,37.128395,193.13963,436.3863,0,0,0,0,0,1,0,0,0,0,0.0,0.0,1.0,0.0,0.0,0.0,0.0,0.0,0.0,0.0,0.0,0.0,0.0,0.0,0.0,0.0,1.0,0.0,1.0,0.0,0.0,0.0,0.0,0.0,0.0,1.0,1.0
42,16021.14,1583.095,74.0,30.631405,8.0,6.0,16.0,4.0,22.0,10.0,4.85,10.0,2136.31,36.859848,107.69852,299.97958,1,0,0,1,0,0,0,1,1,0,0.0,1.0,0.0,0.0,0.0,0.0,0.0,0.0,0.0,0.0,0.0,0.0,0.0,0.0,0.0,0.0,0.0,1.0,0.0,1.0,0.0,0.0,0.0,0.0,1.0,0.0,1.0
32,32853.06,2929.755,52.0,102.57714,8.0,8.0,33.0,6.0,43.0,24.0,26.66,9.0,3178.65,32.434483,219.28963,261.10873,0,1,1,1,0,0,1,0,0,1,0.0,0.0,0.0,0.0,0.0,0.0,0.0,0.0,0.0,0.0,1.0,0.0,0.0,0.0,0.0,1.0,0.0,0.0,0.0,1.0,0.0,0.0,0.0,0.0,0.0,1.0,1.0
44,8969.265,925.4387,32.0,53.17871,7.0,6.0,28.0,8.0,44.0,17.0,2.97,12.0,2721.14,21.882608,23.059065,276.3061,0,1,1,0,1,0,0,0,1,0,0.0,0.0,0.0,0.0,0.0,0.0,0.0,1.0,0.0,0.0,0.0,0.0,0.0,0.0,0.0,1.0,0.0,0.0,0.0,1.0,0.0,0.0,1.0,0.0,0.0,0.0,0.0
43,16196.665,1565.722,69.0,24.94959,5.0,7.0,17.0,2.0,20.0,14.0,2.55,0.0,632.93,26.705122,62.709526,338.9131,1,0,0,0,1,0,0,0,0,0,0.0,0.0,0.0,0.0,0.0,0.0,1.0,0.0,0.0,0.0,0.0,0.0,0.0,0.0,0.0,0.0,0.0,1.0,1.0,0.0,0.0,0.0,0.0,1.0,0.0,0.0,1.0
20,29937.85,2605.8208,77.0,20.779413,0.0,1.0,2.0,1.0,8.0,3.0,2.05,3.0,720.68,36.09603,243.1266,266.6761,0,0,0,0,0,0,0,0,0,1,0.0,0.0,1.0,0.0,0.0,0.0,0.0,0.0,0.0,0.0,0.0,0.0,0.0,0.0,0.0,0.0,1.0,0.0,1.0,0.0,0.0,0.0,0.0,1.0,0.0,0.0,2.0
55,25793.11,2322.4258,119.0,47.579357,4.0,7.0,20.0,3.0,8.0,12.0,12.78,4.0,413.08,36.503136,69.691345,384.9719,1,1,0,1,0,0,0,0,0,0,0.0,0.0,0.0,0.0,0.0,1.0,0.0,0.0,0.0,0.0,0.0,0.0,0.0,0.0,0.0,0.0,0.0,1.0,1.0,0.0,0.0,0.0,0.0,1.0,0.0,0.0,1.0
18,70414.1,6112.842,95.0,221.08365,2.0,3.0,9.0,4.0,13.0,10.0,9.24,4.0,422.72,26.385239,126.20241,503.9981,0,0,1,1,0,0,0,0,1,1,0.0,0.0,0.0,0.0,1.0,0.0,0.0,0.0,0.0,0.0,0.0,0.0,0.0,0.0,0.0,0.0,1.0,0.0,1.0,0.0,1.0,0.0,0.0,0.0,0.0,0.0,2.0
34,27156.59,2160.049,68.0,64.97076,6.0,4.0,7.0,3.0,10.0,19.0,7.75,0.0,787.21,26.31495,71.95341,349.08075,0,0,0,0,1,0,0,1,0,1,0.0,0.0,0.0,0.0,0.0,0.0,0.0,0.0,0.0,0.0,0.0,0.0,1.0,0.0,0.0,0.0,0.0,1.0,1.0,0.0,0.0,0.0,0.0,1.0,0.0,0.0,1.0
21,110110.04,9238.837,70.0,233.86002,8.0,4.0,12.0,4.0,10.0,14.0,5.61,3.0,1495.41,38.8022,262.66608,707.35754,0,1,1,0,1,0,0,0,0,1,0.0,0.0,0.0,0.0,0.0,0.0,0.0,0.0,0.0,0.0,0.0,0.0,0.0,1.0,0.0,0.0,1.0,0.0,1.0,0.0,0.0,0.0,0.0,0.0,1.0,0.0,2.0
34,71565.54,6161.795,94.0,140.58348,8.0,5.0,10.0,3.0,13.0,17.0,10.64,3.0,655.05,41.13962,145.55196,570.04407,0,1,0,0,0,0,0,1,0,0,0.0,0.0,0.0,0.0,0.0,0.0,0.0,0.0,0.0,1.0,0.0,0.0,0.0,0.0,0.0,0.0,1.0,0.0,1.0,0.0,1.0,0.0,0.0,0.0,0.0,0.0,2.0
16,17496.35,1495.0292,31.0,47.417904,3.0,4.0,19.0,5.0,11.0,15.0,9.59,12.0,1283.15,27.035486,50.706287,321.37872,0,0,1,1,0,0,0,0,1,0,0.0,0.0,0.0,0.0,0.0,0.0,0.0,0.0,0.0,0.0,0.0,0.0,0.0,0.0,1.0,0.0,0.0,1.0,0.0,1.0,0.0,0.0,0.0,1.0,0.0,0.0,0.0
40,28922.03,2548.1692,134.0,0.0,2.0,7.0,1.0,0.0,19.0,5.0,11.99,3.0,1329.59,37.562088,42.29558,462.52133,0,0,0,0,0,1,0,0,0,0,0.0,0.0,0.0,0.0,0.0,0.0,1.0,0.0,0.0,0.0,0.0,0.0,0.0,0.0,0.0,0.0,1.0,0.0,1.0,0.0,0.0,1.0,0.0,0.0,0.0,0.0,0.0
26,16128.395,1264.033,73.0,36.34405,7.0,3.0,10.0,3.0,27.0,14.0,12.54,7.0,1212.99,26.011663,61.59744,308.4618,1,1,0,0,0,0,1,0,0,0,0.0,0.0,0.0,0.0,1.0,0.0,0.0,0.0,0.0,0.0,0.0,0.0,0.0,0.0,0.0,0.0,0.0,1.0,0.0,1.0,0.0,0.0,0.0,0.0,1.0,0.0,1.0
24,37419.7,3174.3083,91.0,76.18253,1.0,7.0,5.0,4.0,11.0,0.0,7.69,0.0,653.66,31.925028,129.83571,401.4126,1,0,1,0,0,0,0,0,0,1,0.0,0.0,0.0,0.0,1.0,0.0,0.0,0.0,0.0,0.0,0.0,0.0,0.0,0.0,0.0,0.0,1.0,0.0,1.0,0.0,0.0,0.0,0.0,0.0,0.0,1.0,1.0
33,10426.61,852.88416,126.0,5.9948955,5.0,4.0,5.0,1.0,30.0,11.0,11.35,3.0,656.86,38.170506,55.24774,314.04578,1,0,0,0,0,0,0,0,0,0,0.0,0.0,0.0,0.0,0.0,0.0,0.0,0.0,0.0,0.0,0.0,0.0,0.0,1.0,0.0,0.0,0.0,1.0,0.0,1.0,0.0,0.0,0.0,0.0,0.0,1.0,1.0
32,58995.8,4886.317,139.0,41.64583,6.0,6.0,18.0,1.0,21.0,20.0,6.13,2.0,974.73,33.990135,101.01677,585.96906,0,0,1,0,0,0,0,0,0,0,0.0,0.0,0.0,0.0,1.0,0.0,0.0,0.0,0.0,0.0,0.0,0.0,0.0,0.0,0.0,0.0,0.0,1.0,0.0,1.0,1.0,0.0,0.0,0.0,0.0,0.0,1.0
44,36886.49,3088.8743,94.0,0.0,4.0,7.0,20.0,0.0,4.0,15.0,16.54,9.0,1251.85,26.999533,241.71373,357.1737,0,0,0,0,0,1,0,0,0,0,0.0,0.0,1.0,0.0,0.0,0.0,0.0,0.0,0.0,0.0,0.0,0.0,0.0,0.0,0.0,0.0,0.0,1.0,0.0,1.0,0.0,0.0,0.0,0.0,0.0,1.0,1.0
41,17908.01,1152.6768,78.0,179.78104,5.0,4.0,12.0,2.0,10.0,12.0,3.93,1.0,1456.12,25.887955,121.679436,273.83038,0,1,0,0,0,0,1,0,0,0,0.0,0.0,0.0,0.0,0.0,0.0,0.0,0.0,0.0,1.0,0.0,0.0,0.0,0.0,0.0,0.0,1.0,0.0,1.0,0.0,0.0,0.0,0.0,0.0,1.0,0.0,2.0
50,65912.38,5343.698,64.0,0.0,0.0,4.0,8.0,0.0,8.0,6.0,5.77,1.0,300.63,36.239235,151.4276,632.94226,0,0,0,0,0,1,0,0,0,0,1.0,0.0,0.0,0.0,0.0,0.0,0.0,0.0,0.0,0.0,0.0,0.0,0.0,0.0,0.0,0.0,1.0,0.0,1.0,0.0,0.0,1.0,0.0,0.0,0.0,0.0,2.0
37,64397.88,5240.49,83.0,0.0,7.0,5.0,11.0,0.0,21.0,18.0,19.43,7.0,1001.74,39.587093,102.090614,671.9584,0,0,0,0,0,1,0,0,0,0,0.0,1.0,0.0,0.0,0.0,0.0,0.0,0.0,0.0,0.0,0.0,0.0,0.0,0.0,0.0,0.0,0.0,1.0,0.0,1.0,0.0,1.0,0.0,0.0,0.0,0.0,1.0
42,24688.88,2256.4067,81.0,10.869317,8.0,4.0,9.0,1.0,20.0,15.0,11.74,3.0,1014.83,23.264997,206.70491,278.06644,0,0,0,0,0,0,0,0,1,0,0.0,0.0,0.0,0.0,0.0,0.0,0.0,0.0,0.0,0.0,1.0,0.0,0.0,0.0,0.0,0.0,0.0,1.0,1.0,0.0,0.0,0.0,0.0,1.0,0.0,0.0,1.0
52,19602.22,1448.5183,78.0,23.746183,7.0,4.0,6.0,2.0,8.0,8.0,10.7,4.0,962.35,38.838783,110.7082,300.39746,0,1,1,0,0,0,0,0,0,0,0.0,0.0,0.0,1.0,0.0,0.0,0.0,0.0,0.0,0.0,0.0,0.0,0.0,0.0,0.0,0.0,0.0,1.0,0.0,1.0,0.0,0.0,0.0,0.0,0.0,1.0,0.0
38,75004.05,6416.3374,40.0,161.49968,3.0,3.0,8.0,3.0,30.0,11.0,14.36,9.0,199.04,38.529816,104.49906,625.635,0,1,1,0,0,0,0,0,0,1,0.0,0.0,1.0,0.0,0.0,0.0,0.0,0.0,0.0,0.0,0.0,0.0,0.0,0.0,0.0,0.0,0.0,1.0,0.0,1.0,0.0,1.0,0.0,0.0,0.0,0.0,1.0
29,34531.8,3077.65,139.0,26.873318,1.0,5.0,4.0,1.0,11.0,1.0,2.72,4.0,411.02,29.91884,150.42339,400.4683,1,0,0,0,0,0,0,0,0,0,0.0,0.0,0.0,1.0,0.0,0.0,0.0,0.0,0.0,0.0,0.0,0.0,0.0,0.0,0.0,0.0,1.0,0.0,1.0,0.0,0.0,0.0,0.0,1.0,0.0,0.0,2.0
45,72904.16,6341.3467,78.0,67.76035,4.0,7.0,13.0,2.0,25.0,12.0,10.91,4.0,748.11,32.444794,146.39429,733.2376,1,0,1,0,0,0,0,0,0,0,0.0,0.0,0.0,0.0,0.0,0.0,0.0,0.0,0.0,0.0,0.0,0.0,1.0,0.0,0.0,0.0,0.0,1.0,1.0,0.0,1.0,0.0,0.0,0.0,0.0,0.0,1.0
43,14791.06,1499.5884,56.0,22.194641,7.0,8.0,15.0,3.0,50.0,18.0,4.92,7.0,2292.04,38.06726,94.455635,303.30856,1,0,0,1,0,0,0,0,0,0,0.0,0.0,0.0,0.0,0.0,0.0,0.0,0.0,1.0,0.0,0.0,0.0,0.0,0.0,0.0,1.0,0.0,0.0,0.0,1.0,0.0,0.0,0.0,1.0,0.0,0.0,0.0
51,40331.05,3106.921,85.0,64.76501,5.0,5.0,3.0,2.0,23.0,11.0,10.56,2.0,767.89,29.780127,271.53778,394.77927,1,0,0,0,0,0,0,0,1,0,0.0,0.0,0.0,0.0,0.0,0.0,0.0,0.0,0.0,0.0,0.0,0.0,0.0,0.0,1.0,0.0,1.0,0.0,1.0,0.0,0.0,0.0,0.0,0.0,1.0,0.0,0.0
30,76387.05,6104.5874,80.0,0.0,5.0,4.0,20.0,0.0,22.0,12.0,2.65,0.0,1001.62,33.51057,124.071396,746.3873,0,0,0,0,0,1,0,0,0,0,0.0,0.0,0.0,0.0,0.0,1.0,0.0,0.0,0.0,0.0,0.0,0.0,0.0,0.0,0.0,0.0,0.0,1.0,1.0,0.0,0.0,0.0,1.0,0.0,0.0,0.0,1.0
30,30383.36,2821.9468,129.0,60.81725,3.0,7.0,14.0,3.0,19.0,19.0,13.29,1.0,527.91,30.079176,44.831295,426.5461,0,0,1,1,0,0,0,1,0,0,0.0,1.0,0.0,0.0,0.0,0.0,0.0,0.0,0.0,0.0,0.0,0.0,0.0,0.0,0.0,0.0,0.0,1.0,0.0,1.0,0.0,1.0,0.0,0.0,0.0,0.0,1.0
24,7604.185,612.68207,25.0,16.73511,9.0,10.0,32.0,3.0,45.0,16.0,4.63,10.0,1829.92,35.188805,25.810154,278.72293,0,0,0,0,1,0,1,1,0,0,0.0,0.0,0.0,0.0,1.0,0.0,0.0,0.0,0.0,0.0,0.0,0.0,0.0,0.0,0.0,0.0,0.0,1.0,0.0,1.0,0.0,0.0,1.0,0.0,0.0,0.0,0.0
46,99127.04,8217.587,112.0,245.98515,8.0,3.0,10.0,4.0,17.0,19.0,13.88,7.0,1126.35,24.391909,103.594124,712.1794,0,1,0,1,0,0,1,1,0,0,0.0,0.0,0.0,0.0,0.0,0.0,0.0,0.0,0.0,0.0,0.0,1.0,0.0,0.0,0.0,0.0,0.0,1.0,0.0,1.0,1.0,0.0,0.0,0.0,0.0,0.0,1.0
18,18587.64,1578.97,32.0,61.09933,6.0,8.0,17.0,7.0,35.0,24.0,12.1,12.0,2370.01,37.06027,69.28666,307.51102,1,1,0,0,0,0,0,1,0,1,0.0,0.0,0.0,0.0,0.0,0.0,0.0,0.0,1.0,0.0,0.0,0.0,0.0,0.0,0.0,1.0,0.0,0.0,0.0,1.0,0.0,0.0,0.0,0.0,1.0,0.0,1.0
52,30635.83,2714.9858,116.0,88.416374,3.0,5.0,13.0,4.0,20.0,14.0,5.29,0.0,349.58,38.650955,187.68834,285.3939,1,0,1,0,0,0,0,1,0,1,0.0,0.0,0.0,0.0,0.0,0.0,0.0,1.0,0.0,0.0,0.0,0.0,0.0,0.0,0.0,0.0,0.0,1.0,1.0,0.0,0.0,0.0,0.0,0.0,0.0,1.0,1.0
35,17283.9,1360.325,79.0,55.01571,3.0,3.0,6.0,4.0,5.0,14.0,16.41,4.0,759.22,22.832645,42.06034,318.95645,1,0,0,1,1,0,0,1,0,0,0.0,0.0,0.0,0.0,0.0,0.0,0.0,0.0,0.0,0.0,0.0,0.0,0.0,0.0,1.0,0.0,0.0,1.0,0.0,1.0,0.0,0.0,0.0,0.0,1.0,0.0,1.0
54,80027.68,6652.973,110.0,204.15405,3.0,1.0,2.0,4.0,3.0,8.0,2.1,4.0,21.75,30.763243,211.93477,529.2085,0,0,1,0,1,0,0,1,1,0,0.0,0.0,0.0,0.0,0.0,0.0,0.0,0.0,0.0,0.0,0.0,0.0,0.0,0.0,1.0,0.0,1.0,0.0,1.0,0.0,0.0,0.0,0.0,0.0,1.0,0.0,2.0
37,34884.34,2633.0283,70.0,67.03699,8.0,4.0,30.0,4.0,10.0,14.0,7.52,10.0,2162.63,37.84988,82.44033,363.82553,0,0,0,0,1,0,0,1,0,1,0.0,0.0,0.0,0.0,0.0,1.0,0.0,0.0,0.0,0.0,0.0,0.0,0.0,0.0,0.0,0.0,0.0,1.0,0.0,1.0,0.0,1.0,0.0,0.0,0.0,0.0,1.0
19,31346.22,2493.185,36.0,187.42514,8.0,5.0,31.0,9.0,49.0,19.0,3.76,12.0,1795.98,25.79008,253.03935,88.854004,1,0,1,1,0,0,1,0,1,1,0.0,0.0,0.0,0.0,0.0,0.0,0.0,0.0,0.0,0.0,0.0,0.0,0.0,0.0,1.0,1.0,0.0,0.0,0.0,1.0,0.0,0.0,1.0,0.0,0.0,0.0,0.0
40,29079.95,2654.329,67.0,68.113815,3.0,4.0,14.0,4.0,28.0,8.0,9.4,2.0,1234.91,31.010633,31.336548,405.98254,1,0,0,1,0,0,0,1,0,0,1.0,0.0,0.0,0.0,0.0,0.0,0.0,0.0,0.0,0.0,0.0,0.0,0.0,0.0,0.0,0.0,0.0,1.0,1.0,0.0,1.0,0.0,0.0,0.0,0.0,0.0,1.0
38,12070.845,1088.9038,121.0,31.34997,8.0,5.0,8.0,4.0,19.0,12.0,2.96,4.0,759.86,25.25182,64.57579,282.9646,0,0,0,1,0,0,0,1,0,1,0.0,0.0,0.0,0.0,0.0,0.0,0.0,0.0,0.0,0.0,1.0,0.0,0.0,0.0,0.0,0.0,0.0,1.0,0.0,1.0,0.0,0.0,0.0,1.0,0.0,0.0,1.0
30,27099.11,2110.2593,79.0,0.0,8.0,4.0,8.0,0.0,5.0,13.0,6.59,2.0,186.93,33.090008,113.867905,357.15802,0,0,0,0,0,1,0,0,0,0,0.0,0.0,0.0,0.0,0.0,0.0,0.0,0.0,0.0,0.0,0.0,0.0,0.0,1.0,0.0,0.0,0.0,1.0,1.0,0.0,0.0,0.0,1.0,0.0,0.0,0.0,1.0
24,46586.8,4026.2334,42.0,0.0,6.0,7.0,20.0,0.0,27.0,12.0,14.98,8.0,852.2,34.600525,49.748547,592.87476,0,0,0,0,0,1,0,0,0,0,0.0,0.0,0.0,0.0,0.0,0.0,1.0,0.0,0.0,0.0,0.0,0.0,0.0,0.0,0.0,0.0,0.0,1.0,0.0,1.0,1.0,0.0,0.0,0.0,0.0,0.0,1.0
19,34039.54,2728.6284,92.0,83.745544,5.0,4.0,17.0,4.0,10.0,14.0,12.17,1.0,197.39,27.420403,172.59224,276.52505,0,1,1,1,0,0,0,1,0,0,1.0,0.0,0.0,0.0,0.0,0.0,0.0,0.0,0.0,0.0,0.0,0.0,0.0,0.0,0.0,0.0,0.0,1.0,0.0,1.0,0.0,0.0,1.0,0.0,0.0,0.0,1.0
42,61355.12,5180.927,89.0,0.0,6.0,7.0,8.0,0.0,27.0,6.0,4.86,2.0,428.61,27.799595,123.75935,634.3333,0,0,0,0,0,1,0,0,0,0,0.0,0.0,0.0,0.0,0.0,0.0,0.0,0.0,0.0,0.0,0.0,0.0,0.0,0.0,1.0,0.0,0.0,1.0,1.0,0.0,0.0,0.0,0.0,0.0,0.0,1.0,1.0
47,43787.09,3373.924,72.0,0.0,1.0,3.0,1.0,0.0,10.0,6.0,6.75,2.0,615.05,27.450842,108.044426,479.348,0,0,0,0,0,1,0,0,0,0,0.0,1.0,0.0,0.0,0.0,0.0,0.0,0.0,0.0,0.0,0.0,0.0,0.0,0.0,0.0,0.0,1.0,0.0,1.0,0.0,0.0,1.0,0.0,0.0,0.0,0.0,1.0
51,40067.96,3373.2122,70.0,246.78456,0.0,4.0,4.0,0.0,3.0,9.0,3.45,0.0,401.8,37.921303,296.60614,345.39355,0,0,0,0,0,1,0,0,0,0,0.0,0.0,0.0,0.0,1.0,0.0,0.0,0.0,0.0,0.0,0.0,0.0,0.0,0.0,0.0,0.0,1.0,0.0,1.0,0.0,0.0,0.0,0.0,0.0,1.0,0.0,2.0
21,17805.21,1600.7675,73.0,57.753933,3.0,3.0,8.0,5.0,10.0,14.0,17.62,5.0,1879.94,27.531668,137.33284,254.98997,1,1,0,1,1,0,0,0,0,0,0.0,0.0,0.0,0.0,0.0,0.0,0.0,0.0,0.0,0.0,0.0,0.0,1.0,0.0,0.0,0.0,0.0,1.0,0.0,1.0,0.0,0.0,0.0,0.0,0.0,1.0,1.0
21,72576.04,5934.0034,106.0,197.00993,5.0,3.0,7.0,4.0,5.0,12.0,3.27,1.0,478.74,28.945013,461.49435,224.89606,0,1,0,1,0,0,0,0,1,0,0.0,1.0,0.0,0.0,0.0,0.0,0.0,0.0,0.0,0.0,0.0,0.0,0.0,0.0,0.0,0.0,1.0,0.0,1.0,0.0,0.0,0.0,0.0,0.0,0.0,1.0,2.0
23,41026.38,3166.865,53.0,181.80402,5.0,7.0,9.0,6.0,1.0,19.0,17.24,7.0,1241.69,26.07798,51.02035,333.86212,0,0,0,0,1,0,0,0,1,1,0.0,0.0,0.0,1.0,0.0,0.0,0.0,0.0,0.0,0.0,0.0,0.0,0.0,0.0,0.0,0.0,0.0,1.0,0.0,1.0,0.0,1.0,0.0,0.0,0.0,0.0,1.0
47,11617.39,850.11584,131.0,5.463309,7.0,7.0,16.0,1.0,22.0,17.0,16.01,7.0,816.39,27.625748,72.92218,296.6261,0,0,0,1,0,0,0,0,0,0,0.0,0.0,0.0,0.0,0.0,0.0,0.0,0.0,0.0,0.0,0.0,0.0,0.0,1.0,0.0,0.0,0.0,1.0,0.0,1.0,0.0,0.0,0.0,0.0,0.0,1.0,1.0
20,113826.68,9262.557,73.0,293.10284,3.0,1.0,6.0,4.0,14.0,4.0,0.78,3.0,304.21,36.70244,96.07534,777.0775,0,1,1,0,0,0,1,1,0,0,0.0,0.0,0.0,0.0,0.0,1.0,0.0,0.0,0.0,0.0,0.0,0.0,0.0,0.0,0.0,0.0,1.0,0.0,1.0,0.0,1.0,0.0,0.0,0.0,0.0,0.0,2.0
19,35389.89,2700.1575,124.0,45.751358,4.0,7.0,10.0,2.0,15.0,15.0,11.79,2.0,873.71,40.146976,96.65034,377.61404,0,0,1,1,0,0,0,0,0,0,0.0,0.0,0.0,0.0,0.0,0.0,0.0,1.0,0.0,0.0,0.0,0.0,0.0,0.0,0.0,0.0,0.0,1.0,0.0,1.0,0.0,1.0,0.0,0.0,0.0,0.0,1.0
51,44551.13,3539.5942,70.0,127.75972,0.0,5.0,2.0,4.0,6.0,3.0,6.55,0.0,945.42,31.926332,105.72665,380.47305,0,0,1,1,0,0,0,0,0,0,1.0,0.0,0.0,0.0,0.0,0.0,0.0,0.0,0.0,0.0,0.0,0.0,0.0,0.0,0.0,0.0,1.0,0.0,1.0,0.0,0.0,0.0,1.0,0.0,0.0,0.0,0.0
40,19723.82,1398.6516,51.0,48.840096,10.0,8.0,23.0,3.0,50.0,16.0,2.45,9.0,2683.21,31.967201,138.8686,242.15646,1,0,0,0,0,0,0,0,1,0,0.0,0.0,0.0,0.0,0.0,0.0,1.0,0.0,0.0,0.0,0.0,0.0,0.0,0.0,0.0,1.0,0.0,0.0,0.0,1.0,0.0,0.0,0.0,0.0,0.0,1.0,0.0
31,16501.39,1101.1158,99.0,24.185732,0.0,5.0,3.0,2.0,13.0,9.0,7.63,3.0,589.87,33.75538,105.62492,260.30093,0,0,0,0,1,0,0,0,0,1,0.0,0.0,0.0,0.0,0.0,0.0,0.0,1.0,0.0,0.0,0.0,0.0,0.0,0.0,0.0,0.0,1.0,0.0,1.0,0.0,0.0,0.0,0.0,0.0,1.0,0.0,1.0
18,16310.84,1333.2367,92.0,35.56976,7.0,6.0,8.0,4.0,2.0,13.0,0.29,3.0,217.4,28.739712,26.10461,311.6493,0,0,1,0,0,0,1,0,1,1,1.0,0.0,0.0,0.0,0.0,0.0,0.0,0.0,0.0,0.0,0.0,0.0,0.0,0.0,0.0,0.0,0.0,1.0,1.0,0.0,1.0,0.0,0.0,0.0,0.0,0.0,1.0
20,9602.285,897.1904,53.0,37.40299,6.0,6.0,11.0,7.0,11.0,18.0,14.82,8.0,512.05,24.3414,103.88225,238.4338,0,1,1,0,0,0,0,1,1,0,0.0,0.0,0.0,0.0,0.0,0.0,0.0,0.0,1.0,0.0,0.0,0.0,0.0,0.0,0.0,0.0,0.0,1.0,0.0,1.0,0.0,0.0,0.0,0.0,0.0,1.0,1.0
32,18848.994,1364.7496,122.0,0.0,3.0,6.0,10.0,0.0,-1.0,7.0,7.76,4.0,159.31,34.714962,65.906136,330.56882,0,0,0,0,0,1,0,0,0,0,0.0,0.0,0.0,0.0,0.0,0.0,0.0,0.0,0.0,0.0,0.0,1.0,0.0,0.0,0.0,0.0,1.0,0.0,1.0,0.0,0.0,0.0,1.0,0.0,0.0,0.0,1.0
43,56366.58,4897.215,100.0,65.360054,5.0,3.0,20.0,2.0,11.0,21.0,19.93,5.0,327.8,39.978973,177.76306,496.5984,0,0,0,0,1,0,0,1,0,0,0.0,0.0,0.0,1.0,0.0,0.0,0.0,0.0,0.0,0.0,0.0,0.0,0.0,0.0,0.0,0.0,0.0,1.0,0.0,1.0,0.0,1.0,0.0,0.0,0.0,0.0,1.0
36,76324.68,6155.39,41.0,280.40292,6.0,5.0,34.0,6.0,33.0,23.0,2.24,10.0,2308.33,37.521538,168.95241,416.1837,1,0,0,0,0,0,0,1,1,0,0.0,0.0,0.0,0.0,0.0,0.0,0.0,0.0,1.0,0.0,0.0,0.0,0.0,0.0,0.0,1.0,0.0,0.0,0.0,1.0,0.0,1.0,0.0,0.0,0.0,0.0,0.0
32,43450.25,3711.8542,99.0,41.399643,0.0,3.0,4.0,2.0,3.0,0.0,7.47,2.0,588.59,38.432396,84.51069,495.2751,0,1,1,0,0,0,0,0,0,0,1.0,0.0,0.0,0.0,0.0,0.0,0.0,0.0,0.0,0.0,0.0,0.0,0.0,0.0,0.0,0.0,1.0,0.0,1.0,0.0,0.0,1.0,0.0,0.0,0.0,0.0,1.0
38,40085.46,3455.455,83.0,142.11263,6.0,6.0,18.0,5.0,45.0,12.0,8.97,12.0,2343.0,24.661419,215.53871,277.89417,1,0,1,0,0,0,0,1,0,1,0.0,0.0,0.0,0.0,0.0,0.0,0.0,0.0,0.0,0.0,0.0,0.0,0.0,0.0,1.0,1.0,0.0,0.0,0.0,1.0,0.0,0.0,0.0,0.0,0.0,1.0,0.0
46,31877.72,2571.4766,100.0,21.794374,3.0,6.0,20.0,1.0,28.0,10.0,1.46,4.0,886.59,26.772146,69.30122,436.05206,0,1,0,0,0,0,0,0,0,0,0.0,0.0,1.0,0.0,0.0,0.0,0.0,0.0,0.0,0.0,0.0,0.0,0.0,0.0,0.0,0.0,0.0,1.0,1.0,0.0,0.0,0.0,0.0,1.0,0.0,0.0,1.0
28,20377.7,1659.1417,49.0,29.921581,6.0,5.0,15.0,2.0,21.0,17.0,10.14,6.0,1490.65,27.992851,52.292072,343.7005,0,0,0,0,0,0,0,1,0,1,0.0,0.0,0.0,0.0,0.0,0.0,0.0,0.0,0.0,0.0,0.0,0.0,0.0,1.0,0.0,0.0,0.0,1.0,0.0,1.0,0.0,0.0,1.0,0.0,0.0,0.0,0.0
16,65984.28,5278.69,43.0,169.79724,8.0,3.0,24.0,4.0,15.0,19.0,12.88,12.0,1377.35,38.972103,58.302563,382.81393,1,0,0,1,0,0,0,1,1,0,0.0,0.0,0.0,0.0,0.0,0.0,0.0,1.0,0.0,0.0,0.0,0.0,0.0,0.0,0.0,0.0,0.0,1.0,0.0,1.0,0.0,0.0,1.0,0.0,0.0,0.0,0.0
18,29827.36,2722.6133,31.0,31.496674,4.0,5.0,17.0,2.0,15.0,18.0,10.56,6.0,1872.75,25.068743,79.1221,411.64255,0,1,0,0,0,0,0,0,0,1,0.0,0.0,0.0,0.0,0.0,0.0,0.0,0.0,1.0,0.0,0.0,0.0,0.0,0.0,0.0,0.0,0.0,1.0,0.0,1.0,0.0,0.0,0.0,0.0,0.0,1.0,1.0
41,33606.82,3025.5684,97.0,0.0,7.0,5.0,19.0,0.0,25.0,12.0,4.36,2.0,1295.38,27.223536,117.04669,455.51013,0,0,0,0,0,1,0,0,0,0,0.0,0.0,0.0,0.0,0.0,0.0,0.0,0.0,0.0,0.0,0.0,0.0,0.0,1.0,0.0,0.0,0.0,1.0,0.0,1.0,0.0,0.0,0.0,1.0,0.0,0.0,1.0
22,99384.72,8236.06,80.0,249.346,4.0,6.0,10.0,4.0,5.0,14.0,9.61,1.0,199.26,38.305588,485.4524,358.80762,0,0,0,0,0,0,1,1,1,0,0.0,0.0,0.0,0.0,0.0,0.0,0.0,0.0,1.0,0.0,0.0,0.0,0.0,0.0,0.0,0.0,0.0,1.0,1.0,0.0,0.0,0.0,0.0,1.0,0.0,0.0,1.0
46,28022.9,2098.2417,81.0,11.744672,5.0,7.0,5.0,1.0,9.0,13.0,13.79,4.0,385.54,34.38337,88.08576,389.99374,0,0,1,0,0,0,0,0,0,0,0.0,0.0,0.0,0.0,0.0,0.0,0.0,0.0,0.0,0.0,0.0,0.0,0.0,0.0,1.0,0.0,0.0,1.0,1.0,0.0,0.0,0.0,0.0,0.0,1.0,0.0,1.0
24,41037.94,3129.8284,31.0,155.40826,10.0,8.0,23.0,7.0,50.0,25.0,8.62,6.0,1735.78,27.910145,36.519287,361.05527,1,0,1,0,1,0,1,0,0,0,0.0,0.0,0.0,1.0,0.0,0.0,0.0,0.0,0.0,0.0,0.0,0.0,0.0,0.0,0.0,1.0,0.0,0.0,0.0,1.0,1.0,0.0,0.0,0.0,0.0,0.0,0.0
27,14458.0,1251.8334,36.0,47.876045,3.0,8.0,29.0,6.0,19.0,8.0,13.73,9.0,1701.54,26.200747,60.751755,296.55554,1,0,1,0,1,0,1,0,0,1,0.0,0.0,0.0,0.0,0.0,1.0,0.0,0.0,0.0,0.0,0.0,0.0,0.0,0.0,0.0,0.0,0.0,1.0,0.0,1.0,0.0,0.0,0.0,0.0,1.0,0.0,1.0
44,58317.0,4664.75,59.0,149.8972,8.0,5.0,9.0,6.0,18.0,20.0,21.58,10.0,98.97,28.260147,380.5857,215.9921,0,0,0,1,1,0,0,0,1,0,0.0,0.0,0.0,0.0,0.0,0.0,0.0,0.0,0.0,0.0,0.0,0.0,0.0,0.0,1.0,0.0,0.0,1.0,0.0,1.0,0.0,0.0,0.0,0.0,1.0,0.0,1.0
23,18283.91,1747.6592,44.0,54.721203,6.0,10.0,29.0,6.0,27.0,20.0,3.87,10.0,2521.4,29.262379,74.86519,335.17953,0,1,1,1,0,0,0,0,1,0,0.0,0.0,0.0,0.0,0.0,0.0,0.0,1.0,0.0,0.0,0.0,0.0,0.0,0.0,0.0,1.0,0.0,0.0,0.0,1.0,0.0,0.0,0.0,0.0,0.0,1.0,0.0
20,67825.23,5819.1025,70.0,0.0,6.0,4.0,15.0,0.0,16.0,8.0,16.82,7.0,148.04,24.09006,502.35303,369.55722,0,0,0,0,0,1,0,0,0,0,0.0,1.0,0.0,0.0,0.0,0.0,0.0,0.0,0.0,0.0,0.0,0.0,0.0,0.0,0.0,0.0,0.0,1.0,0.0,1.0,0.0,0.0,0.0,0.0,0.0,1.0,1.0
35,16511.455,1554.9546,90.0,40.60757,8.0,5.0,15.0,4.0,19.0,12.0,8.46,6.0,84.74,33.832726,206.38051,198.50739,0,0,1,0,0,0,0,0,1,1,0.0,0.0,0.0,0.0,0.0,1.0,0.0,0.0,0.0,0.0,0.0,0.0,0.0,0.0,0.0,0.0,0.0,1.0,1.0,0.0,0.0,0.0,0.0,0.0,0.0,1.0,1.0
41,15754.53,1472.8774,56.0,50.603523,9.0,9.0,22.0,7.0,24.0,17.0,16.21,11.0,1378.73,40.673317,38.215607,328.46863,0,1,1,1,0,0,1,1,0,0,0.0,0.0,0.0,0.0,0.0,0.0,0.0,0.0,0.0,0.0,0.0,0.0,1.0,0.0,0.0,0.0,0.0,1.0,0.0,1.0,0.0,0.0,0.0,1.0,0.0,0.0,0.0
24,74866.6,5964.8833,39.0,277.45804,5.0,4.0,32.0,5.0,21.0,16.0,10.3,10.0,1798.0,36.303177,87.04431,471.98596,1,1,0,1,0,0,0,1,0,0,0.0,0.0,0.0,0.0,0.0,0.0,0.0,0.0,0.0,0.0,0.0,0.0,0.0,1.0,0.0,0.0,0.0,1.0,0.0,1.0,1.0,0.0,0.0,0.0,0.0,0.0,0.0
52,16792.324,1292.3605,112.0,29.147963,1.0,4.0,5.0,3.0,6.0,3.0,3.33,5.0,161.57,30.880295,119.099655,270.98843,0,1,0,0,1,0,1,0,0,0,0.0,0.0,0.0,0.0,0.0,0.0,0.0,0.0,0.0,0.0,0.0,0.0,0.0,1.0,0.0,0.0,1.0,0.0,1.0,0.0,0.0,0.0,0.0,0.0,0.0,1.0,2.0
33,15660.15,1363.0125,33.0,57.29068,9.0,10.0,23.0,5.0,45.0,18.0,2.46,9.0,1354.33,34.451157,153.88722,215.12335,0,0,1,0,0,0,1,0,1,0,0.0,0.0,0.0,0.0,0.0,0.0,0.0,0.0,0.0,0.0,0.0,1.0,0.0,0.0,0.0,1.0,0.0,0.0,0.0,1.0,0.0,0.0,0.0,0.0,0.0,1.0,0.0
20,14531.07,1027.9225,83.0,34.46263,4.0,5.0,9.0,4.0,26.0,10.0,9.77,4.0,268.56,27.427963,85.06858,273.26105,1,0,0,1,0,0,1,0,1,0,0.0,0.0,0.0,0.0,0.0,0.0,0.0,0.0,0.0,1.0,0.0,0.0,0.0,0.0,0.0,0.0,1.0,0.0,1.0,0.0,0.0,0.0,0.0,0.0,0.0,1.0,1.0
17,34243.28,2594.6067,23.0,195.0998,7.0,10.0,18.0,7.0,27.0,22.0,10.92,11.0,1405.24,38.6354,341.7998,12.561078,1,1,0,0,0,0,1,1,0,1,0.0,0.0,0.0,0.0,0.0,0.0,0.0,0.0,0.0,0.0,1.0,0.0,0.0,0.0,0.0,1.0,0.0,0.0,0.0,1.0,0.0,0.0,0.0,0.0,1.0,0.0,0.0
51,85471.89,7179.6577,98.0,0.0,4.0,5.0,3.0,0.0,11.0,10.0,4.4,0.0,232.67,39.656292,195.31317,772.6526,0,0,0,0,0,1,0,0,0,0,0.0,0.0,0.0,0.0,0.0,0.0,0.0,0.0,0.0,0.0,1.0,0.0,0.0,0.0,0.0,0.0,1.0,0.0,1.0,0.0,0.0,1.0,0.0,0.0,0.0,0.0,2.0
55,72579.72,5916.31,84.0,0.0,6.0,6.0,20.0,0.0,24.0,10.0,4.97,3.0,314.2,36.46132,351.18356,500.44745,0,0,0,0,0,1,0,0,0,0,0.0,0.0,0.0,0.0,0.0,0.0,0.0,0.0,0.0,0.0,0.0,0.0,0.0,1.0,0.0,0.0,0.0,1.0,0.0,1.0,0.0,0.0,1.0,0.0,0.0,0.0,1.0
33,12909.895,853.8246,72.0,0.0,5.0,5.0,13.0,0.0,22.0,15.0,7.58,1.0,602.5,29.427233,110.97422,264.40823,0,0,0,0,0,1,0,0,0,0,0.0,0.0,0.0,0.0,0.0,0.0,0.0,0.0,0.0,0.0,1.0,0.0,0.0,0.0,0.0,0.0,0.0,1.0,1.0,0.0,0.0,0.0,0.0,0.0,0.0,1.0,1.0
28,22418.63,2136.2192,88.0,25.053047,5.0,4.0,6.0,2.0,4.0,9.0,1.65,3.0,452.91,35.311092,37.304115,411.26474,0,0,0,1,1,0,0,0,0,0,0.0,0.0,0.0,0.0,0.0,0.0,0.0,0.0,0.0,0.0,1.0,0.0,0.0,0.0,0.0,0.0,1.0,0.0,1.0,0.0,0.0,0.0,1.0,0.0,0.0,0.0,2.0
44,42811.36,3825.6133,108.0,74.60695,5.0,3.0,18.0,4.0,22.0,12.0,2.65,5.0,742.29,38.69756,69.348785,478.6056,0,0,0,0,0,0,1,0,1,0,0.0,0.0,0.0,0.0,0.0,0.0,0.0,0.0,0.0,0.0,0.0,0.0,0.0,0.0,1.0,0.0,0.0,1.0,1.0,0.0,1.0,0.0,0.0,0.0,0.0,0.0,1.0
28,44332.62,3691.385,35.0,75.71693,9.0,8.0,28.0,3.0,19.0,19.0,15.94,8.0,2380.89,29.641466,302.0389,261.38266,0,0,1,0,0,0,0,0,0,1,0.0,0.0,0.0,0.0,0.0,0.0,0.0,0.0,1.0,0.0,0.0,0.0,0.0,0.0,0.0,1.0,0.0,0.0,0.0,1.0,0.0,0.0,0.0,1.0,0.0,0.0,0.0
44,7200.86,373.07166,75.0,28.008171,4.0,4.0,12.0,6.0,12.0,6.0,7.22,4.0,1528.69,33.344913,36.277283,263.0217,0,0,1,1,1,0,0,1,0,0,0.0,0.0,0.0,0.0,0.0,0.0,1.0,0.0,0.0,0.0,0.0,0.0,0.0,0.0,0.0,0.0,0.0,1.0,0.0,1.0,0.0,0.0,0.0,0.0,0.0,1.0,1.0
27,43831.6,3506.6333,117.0,66.33024,6.0,7.0,15.0,2.0,18.0,13.0,11.08,2.0,1231.16,33.37268,148.84001,425.4931,0,1,0,0,0,0,0,1,0,0,0.0,0.0,0.0,0.0,0.0,0.0,0.0,0.0,0.0,0.0,0.0,0.0,0.0,0.0,1.0,0.0,0.0,1.0,1.0,0.0,0.0,0.0,0.0,0.0,0.0,1.0,1.0
35,104988.04,8711.003,74.0,0.0,8.0,7.0,1.0,0.0,28.0,18.0,9.03,3.0,87.85,28.404251,364.74258,756.3577,0,0,0,0,0,1,0,0,0,0,0.0,0.0,1.0,0.0,0.0,0.0,0.0,0.0,0.0,0.0,0.0,0.0,0.0,0.0,0.0,0.0,1.0,0.0,1.0,0.0,0.0,1.0,0.0,0.0,0.0,0.0,0.0
17,34243.28,2594.6067,31.0,195.0998,7.0,10.0,18.0,7.0,28.0,23.0,10.92,11.0,1405.24,28.906116,121.86689,202.49399,1,1,0,0,0,0,1,1,0,1,0.0,0.0,0.0,0.0,0.0,0.0,0.0,0.0,0.0,0.0,1.0,0.0,0.0,0.0,0.0,1.0,0.0,0.0,0.0,1.0,0.0,0.0,1.0,0.0,0.0,0.0,0.0
47,41646.88,3515.5732,105.0,80.73235,4.0,4.0,3.0,4.0,10.0,10.0,11.62,5.0,732.11,27.237125,165.65318,375.1718,0,0,0,1,0,0,0,0,1,1,0.0,0.0,0.0,0.0,0.0,0.0,0.0,0.0,0.0,0.0,0.0,0.0,1.0,0.0,0.0,0.0,1.0,0.0,1.0,0.0,0.0,0.0,1.0,0.0,0.0,0.0,1.0
49,15217.59,999.1325,104.0,0.0,5.0,6.0,17.0,0.0,12.0,11.0,9.48,2.0,296.54,26.810236,21.124962,338.7883,0,0,0,0,0,1,0,0,0,0,0.0,1.0,0.0,0.0,0.0,0.0,0.0,0.0,0.0,0.0,0.0,0.0,0.0,0.0,0.0,0.0,0.0,1.0,1.0,0.0,0.0,0.0,1.0,0.0,0.0,0.0,1.0
20,34599.8,3130.3167,27.0,82.516685,8.0,4.0,16.0,3.0,9.0,17.0,23.53,4.0,851.37,30.653242,44.797283,425.71768,0,0,0,1,0,0,0,0,1,1,0.0,0.0,0.0,0.0,0.0,0.0,0.0,0.0,0.0,0.0,0.0,0.0,0.0,1.0,0.0,0.0,0.0,1.0,0.0,1.0,0.0,1.0,0.0,0.0,0.0,0.0,1.0
17,61266.63,5296.5527,46.0,74.69387,4.0,6.0,15.0,2.0,8.0,13.0,12.45,12.0,570.58,29.88734,89.5791,525.1085,0,0,1,0,1,0,0,0,0,0,0.0,0.0,0.0,0.0,0.0,0.0,0.0,0.0,0.0,0.0,0.0,0.0,0.0,0.0,1.0,0.0,0.0,1.0,0.0,1.0,0.0,1.0,0.0,0.0,0.0,0.0,1.0
29,83332.88,6667.4067,86.0,0.0,4.0,6.0,20.0,0.0,15.0,16.0,8.6,4.0,292.99,38.18053,168.72604,748.01465,0,0,0,0,0,1,0,0,0,0,0.0,0.0,0.0,0.0,0.0,0.0,0.0,0.0,0.0,0.0,0.0,0.0,0.0,1.0,0.0,0.0,0.0,1.0,0.0,1.0,0.0,1.0,0.0,0.0,0.0,0.0,1.0
36,62995.92,5153.66,79.0,245.21582,10.0,6.0,32.0,9.0,25.0,15.0,2.61,12.0,2271.74,36.515232,269.90033,290.24988,0,1,0,1,1,0,1,1,0,0,0.0,0.0,0.0,0.0,0.0,0.0,0.0,0.0,1.0,0.0,0.0,0.0,0.0,0.0,0.0,1.0,0.0,0.0,0.0,1.0,0.0,1.0,0.0,0.0,0.0,0.0,0.0
29,18341.47,1323.4558,77.0,0.0,2.0,3.0,6.0,0.0,4.0,6.0,5.93,6.0,1300.64,38.68624,98.0649,314.28067,0,0,0,0,0,1,0,0,0,0,0.0,0.0,0.0,0.0,0.0,0.0,0.0,0.0,0.0,0.0,0.0,0.0,1.0,0.0,0.0,0.0,1.0,0.0,1.0,0.0,0.0,0.0,0.0,0.0,1.0,0.0,1.0
38,116798.36,9912.196,112.0,256.2166,8.0,7.0,7.0,4.0,15.0,13.0,6.51,0.0,1399.73,30.178072,481.59503,543.408,0,1,0,0,0,0,1,0,0,0,0.0,0.0,0.0,0.0,0.0,0.0,0.0,0.0,0.0,1.0,0.0,0.0,0.0,0.0,0.0,0.0,0.0,1.0,0.0,1.0,0.0,0.0,0.0,0.0,0.0,1.0,1.0
47,26340.1,2476.0083,78.0,62.08093,4.0,5.0,15.0,3.0,10.0,13.0,1.63,1.0,221.86,29.7289,40.880516,394.6394,0,1,0,0,1,0,0,0,0,1,0.0,0.0,1.0,0.0,0.0,0.0,0.0,0.0,0.0,0.0,0.0,0.0,0.0,0.0,0.0,0.0,0.0,1.0,1.0,0.0,0.0,1.0,0.0,0.0,0.0,0.0,2.0
37,17238.11,1599.5092,43.0,84.1443,8.0,8.0,23.0,9.0,47.0,16.0,1.46,11.0,1500.09,24.530462,141.60751,224.1991,1,1,1,1,1,0,1,1,0,0,0.0,0.0,0.0,0.0,0.0,0.0,0.0,0.0,0.0,0.0,0.0,0.0,0.0,0.0,1.0,1.0,0.0,0.0,0.0,1.0,0.0,0.0,0.0,0.0,0.0,1.0,0.0
38,102212.37,8470.697,77.0,257.59155,7.0,5.0,16.0,5.0,21.0,15.0,7.97,11.0,657.3,30.685795,206.79002,632.6882,1,1,0,0,0,0,0,0,1,0,0.0,0.0,0.0,0.0,0.0,0.0,0.0,0.0,0.0,0.0,0.0,0.0,0.0,0.0,1.0,0.0,0.0,1.0,0.0,1.0,0.0,1.0,0.0,0.0,0.0,0.0,1.0
45,8540.855,561.7379,33.0,12.1512,10.0,10.0,26.0,3.0,29.0,19.0,6.54,7.0,2310.04,36.25632,61.540005,272.48257,0,1,0,0,0,0,0,1,0,1,0.0,0.0,0.0,0.0,0.0,0.0,0.0,0.0,0.0,0.0,0.0,0.0,0.0,1.0,0.0,0.0,0.0,1.0,0.0,1.0,0.0,0.0,0.0,0.0,0.0,1.0,1.0
19,29651.23,2460.9358,112.0,37.903008,6.0,5.0,6.0,2.0,14.0,15.0,8.62,2.0,1217.99,29.888073,170.52211,297.66846,0,0,0,1,0,0,1,0,0,0,1.0,0.0,0.0,0.0,0.0,0.0,0.0,0.0,0.0,0.0,0.0,0.0,0.0,0.0,0.0,0.0,0.0,1.0,1.0,0.0,0.0,0.0,1.0,0.0,0.0,0.0,1.0
44,68380.29,5448.3574,85.0,105.88784,4.0,4.0,18.0,3.0,26.0,13.0,4.74,9.0,1293.3,37.612595,329.74847,389.19943,1,0,1,1,0,0,0,0,0,0,0.0,0.0,0.0,0.0,0.0,0.0,0.0,0.0,0.0,0.0,0.0,0.0,0.0,0.0,1.0,0.0,0.0,1.0,1.0,0.0,0.0,0.0,0.0,0.0,1.0,0.0,1.0
34,19140.25,1608.0209,52.0,53.745667,8.0,6.0,18.0,5.0,41.0,25.0,4.11,10.0,3152.24,36.15699,136.77063,260.2858,1,0,1,0,1,0,0,0,1,0,0.0,0.0,0.0,0.0,0.0,0.0,0.0,1.0,0.0,0.0,0.0,0.0,0.0,0.0,0.0,1.0,0.0,0.0,0.0,1.0,0.0,0.0,0.0,0.0,0.0,1.0,0.0
22,79626.93,6564.5776,125.0,150.6527,4.0,3.0,18.0,3.0,17.0,18.0,21.41,7.0,584.53,37.197083,73.24521,672.5599,0,0,0,1,0,0,1,0,0,1,1.0,0.0,0.0,0.0,0.0,0.0,0.0,0.0,0.0,0.0,0.0,0.0,0.0,0.0,0.0,0.0,0.0,1.0,0.0,1.0,1.0,0.0,0.0,0.0,0.0,0.0,1.0
25,23613.43,2202.786,111.0,46.738308,6.0,7.0,6.0,3.0,16.0,12.0,9.35,3.0,428.67,28.153448,52.917126,360.62314,1,0,1,0,0,0,0,0,0,1,0.0,0.0,0.0,0.0,0.0,0.0,0.0,0.0,0.0,0.0,0.0,0.0,0.0,0.0,1.0,0.0,0.0,1.0,0.0,1.0,1.0,0.0,0.0,0.0,0.0,0.0,1.0
42,36806.84,2827.2366,66.0,174.89311,6.0,5.0,18.0,6.0,18.0,12.0,13.22,7.0,1933.58,28.375477,68.354126,299.47644,0,1,0,1,0,0,1,0,1,1,0.0,0.0,1.0,0.0,0.0,0.0,0.0,0.0,0.0,0.0,0.0,0.0,0.0,0.0,0.0,0.0,0.0,1.0,0.0,1.0,0.0,0.0,1.0,0.0,0.0,0.0,1.0
49,59412.78,5073.065,110.0,37.556942,4.0,7.0,14.0,1.0,23.0,8.0,12.73,3.0,936.76,34.718338,126.39382,593.3557,0,0,0,0,0,0,1,0,0,0,0.0,0.0,0.0,0.0,0.0,0.0,0.0,0.0,1.0,0.0,0.0,0.0,0.0,0.0,0.0,0.0,0.0,1.0,0.0,1.0,0.0,1.0,0.0,0.0,0.0,0.0,1.0
37,38117.06,3245.4216,35.0,143.50885,8.0,5.0,34.0,6.0,22.0,22.0,26.16,12.0,2639.35,38.993626,109.1149,321.91843,0,1,0,0,1,0,1,1,0,1,0.0,0.0,0.0,0.0,0.0,0.0,0.0,0.0,0.0,0.0,0.0,1.0,0.0,0.0,0.0,1.0,0.0,0.0,0.0,1.0,0.0,1.0,0.0,0.0,0.0,0.0,0.0
26,17028.31,1663.0259,124.0,0.0,4.0,2.0,4.0,0.0,2.0,1.0,6.39,5.0,43.02,29.013597,112.80326,343.49933,0,0,0,0,0,1,0,0,0,0,0.0,0.0,0.0,0.0,0.0,0.0,0.0,0.0,0.0,0.0,1.0,0.0,0.0,0.0,0.0,0.0,1.0,0.0,1.0,0.0,0.0,0.0,0.0,0.0,0.0,1.0,2.0
42,67841.78,5562.4814,109.0,177.35078,8.0,3.0,14.0,4.0,28.0,17.0,2.35,3.0,1475.39,26.455744,211.97025,205.66638,0,0,0,0,1,0,0,1,0,0,1.0,0.0,0.0,0.0,0.0,0.0,0.0,0.0,0.0,0.0,0.0,0.0,0.0,0.0,0.0,0.0,0.0,1.0,0.0,1.0,0.0,0.0,0.0,0.0,1.0,0.0,1.0
37,25546.26,2415.855,76.0,101.328636,8.0,7.0,14.0,5.0,16.0,10.0,7.83,5.0,758.44,25.413616,91.21658,319.04028,1,1,0,0,0,0,1,0,0,1,0.0,0.0,0.0,0.0,0.0,1.0,0.0,0.0,0.0,0.0,0.0,0.0,0.0,0.0,0.0,0.0,0.0,1.0,0.0,1.0,0.0,0.0,0.0,1.0,0.0,0.0,1.0
36,40332.61,3435.0508,116.0,62.53126,1.0,4.0,1.0,3.0,7.0,8.0,9.32,3.0,466.97,34.126835,416.49203,447.501,1,0,1,0,1,0,0,0,0,0,0.0,0.0,0.0,0.0,0.0,0.0,0.0,0.0,0.0,0.0,1.0,0.0,0.0,0.0,0.0,0.0,1.0,0.0,1.0,0.0,0.0,1.0,0.0,0.0,0.0,0.0,2.0
42,27392.76,2556.73,138.0,42.548515,3.0,3.0,17.0,3.0,20.0,10.0,18.33,10.0,1148.91,29.469488,202.05678,281.06772,0,0,0,0,0,0,1,0,1,0,0.0,0.0,0.0,0.0,1.0,0.0,0.0,0.0,0.0,0.0,0.0,0.0,0.0,0.0,0.0,0.0,0.0,1.0,0.0,1.0,0.0,0.0,0.0,1.0,0.0,0.0,1.0
25,87095.61,7063.9673,135.0,158.70988,0.0,7.0,7.0,3.0,13.0,6.0,5.77,4.0,1005.15,39.18697,140.77356,666.9133,0,1,0,0,0,0,0,1,0,1,0.0,0.0,0.0,0.0,0.0,0.0,0.0,0.0,0.0,0.0,1.0,0.0,0.0,0.0,0.0,0.0,1.0,0.0,1.0,0.0,0.0,0.0,1.0,0.0,0.0,0.0,1.0
54,27316.86,1985.405,108.0,56.83239,3.0,3.0,20.0,3.0,10.0,15.0,3.05,8.0,761.67,23.941706,40.66229,351.0458,0,0,0,0,1,0,0,0,0,0,0.0,0.0,0.0,0.0,0.0,0.0,0.0,0.0,0.0,0.0,0.0,0.0,0.0,1.0,0.0,0.0,0.0,1.0,0.0,1.0,0.0,1.0,0.0,0.0,0.0,0.0,1.0
49,32314.44,2681.1663,90.0,204.91791,2.0,5.0,5.0,3.0,9.0,9.0,9.54,0.0,1339.6,37.10292,112.65747,337.71533,0,1,0,0,0,0,1,0,0,1,0.0,0.0,0.0,0.0,0.0,1.0,0.0,0.0,0.0,0.0,0.0,0.0,0.0,0.0,0.0,0.0,1.0,0.0,1.0,0.0,0.0,1.0,0.0,0.0,0.0,0.0,2.0
29,16362.68,1536.5566,35.0,77.713394,10.0,5.0,18.0,6.0,52.0,24.0,3.36,15.0,2635.48,35.311314,194.67726,171.26501,0,1,0,1,0,0,0,1,0,1,0.0,0.0,0.0,0.0,1.0,0.0,0.0,0.0,0.0,0.0,0.0,0.0,0.0,0.0,0.0,1.0,0.0,0.0,0.0,1.0,0.0,0.0,0.0,0.0,0.0,1.0,0.0
41,19543.58,1400.6317,81.0,94.227905,7.0,9.0,24.0,6.0,25.0,20.0,9.08,10.0,1362.43,27.813845,108.66545,217.1698,0,0,1,0,0,0,1,1,0,1,0.0,0.0,0.0,0.0,0.0,0.0,0.0,1.0,0.0,0.0,0.0,0.0,0.0,0.0,0.0,1.0,0.0,0.0,0.0,1.0,0.0,0.0,0.0,0.0,1.0,0.0,0.0
44,36823.24,2977.6033,81.0,109.0749,6.0,7.0,17.0,4.0,18.0,23.0,19.2,4.0,772.35,31.42796,70.4708,368.21463,0,1,0,1,0,0,0,0,0,1,0.0,0.0,0.0,0.0,0.0,0.0,1.0,0.0,0.0,0.0,0.0,0.0,0.0,0.0,0.0,0.0,0.0,1.0,0.0,1.0,0.0,1.0,0.0,0.0,0.0,0.0,1.0
21,38539.57,3438.6309,127.0,22.683279,4.0,2.0,3.0,1.0,8.0,1.0,8.42,0.0,526.62,35.457745,303.02768,298.15213,0,0,0,0,1,0,0,0,0,0,0.0,0.0,0.0,1.0,0.0,0.0,0.0,0.0,0.0,0.0,0.0,0.0,0.0,0.0,0.0,0.0,1.0,0.0,1.0,0.0,0.0,0.0,0.0,0.0,1.0,0.0,2.0
40,28012.42,2564.3684,103.0,68.83965,5.0,7.0,14.0,3.0,24.0,9.0,3.93,8.0,1346.44,25.964628,108.88196,338.7152,0,0,0,0,0,0,1,1,0,0,0.0,1.0,0.0,0.0,0.0,0.0,0.0,0.0,0.0,0.0,0.0,0.0,0.0,0.0,0.0,0.0,0.0,1.0,0.0,1.0,0.0,0.0,1.0,0.0,0.0,0.0,1.0
39,20742.46,1801.5383,66.0,60.066113,5.0,4.0,8.0,5.0,14.0,19.0,21.0,8.0,1319.87,36.759155,85.37551,324.71222,0,0,0,1,1,0,1,0,0,1,0.0,0.0,1.0,0.0,0.0,0.0,0.0,0.0,0.0,0.0,0.0,0.0,0.0,0.0,0.0,0.0,0.0,1.0,0.0,1.0,0.0,0.0,0.0,0.0,0.0,1.0,1.0
27,32424.34,2561.0283,78.0,0.0,3.0,5.0,5.0,0.0,13.0,17.0,10.46,4.0,159.9,38.723137,282.0938,264.00903,0,0,0,0,0,1,0,0,0,0,0.0,0.0,0.0,0.0,0.0,0.0,0.0,1.0,0.0,0.0,0.0,0.0,0.0,0.0,0.0,0.0,0.0,1.0,0.0,1.0,0.0,0.0,0.0,0.0,0.0,1.0,1.0
30,42032.76,3569.73,93.0,22.455996,0.0,4.0,6.0,1.0,21.0,7.0,12.11,7.0,626.72,33.515194,432.8868,191.6302,0,0,0,0,0,0,1,0,0,0,0.0,0.0,1.0,0.0,0.0,0.0,0.0,0.0,0.0,0.0,0.0,0.0,0.0,0.0,0.0,0.0,1.0,0.0,1.0,0.0,0.0,0.0,0.0,0.0,0.0,1.0,0.0
35,56341.2,4755.1,38.0,72.013756,8.0,6.0,13.0,3.0,22.0,10.0,8.13,7.0,1674.42,26.557795,38.411797,605.0845,1,0,0,0,0,0,1,0,0,1,0.0,0.0,0.0,0.0,0.0,0.0,0.0,0.0,0.0,0.0,0.0,0.0,1.0,0.0,0.0,0.0,0.0,1.0,0.0,1.0,1.0,0.0,0.0,0.0,0.0,0.0,1.0
19,107591.79,8769.982,106.0,263.09335,5.0,4.0,5.0,4.0,7.0,6.0,7.84,2.0,10.54,32.03904,434.11975,459.78516,0,0,0,0,1,0,1,0,1,0,0.0,0.0,0.0,0.0,0.0,0.0,0.0,0.0,0.0,0.0,1.0,0.0,0.0,0.0,0.0,0.0,1.0,0.0,1.0,0.0,0.0,0.0,0.0,0.0,1.0,0.0,2.0
27,46951.02,3725.585,84.0,0.0,7.0,4.0,16.0,0.0,9.0,9.0,19.83,9.0,340.22,36.463615,278.84344,383.71506,0,0,0,0,0,1,0,0,0,0,0.0,0.0,0.0,0.0,0.0,0.0,1.0,0.0,0.0,0.0,0.0,0.0,0.0,0.0,0.0,0.0,0.0,1.0,0.0,1.0,0.0,0.0,0.0,0.0,0.0,1.0,1.0
39,94092.36,7644.03,110.0,299.57635,3.0,6.0,17.0,4.0,21.0,19.0,14.93,10.0,1338.47,35.71201,150.58371,554.243,0,0,0,0,1,0,1,1,0,0,0.0,0.0,0.0,0.0,0.0,0.0,0.0,0.0,0.0,0.0,1.0,0.0,0.0,0.0,0.0,0.0,0.0,1.0,0.0,1.0,1.0,0.0,0.0,0.0,0.0,0.0,1.0
27,51370.17,4042.8474,40.0,67.592606,7.0,5.0,15.0,2.0,30.0,19.0,12.03,7.0,1769.76,31.70282,267.63318,359.05896,0,1,0,1,0,0,0,0,0,0,0.0,0.0,0.0,0.0,0.0,0.0,0.0,0.0,0.0,0.0,0.0,1.0,0.0,0.0,0.0,0.0,0.0,1.0,0.0,1.0,0.0,0.0,0.0,0.0,0.0,1.0,0.0
42,78626.49,6682.2075,74.0,140.73222,5.0,4.0,9.0,4.0,14.0,19.0,6.73,0.0,550.1,31.36961,73.07673,694.4118,1,1,0,0,0,0,1,0,0,0,0.0,0.0,0.0,0.0,0.0,0.0,0.0,0.0,0.0,0.0,1.0,0.0,0.0,0.0,0.0,0.0,0.0,1.0,1.0,0.0,1.0,0.0,0.0,0.0,0.0,0.0,1.0
24,43615.2,3420.6,87.0,128.54999,4.0,6.0,3.0,4.0,11.0,9.0,6.46,7.0,1030.5,31.311806,214.47578,143.50488,0,0,1,1,0,0,0,0,0,1,1.0,0.0,0.0,0.0,0.0,0.0,0.0,0.0,0.0,0.0,0.0,0.0,0.0,0.0,0.0,0.0,1.0,0.0,1.0,0.0,0.0,0.0,0.0,0.0,0.0,1.0,1.0
25,61056.3,5086.025,69.0,83.57379,3.0,7.0,8.0,2.0,5.0,16.0,8.87,6.0,566.34,33.120857,221.01524,484.01346,1,0,1,0,0,0,0,0,0,0,0.0,0.0,0.0,0.0,1.0,0.0,0.0,0.0,0.0,0.0,0.0,0.0,0.0,0.0,0.0,0.0,0.0,1.0,0.0,1.0,0.0,0.0,0.0,0.0,1.0,0.0,1.0
49,85710.48,7438.54,68.0,174.31883,6.0,4.0,5.0,3.0,10.0,17.0,9.08,4.0,434.31,33.38824,138.93948,680.5957,0,1,0,0,1,0,0,0,0,0,0.0,0.0,1.0,0.0,0.0,0.0,0.0,0.0,0.0,0.0,0.0,0.0,0.0,0.0,0.0,0.0,1.0,0.0,1.0,0.0,0.0,1.0,0.0,0.0,0.0,0.0,2.0
35,33857.41,2683.451,79.0,89.43153,3.0,3.0,20.0,4.0,23.0,20.0,17.52,5.0,899.22,25.591568,151.12608,287.78745,0,1,0,1,0,0,1,1,0,0,0.0,1.0,0.0,0.0,0.0,0.0,0.0,0.0,0.0,0.0,0.0,0.0,0.0,0.0,0.0,0.0,0.0,1.0,0.0,1.0,0.0,1.0,0.0,0.0,0.0,0.0,1.0
22,74961.72,6421.81,40.0,203.62686,5.0,6.0,16.0,4.0,2.0,5.0,17.9,9.0,2158.3,32.267963,304.4508,414.10333,1,1,1,0,0,0,0,0,0,1,0.0,0.0,0.0,0.0,0.0,0.0,0.0,0.0,0.0,0.0,0.0,0.0,0.0,0.0,1.0,0.0,0.0,1.0,0.0,1.0,0.0,0.0,0.0,0.0,1.0,0.0,0.0
35,17818.6,1659.8833,76.0,11.581101,4.0,6.0,14.0,1.0,25.0,15.0,10.91,3.0,301.52,40.354267,80.63572,363.7715,0,0,0,0,0,0,1,0,0,0,1.0,0.0,0.0,0.0,0.0,0.0,0.0,0.0,0.0,0.0,0.0,0.0,0.0,0.0,0.0,0.0,0.0,1.0,1.0,0.0,0.0,0.0,0.0,0.0,0.0,1.0,1.0
38,29143.88,2257.6567,65.0,45.607025,8.0,5.0,14.0,3.0,7.0,13.0,8.09,4.0,518.69,33.489525,148.09857,292.06006,1,1,0,0,0,0,0,1,0,0,0.0,0.0,0.0,0.0,0.0,0.0,0.0,0.0,0.0,0.0,0.0,0.0,1.0,0.0,0.0,0.0,0.0,1.0,1.0,0.0,0.0,0.0,1.0,0.0,0.0,0.0,1.0
36,61181.88,5192.49,66.0,241.57045,7.0,6.0,18.0,9.0,30.0,25.0,3.53,8.0,2245.8,32.929485,286.42218,251.25636,1,1,1,1,1,0,1,0,1,0,0.0,0.0,0.0,0.0,0.0,0.0,0.0,1.0,0.0,0.0,0.0,0.0,0.0,0.0,0.0,1.0,0.0,0.0,0.0,1.0,0.0,0.0,1.0,0.0,0.0,0.0,0.0
35,14835.22,1008.2683,82.0,20.53959,10.0,10.0,27.0,2.0,48.0,18.0,6.4,11.0,2440.6,33.631985,41.668373,298.61887,0,0,0,0,0,0,1,0,1,0,0.0,0.0,0.0,0.0,0.0,0.0,0.0,0.0,0.0,0.0,0.0,1.0,0.0,0.0,0.0,1.0,0.0,0.0,0.0,1.0,0.0,0.0,1.0,0.0,0.0,0.0,0.0
36,10299.565,712.29706,63.0,8.724971,5.0,9.0,28.0,2.0,22.0,19.0,8.5,8.0,1710.58,37.571472,30.547855,321.95688,1,0,0,0,0,0,1,0,0,0,1.0,0.0,0.0,0.0,0.0,0.0,0.0,0.0,0.0,0.0,0.0,0.0,0.0,0.0,0.0,0.0,0.0,1.0,0.0,1.0,0.0,0.0,0.0,0.0,0.0,1.0,0.0
44,33030.03,2604.5024,66.0,22.901579,3.0,5.0,4.0,1.0,4.0,10.0,10.59,1.0,1289.96,27.801334,222.0534,305.49527,0,0,1,0,0,0,0,0,0,0,0.0,0.0,0.0,1.0,0.0,0.0,0.0,0.0,0.0,0.0,0.0,0.0,0.0,0.0,0.0,0.0,1.0,0.0,1.0,0.0,0.0,0.0,0.0,0.0,0.0,1.0,2.0
27,50794.18,4089.8484,100.0,0.0,3.0,5.0,8.0,0.0,19.0,10.0,1.94,3.0,166.69,40.821068,138.61078,520.3741,0,0,0,0,0,1,0,0,0,0,0.0,0.0,0.0,0.0,0.0,0.0,0.0,0.0,0.0,1.0,0.0,0.0,0.0,0.0,0.0,0.0,1.0,0.0,1.0,0.0,0.0,1.0,0.0,0.0,0.0,0.0,2.0
20,9163.96,806.6633,30.0,14.377701,6.0,10.0,23.0,2.0,20.0,18.0,10.93,6.0,1685.88,35.677494,23.259098,293.02954,0,0,1,0,0,0,0,1,0,0,0.0,0.0,0.0,0.0,0.0,1.0,0.0,0.0,0.0,0.0,0.0,0.0,0.0,0.0,0.0,0.0,0.0,1.0,0.0,1.0,0.0,1.0,0.0,0.0,0.0,0.0,1.0
39,20818.74,1762.895,41.0,44.884163,8.0,5.0,15.0,3.0,20.0,13.0,17.18,8.0,1821.25,28.936462,94.05388,327.35147,1,0,0,0,1,0,0,0,1,0,0.0,0.0,0.0,0.0,0.0,0.0,0.0,0.0,1.0,0.0,0.0,0.0,0.0,0.0,0.0,0.0,0.0,1.0,0.0,1.0,0.0,0.0,0.0,0.0,0.0,1.0,0.0
29,85486.14,7411.845,111.0,177.17242,7.0,5.0,13.0,3.0,24.0,6.0,5.01,3.0,380.26,38.517677,51.351997,752.6601,0,0,0,0,0,0,1,0,0,1,0.0,0.0,0.0,0.0,0.0,0.0,0.0,0.0,0.0,0.0,0.0,0.0,1.0,0.0,0.0,0.0,0.0,1.0,0.0,1.0,1.0,0.0,0.0,0.0,0.0,0.0,1.0
24,21453.93,1600.8275,132.0,0.0,6.0,4.0,9.0,0.0,26.0,14.0,10.96,1.0,162.76,30.823072,53.805435,376.2773,0,0,0,0,0,1,0,0,0,0,0.0,0.0,0.0,0.0,0.0,1.0,0.0,0.0,0.0,0.0,0.0,0.0,0.0,0.0,0.0,0.0,0.0,1.0,1.0,0.0,0.0,0.0,0.0,1.0,0.0,0.0,1.0
49,44747.54,3984.9617,86.0,48.885395,1.0,4.0,11.0,2.0,4.0,6.0,3.28,3.0,833.1,27.674906,129.83252,479.77826,0,1,1,0,0,0,0,0,0,0,0.0,0.0,0.0,0.0,0.0,1.0,0.0,0.0,0.0,0.0,0.0,0.0,0.0,0.0,0.0,0.0,1.0,0.0,1.0,0.0,0.0,0.0,1.0,0.0,0.0,0.0,2.0
23,36243.05,3235.2542,84.0,73.891106,4.0,5.0,14.0,3.0,20.0,13.0,1.2,5.0,1009.33,29.25107,106.59961,423.0347,0,0,0,1,0,0,1,0,0,0,1.0,0.0,0.0,0.0,0.0,0.0,0.0,0.0,0.0,0.0,0.0,0.0,0.0,0.0,0.0,0.0,0.0,1.0,0.0,1.0,0.0,0.0,0.0,0.0,1.0,0.0,1.0
38,18409.79,1594.1492,41.0,57.472767,7.0,10.0,16.0,5.0,33.0,22.0,5.16,6.0,1556.76,22.790754,15.464478,326.47766,1,0,0,0,0,0,1,1,1,0,0.0,0.0,0.0,0.0,0.0,0.0,0.0,0.0,0.0,0.0,0.0,0.0,0.0,1.0,0.0,1.0,0.0,0.0,0.0,1.0,1.0,0.0,0.0,0.0,0.0,0.0,0.0
20,29908.4,2536.3667,79.0,54.914715,1.0,4.0,5.0,4.0,1.0,9.0,10.21,3.0,1179.99,37.39071,163.18411,295.53784,0,0,0,1,0,0,1,1,0,0,0.0,0.0,0.0,0.0,0.0,0.0,0.0,0.0,1.0,0.0,0.0,0.0,0.0,0.0,0.0,0.0,1.0,0.0,1.0,0.0,0.0,0.0,1.0,0.0,0.0,0.0,2.0
35,36722.84,2820.2366,62.0,122.32008,6.0,5.0,10.0,4.0,12.0,9.0,11.68,1.0,409.3,34.91432,108.36668,301.3369,0,0,0,1,1,0,0,0,1,0,0.0,0.0,1.0,0.0,0.0,0.0,0.0,0.0,0.0,0.0,0.0,0.0,0.0,0.0,0.0,0.0,1.0,0.0,1.0,0.0,0.0,0.0,0.0,1.0,0.0,0.0,1.0
23,70851.84,5947.32,133.0,97.0279,8.0,6.0,11.0,2.0,5.0,11.0,13.86,9.0,972.89,26.284533,238.88979,508.81433,0,0,0,1,0,0,1,0,0,0,0.0,0.0,0.0,0.0,0.0,0.0,0.0,0.0,0.0,0.0,0.0,0.0,1.0,0.0,0.0,0.0,0.0,1.0,0.0,1.0,1.0,0.0,0.0,0.0,0.0,0.0,1.0
30,20483.84,1811.9867,38.0,106.130035,7.0,7.0,32.0,8.0,41.0,22.0,10.75,6.0,2469.37,39.070908,94.06472,241.00392,1,0,1,1,1,0,0,0,0,1,0.0,0.0,0.0,0.0,0.0,1.0,0.0,0.0,0.0,0.0,0.0,0.0,0.0,0.0,0.0,1.0,0.0,0.0,0.0,1.0,0.0,0.0,1.0,0.0,0.0,0.0,0.0
20,14337.64,1405.8033,75.0,19.503733,0.0,4.0,1.0,2.0,1.0,9.0,7.64,4.0,207.85,26.500141,45.534008,345.5426,0,0,0,0,0,0,1,0,1,0,0.0,0.0,0.0,0.0,0.0,0.0,0.0,1.0,0.0,0.0,0.0,0.0,0.0,0.0,0.0,0.0,1.0,0.0,1.0,0.0,0.0,0.0,0.0,1.0,0.0,0.0,1.0
52,77906.25,6399.1875,74.0,173.56856,3.0,5.0,5.0,4.0,26.0,15.0,11.47,2.0,583.4,36.14952,232.89006,483.46014,1,0,1,0,0,0,0,0,1,0,0.0,0.0,0.0,0.0,0.0,0.0,0.0,0.0,1.0,0.0,0.0,0.0,0.0,0.0,0.0,0.0,1.0,0.0,1.0,0.0,0.0,1.0,0.0,0.0,0.0,0.0,2.0
19,14719.33,1289.0702,65.0,148.10818,4.0,5.0,9.0,7.0,7.0,18.0,15.31,7.0,2421.78,37.13666,69.804504,264.08902,1,1,1,1,1,0,0,0,0,0,0.0,0.0,1.0,0.0,0.0,0.0,0.0,0.0,0.0,0.0,0.0,0.0,0.0,0.0,0.0,0.0,0.0,1.0,0.0,1.0,0.0,0.0,0.0,1.0,0.0,0.0,0.0
45,14584.2,997.35,31.0,46.138283,8.0,9.0,15.0,4.0,47.0,9.0,17.9,12.0,1555.23,28.946163,82.97042,240.6263,1,1,0,1,1,0,0,0,0,0,0.0,0.0,0.0,0.0,1.0,0.0,0.0,0.0,0.0,0.0,0.0,0.0,0.0,0.0,0.0,0.0,0.0,1.0,0.0,1.0,0.0,0.0,0.0,0.0,0.0,1.0,1.0
23,35248.41,2683.3674,106.0,96.596535,6.0,5.0,12.0,4.0,16.0,18.0,8.0,1.0,430.56,41.364506,99.03886,332.70135,0,0,1,0,0,0,1,1,1,0,0.0,0.0,0.0,0.0,0.0,0.0,0.0,0.0,0.0,0.0,0.0,1.0,0.0,0.0,0.0,0.0,0.0,1.0,0.0,1.0,0.0,0.0,1.0,0.0,0.0,0.0,1.0
50,97050.75,7950.5625,118.0,235.8111,3.0,4.0,10.0,4.0,9.0,20.0,3.86,3.0,1361.61,35.33061,170.37859,628.8666,0,0,1,0,1,0,0,1,0,0,0.0,0.0,0.0,1.0,0.0,0.0,0.0,0.0,0.0,0.0,0.0,0.0,0.0,0.0,0.0,0.0,0.0,1.0,1.0,0.0,1.0,0.0,0.0,0.0,0.0,0.0,1.0
37,34733.44,3163.4534,104.0,16.2262,3.0,7.0,13.0,1.0,17.0,13.0,5.27,3.0,1497.2,24.964285,115.67791,434.44122,0,0,0,0,0,0,0,0,0,1,0.0,0.0,0.0,1.0,0.0,0.0,0.0,0.0,0.0,0.0,0.0,0.0,0.0,0.0,0.0,0.0,0.0,1.0,1.0,0.0,0.0,1.0,0.0,0.0,0.0,0.0,0.0
25,66376.28,5723.3564,132.0,104.631775,3.0,5.0,15.0,3.0,27.0,12.0,7.14,3.0,1482.3,24.759905,307.32574,420.37814,1,0,0,1,0,0,0,1,0,0,0.0,0.0,0.0,0.0,0.0,0.0,0.0,0.0,1.0,0.0,0.0,0.0,0.0,0.0,0.0,0.0,0.0,1.0,0.0,1.0,0.0,0.0,1.0,0.0,0.0,0.0,1.0
38,18040.67,1270.3892,55.0,53.734383,5.0,5.0,27.0,5.0,15.0,20.0,7.44,6.0,1874.52,34.90189,110.61142,252.69312,0,1,0,0,0,0,0,0,0,1,0.0,0.0,0.0,0.0,0.0,0.0,0.0,1.0,0.0,0.0,0.0,0.0,0.0,0.0,0.0,0.0,0.0,1.0,0.0,1.0,0.0,0.0,0.0,0.0,0.0,1.0,0.0
38,11333.42,840.45166,96.0,18.315659,7.0,6.0,17.0,2.0,11.0,10.0,12.18,7.0,125.01,35.25365,78.02159,277.70792,0,0,0,0,1,0,0,0,0,0,0.0,1.0,0.0,0.0,0.0,0.0,0.0,0.0,0.0,0.0,0.0,0.0,0.0,0.0,0.0,0.0,0.0,1.0,0.0,1.0,0.0,0.0,0.0,0.0,0.0,1.0,1.0
26,85303.08,6847.59,95.0,264.2737,5.0,7.0,20.0,4.0,22.0,12.0,22.37,3.0,1024.56,33.448837,262.03564,418.44965,0,0,0,0,1,0,0,1,1,1,0.0,0.0,0.0,0.0,0.0,0.0,0.0,0.0,0.0,0.0,0.0,0.0,0.0,0.0,1.0,0.0,0.0,1.0,0.0,1.0,0.0,0.0,1.0,0.0,0.0,0.0,1.0
55,39327.92,3233.3267,130.0,19.809761,1.0,6.0,11.0,1.0,16.0,6.0,1.51,3.0,127.29,31.448904,298.42532,295.09756,0,0,0,0,0,0,1,0,0,0,0.0,0.0,0.0,0.0,0.0,0.0,0.0,0.0,0.0,1.0,0.0,0.0,0.0,0.0,0.0,0.0,1.0,0.0,1.0,0.0,0.0,0.0,0.0,0.0,0.0,1.0,0.0
37,95011.64,7936.6367,89.0,291.80795,3.0,6.0,11.0,4.0,29.0,14.0,11.02,6.0,1166.08,41.149647,113.385704,628.47003,1,1,0,1,0,0,0,0,1,0,0.0,0.0,0.0,0.0,0.0,0.0,0.0,1.0,0.0,0.0,0.0,0.0,0.0,0.0,0.0,0.0,0.0,1.0,0.0,1.0,1.0,0.0,0.0,0.0,0.0,0.0,1.0
21,35149.1,2935.0916,82.0,97.64016,4.0,6.0,5.0,4.0,13.0,11.0,6.17,4.0,527.39,24.458027,264.92654,218.4224,1,0,0,0,0,0,0,0,0,1,0.0,0.0,1.0,0.0,0.0,0.0,0.0,0.0,0.0,0.0,0.0,0.0,0.0,0.0,0.0,0.0,1.0,0.0,1.0,0.0,0.0,0.0,0.0,0.0,0.0,1.0,0.0
37,16862.88,1273.24,70.0,81.80404,8.0,8.0,22.0,7.0,52.0,19.0,19.07,7.0,1377.71,34.39106,99.219086,236.30089,1,1,0,0,1,0,0,0,1,1,0.0,0.0,0.0,1.0,0.0,0.0,0.0,0.0,0.0,0.0,0.0,0.0,0.0,0.0,0.0,0.0,0.0,1.0,0.0,1.0,0.0,0.0,0.0,0.0,0.0,1.0,0.0
39,92067.99,7455.3325,109.0,152.65164,4.0,4.0,18.0,2.0,24.0,16.0,7.81,4.0,1398.94,28.460178,179.68567,663.1959,0,1,0,0,0,0,0,0,1,0,0.0,0.0,0.0,0.0,0.0,0.0,0.0,0.0,0.0,0.0,0.0,0.0,1.0,0.0,0.0,0.0,0.0,1.0,0.0,1.0,0.0,1.0,0.0,0.0,0.0,0.0,1.0
44,61699.1,5010.592,127.0,0.0,4.0,4.0,12.0,0.0,16.0,5.0,8.51,3.0,1320.78,31.337265,42.054096,699.00507,0,0,0,0,0,1,0,0,0,0,0.0,0.0,0.0,0.0,0.0,0.0,0.0,0.0,0.0,0.0,0.0,1.0,0.0,0.0,0.0,0.0,1.0,0.0,1.0,0.0,1.0,0.0,0.0,0.0,0.0,0.0,0.0
42,74614.64,6205.8867,105.0,40.215897,5.0,6.0,4.0,1.0,6.0,4.0,4.6,5.0,879.62,39.84902,145.04167,675.3311,0,0,0,0,0,0,0,0,0,1,0.0,0.0,0.0,0.0,0.0,0.0,0.0,1.0,0.0,0.0,0.0,0.0,0.0,0.0,0.0,0.0,1.0,0.0,1.0,0.0,1.0,0.0,0.0,0.0,0.0,0.0,1.0
35,33352.41,2812.3674,80.0,34.541054,6.0,4.0,10.0,2.0,13.0,20.0,11.68,5.0,1422.2,35.07792,373.8691,162.8266,1,0,0,0,0,0,0,0,0,0,0.0,0.0,0.0,0.0,0.0,0.0,0.0,0.0,0.0,0.0,1.0,0.0,0.0,0.0,0.0,0.0,0.0,1.0,1.0,0.0,0.0,0.0,0.0,0.0,0.0,1.0,1.0
21,57986.32,4740.1934,112.0,132.96735,3.0,5.0,2.0,3.0,5.0,7.0,1.36,2.0,222.83,37.56149,359.39023,271.66177,0,0,0,0,1,0,1,0,1,0,0.0,0.0,0.0,0.0,0.0,0.0,0.0,0.0,0.0,0.0,0.0,0.0,1.0,0.0,0.0,0.0,1.0,0.0,1.0,0.0,0.0,0.0,0.0,0.0,0.0,1.0,1.0
39,31846.76,2703.8967,71.0,27.407887,2.0,4.0,7.0,2.0,4.0,6.0,11.95,4.0,881.26,32.877754,258.4195,264.5623,0,1,0,0,0,0,0,0,0,1,0.0,0.0,0.0,0.0,0.0,0.0,0.0,0.0,0.0,0.0,0.0,0.0,0.0,1.0,0.0,0.0,1.0,0.0,1.0,0.0,0.0,0.0,0.0,0.0,1.0,0.0,2.0
34,63617.92,5231.493,29.0,257.5238,6.0,9.0,30.0,7.0,12.0,22.0,17.07,9.0,1826.94,25.70099,338.80124,206.8243,1,1,1,0,0,0,0,1,0,1,0.0,0.0,1.0,0.0,0.0,0.0,0.0,0.0,0.0,0.0,0.0,0.0,0.0,0.0,0.0,0.0,0.0,1.0,0.0,1.0,0.0,0.0,0.0,0.0,1.0,0.0,0.0
25,30827.58,2810.965,109.0,0.0,5.0,4.0,6.0,0.0,22.0,16.0,0.65,4.0,778.02,37.403984,106.29505,454.80145,0,0,0,0,0,1,0,0,0,0,0.0,0.0,1.0,0.0,0.0,0.0,0.0,0.0,0.0,0.0,0.0,0.0,0.0,0.0,0.0,0.0,1.0,0.0,1.0,0.0,0.0,0.0,0.0,0.0,1.0,0.0,2.0
46,33427.13,2708.5942,129.0,0.0,4.0,2.0,4.0,0.0,5.0,6.0,5.51,4.0,828.32,35.429344,327.72308,233.13632,0,0,0,0,0,1,0,0,0,0,0.0,0.0,0.0,0.0,0.0,0.0,0.0,1.0,0.0,0.0,0.0,0.0,0.0,0.0,0.0,0.0,1.0,0.0,1.0,0.0,0.0,0.0,0.0,0.0,0.0,1.0,2.0
38,20226.28,1617.5233,41.0,26.831343,8.0,6.0,14.0,2.0,28.0,9.0,10.79,8.0,767.58,29.891436,63.887062,331.03394,0,1,0,0,0,0,0,0,1,0,0.0,0.0,1.0,0.0,0.0,0.0,0.0,0.0,0.0,0.0,0.0,0.0,0.0,0.0,0.0,0.0,0.0,1.0,0.0,1.0,0.0,0.0,1.0,0.0,0.0,0.0,1.0
42,17420.33,1698.6942,45.0,24.131971,4.0,7.0,27.0,3.0,24.0,8.0,8.3,9.0,2373.43,25.10993,125.694016,300.04343,1,0,1,0,1,0,0,0,0,0,0.0,0.0,0.0,0.0,1.0,0.0,0.0,0.0,0.0,0.0,0.0,0.0,0.0,0.0,0.0,0.0,0.0,1.0,0.0,1.0,0.0,0.0,0.0,0.0,1.0,0.0,0.0
54,22205.61,2037.4675,105.0,46.079098,6.0,5.0,11.0,3.0,7.0,8.0,4.1,3.0,207.04,28.48553,85.394936,322.2727,0,0,0,1,1,0,0,1,0,0,0.0,0.0,0.0,0.0,0.0,0.0,0.0,0.0,0.0,0.0,0.0,0.0,1.0,0.0,0.0,0.0,0.0,1.0,1.0,0.0,0.0,1.0,0.0,0.0,0.0,0.0,1.0
21,40100.45,3280.704,138.0,0.0,0.0,4.0,7.0,0.0,4.0,9.0,2.16,4.0,821.74,38.93025,127.11971,490.9507,0,0,0,0,0,1,0,0,0,0,0.0,0.0,0.0,0.0,0.0,0.0,0.0,0.0,1.0,0.0,0.0,0.0,0.0,0.0,0.0,0.0,1.0,0.0,1.0,0.0,0.0,0.0,0.0,0.0,0.0,1.0,2.0
42,78860.2,6332.683,77.0,0.0,8.0,4.0,6.0,0.0,21.0,11.0,12.19,3.0,836.53,36.760853,84.86469,788.4036,0,0,0,0,0,1,0,0,0,0,0.0,0.0,0.0,0.0,0.0,0.0,0.0,0.0,0.0,0.0,1.0,0.0,0.0,0.0,0.0,0.0,0.0,1.0,0.0,1.0,1.0,0.0,0.0,0.0,0.0,0.0,2.0
34,39912.02,3440.0017,131.0,0.0,6.0,7.0,11.0,0.0,18.0,12.0,11.86,1.0,780.21,35.9114,61.059628,532.94055,0,0,0,0,0,1,0,0,0,0,0.0,0.0,0.0,0.0,0.0,0.0,0.0,0.0,0.0,0.0,0.0,1.0,0.0,0.0,0.0,0.0,0.0,1.0,1.0,0.0,0.0,1.0,0.0,0.0,0.0,0.0,1.0
31,101896.71,8359.393,105.0,152.96585,3.0,5.0,9.0,2.0,2.0,20.0,19.49,4.0,1037.16,31.38217,218.177,714.7964,0,0,1,0,0,0,0,0,0,0,0.0,0.0,0.0,0.0,1.0,0.0,0.0,0.0,0.0,0.0,0.0,0.0,0.0,0.0,0.0,0.0,0.0,1.0,0.0,1.0,1.0,0.0,0.0,0.0,0.0,0.0,1.0
23,10456.235,1090.3529,44.0,9.822822,4.0,8.0,25.0,2.0,19.0,14.0,16.4,11.0,1498.73,30.037682,42.949085,306.2634,1,0,0,0,0,0,0,0,0,1,0.0,0.0,0.0,0.0,0.0,0.0,0.0,0.0,0.0,0.0,0.0,0.0,0.0,0.0,1.0,0.0,0.0,1.0,0.0,1.0,0.0,1.0,0.0,0.0,0.0,0.0,0.0
37,61449.66,5333.805,53.0,159.54642,7.0,8.0,25.0,6.0,48.0,20.0,7.25,12.0,1315.4,39.325714,80.97188,542.8622,0,0,0,0,1,0,0,1,0,1,0.0,0.0,0.0,0.0,0.0,1.0,0.0,0.0,0.0,0.0,0.0,0.0,0.0,0.0,0.0,1.0,0.0,0.0,0.0,1.0,0.0,1.0,0.0,0.0,0.0,0.0,0.0
42,20320.176,1664.3479,98.0,0.0,4.0,4.0,11.0,0.0,1.0,7.0,2.77,6.0,270.26,23.13807,149.31653,307.11826,0,0,0,0,0,1,0,0,0,0,0.0,0.0,0.0,0.0,0.0,0.0,0.0,0.0,1.0,0.0,0.0,0.0,0.0,0.0,0.0,0.0,1.0,0.0,1.0,0.0,0.0,0.0,0.0,0.0,0.0,1.0,1.0
39,64110.51,5217.5425,26.0,28.611776,8.0,4.0,6.0,1.0,20.0,19.0,14.62,7.0,174.22,36.40904,64.84231,690.69507,0,0,0,0,1,0,0,0,0,0,0.0,0.0,0.0,0.0,0.0,0.0,0.0,0.0,1.0,0.0,0.0,0.0,0.0,0.0,0.0,0.0,0.0,1.0,0.0,1.0,1.0,0.0,0.0,0.0,0.0,0.0,1.0
34,56135.16,4753.93,36.0,190.10228,7.0,5.0,17.0,7.0,20.0,13.0,15.23,7.0,2689.93,36.43249,405.2321,170.05864,1,1,0,0,1,0,1,1,0,1,1.0,0.0,0.0,0.0,0.0,0.0,0.0,0.0,0.0,0.0,0.0,0.0,0.0,0.0,0.0,0.0,0.0,1.0,0.0,1.0,0.0,0.0,0.0,0.0,0.0,1.0,0.0
37,28023.75,2023.2432,93.0,296.10382,5.0,7.0,18.0,1.0,21.0,20.0,14.24,7.0,428.84,29.89366,34.07289,424.72385,0,0,1,0,0,0,0,0,0,0,0.0,0.0,0.0,0.0,0.0,0.0,0.0,0.0,0.0,0.0,1.0,0.0,0.0,0.0,0.0,0.0,0.0,1.0,0.0,1.0,0.0,1.0,0.0,0.0,0.0,0.0,2.0
16,33082.87,2785.9058,77.0,78.16491,5.0,3.0,12.0,4.0,17.0,16.0,18.4,12.0,576.44,29.596188,107.31999,343.10568,0,1,0,1,0,0,0,1,1,0,0.0,0.0,0.0,0.0,0.0,1.0,0.0,0.0,0.0,0.0,0.0,0.0,0.0,0.0,0.0,0.0,0.0,1.0,0.0,1.0,0.0,1.0,0.0,0.0,0.0,0.0,1.0
43,15835.495,1107.6246,112.0,30.707565,4.0,4.0,5.0,3.0,20.0,20.0,5.92,0.0,16.42,30.324524,114.67944,255.37544,1,0,0,1,0,0,0,0,0,0,0.0,0.0,0.0,0.0,1.0,0.0,0.0,0.0,0.0,0.0,0.0,0.0,0.0,0.0,0.0,0.0,1.0,0.0,1.0,0.0,0.0,0.0,0.0,0.0,0.0,1.0,1.0
18,17599.48,1202.6233,80.0,13.080691,2.0,6.0,6.0,1.0,12.0,3.0,7.01,0.0,1426.15,33.63714,97.49971,299.68195,0,0,0,0,0,0,0,1,0,0,0.0,0.0,1.0,0.0,0.0,0.0,0.0,0.0,0.0,0.0,0.0,0.0,0.0,0.0,0.0,0.0,1.0,0.0,1.0,0.0,0.0,0.0,0.0,0.0,0.0,1.0,2.0
40,44456.6,3628.7166,73.0,43.84826,4.0,3.0,6.0,2.0,-3.0,14.0,2.25,4.0,1181.27,23.2757,331.38596,257.63745,0,0,0,0,0,0,1,0,0,1,0.0,0.0,0.0,0.0,0.0,0.0,0.0,0.0,0.0,0.0,1.0,0.0,0.0,0.0,0.0,0.0,1.0,0.0,1.0,0.0,0.0,0.0,0.0,1.0,0.0,0.0,1.0
44,94158.69,7743.5576,133.0,204.34453,1.0,4.0,3.0,4.0,25.0,5.0,9.52,4.0,1415.3,32.88089,137.70311,672.3081,0,1,0,0,1,0,0,1,0,1,0.0,0.0,0.0,0.0,1.0,0.0,0.0,0.0,0.0,0.0,0.0,0.0,0.0,0.0,0.0,0.0,1.0,0.0,1.0,0.0,0.0,0.0,0.0,0.0,1.0,0.0,0.0
23,14584.155,959.34625,124.0,24.712828,4.0,6.0,4.0,3.0,19.0,12.0,10.46,6.0,883.9,35.543835,53.147617,298.0742,0,0,1,0,1,0,1,0,0,0,0.0,0.0,0.0,0.0,0.0,0.0,0.0,0.0,0.0,0.0,0.0,0.0,1.0,0.0,0.0,0.0,0.0,1.0,1.0,0.0,0.0,0.0,0.0,0.0,1.0,0.0,1.0
27,15013.73,1127.1442,54.0,51.547924,7.0,4.0,14.0,6.0,19.0,9.0,8.22,5.0,1403.17,31.092716,39.564976,301.60153,0,1,1,0,0,0,1,1,1,0,0.0,0.0,0.0,0.0,0.0,0.0,0.0,0.0,1.0,0.0,0.0,0.0,0.0,0.0,0.0,0.0,0.0,1.0,0.0,1.0,0.0,0.0,0.0,0.0,1.0,0.0,1.0
36,18910.83,1609.9025,101.0,0.0,1.0,4.0,7.0,0.0,28.0,10.0,2.88,3.0,912.67,31.088268,66.94133,364.04892,0,0,0,0,0,1,0,0,0,0,0.0,0.0,0.0,0.0,0.0,0.0,0.0,0.0,0.0,1.0,0.0,0.0,0.0,0.0,0.0,0.0,1.0,0.0,1.0,0.0,0.0,0.0,0.0,1.0,0.0,0.0,0.0
34,49995.18,4382.265,80.0,148.05426,8.0,6.0,22.0,6.0,20.0,18.0,9.54,10.0,1783.96,24.4406,101.32021,428.85202,1,1,1,1,0,0,0,0,0,1,0.0,0.0,0.0,0.0,1.0,0.0,0.0,0.0,0.0,0.0,0.0,0.0,0.0,0.0,0.0,1.0,0.0,0.0,0.0,1.0,0.0,0.0,0.0,0.0,0.0,1.0,0.0
16,15784.09,1417.3408,30.0,51.765556,8.0,7.0,18.0,6.0,48.0,25.0,2.3,7.0,1265.19,26.955269,142.09036,227.87817,0,1,1,0,0,0,1,0,1,0,0.0,0.0,1.0,0.0,0.0,0.0,0.0,0.0,0.0,0.0,0.0,0.0,0.0,0.0,0.0,1.0,0.0,0.0,0.0,1.0,0.0,0.0,0.0,1.0,0.0,0.0,0.0
17,49880.52,4239.71,79.0,111.35673,4.0,6.0,6.0,3.0,13.0,14.0,18.22,13.0,849.02,29.946877,442.42365,160.19063,1,0,0,1,0,0,0,0,0,1,0.0,0.0,0.0,0.0,0.0,0.0,0.0,0.0,0.0,0.0,0.0,1.0,0.0,0.0,0.0,0.0,0.0,1.0,0.0,1.0,0.0,0.0,0.0,0.0,0.0,1.0,1.0
23,29663.44,2676.9534,69.0,49.345913,5.0,6.0,18.0,2.0,8.0,10.0,17.76,8.0,598.51,27.08162,250.82898,247.52045,0,1,0,0,0,0,1,0,0,0,0.0,0.0,0.0,0.0,0.0,0.0,0.0,0.0,0.0,0.0,1.0,0.0,0.0,0.0,0.0,0.0,0.0,1.0,0.0,1.0,0.0,0.0,0.0,0.0,1.0,0.0,1.0
28,76092.27,6055.0225,29.0,208.99678,4.0,6.0,12.0,6.0,7.0,10.0,14.25,8.0,1266.19,24.666512,494.83615,181.66931,0,0,0,1,0,0,1,0,1,1,0.0,0.0,0.0,0.0,0.0,0.0,0.0,0.0,1.0,0.0,0.0,0.0,0.0,0.0,0.0,0.0,0.0,1.0,0.0,1.0,0.0,0.0,0.0,0.0,1.0,0.0,1.0
25,59375.22,4734.935,106.0,116.8332,3.0,4.0,5.0,4.0,3.0,5.0,7.33,0.0,947.54,28.973986,50.977245,545.68304,0,1,1,1,0,0,0,0,0,1,0.0,0.0,1.0,0.0,0.0,0.0,0.0,0.0,0.0,0.0,0.0,0.0,0.0,0.0,0.0,0.0,1.0,0.0,1.0,0.0,1.0,0.0,0.0,0.0,0.0,0.0,2.0
54,41345.58,3260.465,117.0,0.0,0.0,5.0,10.0,0.0,7.0,0.0,6.42,7.0,646.47,32.690815,36.947205,539.0993,0,0,0,0,0,1,0,0,0,0,0.0,0.0,0.0,0.0,0.0,0.0,0.0,0.0,0.0,0.0,0.0,0.0,1.0,0.0,0.0,0.0,1.0,0.0,1.0,0.0,0.0,1.0,0.0,0.0,0.0,0.0,0.0
42,101029.59,8224.133,63.0,192.89502,3.0,5.0,9.0,3.0,30.0,15.0,10.02,5.0,267.98,28.790264,215.20143,694.31683,1,0,0,0,0,0,1,0,0,0,0.0,1.0,0.0,0.0,0.0,0.0,0.0,0.0,0.0,0.0,0.0,0.0,0.0,0.0,0.0,0.0,0.0,1.0,0.0,1.0,0.0,0.0,0.0,0.0,1.0,0.0,1.0
35,17773.775,1388.148,110.0,28.239754,3.0,1.0,2.0,2.0,5.0,2.0,4.57,4.0,730.73,31.760332,95.189995,305.38504,0,0,1,1,0,0,0,0,0,0,0.0,0.0,0.0,0.0,0.0,0.0,1.0,0.0,0.0,0.0,0.0,0.0,0.0,0.0,0.0,0.0,1.0,0.0,1.0,0.0,0.0,0.0,0.0,0.0,0.0,1.0,2.0
41,18205.45,1480.1208,118.0,12.472031,2.0,5.0,7.0,1.0,4.0,7.0,1.78,7.0,1042.25,25.91029,83.6473,341.89276,0,1,0,0,0,0,0,0,0,0,0.0,0.0,0.0,0.0,0.0,0.0,0.0,0.0,0.0,0.0,1.0,0.0,0.0,0.0,0.0,0.0,1.0,0.0,1.0,0.0,0.0,0.0,0.0,0.0,0.0,1.0,2.0
53,125873.84,10669.486,108.0,183.08154,0.0,6.0,12.0,2.0,7.0,6.0,11.15,4.0,446.36,34.15327,400.42648,733.4406,1,0,0,0,0,0,1,0,0,0,0.0,0.0,0.0,0.0,0.0,0.0,0.0,0.0,0.0,0.0,1.0,0.0,0.0,0.0,0.0,0.0,1.0,0.0,1.0,0.0,0.0,1.0,0.0,0.0,0.0,0.0,2.0
49,93068.88,7497.74,103.0,221.0215,5.0,8.0,16.0,4.0,30.0,18.0,1.36,4.0,151.6,33.29466,227.75534,560.9972,0,0,0,0,1,0,0,1,1,0,0.0,0.0,0.0,0.0,0.0,0.0,0.0,0.0,0.0,0.0,0.0,1.0,0.0,0.0,0.0,0.0,0.0,1.0,1.0,0.0,0.0,0.0,1.0,0.0,0.0,0.0,1.0
48,22323.28,2009.2733,109.0,53.86124,0.0,5.0,9.0,4.0,6.0,11.0,4.2,7.0,533.12,34.986603,125.04204,292.02405,0,1,0,0,0,0,1,0,1,0,0.0,0.0,1.0,0.0,0.0,0.0,0.0,0.0,0.0,0.0,0.0,0.0,0.0,0.0,0.0,0.0,1.0,0.0,1.0,0.0,0.0,1.0,0.0,0.0,0.0,0.0,2.0
32,33386.25,2851.1875,58.0,77.54613,7.0,5.0,11.0,3.0,23.0,10.0,9.97,6.0,1343.67,35.433506,86.04251,371.53012,0,0,0,1,1,0,0,0,0,0,0.0,0.0,0.0,0.0,0.0,0.0,0.0,0.0,0.0,1.0,0.0,0.0,0.0,0.0,0.0,0.0,0.0,1.0,0.0,1.0,0.0,1.0,0.0,0.0,0.0,0.0,1.0
38,14884.29,1174.0485,81.0,77.06391,9.0,9.0,19.0,4.0,42.0,19.0,8.49,10.0,1304.33,37.609627,108.80321,257.57693,0,1,0,0,1,0,1,0,0,1,0.0,0.0,0.0,0.0,0.0,0.0,0.0,0.0,0.0,1.0,0.0,0.0,0.0,0.0,0.0,1.0,0.0,0.0,0.0,1.0,0.0,0.0,0.0,0.0,0.0,1.0,0.0
49,31802.4,2808.2,106.0,49.817596,3.0,5.0,14.0,3.0,6.0,10.0,6.17,3.0,1369.66,27.55658,208.6168,292.3856,0,0,0,1,0,0,0,1,0,0,0.0,0.0,0.0,0.0,0.0,0.0,0.0,1.0,0.0,0.0,0.0,0.0,0.0,0.0,0.0,0.0,0.0,1.0,1.0,0.0,0.0,0.0,0.0,1.0,0.0,0.0,0.0
33,7622.665,848.2221,63.0,31.661568,8.0,6.0,24.0,5.0,31.0,23.0,12.17,6.0,2140.48,29.02259,102.23861,240.92203,0,1,1,0,0,0,1,1,0,0,0.0,0.0,0.0,0.0,0.0,1.0,0.0,0.0,0.0,0.0,0.0,0.0,0.0,0.0,0.0,1.0,0.0,0.0,0.0,1.0,0.0,0.0,0.0,0.0,0.0,1.0,0.0
29,85486.14,7411.845,110.0,177.17242,6.0,4.0,13.0,3.0,28.0,8.0,5.01,3.0,380.26,28.311356,97.90626,706.10583,0,0,0,0,0,0,1,0,0,1,0.0,0.0,0.0,0.0,0.0,0.0,0.0,0.0,0.0,0.0,0.0,0.0,1.0,0.0,0.0,0.0,0.0,1.0,0.0,1.0,1.0,0.0,0.0,0.0,0.0,0.0,1.0
33,16046.46,1218.205,41.0,36.9491,4.0,4.0,19.0,3.0,17.0,5.0,17.38,8.0,1925.94,27.68916,41.44088,293.4305,0,1,1,0,0,0,0,0,0,1,0.0,0.0,0.0,0.0,0.0,0.0,0.0,0.0,0.0,0.0,0.0,0.0,0.0,1.0,0.0,0.0,0.0,1.0,0.0,1.0,0.0,1.0,0.0,0.0,0.0,0.0,1.0
56,72760.04,6085.3364,94.0,31.284996,8.0,4.0,15.0,1.0,21.0,13.0,6.58,2.0,792.46,28.371689,221.61981,615.62885,0,0,0,1,0,0,0,0,0,0,0.0,0.0,0.0,0.0,0.0,0.0,0.0,0.0,0.0,0.0,0.0,0.0,0.0,1.0,0.0,0.0,0.0,1.0,0.0,1.0,0.0,0.0,1.0,0.0,0.0,0.0,1.0
31,20825.75,1770.4791,65.0,46.64496,6.0,5.0,33.0,3.0,21.0,14.0,7.3,11.0,2116.54,23.84534,132.15764,288.2453,0,0,1,0,0,0,0,0,1,1,0.0,0.0,0.0,0.0,0.0,0.0,0.0,0.0,0.0,1.0,0.0,0.0,0.0,0.0,0.0,0.0,0.0,1.0,0.0,1.0,0.0,0.0,0.0,0.0,0.0,1.0,0.0
37,29310.85,2522.5708,131.0,93.771194,8.0,4.0,20.0,4.0,9.0,19.0,9.3,4.0,1184.49,28.31783,18.191092,380.2948,1,0,0,1,0,0,0,0,0,1,0.0,0.0,0.0,0.0,0.0,0.0,0.0,0.0,0.0,1.0,0.0,0.0,0.0,0.0,0.0,0.0,0.0,1.0,1.0,0.0,1.0,0.0,0.0,0.0,0.0,0.0,1.0
19,33189.02,2951.7517,92.0,63.71642,7.0,3.0,19.0,3.0,23.0,12.0,17.08,3.0,209.88,24.864452,281.29236,240.1664,0,0,0,0,1,0,0,1,1,0,0.0,0.0,0.0,0.0,0.0,1.0,0.0,0.0,0.0,0.0,0.0,0.0,0.0,0.0,0.0,0.0,0.0,1.0,0.0,1.0,0.0,0.0,0.0,0.0,0.0,1.0,1.0
24,62862.69,5155.5576,86.0,116.31283,5.0,5.0,13.0,4.0,22.0,8.0,7.45,11.0,676.09,22.8069,474.9632,194.27971,0,1,0,0,0,0,0,1,1,0,0.0,0.0,0.0,0.0,0.0,0.0,0.0,1.0,0.0,0.0,0.0,0.0,0.0,0.0,0.0,0.0,0.0,1.0,0.0,1.0,0.0,0.0,0.0,1.0,0.0,0.0,1.0
47,31280.63,2499.7192,104.0,21.397139,8.0,4.0,11.0,1.0,16.0,8.0,9.15,8.0,385.83,34.79827,192.11246,326.4623,0,0,0,1,0,0,0,0,0,0,0.0,0.0,0.0,0.0,0.0,0.0,0.0,0.0,1.0,0.0,0.0,0.0,0.0,0.0,0.0,0.0,0.0,1.0,0.0,1.0,0.0,0.0,0.0,0.0,0.0,1.0,1.0
27,38378.18,3057.1816,82.0,99.13711,7.0,10.0,34.0,5.0,43.0,23.0,16.98,9.0,2056.14,26.797783,37.565727,409.01532,0,0,0,1,1,0,1,0,0,1,0.0,0.0,0.0,0.0,0.0,0.0,1.0,0.0,0.0,0.0,0.0,0.0,0.0,0.0,0.0,1.0,0.0,0.0,0.0,1.0,1.0,0.0,0.0,0.0,0.0,0.0,0.0
39,33498.79,2995.566,129.0,32.301014,2.0,4.0,9.0,2.0,7.0,10.0,3.05,3.0,646.04,28.918196,88.658615,438.59695,0,0,0,1,0,0,0,0,0,1,0.0,0.0,0.0,0.0,0.0,0.0,0.0,0.0,1.0,0.0,0.0,0.0,0.0,0.0,0.0,0.0,1.0,0.0,1.0,0.0,0.0,0.0,0.0,0.0,0.0,1.0,1.0
24,34106.58,3126.215,80.0,110.891624,8.0,9.0,26.0,5.0,23.0,19.0,18.12,9.0,1672.04,35.17403,121.423645,360.3062,1,1,0,1,0,0,0,1,0,0,1.0,0.0,0.0,0.0,0.0,0.0,0.0,0.0,0.0,0.0,0.0,0.0,0.0,0.0,0.0,0.0,0.0,1.0,0.0,1.0,0.0,0.0,0.0,0.0,1.0,0.0,1.0
44,73083.44,6264.2866,30.0,232.32524,7.0,9.0,28.0,6.0,38.0,14.0,1.48,6.0,2549.27,34.974957,484.11694,189.98647,1,1,1,1,0,0,0,0,0,0,0.0,0.0,0.0,0.0,0.0,0.0,0.0,0.0,0.0,1.0,0.0,0.0,0.0,0.0,0.0,1.0,0.0,0.0,0.0,1.0,0.0,0.0,0.0,0.0,1.0,0.0,0.0
30,34775.16,3048.93,53.0,126.59682,7.0,9.0,25.0,5.0,25.0,20.0,17.16,6.0,3003.45,36.339214,64.51841,363.77777,1,0,0,0,1,0,1,1,0,0,0.0,0.0,0.0,0.0,0.0,0.0,1.0,0.0,0.0,0.0,0.0,0.0,0.0,0.0,0.0,1.0,0.0,0.0,0.0,1.0,0.0,1.0,0.0,0.0,0.0,0.0,0.0
46,20574.87,1620.5725,134.0,27.514936,6.0,6.0,20.0,2.0,10.0,19.0,5.62,7.0,642.59,32.78404,190.69498,233.84734,0,0,0,0,1,0,0,1,0,0,0.0,0.0,0.0,0.0,0.0,0.0,1.0,0.0,0.0,0.0,0.0,0.0,0.0,0.0,0.0,0.0,0.0,1.0,1.0,0.0,0.0,0.0,0.0,0.0,0.0,1.0,1.0
55,19403.404,1904.9504,69.0,39.214916,1.0,7.0,3.0,3.0,13.0,11.0,3.9,2.0,339.11,36.50783,125.94837,315.33176,0,1,1,0,0,0,0,0,0,0,0.0,0.0,0.0,1.0,0.0,0.0,0.0,0.0,0.0,0.0,0.0,0.0,0.0,0.0,0.0,0.0,1.0,0.0,1.0,0.0,0.0,0.0,0.0,0.0,0.0,1.0,1.0
37,32631.54,2765.295,103.0,0.0,0.0,1.0,7.0,0.0,9.0,2.0,10.63,0.0,1013.79,28.824678,106.58811,459.94138,0,0,0,0,0,1,0,0,0,0,0.0,0.0,0.0,0.0,0.0,0.0,0.0,0.0,1.0,0.0,0.0,0.0,0.0,0.0,0.0,0.0,1.0,0.0,1.0,0.0,0.0,0.0,0.0,0.0,0.0,1.0,2.0
27,48725.58,3845.465,67.0,218.48164,10.0,10.0,16.0,6.0,22.0,13.0,7.09,12.0,2029.67,27.640488,385.09848,70.96638,1,1,0,1,0,0,0,0,0,1,0.0,0.0,0.0,0.0,0.0,0.0,0.0,0.0,0.0,0.0,0.0,0.0,1.0,0.0,0.0,0.0,0.0,1.0,0.0,1.0,0.0,0.0,0.0,0.0,0.0,1.0,0.0
25,28823.03,2293.9192,133.0,39.348373,7.0,6.0,1.0,2.0,11.0,10.0,11.22,5.0,51.26,37.445545,80.279755,316.9985,1,0,0,0,0,0,1,0,0,0,0.0,0.0,0.0,0.0,1.0,0.0,0.0,0.0,0.0,0.0,0.0,0.0,0.0,0.0,0.0,0.0,0.0,1.0,1.0,0.0,0.0,0.0,0.0,0.0,1.0,0.0,0.0
35,27171.26,2453.2717,68.0,0.0,3.0,5.0,4.0,0.0,5.0,13.0,3.18,5.0,896.47,37.336285,38.437523,456.88965,0,0,0,0,0,1,0,0,0,0,0.0,0.0,0.0,0.0,0.0,1.0,0.0,0.0,0.0,0.0,0.0,0.0,0.0,0.0,0.0,0.0,0.0,1.0,1.0,0.0,0.0,1.0,0.0,0.0,0.0,0.0,1.0
45,32520.18,2928.015,80.0,126.41028,9.0,6.0,27.0,6.0,52.0,17.0,0.6,7.0,2196.5,30.09272,119.869484,316.52173,0,0,1,1,1,0,0,0,1,1,0.0,0.0,0.0,0.0,0.0,1.0,0.0,0.0,0.0,0.0,0.0,0.0,0.0,0.0,0.0,1.0,0.0,0.0,0.0,1.0,0.0,0.0,0.0,1.0,0.0,0.0,0.0
35,14985.46,1049.7883,26.0,76.60426,7.0,4.0,9.0,7.0,29.0,11.0,17.67,8.0,1877.48,39.821735,25.17531,243.19926,1,0,1,0,1,0,0,1,0,1,1.0,0.0,0.0,0.0,0.0,0.0,0.0,0.0,0.0,0.0,0.0,0.0,0.0,0.0,0.0,0.0,0.0,1.0,0.0,1.0,1.0,0.0,0.0,0.0,0.0,0.0,1.0
45,39225.32,3265.7766,39.0,37.036766,8.0,5.0,23.0,2.0,15.0,19.0,13.2,12.0,2057.89,27.659088,79.07597,460.46494,0,0,0,0,0,0,0,0,1,0,1.0,0.0,0.0,0.0,0.0,0.0,0.0,0.0,0.0,0.0,0.0,0.0,0.0,0.0,0.0,1.0,0.0,0.0,0.0,1.0,0.0,1.0,0.0,0.0,0.0,0.0,0.0
34,57744.68,4824.0566,95.0,189.75563,4.0,6.0,9.0,4.0,8.0,11.0,3.29,6.0,674.36,22.237152,175.70406,366.94598,0,1,0,0,1,0,0,0,0,0,0.0,0.0,0.0,0.0,0.0,0.0,0.0,0.0,0.0,0.0,1.0,0.0,0.0,0.0,0.0,0.0,1.0,0.0,1.0,0.0,0.0,1.0,0.0,0.0,0.0,0.0,1.0
21,7177.535,412.12793,26.0,22.084282,9.0,9.0,16.0,5.0,45.0,16.0,7.48,12.0,1339.34,29.468275,37.882412,273.32388,1,1,0,0,1,0,1,1,0,0,1.0,0.0,0.0,0.0,0.0,0.0,0.0,0.0,0.0,0.0,0.0,0.0,0.0,0.0,0.0,0.0,0.0,1.0,0.0,1.0,0.0,0.0,0.0,0.0,1.0,0.0,0.0
36,93890.61,7717.2173,48.0,233.58466,7.0,6.0,5.0,4.0,12.0,12.0,7.06,8.0,877.12,38.35193,332.40247,495.73462,0,0,1,0,1,0,0,0,1,1,0.0,0.0,0.0,0.0,0.0,0.0,0.0,0.0,0.0,1.0,0.0,0.0,0.0,0.0,0.0,0.0,0.0,1.0,0.0,1.0,0.0,0.0,0.0,0.0,0.0,1.0,1.0
38,17129.91,1335.4926,111.0,30.15286,5.0,1.0,5.0,3.0,9.0,7.0,9.36,6.0,1307.4,26.460371,51.994965,311.40143,1,0,0,0,0,0,0,1,0,0,0.0,0.0,0.0,0.0,0.0,0.0,0.0,0.0,0.0,0.0,0.0,0.0,0.0,0.0,1.0,0.0,1.0,0.0,1.0,0.0,0.0,0.0,1.0,0.0,0.0,0.0,1.0
27,64720.9,5559.408,132.0,112.17708,4.0,4.0,2.0,3.0,11.0,1.0,0.68,6.0,1425.1,27.275208,302.47797,421.2858,0,0,0,1,0,0,0,1,1,0,0.0,0.0,0.0,0.0,0.0,0.0,0.0,0.0,0.0,1.0,0.0,0.0,0.0,0.0,0.0,0.0,1.0,0.0,1.0,0.0,0.0,0.0,0.0,0.0,1.0,0.0,2.0
18,15586.65,1126.8875,71.0,27.693314,4.0,7.0,9.0,3.0,15.0,10.0,10.53,4.0,207.81,29.17817,44.69569,300.29974,0,0,1,0,0,0,1,0,0,0,0.0,0.0,0.0,0.0,1.0,0.0,0.0,0.0,0.0,0.0,0.0,0.0,0.0,0.0,0.0,0.0,1.0,0.0,1.0,0.0,0.0,0.0,1.0,0.0,0.0,0.0,1.0
29,30652.38,2836.365,125.0,55.083664,3.0,7.0,7.0,4.0,13.0,15.0,11.83,4.0,267.45,26.034306,70.38446,398.16837,0,0,1,0,1,0,1,0,0,0,0.0,0.0,0.0,0.0,0.0,1.0,0.0,0.0,0.0,0.0,0.0,0.0,0.0,0.0,0.0,0.0,1.0,0.0,1.0,0.0,1.0,0.0,0.0,0.0,0.0,0.0,1.0
54,27316.86,1985.405,107.0,56.83239,3.0,3.0,20.0,3.0,14.0,18.0,16.05,8.0,761.67,36.879135,112.18274,319.52536,0,0,0,0,1,0,0,0,0,0,0.0,0.0,0.0,0.0,0.0,0.0,0.0,0.0,0.0,0.0,0.0,0.0,0.0,1.0,0.0,0.0,0.0,1.0,0.0,1.0,0.0,0.0,0.0,0.0,0.0,1.0,1.0
50,20222.09,1864.1742,91.0,31.815023,4.0,6.0,6.0,3.0,5.0,1.0,9.27,1.0,1084.12,39.14205,74.532,350.0704,0,0,0,0,0,0,1,0,1,1,0.0,0.0,0.0,0.0,0.0,0.0,0.0,1.0,0.0,0.0,0.0,0.0,0.0,0.0,0.0,0.0,1.0,0.0,1.0,0.0,0.0,0.0,1.0,0.0,0.0,0.0,1.0
26,37754.78,3395.2317,122.0,26.562332,2.0,6.0,8.0,1.0,17.0,6.0,1.13,3.0,1120.55,33.230827,65.39704,497.56378,0,0,0,1,0,0,0,0,0,0,0.0,0.0,0.0,0.0,0.0,1.0,0.0,0.0,0.0,0.0,0.0,0.0,0.0,0.0,0.0,0.0,1.0,0.0,1.0,0.0,0.0,1.0,0.0,0.0,0.0,0.0,0.0
55,22209.0,2117.75,89.0,48.686047,4.0,5.0,18.0,4.0,25.0,13.0,15.25,4.0,281.35,34.638634,257.19846,195.8905,0,0,1,0,1,0,0,1,0,1,0.0,0.0,0.0,0.0,0.0,0.0,0.0,0.0,0.0,0.0,0.0,1.0,0.0,0.0,0.0,0.0,0.0,1.0,0.0,1.0,0.0,0.0,0.0,0.0,0.0,1.0,0.0
45,36217.7,3237.1416,126.0,0.0,5.0,7.0,18.0,0.0,14.0,16.0,6.27,11.0,793.26,28.752728,300.78113,292.93304,0,0,0,0,0,1,0,0,0,0,0.0,0.0,1.0,0.0,0.0,0.0,0.0,0.0,0.0,0.0,0.0,0.0,0.0,0.0,0.0,0.0,0.0,1.0,0.0,1.0,0.0,0.0,0.0,1.0,0.0,0.0,1.0
52,104088.51,8847.043,101.0,196.50449,1.0,7.0,7.0,3.0,15.0,11.0,10.54,6.0,515.63,28.715569,179.51868,748.6811,1,0,0,0,1,0,0,1,0,0,0.0,0.0,0.0,0.0,0.0,0.0,0.0,0.0,0.0,0.0,0.0,1.0,0.0,0.0,0.0,0.0,1.0,0.0,1.0,0.0,1.0,0.0,0.0,0.0,0.0,0.0,2.0
39,34126.19,2619.849,54.0,50.6471,5.0,7.0,10.0,3.0,4.0,17.0,12.51,6.0,963.43,25.716284,62.36524,388.97256,1,0,0,0,0,0,0,0,1,0,0.0,0.0,0.0,0.0,0.0,0.0,0.0,0.0,0.0,0.0,0.0,0.0,0.0,0.0,1.0,0.0,0.0,1.0,0.0,1.0,1.0,0.0,0.0,0.0,0.0,0.0,1.0
36,18124.54,1588.3783,39.0,119.343735,7.0,8.0,32.0,9.0,37.0,14.0,26.71,10.0,2854.37,23.345213,64.412,186.01439,1,0,1,0,1,0,0,0,1,1,0.0,0.0,0.0,0.0,0.0,0.0,1.0,0.0,0.0,0.0,0.0,0.0,0.0,0.0,0.0,1.0,0.0,0.0,0.0,1.0,0.0,0.0,0.0,0.0,0.0,1.0,1.0
48,43090.57,3787.8809,137.0,34.76528,3.0,4.0,8.0,1.0,1.0,10.0,5.55,4.0,1128.23,24.536808,43.383354,550.63947,0,0,0,0,1,0,0,0,0,0,0.0,0.0,0.0,0.0,0.0,0.0,0.0,0.0,0.0,0.0,0.0,1.0,0.0,0.0,0.0,0.0,1.0,0.0,1.0,0.0,0.0,1.0,0.0,0.0,0.0,0.0,0.0
17,10499.56,995.9633,72.0,40.53744,8.0,3.0,11.0,7.0,26.0,10.0,7.86,5.0,2469.98,27.367935,25.122276,293.9366,1,0,1,1,1,0,0,0,1,1,0.0,1.0,0.0,0.0,0.0,0.0,0.0,0.0,0.0,0.0,0.0,0.0,0.0,0.0,0.0,0.0,0.0,1.0,0.0,1.0,0.0,0.0,1.0,0.0,0.0,0.0,2.0
27,32701.56,2930.13,124.0,45.402763,2.0,3.0,8.0,2.0,15.0,3.0,6.91,6.0,1070.74,36.864124,267.8124,249.79784,0,1,0,0,1,0,0,0,0,0,0.0,0.0,1.0,0.0,0.0,0.0,0.0,0.0,0.0,0.0,0.0,0.0,0.0,0.0,0.0,0.0,1.0,0.0,1.0,0.0,0.0,0.0,0.0,1.0,0.0,0.0,1.0
25,57327.3,4605.275,69.0,0.0,4.0,3.0,17.0,0.0,27.0,9.0,11.36,1.0,1319.42,23.848642,405.6048,344.9227,0,0,0,0,0,1,0,0,0,0,0.0,0.0,0.0,0.0,0.0,0.0,0.0,0.0,0.0,0.0,0.0,0.0,0.0,0.0,1.0,0.0,0.0,1.0,1.0,0.0,0.0,0.0,0.0,0.0,0.0,1.0,1.0
39,21018.0,2011.5,115.0,0.0,8.0,4.0,17.0,0.0,11.0,16.0,16.1,4.0,98.61,32.469273,81.40862,369.74136,0,0,0,0,0,1,0,0,0,0,0.0,0.0,0.0,0.0,0.0,0.0,0.0,0.0,0.0,1.0,0.0,0.0,0.0,0.0,0.0,0.0,0.0,1.0,0.0,1.0,0.0,1.0,0.0,0.0,0.0,0.0,1.0
27,33235.35,2910.6125,77.0,0.0,3.0,5.0,19.0,0.0,17.0,11.0,3.86,4.0,212.69,32.890347,293.2588,287.80246,0,0,0,0,0,1,0,0,0,0,0.0,1.0,0.0,0.0,0.0,0.0,0.0,0.0,0.0,0.0,0.0,0.0,0.0,0.0,0.0,0.0,0.0,1.0,0.0,1.0,0.0,0.0,0.0,0.0,0.0,1.0,1.0
55,73579.8,6200.65,107.0,100.29869,4.0,5.0,7.0,2.0,15.0,1.0,4.94,4.0,1226.97,38.271507,390.4207,389.3456,1,1,0,0,0,0,0,0,0,0,0.0,0.0,0.0,0.0,1.0,0.0,0.0,0.0,0.0,0.0,0.0,0.0,0.0,0.0,0.0,0.0,1.0,0.0,1.0,0.0,0.0,0.0,1.0,0.0,0.0,0.0,2.0
24,14441.54,1369.4617,40.0,47.799526,9.0,5.0,22.0,6.0,26.0,19.0,9.87,8.0,2176.93,23.421797,183.73586,195.4108,1,0,1,0,1,0,0,1,0,0,0.0,0.0,0.0,0.0,0.0,0.0,0.0,0.0,0.0,1.0,0.0,0.0,0.0,0.0,0.0,1.0,0.0,0.0,0.0,1.0,0.0,0.0,0.0,0.0,0.0,1.0,0.0
28,44572.43,3757.3691,65.0,0.0,2.0,4.0,10.0,0.0,4.0,6.0,2.09,1.0,198.87,29.788088,95.68644,520.0505,0,0,0,0,0,1,0,0,0,0,0.0,0.0,0.0,0.0,1.0,0.0,0.0,0.0,0.0,0.0,0.0,0.0,0.0,0.0,0.0,0.0,1.0,0.0,1.0,0.0,1.0,0.0,0.0,0.0,0.0,0.0,2.0
49,9603.845,510.3204,135.0,5.262291,4.0,3.0,14.0,1.0,26.0,8.0,1.3,4.0,1451.72,37.769405,58.009796,277.75995,1,0,0,0,0,0,0,0,0,0,0.0,0.0,0.0,0.0,1.0,0.0,0.0,0.0,0.0,0.0,0.0,0.0,0.0,0.0,0.0,0.0,0.0,1.0,0.0,1.0,0.0,0.0,0.0,0.0,0.0,1.0,1.0
23,20835.39,1707.2825,97.0,36.000988,3.0,3.0,1.0,4.0,15.0,12.0,11.64,5.0,1491.94,29.544603,211.91725,212.81001,1,0,1,1,0,0,0,1,0,0,0.0,1.0,0.0,0.0,0.0,0.0,0.0,0.0,0.0,0.0,0.0,0.0,0.0,0.0,0.0,0.0,1.0,0.0,1.0,0.0,0.0,0.0,0.0,0.0,0.0,1.0,0.0
33,31722.09,2577.5076,124.0,25.435614,7.0,5.0,9.0,1.0,10.0,13.0,1.74,3.0,401.31,33.391384,45.901466,436.41367,0,0,0,1,0,0,0,0,0,0,0.0,0.0,0.0,0.0,0.0,0.0,1.0,0.0,0.0,0.0,0.0,0.0,0.0,0.0,0.0,0.0,1.0,0.0,1.0,0.0,0.0,1.0,0.0,0.0,0.0,0.0,2.0
39,36871.28,3141.6067,76.0,61.930737,3.0,3.0,13.0,3.0,15.0,12.0,19.05,8.0,331.5,32.79821,230.39944,301.83047,1,0,0,0,0,0,1,0,0,1,0.0,0.0,0.0,0.0,0.0,0.0,0.0,0.0,0.0,0.0,0.0,0.0,1.0,0.0,0.0,0.0,0.0,1.0,0.0,1.0,0.0,0.0,0.0,0.0,1.0,0.0,1.0
22,120368.32,10210.693,92.0,288.9497,1.0,7.0,12.0,3.0,1.0,9.0,8.87,1.0,785.01,36.403595,342.89404,639.2256,0,0,0,0,1,0,1,1,0,0,0.0,0.0,0.0,0.0,0.0,0.0,0.0,0.0,0.0,1.0,0.0,0.0,0.0,0.0,0.0,0.0,1.0,0.0,1.0,0.0,0.0,1.0,0.0,0.0,0.0,0.0,0.0
16,14198.91,1099.2426,40.0,70.4961,6.0,7.0,6.0,6.0,21.0,18.0,18.44,6.0,603.87,29.373325,70.61238,238.81577,1,1,1,1,0,0,0,1,1,0,0.0,0.0,0.0,0.0,0.0,0.0,0.0,0.0,1.0,0.0,0.0,0.0,0.0,0.0,0.0,0.0,0.0,1.0,0.0,1.0,0.0,0.0,0.0,1.0,0.0,0.0,1.0
41,36311.46,2747.955,90.0,68.12821,8.0,5.0,12.0,4.0,22.0,9.0,17.75,8.0,1788.43,31.890259,177.01688,319.65042,1,0,1,0,0,0,1,1,0,0,0.0,1.0,0.0,0.0,0.0,0.0,0.0,0.0,0.0,0.0,0.0,0.0,0.0,0.0,0.0,0.0,0.0,1.0,0.0,1.0,0.0,0.0,0.0,0.0,0.0,1.0,0.0
38,36821.0,3344.4167,117.0,0.0,3.0,6.0,7.0,0.0,10.0,17.0,2.04,8.0,551.85,34.332165,250.38187,364.0598,0,0,0,0,0,1,0,0,0,0,0.0,0.0,0.0,0.0,0.0,0.0,0.0,0.0,0.0,1.0,0.0,0.0,0.0,0.0,0.0,0.0,0.0,1.0,1.0,0.0,0.0,0.0,0.0,0.0,1.0,0.0,1.0
46,61358.66,4859.2217,77.0,32.86622,4.0,3.0,7.0,1.0,5.0,15.0,3.0,4.0,1025.81,33.5142,399.18344,323.87253,0,0,0,1,0,0,0,0,0,0,0.0,0.0,0.0,0.0,0.0,1.0,0.0,0.0,0.0,0.0,0.0,0.0,0.0,0.0,0.0,0.0,1.0,0.0,1.0,0.0,0.0,0.0,0.0,1.0,0.0,0.0,2.0
35,7957.91,563.1592,44.0,31.461449,3.0,3.0,17.0,5.0,28.0,19.0,10.13,4.0,818.5,35.147987,68.160194,246.69427,0,0,0,0,1,0,1,0,1,0,0.0,0.0,0.0,0.0,0.0,0.0,0.0,1.0,0.0,0.0,0.0,0.0,0.0,0.0,0.0,0.0,0.0,1.0,0.0,1.0,0.0,0.0,0.0,0.0,0.0,1.0,1.0
34,39912.02,3440.0017,126.0,0.0,6.0,7.0,11.0,0.0,18.0,12.0,4.86,3.0,780.21,26.510868,65.278496,528.7217,0,0,0,0,0,1,0,0,0,0,0.0,0.0,0.0,0.0,0.0,0.0,0.0,0.0,0.0,0.0,0.0,1.0,0.0,0.0,0.0,0.0,0.0,1.0,1.0,0.0,0.0,1.0,0.0,0.0,0.0,0.0,1.0
41,48297.48,3743.79,137.0,0.0,8.0,3.0,10.0,0.0,16.0,16.0,11.77,2.0,1323.54,40.54314,153.53401,470.84497,0,0,0,0,0,1,0,0,0,0,0.0,0.0,0.0,0.0,0.0,0.0,0.0,0.0,0.0,0.0,1.0,0.0,0.0,0.0,0.0,0.0,0.0,1.0,1.0,0.0,0.0,1.0,0.0,0.0,0.0,0.0,1.0
39,38047.31,2891.6091,72.0,0.0,4.0,2.0,12.0,0.0,3.0,4.0,5.53,1.0,273.5,40.23867,128.7314,430.42953,0,0,0,0,0,1,0,0,0,0,0.0,0.0,0.0,0.0,0.0,0.0,0.0,0.0,0.0,0.0,0.0,0.0,1.0,0.0,0.0,0.0,1.0,0.0,1.0,0.0,0.0,0.0,0.0,1.0,0.0,0.0,2.0
21,35329.84,2819.1533,124.0,15.141197,4.0,2.0,6.0,1.0,2.0,1.0,2.5,4.0,898.38,30.452879,144.493,392.28113,0,0,0,0,0,0,0,0,1,0,0.0,0.0,0.0,0.0,0.0,0.0,0.0,0.0,0.0,0.0,1.0,0.0,0.0,0.0,0.0,0.0,1.0,0.0,1.0,0.0,0.0,0.0,0.0,1.0,0.0,0.0,2.0
31,62545.59,5133.1323,72.0,174.41632,3.0,6.0,7.0,4.0,27.0,10.0,9.37,8.0,1138.71,26.843046,351.55353,257.34338,0,0,0,0,0,0,0,1,1,1,0.0,0.0,0.0,0.0,0.0,0.0,0.0,0.0,0.0,0.0,0.0,0.0,0.0,0.0,1.0,0.0,0.0,1.0,0.0,1.0,0.0,0.0,0.0,1.0,0.0,0.0,0.0
37,43268.79,3351.7324,98.0,60.259663,0.0,1.0,10.0,3.0,5.0,5.0,5.34,5.0,815.23,32.549267,159.04031,405.8733,0,0,0,0,1,0,1,0,0,1,0.0,0.0,0.0,0.0,0.0,0.0,0.0,0.0,0.0,1.0,0.0,0.0,0.0,0.0,0.0,0.0,1.0,0.0,1.0,0.0,0.0,0.0,0.0,0.0,0.0,1.0,2.0
29,68667.56,5929.297,43.0,146.82745,7.0,6.0,21.0,3.0,26.0,9.0,15.03,7.0,1384.94,38.4469,66.68903,619.4132,0,0,0,1,0,0,0,0,0,1,0.0,0.0,0.0,0.0,0.0,0.0,0.0,0.0,0.0,1.0,0.0,0.0,0.0,0.0,0.0,0.0,0.0,1.0,0.0,1.0,1.0,0.0,0.0,0.0,0.0,0.0,1.0
33,44261.65,3757.471,125.0,20.120066,4.0,1.0,5.0,1.0,3.0,12.0,3.36,2.0,452.2,39.58726,143.03642,462.59058,0,0,1,0,0,0,0,0,0,0,0.0,0.0,0.0,0.0,0.0,0.0,0.0,1.0,0.0,0.0,0.0,0.0,0.0,0.0,0.0,0.0,1.0,0.0,1.0,0.0,0.0,1.0,0.0,0.0,0.0,0.0,2.0
36,18350.256,1399.1879,46.0,58.178024,5.0,6.0,19.0,5.0,27.0,18.0,7.75,5.0,505.97,24.967524,22.992966,298.7478,1,0,0,0,1,0,1,0,1,0,0.0,0.0,0.0,0.0,0.0,0.0,0.0,0.0,0.0,0.0,0.0,1.0,0.0,0.0,0.0,0.0,0.0,1.0,0.0,1.0,1.0,0.0,0.0,0.0,0.0,0.0,1.0
49,17393.305,1158.4421,137.0,28.171753,4.0,7.0,9.0,3.0,9.0,14.0,4.87,2.0,373.74,28.59805,48.036755,329.6357,0,1,0,0,0,0,1,0,0,0,0.0,0.0,0.0,0.0,0.0,0.0,0.0,0.0,0.0,0.0,0.0,1.0,0.0,0.0,0.0,0.0,1.0,0.0,1.0,0.0,0.0,0.0,0.0,0.0,0.0,1.0,1.0
25,16066.29,1154.8575,131.0,23.32326,6.0,5.0,8.0,2.0,29.0,12.0,5.66,1.0,78.69,29.572126,104.77896,267.3835,0,0,0,0,1,0,0,1,0,0,0.0,0.0,0.0,0.0,0.0,0.0,1.0,0.0,0.0,0.0,0.0,0.0,0.0,0.0,0.0,0.0,1.0,0.0,1.0,0.0,0.0,0.0,0.0,0.0,1.0,0.0,1.0
27,42098.93,3220.2441,82.0,63.69185,4.0,6.0,3.0,3.0,23.0,7.0,18.73,5.0,936.45,39.368412,108.93239,399.40018,0,0,1,0,0,0,1,0,1,0,0.0,0.0,0.0,0.0,0.0,0.0,0.0,0.0,0.0,0.0,1.0,0.0,0.0,0.0,0.0,0.0,1.0,0.0,1.0,0.0,0.0,1.0,0.0,0.0,0.0,0.0,1.0
22,16083.84,1488.32,74.0,14.686812,7.0,4.0,11.0,2.0,15.0,21.0,7.92,0.0,537.64,27.917662,110.45903,313.68616,0,0,0,1,0,0,0,1,0,0,1.0,0.0,0.0,0.0,0.0,0.0,0.0,0.0,0.0,0.0,0.0,0.0,0.0,0.0,0.0,0.0,0.0,1.0,0.0,1.0,0.0,0.0,0.0,1.0,0.0,0.0,1.0
32,75816.52,6291.0435,24.0,158.16377,6.0,9.0,22.0,5.0,20.0,24.0,20.85,9.0,2555.9,37.702843,80.52559,640.415,0,0,0,1,1,0,1,0,0,1,0.0,0.0,0.0,0.0,0.0,0.0,0.0,0.0,0.0,0.0,0.0,0.0,0.0,1.0,0.0,1.0,0.0,0.0,0.0,1.0,0.0,1.0,0.0,0.0,0.0,0.0,0.0
38,12070.845,1088.9038,115.0,31.34997,8.0,5.0,8.0,4.0,17.0,15.0,2.96,1.0,759.86,31.395432,39.99861,317.5418,0,0,0,1,0,0,0,1,0,1,0.0,0.0,0.0,0.0,0.0,0.0,0.0,0.0,0.0,0.0,1.0,0.0,0.0,0.0,0.0,0.0,0.0,1.0,0.0,1.0,0.0,0.0,0.0,0.0,1.0,0.0,1.0
29,36640.7,3057.3916,127.0,106.17467,3.0,5.0,2.0,4.0,7.0,3.0,8.9,1.0,155.86,32.304455,331.31622,158.24828,1,0,0,1,0,0,0,0,1,0,0.0,0.0,0.0,0.0,0.0,0.0,0.0,0.0,0.0,0.0,0.0,0.0,0.0,0.0,1.0,0.0,1.0,0.0,1.0,0.0,0.0,0.0,0.0,0.0,0.0,1.0,1.0
24,84127.96,6919.6636,100.0,176.49744,5.0,4.0,8.0,4.0,22.0,13.0,9.81,0.0,1383.41,39.91047,99.57357,655.8953,1,0,0,1,0,0,0,1,0,0,0.0,0.0,1.0,0.0,0.0,0.0,0.0,0.0,0.0,0.0,0.0,0.0,0.0,0.0,0.0,0.0,0.0,1.0,0.0,1.0,1.0,0.0,0.0,0.0,0.0,0.0,1.0
29,39576.59,3199.049,85.0,124.31084,0.0,7.0,2.0,4.0,14.0,6.0,4.62,1.0,226.37,29.266926,162.99846,312.5956,0,0,0,1,1,0,0,0,1,0,0.0,0.0,1.0,0.0,0.0,0.0,0.0,0.0,0.0,0.0,0.0,0.0,0.0,0.0,0.0,0.0,1.0,0.0,1.0,0.0,0.0,0.0,0.0,0.0,1.0,0.0,0.0
38,63023.18,5028.9316,125.0,157.72874,3.0,4.0,5.0,4.0,13.0,10.0,5.08,2.0,1307.67,27.784697,213.73532,381.4291,0,0,1,1,0,0,0,0,0,1,0.0,0.0,0.0,0.0,0.0,1.0,0.0,0.0,0.0,0.0,0.0,0.0,0.0,0.0,0.0,0.0,1.0,0.0,1.0,0.0,0.0,1.0,0.0,0.0,0.0,0.0,2.0
25,17182.5,1230.875,124.0,19.84113,0.0,6.0,11.0,2.0,10.0,1.0,3.78,3.0,1269.97,39.93162,69.610374,323.636,0,0,1,0,0,0,0,0,0,0,0.0,0.0,0.0,1.0,0.0,0.0,0.0,0.0,0.0,0.0,0.0,0.0,0.0,0.0,0.0,0.0,1.0,0.0,1.0,0.0,0.0,0.0,0.0,0.0,0.0,1.0,2.0
40,7919.535,875.96124,65.0,30.356068,3.0,10.0,23.0,6.0,29.0,15.0,17.49,6.0,2498.07,33.307407,32.491905,304.74814,1,1,0,0,0,0,0,1,1,1,0.0,0.0,0.0,0.0,0.0,0.0,0.0,0.0,1.0,0.0,0.0,0.0,0.0,0.0,0.0,0.0,0.0,1.0,0.0,1.0,0.0,0.0,0.0,0.0,1.0,0.0,0.0
30,28274.17,2087.181,124.0,12.211343,0.0,7.0,1.0,1.0,30.0,8.0,1.77,7.0,1486.2,27.508652,154.23643,322.2703,0,1,0,0,0,0,0,0,0,0,0.0,0.0,0.0,0.0,0.0,0.0,0.0,0.0,0.0,0.0,1.0,0.0,0.0,0.0,0.0,0.0,1.0,0.0,1.0,0.0,0.0,0.0,0.0,0.0,1.0,0.0,0.0
21,35304.41,3132.0342,57.0,201.32567,8.0,6.0,16.0,7.0,17.0,14.0,13.16,6.0,290.39,39.879875,58.360134,303.5176,1,0,1,1,1,0,1,0,0,0,0.0,1.0,0.0,0.0,0.0,0.0,0.0,0.0,0.0,0.0,0.0,0.0,0.0,0.0,0.0,0.0,0.0,1.0,0.0,1.0,0.0,1.0,0.0,0.0,0.0,0.0,1.0
43,80562.56,6587.547,130.0,136.88695,4.0,3.0,7.0,3.0,8.0,2.0,-2.21,5.0,88.98,40.903885,64.98758,696.8801,1,0,0,0,0,0,0,0,1,0,0.0,0.0,0.0,0.0,0.0,0.0,0.0,0.0,0.0,0.0,0.0,0.0,0.0,0.0,1.0,0.0,1.0,0.0,1.0,0.0,1.0,0.0,0.0,0.0,0.0,0.0,2.0
38,82583.61,6785.9673,108.0,172.81377,6.0,4.0,10.0,3.0,5.0,13.0,18.51,5.0,1072.11,39.78564,114.47267,631.3103,0,0,0,1,0,0,0,0,1,0,0.0,0.0,0.0,0.0,0.0,0.0,0.0,1.0,0.0,0.0,0.0,0.0,0.0,0.0,0.0,0.0,0.0,1.0,0.0,1.0,1.0,0.0,0.0,0.0,0.0,0.0,1.0
38,128349.75,10903.8125,90.0,201.24734,0.0,5.0,9.0,2.0,6.0,6.0,8.29,3.0,226.21,35.746693,418.58328,720.55066,0,1,0,1,0,0,0,0,0,0,0.0,0.0,0.0,0.0,0.0,0.0,0.0,0.0,0.0,0.0,1.0,0.0,0.0,0.0,0.0,0.0,1.0,0.0,1.0,0.0,0.0,1.0,0.0,0.0,0.0,0.0,1.0
47,46449.98,4081.8318,139.0,95.96769,3.0,5.0,18.0,3.0,25.0,18.0,3.5,4.0,1164.35,30.310974,50.464355,501.75113,0,0,1,0,0,0,1,0,0,1,0.0,1.0,0.0,0.0,0.0,0.0,0.0,0.0,0.0,0.0,0.0,0.0,0.0,0.0,0.0,0.0,0.0,1.0,1.0,0.0,1.0,0.0,0.0,0.0,0.0,0.0,2.0
28,16691.32,1292.9434,51.0,160.02232,5.0,5.0,7.0,7.0,25.0,8.0,7.66,6.0,1532.3,29.963522,135.3836,215.68604,0,0,1,1,0,0,1,0,1,0,0.0,0.0,0.0,0.0,0.0,0.0,0.0,0.0,0.0,0.0,1.0,0.0,0.0,0.0,0.0,0.0,0.0,1.0,0.0,1.0,0.0,0.0,0.0,0.0,0.0,1.0,1.0
23,88827.66,7456.305,65.0,0.0,3.0,1.0,4.0,0.0,2.0,8.0,11.16,0.0,1061.08,36.987125,258.42017,737.2103,0,0,0,0,0,1,0,0,0,0,0.0,0.0,0.0,0.0,0.0,0.0,0.0,0.0,0.0,0.0,1.0,0.0,0.0,0.0,0.0,0.0,1.0,0.0,1.0,0.0,0.0,1.0,0.0,0.0,0.0,0.0,1.0
50,104929.28,9025.106,109.0,291.55057,4.0,7.0,8.0,4.0,19.0,12.0,7.9,1.0,651.32,26.466213,183.57428,687.3858,0,0,1,0,1,0,0,0,0,1,0.0,0.0,0.0,0.0,0.0,0.0,0.0,0.0,0.0,0.0,1.0,0.0,0.0,0.0,0.0,0.0,0.0,1.0,0.0,1.0,0.0,0.0,1.0,0.0,0.0,0.0,1.0
18,59348.64,4685.72,64.0,152.53096,6.0,6.0,16.0,4.0,42.0,21.0,8.17,9.0,2051.19,36.932003,85.98412,470.05692,0,0,0,0,1,0,1,0,0,1,0.0,0.0,0.0,0.0,1.0,0.0,0.0,0.0,0.0,0.0,0.0,0.0,0.0,0.0,0.0,1.0,0.0,0.0,0.0,1.0,1.0,0.0,0.0,0.0,0.0,0.0,1.0
32,35479.47,2927.6226,81.0,64.23063,5.0,3.0,7.0,4.0,13.0,9.0,8.37,3.0,1381.1,28.430021,193.98143,304.5502,1,1,0,0,0,0,1,0,0,0,0.0,0.0,0.0,1.0,0.0,0.0,0.0,0.0,0.0,0.0,0.0,0.0,0.0,0.0,0.0,0.0,0.0,1.0,0.0,1.0,0.0,0.0,0.0,1.0,0.0,0.0,1.0
47,88983.52,7675.2935,109.0,66.33148,2.0,3.0,9.0,1.0,9.0,0.0,8.45,4.0,1450.68,26.758581,399.49765,561.7002,0,1,0,0,0,0,0,0,0,0,0.0,0.0,0.0,0.0,0.0,0.0,0.0,0.0,0.0,0.0,1.0,0.0,0.0,0.0,0.0,0.0,1.0,0.0,1.0,0.0,0.0,0.0,1.0,0.0,0.0,0.0,1.0
33,15717.275,1270.773,130.0,12.442875,1.0,5.0,8.0,1.0,2.0,8.0,7.03,1.0,1020.27,27.536852,53.84282,330.7916,0,1,0,0,0,0,0,0,0,0,0.0,0.0,0.0,0.0,1.0,0.0,0.0,0.0,0.0,0.0,0.0,0.0,0.0,0.0,0.0,0.0,1.0,0.0,1.0,0.0,0.0,0.0,0.0,1.0,0.0,0.0,2.0
23,15604.245,1554.3538,114.0,47.629192,4.0,3.0,11.0,4.0,8.0,8.0,1.64,3.0,1065.71,35.92867,113.04007,314.2143,0,0,1,1,1,0,1,0,0,0,0.0,0.0,0.0,0.0,0.0,0.0,0.0,0.0,0.0,1.0,0.0,0.0,0.0,0.0,0.0,0.0,1.0,0.0,1.0,0.0,0.0,0.0,1.0,0.0,0.0,0.0,2.0
39,8770.03,868.8358,62.0,30.319984,8.0,10.0,24.0,6.0,20.0,10.0,9.83,11.0,2289.03,36.46962,53.0152,293.5484,1,0,1,0,0,0,0,1,1,1,0.0,1.0,0.0,0.0,0.0,0.0,0.0,0.0,0.0,0.0,0.0,0.0,0.0,0.0,0.0,0.0,0.0,1.0,0.0,1.0,0.0,0.0,0.0,0.0,0.0,1.0,0.0
40,17893.36,1630.1133,73.0,27.736465,4.0,4.0,7.0,2.0,30.0,19.0,19.41,6.0,2405.5,39.86168,66.126526,339.14835,0,0,1,0,0,0,0,0,1,0,0.0,1.0,0.0,0.0,0.0,0.0,0.0,0.0,0.0,0.0,0.0,0.0,0.0,0.0,0.0,0.0,0.0,1.0,0.0,1.0,0.0,0.0,0.0,1.0,0.0,0.0,1.0
31,26690.13,2326.1775,55.0,150.26279,6.0,7.0,15.0,7.0,6.0,15.0,10.91,6.0,661.26,24.725786,68.48093,263.87402,1,1,1,0,1,0,0,0,1,1,0.0,0.0,0.0,0.0,1.0,0.0,0.0,0.0,0.0,0.0,0.0,0.0,0.0,0.0,0.0,0.0,0.0,1.0,0.0,1.0,0.0,1.0,0.0,0.0,0.0,0.0,2.0
34,31155.48,2527.29,83.0,76.91861,7.0,4.0,21.0,5.0,25.0,17.0,12.48,10.0,2598.3,35.332134,215.03847,240.77191,1,0,1,1,1,0,0,0,0,1,0.0,0.0,0.0,0.0,0.0,0.0,1.0,0.0,0.0,0.0,0.0,0.0,0.0,0.0,0.0,0.0,0.0,1.0,0.0,1.0,0.0,0.0,0.0,0.0,1.0,0.0,0.0
36,19129.26,1858.105,71.0,0.0,4.0,3.0,11.0,0.0,22.0,12.0,2.76,7.0,421.66,38.16547,175.94331,289.8672,0,0,0,0,0,1,0,0,0,0,0.0,0.0,0.0,0.0,0.0,0.0,0.0,0.0,0.0,0.0,0.0,0.0,1.0,0.0,0.0,0.0,0.0,1.0,1.0,0.0,0.0,0.0,0.0,0.0,1.0,0.0,0.0
42,37443.13,3091.2607,102.0,0.0,2.0,4.0,7.0,0.0,13.0,0.0,7.33,2.0,843.53,34.06222,116.92267,490.57227,0,0,0,0,0,1,0,0,0,0,1.0,0.0,0.0,0.0,0.0,0.0,0.0,0.0,0.0,0.0,0.0,0.0,0.0,0.0,0.0,0.0,1.0,0.0,1.0,0.0,0.0,0.0,1.0,0.0,0.0,0.0,0.0
44,10952.32,631.73334,96.0,65.87314,6.0,4.0,6.0,1.0,15.0,19.0,10.64,4.0,1270.54,38.494255,28.117115,312.93906,0,0,1,0,0,0,0,0,0,0,0.0,0.0,0.0,0.0,0.0,0.0,0.0,0.0,0.0,0.0,0.0,0.0,0.0,1.0,0.0,0.0,0.0,1.0,1.0,0.0,0.0,0.0,0.0,0.0,1.0,0.0,1.0
23,74961.72,6421.81,47.0,203.62686,5.0,6.0,16.0,4.0,4.0,8.0,17.9,11.0,2158.3,38.348793,42.46346,636.0907,1,1,1,0,0,0,0,0,0,1,0.0,0.0,0.0,0.0,0.0,0.0,0.0,0.0,0.0,0.0,0.0,0.0,0.0,0.0,1.0,0.0,0.0,1.0,0.0,1.0,1.0,0.0,0.0,0.0,0.0,0.0,1.0
47,85953.88,7140.823,116.0,219.24918,3.0,3.0,16.0,4.0,23.0,18.0,15.55,9.0,649.07,27.128897,115.21595,619.6172,0,0,0,1,1,0,0,0,1,0,1.0,0.0,0.0,0.0,0.0,0.0,0.0,0.0,0.0,0.0,0.0,0.0,0.0,0.0,0.0,0.0,0.0,1.0,0.0,1.0,1.0,0.0,0.0,0.0,0.0,0.0,1.0
36,18261.36,1485.78,75.0,26.024073,5.0,3.0,9.0,3.0,9.0,14.0,17.43,9.0,2305.16,26.629557,30.379086,352.17484,0,0,1,0,0,0,1,0,1,0,0.0,1.0,0.0,0.0,0.0,0.0,0.0,0.0,0.0,0.0,0.0,0.0,0.0,0.0,0.0,0.0,0.0,1.0,0.0,1.0,0.0,0.0,1.0,0.0,0.0,0.0,1.0
34,16518.87,1279.5725,51.0,65.70518,10.0,8.0,28.0,9.0,17.0,18.0,3.0,8.0,2504.31,36.396297,142.20338,210.04869,1,0,1,0,1,0,1,0,1,1,0.0,0.0,1.0,0.0,0.0,0.0,0.0,0.0,0.0,0.0,0.0,0.0,0.0,0.0,0.0,1.0,0.0,0.0,0.0,1.0,0.0,0.0,0.0,0.0,0.0,1.0,0.0
54,31923.73,2506.3108,120.0,0.0,7.0,6.0,15.0,0.0,11.0,10.0,10.37,1.0,57.46,24.814796,47.566322,443.06476,0,0,0,0,0,1,0,0,0,0,0.0,0.0,0.0,0.0,0.0,1.0,0.0,0.0,0.0,0.0,0.0,0.0,0.0,0.0,0.0,0.0,0.0,1.0,0.0,1.0,1.0,0.0,0.0,0.0,0.0,0.0,2.0
41,7664.315,918.69293,50.0,24.236105,6.0,5.0,15.0,5.0,35.0,12.0,12.6,7.0,1294.45,28.434057,122.71936,234.91383,0,1,1,0,0,0,1,0,0,1,0.0,0.0,0.0,0.0,0.0,0.0,0.0,1.0,0.0,0.0,0.0,0.0,0.0,0.0,0.0,0.0,0.0,1.0,0.0,1.0,0.0,0.0,0.0,0.0,0.0,1.0,1.0
32,60856.6,5282.3833,66.0,124.3913,3.0,6.0,9.0,3.0,14.0,6.0,-2.12,6.0,1159.43,38.111267,94.45262,598.388,0,0,0,0,0,0,0,1,0,1,0.0,0.0,0.0,0.0,0.0,1.0,0.0,0.0,0.0,0.0,0.0,0.0,0.0,0.0,0.0,0.0,1.0,0.0,1.0,0.0,1.0,0.0,0.0,0.0,0.0,0.0,1.0
46,35707.45,3124.6208,78.0,75.508156,8.0,4.0,5.0,3.0,8.0,10.0,2.86,4.0,933.97,30.971987,76.11864,410.8353,1,0,0,0,1,0,0,1,0,0,0.0,0.0,0.0,0.0,1.0,0.0,0.0,0.0,0.0,0.0,0.0,0.0,0.0,0.0,0.0,0.0,1.0,0.0,1.0,0.0,0.0,1.0,0.0,0.0,0.0,0.0,2.0
28,20397.51,1413.7925,92.0,52.944866,5.0,2.0,9.0,4.0,15.0,10.0,2.46,2.0,452.79,35.029873,94.56224,283.87213,1,1,1,1,0,0,0,0,0,0,1.0,0.0,0.0,0.0,0.0,0.0,0.0,0.0,0.0,0.0,0.0,0.0,0.0,0.0,0.0,0.0,1.0,0.0,1.0,0.0,0.0,0.0,0.0,0.0,0.0,1.0,2.0
33,15126.8,1019.56665,78.0,17.72419,6.0,10.0,20.0,2.0,43.0,20.0,-1.57,7.0,1424.74,26.235773,80.6569,283.5756,0,0,0,0,0,0,1,1,0,0,0.0,0.0,0.0,1.0,0.0,0.0,0.0,0.0,0.0,0.0,0.0,0.0,0.0,0.0,0.0,1.0,0.0,0.0,0.0,1.0,0.0,0.0,0.0,0.0,1.0,0.0,0.0
23,88556.58,7464.715,121.0,61.13807,6.0,3.0,12.0,1.0,11.0,19.0,2.16,3.0,968.19,27.227362,258.525,676.8085,0,0,0,0,0,0,1,0,0,0,0.0,0.0,0.0,0.0,1.0,0.0,0.0,0.0,0.0,0.0,0.0,0.0,0.0,0.0,0.0,0.0,0.0,1.0,1.0,0.0,0.0,1.0,0.0,0.0,0.0,0.0,1.0
40,60843.33,4902.2773,86.0,151.97885,4.0,6.0,14.0,3.0,22.0,18.0,14.42,11.0,1494.43,29.526794,159.64906,428.59982,1,0,0,0,0,0,0,1,0,1,1.0,0.0,0.0,0.0,0.0,0.0,0.0,0.0,0.0,0.0,0.0,0.0,0.0,0.0,0.0,0.0,0.0,1.0,0.0,1.0,0.0,1.0,0.0,0.0,0.0,0.0,1.0
44,20780.41,1643.7008,45.0,20.133652,7.0,7.0,29.0,2.0,11.0,9.0,18.95,9.0,2140.2,32.417843,147.8548,266.38165,0,0,0,0,0,0,0,0,0,1,0.0,0.0,0.0,0.0,0.0,0.0,0.0,0.0,0.0,0.0,0.0,0.0,0.0,0.0,1.0,0.0,0.0,1.0,0.0,1.0,0.0,0.0,0.0,1.0,0.0,0.0,0.0
46,17132.904,1283.7421,90.0,15.401793,1.0,5.0,5.0,2.0,6.0,2.0,2.16,0.0,1107.05,29.686993,84.017555,298.95486,0,1,0,0,0,0,0,0,1,0,0.0,0.0,0.0,0.0,0.0,1.0,0.0,0.0,0.0,0.0,0.0,0.0,0.0,0.0,0.0,0.0,1.0,0.0,1.0,0.0,0.0,0.0,0.0,1.0,0.0,0.0,2.0
32,31024.77,2415.3975,100.0,35.81828,4.0,5.0,8.0,2.0,14.0,11.0,9.31,1.0,1348.36,33.64995,58.08456,397.6369,0,1,0,0,0,0,1,0,0,0,0.0,0.0,0.0,0.0,1.0,0.0,0.0,0.0,0.0,0.0,0.0,0.0,0.0,0.0,0.0,0.0,1.0,0.0,1.0,0.0,0.0,1.0,0.0,0.0,0.0,0.0,2.0
20,84389.44,7097.453,133.0,162.64635,7.0,7.0,6.0,3.0,22.0,17.0,6.84,1.0,1368.62,29.168922,250.76271,576.3363,0,1,0,0,0,0,0,0,1,1,0.0,0.0,0.0,0.0,0.0,0.0,1.0,0.0,0.0,0.0,0.0,0.0,0.0,0.0,0.0,0.0,0.0,1.0,1.0,0.0,0.0,0.0,0.0,0.0,1.0,0.0,1.0
47,17787.34,1242.2783,125.0,20.063633,8.0,4.0,16.0,2.0,0.0,15.0,5.65,0.0,730.9,26.993586,42.298588,321.8656,1,0,0,0,0,0,0,0,0,1,1.0,0.0,0.0,0.0,0.0,0.0,0.0,0.0,0.0,0.0,0.0,0.0,0.0,0.0,0.0,0.0,0.0,1.0,1.0,0.0,0.0,0.0,1.0,0.0,0.0,0.0,1.0
54,28867.01,2692.5842,76.0,0.0,2.0,3.0,3.0,0.0,33.0,0.0,7.78,1.0,51.54,28.376833,70.08031,459.1781,0,0,0,0,0,1,0,0,0,0,0.0,0.0,0.0,0.0,0.0,0.0,1.0,0.0,0.0,0.0,0.0,0.0,0.0,0.0,0.0,0.0,1.0,0.0,1.0,0.0,0.0,0.0,1.0,0.0,0.0,0.0,0.0
50,59555.68,4663.973,125.0,75.00155,3.0,5.0,6.0,2.0,10.0,8.0,15.81,0.0,1384.55,30.753038,365.99667,305.3991,0,0,0,1,0,0,0,1,0,0,0.0,0.0,0.0,0.0,0.0,0.0,0.0,0.0,0.0,0.0,0.0,1.0,0.0,0.0,0.0,0.0,0.0,1.0,0.0,1.0,0.0,0.0,0.0,0.0,1.0,0.0,1.0
28,20685.51,1779.7925,85.0,44.0497,6.0,5.0,27.0,4.0,42.0,19.0,19.7,10.0,1256.46,36.324196,130.9845,272.94504,1,0,0,0,1,0,1,1,0,0,0.0,0.0,0.0,0.0,0.0,0.0,0.0,0.0,1.0,0.0,0.0,0.0,0.0,0.0,0.0,1.0,0.0,0.0,0.0,1.0,0.0,0.0,0.0,1.0,0.0,0.0,1.0
45,9925.3,761.10834,56.0,41.638195,9.0,7.0,32.0,7.0,15.0,15.0,10.7,11.0,3083.14,25.916641,75.70865,238.76399,0,1,0,0,1,0,1,1,0,0,0.0,0.0,0.0,0.0,1.0,0.0,0.0,0.0,0.0,0.0,0.0,0.0,0.0,0.0,0.0,1.0,0.0,0.0,0.0,1.0,0.0,0.0,0.0,0.0,1.0,0.0,0.0
50,116156.1,9448.675,82.0,193.1944,5.0,5.0,5.0,2.0,10.0,10.0,1.13,1.0,1210.76,28.201622,312.55624,709.1169,0,0,0,1,0,0,0,0,1,0,0.0,0.0,0.0,0.0,0.0,0.0,0.0,0.0,0.0,0.0,0.0,0.0,1.0,0.0,0.0,0.0,1.0,0.0,1.0,0.0,0.0,0.0,0.0,1.0,0.0,0.0,2.0
27,7153.435,532.11957,59.0,7.054436,8.0,9.0,24.0,2.0,48.0,11.0,16.98,10.0,1272.77,35.4832,48.527317,267.63022,0,0,0,0,0,0,0,0,1,0,0.0,0.0,0.0,1.0,0.0,0.0,0.0,0.0,0.0,0.0,0.0,0.0,0.0,0.0,0.0,0.0,0.0,1.0,0.0,1.0,0.0,0.0,0.0,1.0,0.0,0.0,0.0
38,73937.4,6415.45,134.0,44.479767,5.0,7.0,8.0,1.0,28.0,15.0,0.69,0.0,405.73,30.32868,381.70523,475.36,0,0,0,0,1,0,0,0,0,0,0.0,0.0,0.0,0.0,0.0,0.0,0.0,1.0,0.0,0.0,0.0,0.0,0.0,0.0,0.0,0.0,0.0,1.0,0.0,1.0,0.0,0.0,1.0,0.0,0.0,0.0,1.0
27,19903.785,1670.6488,125.0,0.0,1.0,4.0,7.0,0.0,4.0,2.0,4.33,1.0,1015.4,38.036514,94.16213,332.90274,0,0,0,0,0,1,0,0,0,0,0.0,0.0,0.0,1.0,0.0,0.0,0.0,0.0,0.0,0.0,0.0,0.0,0.0,0.0,0.0,0.0,1.0,0.0,1.0,0.0,0.0,0.0,1.0,0.0,0.0,0.0,1.0
18,40846.36,3614.8633,82.0,28.162838,3.0,2.0,7.0,1.0,2.0,7.0,6.53,1.0,1262.52,36.307327,123.97122,448.51395,0,0,0,0,0,0,0,0,0,1,0.0,0.0,0.0,0.0,0.0,0.0,0.0,0.0,0.0,0.0,1.0,0.0,0.0,0.0,0.0,0.0,1.0,0.0,1.0,0.0,0.0,1.0,0.0,0.0,0.0,0.0,2.0
40,60410.94,5274.245,64.0,149.92639,4.0,7.0,17.0,4.0,23.0,9.0,7.65,9.0,1852.86,28.603588,179.45004,478.04807,0,0,0,1,0,0,1,1,0,1,0.0,0.0,0.0,0.0,0.0,0.0,0.0,1.0,0.0,0.0,0.0,0.0,0.0,0.0,0.0,0.0,0.0,1.0,0.0,1.0,0.0,0.0,0.0,0.0,1.0,0.0,1.0
27,41364.36,3662.03,95.0,61.352314,1.0,7.0,10.0,3.0,10.0,4.0,4.41,3.0,127.28,34.68366,27.327267,517.52344,0,0,1,0,0,0,1,0,1,0,0.0,0.0,0.0,0.0,0.0,0.0,0.0,0.0,0.0,1.0,0.0,0.0,0.0,0.0,0.0,0.0,1.0,0.0,1.0,0.0,1.0,0.0,0.0,0.0,0.0,0.0,1.0
52,43249.78,3538.1484,130.0,97.25829,5.0,5.0,5.0,3.0,8.0,2.0,11.43,5.0,1475.99,29.134943,456.92184,89.63469,0,0,0,1,1,0,0,1,0,0,0.0,0.0,0.0,0.0,0.0,0.0,0.0,0.0,0.0,1.0,0.0,0.0,0.0,0.0,0.0,0.0,1.0,0.0,1.0,0.0,0.0,0.0,0.0,0.0,0.0,1.0,0.0
25,14441.51,1453.4591,59.0,21.03195,9.0,8.0,26.0,2.0,15.0,14.0,9.85,8.0,1336.31,23.843185,65.662834,328.65112,0,0,0,0,0,0,0,1,0,1,0.0,0.0,0.0,0.0,0.0,0.0,1.0,0.0,0.0,0.0,0.0,0.0,0.0,0.0,0.0,1.0,0.0,0.0,0.0,1.0,0.0,0.0,0.0,1.0,0.0,0.0,0.0
28,44572.43,3757.3691,62.0,0.0,2.0,4.0,10.0,0.0,6.0,5.0,4.09,1.0,198.87,31.948404,73.86519,541.8717,0,0,0,0,0,1,0,0,0,0,0.0,0.0,0.0,0.0,1.0,0.0,0.0,0.0,0.0,0.0,0.0,0.0,0.0,0.0,0.0,0.0,1.0,0.0,1.0,0.0,0.0,0.0,1.0,0.0,0.0,0.0,1.0
29,18771.34,1373.2783,77.0,57.587856,5.0,3.0,12.0,4.0,19.0,13.0,12.9,7.0,89.53,35.181507,125.35218,234.3878,0,1,1,0,0,0,0,0,1,1,0.0,0.0,0.0,0.0,0.0,0.0,0.0,0.0,0.0,0.0,0.0,1.0,0.0,0.0,0.0,0.0,0.0,1.0,0.0,1.0,0.0,0.0,0.0,0.0,1.0,0.0,1.0
26,17794.98,1666.915,34.0,68.5083,7.0,7.0,19.0,7.0,27.0,22.0,4.01,12.0,2521.38,33.311817,102.99362,255.18958,1,0,1,1,0,0,0,1,1,1,1.0,0.0,0.0,0.0,0.0,0.0,0.0,0.0,0.0,0.0,0.0,0.0,0.0,0.0,0.0,1.0,0.0,0.0,0.0,1.0,0.0,0.0,1.0,0.0,0.0,0.0,1.0
20,16156.815,1199.4012,80.0,11.077602,4.0,6.0,8.0,1.0,25.0,9.0,5.52,4.0,1008.58,31.226404,52.395576,338.89944,0,0,1,0,0,0,0,0,0,0,0.0,0.0,0.0,0.0,0.0,1.0,0.0,0.0,0.0,0.0,0.0,0.0,0.0,0.0,0.0,0.0,1.0,0.0,1.0,0.0,0.0,0.0,0.0,0.0,1.0,0.0,2.0
55,87903.62,7269.302,79.0,143.25609,2.0,6.0,12.0,3.0,14.0,5.0,7.86,3.0,34.36,38.75099,133.8274,699.8467,1,1,0,0,0,0,0,0,0,0,0.0,0.0,0.0,0.0,0.0,0.0,0.0,0.0,0.0,0.0,0.0,0.0,0.0,0.0,1.0,0.0,1.0,0.0,1.0,0.0,0.0,1.0,0.0,0.0,0.0,0.0,2.0
23,17810.5,1200.2084,133.0,14.205849,5.0,7.0,8.0,1.0,8.0,18.0,8.23,4.0,1163.48,40.23716,57.42614,338.38885,0,0,0,0,0,0,0,0,0,1,0.0,0.0,0.0,0.0,0.0,0.0,1.0,0.0,0.0,0.0,0.0,0.0,0.0,0.0,0.0,0.0,1.0,0.0,1.0,0.0,0.0,0.0,1.0,0.0,0.0,0.0,2.0
55,21338.55,1506.2125,108.0,0.0,8.0,4.0,16.0,0.0,20.0,17.0,5.4,5.0,853.65,38.680054,75.355316,365.26593,0,0,0,0,0,1,0,0,0,0,1.0,0.0,0.0,0.0,0.0,0.0,0.0,0.0,0.0,0.0,0.0,0.0,0.0,0.0,0.0,0.0,0.0,1.0,1.0,0.0,0.0,0.0,0.0,0.0,0.0,1.0,0.0
50,39491.26,3129.9382,78.0,0.0,7.0,5.0,9.0,0.0,8.0,16.0,3.1,3.0,730.89,38.03005,229.25804,363.7358,0,0,0,0,0,1,0,0,0,0,0.0,0.0,0.0,0.0,0.0,0.0,0.0,0.0,0.0,0.0,0.0,0.0,0.0,0.0,1.0,0.0,0.0,1.0,0.0,1.0,0.0,0.0,0.0,0.0,1.0,0.0,1.0
46,83930.72,7257.2266,45.0,220.19844,9.0,6.0,22.0,5.0,52.0,15.0,-0.87,11.0,1479.71,39.26322,138.47202,607.05225,0,1,0,1,1,0,0,0,0,1,0.0,0.0,0.0,0.0,0.0,0.0,0.0,0.0,0.0,0.0,0.0,1.0,0.0,0.0,0.0,1.0,0.0,0.0,0.0,1.0,1.0,0.0,0.0,0.0,0.0,0.0,1.0
35,37570.83,3081.9026,119.0,0.0,2.0,2.0,7.0,0.0,12.0,11.0,2.17,0.0,1194.37,38.455757,314.95074,273.2395,0,0,0,0,0,1,0,0,0,0,0.0,0.0,0.0,0.0,0.0,0.0,0.0,0.0,0.0,0.0,0.0,0.0,1.0,0.0,0.0,0.0,1.0,0.0,1.0,0.0,0.0,0.0,0.0,0.0,1.0,0.0,2.0
49,84114.6,6873.55,71.0,156.53145,8.0,7.0,16.0,3.0,26.0,20.0,8.99,3.0,779.09,32.8569,248.59557,532.22797,0,0,0,0,1,0,0,0,1,0,0.0,0.0,0.0,0.0,1.0,0.0,0.0,0.0,0.0,0.0,0.0,0.0,0.0,0.0,0.0,0.0,0.0,1.0,0.0,1.0,0.0,1.0,0.0,0.0,0.0,0.0,1.0
42,74424.6,6025.05,69.0,243.29953,9.0,8.0,21.0,6.0,47.0,19.0,4.36,13.0,1635.58,39.030865,136.45715,462.74832,0,1,1,1,0,0,0,0,1,0,0.0,0.0,0.0,0.0,0.0,0.0,0.0,0.0,0.0,0.0,0.0,0.0,1.0,0.0,0.0,1.0,0.0,0.0,0.0,1.0,1.0,0.0,0.0,0.0,0.0,0.0,0.0
29,15827.06,1422.9216,46.0,57.719994,8.0,8.0,29.0,6.0,19.0,19.0,5.41,14.0,2396.06,31.432987,169.98846,204.58371,1,1,0,1,1,0,0,0,0,0,0.0,0.0,0.0,0.0,0.0,0.0,0.0,0.0,0.0,0.0,0.0,0.0,0.0,0.0,1.0,1.0,0.0,0.0,0.0,1.0,0.0,0.0,0.0,0.0,0.0,1.0,0.0
40,71187.56,5911.297,132.0,225.95541,4.0,6.0,6.0,4.0,24.0,15.0,3.36,7.0,96.68,31.796127,116.90676,498.2675,1,0,0,1,0,0,0,1,1,0,1.0,0.0,0.0,0.0,0.0,0.0,0.0,0.0,0.0,0.0,0.0,0.0,0.0,0.0,0.0,0.0,0.0,1.0,1.0,0.0,0.0,1.0,0.0,0.0,0.0,0.0,1.0
28,35842.83,3172.9026,76.0,0.0,3.0,4.0,1.0,0.0,13.0,9.0,11.6,3.0,1132.38,28.057262,42.574894,524.71533,0,0,0,0,0,1,0,0,0,0,0.0,0.0,0.0,0.0,0.0,0.0,1.0,0.0,0.0,0.0,0.0,0.0,0.0,0.0,0.0,0.0,1.0,0.0,1.0,0.0,0.0,1.0,0.0,0.0,0.0,0.0,1.0
36,41310.18,3269.515,74.0,0.0,3.0,3.0,10.0,0.0,8.0,12.0,8.33,4.0,327.22,40.20572,79.3902,507.5613,0,0,0,0,0,1,0,0,0,0,1.0,0.0,0.0,0.0,0.0,0.0,0.0,0.0,0.0,0.0,0.0,0.0,0.0,0.0,0.0,0.0,1.0,0.0,1.0,0.0,0.0,0.0,1.0,0.0,0.0,0.0,2.0
18,14439.78,959.315,83.0,20.171701,5.0,4.0,16.0,3.0,16.0,22.0,14.85,5.0,455.46,38.151848,125.497955,240.26184,0,0,0,0,1,0,0,0,0,1,0.0,0.0,0.0,0.0,0.0,0.0,0.0,0.0,0.0,0.0,0.0,0.0,0.0,0.0,1.0,0.0,0.0,1.0,0.0,1.0,0.0,0.0,0.0,0.0,0.0,1.0,1.0
50,32420.82,2605.735,94.0,105.130974,3.0,4.0,14.0,4.0,3.0,18.0,0.68,3.0,873.63,29.594091,337.5125,107.93,1,0,1,0,1,0,0,1,0,0,0.0,0.0,0.0,0.0,0.0,1.0,0.0,0.0,0.0,0.0,0.0,0.0,0.0,0.0,0.0,0.0,0.0,1.0,0.0,1.0,0.0,0.0,0.0,0.0,0.0,1.0,1.0
44,43360.74,3647.395,131.0,57.65895,2.0,6.0,12.0,2.0,4.0,8.0,1.56,6.0,287.65,26.54425,100.00127,457.07928,0,1,0,0,0,0,0,0,0,1,0.0,0.0,0.0,0.0,0.0,0.0,0.0,0.0,0.0,0.0,1.0,0.0,0.0,0.0,0.0,0.0,1.0,0.0,1.0,0.0,0.0,1.0,0.0,0.0,0.0,0.0,2.0
29,32438.59,2811.2158,67.0,38.48183,3.0,4.0,2.0,2.0,15.0,17.0,10.62,4.0,64.65,37.84348,112.46503,390.1747,0,0,0,0,1,0,0,1,0,0,0.0,0.0,0.0,1.0,0.0,0.0,0.0,0.0,0.0,0.0,0.0,0.0,0.0,0.0,0.0,0.0,1.0,0.0,1.0,0.0,0.0,0.0,1.0,0.0,0.0,0.0,2.0
33,16599.37,1099.2809,85.0,17.322016,6.0,3.0,22.0,2.0,10.0,8.0,17.0,6.0,1251.25,31.223412,94.195564,278.4105,1,0,0,0,0,0,0,0,0,1,0.0,0.0,0.0,0.0,0.0,0.0,0.0,0.0,0.0,0.0,0.0,0.0,0.0,1.0,0.0,0.0,0.0,1.0,0.0,1.0,1.0,0.0,0.0,0.0,0.0,0.0,1.0
21,56971.5,4717.0596,104.0,264.05966,7.0,7.0,17.0,3.0,29.0,14.0,8.53,11.0,154.46,25.416565,200.27052,409.8979,1,0,1,0,0,0,1,0,0,0,0.0,0.0,0.0,0.0,0.0,0.0,0.0,0.0,0.0,0.0,0.0,0.0,0.0,0.0,1.0,0.0,0.0,1.0,0.0,1.0,0.0,0.0,1.0,0.0,0.0,0.0,2.0
38,71111.1,6113.925,48.0,80.10439,8.0,6.0,14.0,2.0,26.0,15.0,12.14,9.0,1085.48,27.125298,53.726147,717.56195,0,0,0,0,0,0,0,0,1,0,0.0,0.0,0.0,0.0,0.0,1.0,0.0,0.0,0.0,0.0,0.0,0.0,0.0,0.0,0.0,0.0,0.0,1.0,0.0,1.0,0.0,0.0,0.0,0.0,1.0,0.0,0.0
25,104177.61,8671.468,107.0,141.69615,3.0,6.0,1.0,2.0,12.0,1.0,-1.78,3.0,581.83,29.54186,218.5469,746.9037,1,0,0,0,0,0,0,1,0,0,1.0,0.0,0.0,0.0,0.0,0.0,0.0,0.0,0.0,0.0,0.0,0.0,0.0,0.0,0.0,0.0,1.0,0.0,1.0,0.0,1.0,0.0,0.0,0.0,0.0,0.0,0.0
50,81385.18,6609.098,124.0,53.30502,1.0,7.0,5.0,1.0,-3.0,2.0,4.59,2.0,394.42,31.68826,183.65546,673.94934,0,0,1,0,0,0,0,0,0,0,1.0,0.0,0.0,0.0,0.0,0.0,0.0,0.0,0.0,0.0,0.0,0.0,0.0,0.0,0.0,0.0,1.0,0.0,1.0,0.0,0.0,1.0,0.0,0.0,0.0,0.0,1.0
44,44620.44,3496.37,107.0,50.788303,0.0,5.0,12.0,2.0,3.0,14.0,4.57,1.0,286.9,36.639786,418.0613,170.78737,0,0,0,0,0,0,1,0,0,0,0.0,1.0,0.0,0.0,0.0,0.0,0.0,0.0,0.0,0.0,0.0,0.0,0.0,0.0,0.0,0.0,1.0,0.0,1.0,0.0,0.0,0.0,0.0,0.0,0.0,1.0,2.0
35,16864.18,1474.3484,99.0,44.271843,5.0,4.0,18.0,4.0,24.0,8.0,15.3,6.0,262.98,35.726486,137.61252,235.55048,1,1,0,0,1,0,0,0,0,0,0.0,0.0,1.0,0.0,0.0,0.0,0.0,0.0,0.0,0.0,0.0,0.0,0.0,0.0,0.0,0.0,0.0,1.0,0.0,1.0,0.0,0.0,0.0,0.0,0.0,1.0,1.0
53,30918.82,2780.5684,129.0,0.0,0.0,5.0,12.0,0.0,22.0,6.0,1.61,1.0,1478.94,33.16686,78.092674,449.96417,0,0,0,0,0,1,0,0,0,0,0.0,1.0,0.0,0.0,0.0,0.0,0.0,0.0,0.0,0.0,0.0,0.0,0.0,0.0,0.0,0.0,1.0,0.0,1.0,0.0,0.0,1.0,0.0,0.0,0.0,0.0,0.0
44,66940.62,5717.385,125.0,164.21136,3.0,4.0,14.0,4.0,11.0,10.0,19.9,4.0,352.97,31.056189,191.23741,466.2897,0,0,0,1,1,0,0,0,0,0,0.0,0.0,0.0,0.0,1.0,0.0,0.0,0.0,0.0,0.0,0.0,0.0,0.0,0.0,0.0,0.0,0.0,1.0,0.0,1.0,0.0,1.0,0.0,0.0,0.0,0.0,1.0
34,49329.78,4210.815,130.0,25.742071,6.0,5.0,20.0,1.0,12.0,14.0,7.4,3.0,1022.77,31.522453,162.24066,483.09875,0,0,0,0,0,0,0,0,0,1,0.0,0.0,0.0,0.0,1.0,0.0,0.0,0.0,0.0,0.0,0.0,0.0,0.0,0.0,0.0,0.0,0.0,1.0,0.0,1.0,0.0,1.0,0.0,0.0,0.0,0.0,1.0
44,48610.06,4238.8384,49.0,74.05979,5.0,4.0,10.0,3.0,15.0,20.0,7.27,6.0,1175.65,35.8837,231.53786,398.28616,0,0,0,1,0,0,0,1,1,0,0.0,0.0,1.0,0.0,0.0,0.0,0.0,0.0,0.0,0.0,0.0,0.0,0.0,0.0,0.0,0.0,0.0,1.0,0.0,1.0,0.0,0.0,0.0,0.0,1.0,0.0,1.0
46,53052.2,4546.0166,72.0,79.606895,6.0,5.0,12.0,2.0,26.0,9.0,2.57,2.0,434.25,24.843243,177.11421,447.88055,0,1,0,0,0,0,0,1,0,0,0.0,0.0,0.0,0.0,0.0,0.0,0.0,0.0,0.0,0.0,0.0,0.0,0.0,0.0,1.0,0.0,0.0,1.0,1.0,0.0,0.0,1.0,0.0,0.0,0.0,0.0,0.0
51,64969.05,5154.0874,88.0,96.42408,3.0,6.0,6.0,2.0,19.0,16.0,8.61,3.0,765.07,32.333145,209.677,459.30768,0,0,0,0,0,0,0,0,1,1,0.0,1.0,0.0,0.0,0.0,0.0,0.0,0.0,0.0,0.0,0.0,0.0,0.0,0.0,0.0,0.0,0.0,1.0,1.0,0.0,0.0,1.0,0.0,0.0,0.0,0.0,1.0
39,97324.83,7869.4023,63.0,275.66318,3.0,4.0,20.0,6.0,24.0,9.0,14.7,5.0,449.87,40.838017,146.31621,614.9609,1,1,0,0,1,0,0,0,1,0,1.0,0.0,0.0,0.0,0.0,0.0,0.0,0.0,0.0,0.0,0.0,0.0,0.0,0.0,0.0,0.0,0.0,1.0,0.0,1.0,0.0,1.0,0.0,0.0,0.0,0.0,0.0
39,35081.49,3047.4575,107.0,51.97855,6.0,6.0,16.0,2.0,24.0,16.0,6.57,0.0,1025.79,31.77326,43.733685,459.0335,0,1,0,0,0,0,0,1,0,0,0.0,0.0,0.0,0.0,0.0,0.0,0.0,0.0,0.0,0.0,0.0,0.0,0.0,0.0,1.0,0.0,0.0,1.0,0.0,1.0,0.0,1.0,0.0,0.0,0.0,0.0,2.0
39,11919.42,1088.285,73.0,9.882768,4.0,7.0,4.0,1.0,8.0,22.0,13.19,7.0,1073.98,26.925228,16.804485,332.14124,0,0,0,0,0,0,1,0,0,0,0.0,1.0,0.0,0.0,0.0,0.0,0.0,0.0,0.0,0.0,0.0,0.0,0.0,0.0,0.0,0.0,1.0,0.0,1.0,0.0,0.0,1.0,0.0,0.0,0.0,0.0,2.0
37,97583.43,7846.9526,124.0,46.511787,7.0,7.0,9.0,1.0,21.0,18.0,1.92,1.0,1296.8,38.979534,299.04324,709.1402,0,1,0,0,0,0,0,0,0,0,0.0,0.0,0.0,0.0,0.0,0.0,0.0,0.0,0.0,0.0,0.0,0.0,1.0,0.0,0.0,0.0,1.0,0.0,1.0,0.0,0.0,0.0,0.0,1.0,0.0,0.0,2.0
25,19215.09,1460.2574,24.0,56.96235,5.0,6.0,31.0,5.0,26.0,17.0,11.0,6.0,1680.4,26.977777,78.06408,300.99933,0,0,1,0,1,0,1,1,0,0,0.0,0.0,0.0,0.0,0.0,0.0,1.0,0.0,0.0,0.0,0.0,0.0,0.0,0.0,0.0,0.0,0.0,1.0,0.0,1.0,0.0,0.0,0.0,0.0,0.0,1.0,0.0
19,29651.23,2460.9358,115.0,37.903008,6.0,5.0,6.0,2.0,17.0,15.0,8.62,2.0,1217.99,35.022568,186.63925,311.55133,0,0,0,1,0,0,1,0,0,0,1.0,0.0,0.0,0.0,0.0,0.0,0.0,0.0,0.0,0.0,0.0,0.0,0.0,0.0,0.0,0.0,0.0,1.0,1.0,0.0,0.0,0.0,0.0,0.0,0.0,1.0,1.0
31,51093.9,4347.825,28.0,92.85832,9.0,5.0,26.0,4.0,30.0,23.0,7.44,11.0,1997.75,35.272015,347.8334,274.09076,0,0,1,1,0,0,0,1,0,0,0.0,0.0,0.0,0.0,1.0,0.0,0.0,0.0,0.0,0.0,0.0,0.0,0.0,0.0,0.0,1.0,0.0,0.0,0.0,1.0,0.0,0.0,0.0,0.0,1.0,0.0,1.0
42,35469.72,2833.81,127.0,0.0,3.0,4.0,10.0,0.0,14.0,16.0,2.38,1.0,1266.34,33.189198,53.548916,479.8321,0,0,0,0,0,1,0,0,0,0,0.0,0.0,0.0,0.0,0.0,0.0,0.0,1.0,0.0,0.0,0.0,0.0,0.0,0.0,0.0,0.0,0.0,1.0,1.0,0.0,0.0,1.0,0.0,0.0,0.0,0.0,1.0
50,12165.52,1176.7933,86.0,19.500532,8.0,7.0,10.0,3.0,25.0,14.0,9.16,3.0,1377.18,26.342304,80.62911,287.54968,0,1,0,0,0,0,0,1,1,0,0.0,0.0,0.0,0.0,0.0,0.0,0.0,0.0,0.0,1.0,0.0,0.0,0.0,0.0,0.0,0.0,1.0,0.0,1.0,0.0,0.0,0.0,0.0,1.0,0.0,0.0,0.0
23,21404.24,1887.6866,59.0,21.3106,4.0,6.0,10.0,2.0,25.0,18.0,15.44,5.0,132.26,27.681381,92.44845,365.0096,1,0,0,0,0,0,1,0,0,0,0.0,0.0,0.0,0.0,1.0,0.0,0.0,0.0,0.0,0.0,0.0,0.0,0.0,0.0,0.0,0.0,0.0,1.0,0.0,1.0,0.0,0.0,0.0,0.0,0.0,1.0,1.0
38,35033.11,3041.4258,102.0,86.86377,3.0,5.0,17.0,4.0,14.0,19.0,19.48,0.0,44.59,41.241776,52.894722,414.3841,1,0,0,1,0,0,1,1,0,0,1.0,0.0,0.0,0.0,0.0,0.0,0.0,0.0,0.0,0.0,0.0,0.0,0.0,0.0,0.0,0.0,0.0,1.0,0.0,1.0,0.0,1.0,0.0,0.0,0.0,0.0,1.0
31,15628.95,1490.4125,61.0,45.84577,10.0,8.0,20.0,7.0,50.0,16.0,5.52,7.0,2131.09,23.002546,43.66618,329.5293,0,0,1,1,1,0,1,0,1,0,0.0,0.0,0.0,0.0,0.0,0.0,0.0,0.0,0.0,1.0,0.0,0.0,0.0,0.0,0.0,1.0,0.0,0.0,0.0,1.0,0.0,0.0,0.0,1.0,0.0,0.0,1.0
39,62030.64,4883.22,83.0,107.02855,3.0,9.0,25.0,3.0,25.0,15.0,18.48,15.0,1705.93,31.973045,189.77309,441.52036,0,1,0,1,0,0,0,1,0,0,0.0,0.0,1.0,0.0,0.0,0.0,0.0,0.0,0.0,0.0,0.0,0.0,0.0,0.0,0.0,0.0,0.0,1.0,0.0,1.0,0.0,1.0,0.0,0.0,0.0,0.0,0.0
37,36722.53,2933.211,125.0,0.0,3.0,6.0,4.0,0.0,10.0,10.0,-4.2,2.0,328.05,25.930328,108.76142,434.55966,0,0,0,0,0,1,0,0,0,0,0.0,0.0,0.0,0.0,0.0,0.0,0.0,0.0,0.0,0.0,1.0,0.0,0.0,0.0,0.0,0.0,1.0,0.0,1.0,0.0,0.0,1.0,0.0,0.0,0.0,0.0,1.0
28,39284.17,3072.681,71.0,21.460384,4.0,1.0,3.0,1.0,15.0,2.0,6.29,4.0,1274.85,34.38583,129.93092,445.87677,0,0,0,0,0,0,1,0,0,0,0.0,0.0,0.0,0.0,0.0,0.0,0.0,0.0,0.0,0.0,0.0,0.0,0.0,1.0,0.0,0.0,1.0,0.0,1.0,0.0,0.0,0.0,0.0,0.0,0.0,1.0,2.0
20,57563.94,4917.995,73.0,0.0,4.0,7.0,18.0,0.0,25.0,17.0,8.03,7.0,1443.0,27.44657,242.35768,529.44183,0,0,0,0,0,1,0,0,0,0,1.0,0.0,0.0,0.0,0.0,0.0,0.0,0.0,0.0,0.0,0.0,0.0,0.0,0.0,0.0,0.0,0.0,1.0,0.0,1.0,0.0,0.0,0.0,0.0,1.0,0.0,1.0
40,18836.23,1280.6858,38.0,49.55784,6.0,8.0,16.0,6.0,33.0,19.0,14.26,14.0,1310.56,36.69991,28.05148,310.45926,0,0,1,0,0,0,1,1,1,0,0.0,0.0,0.0,0.0,1.0,0.0,0.0,0.0,0.0,0.0,0.0,0.0,0.0,0.0,0.0,1.0,0.0,0.0,0.0,1.0,0.0,0.0,1.0,0.0,0.0,0.0,1.0
28,73339.92,5916.66,88.0,152.58629,4.0,4.0,17.0,3.0,24.0,15.0,4.22,3.0,1444.26,39.58413,89.73161,599.3481,1,1,1,0,0,0,0,0,0,0,0.0,0.0,0.0,0.0,0.0,0.0,0.0,0.0,0.0,0.0,0.0,0.0,0.0,0.0,1.0,0.0,0.0,1.0,1.0,0.0,0.0,1.0,0.0,0.0,0.0,0.0,1.0
51,104929.28,9025.106,119.0,291.55057,4.0,7.0,8.0,4.0,20.0,11.0,7.9,6.0,651.32,37.259907,92.255035,758.7051,0,0,1,0,1,0,0,0,0,1,0.0,0.0,0.0,0.0,0.0,0.0,0.0,0.0,0.0,0.0,1.0,0.0,0.0,0.0,0.0,0.0,0.0,1.0,0.0,1.0,1.0,0.0,0.0,0.0,0.0,0.0,1.0
37,31244.71,2443.7258,71.0,0.0,3.0,4.0,8.0,0.0,6.0,11.0,2.63,0.0,1203.18,37.07243,37.868206,446.50436,0,0,0,0,0,1,0,0,0,0,0.0,0.0,0.0,0.0,0.0,0.0,0.0,0.0,0.0,0.0,1.0,0.0,0.0,0.0,0.0,0.0,1.0,0.0,1.0,0.0,1.0,0.0,0.0,0.0,0.0,0.0,2.0
38,15954.72,1395.56,52.0,45.36846,8.0,6.0,33.0,6.0,49.0,8.0,14.37,13.0,2159.22,31.07128,30.579424,313.60812,1,0,0,1,0,0,0,1,1,1,0.0,0.0,0.0,0.0,0.0,0.0,1.0,0.0,0.0,0.0,0.0,0.0,0.0,0.0,0.0,0.0,0.0,1.0,0.0,1.0,0.0,1.0,0.0,0.0,0.0,0.0,1.0
45,22006.43,1655.8691,94.0,0.0,8.0,3.0,19.0,0.0,6.0,18.0,9.21,4.0,1269.66,28.17301,36.29161,379.29532,0,0,0,0,0,1,0,0,0,0,0.0,0.0,0.0,0.0,0.0,0.0,1.0,0.0,0.0,0.0,0.0,0.0,0.0,0.0,0.0,0.0,0.0,1.0,0.0,1.0,1.0,0.0,0.0,0.0,0.0,0.0,1.0
32,97338.21,8220.518,117.0,303.98315,8.0,6.0,16.0,4.0,10.0,9.0,11.68,2.0,1052.21,38.31088,478.51587,309.55273,1,1,0,0,0,0,0,0,1,0,0.0,0.0,0.0,0.0,0.0,0.0,0.0,0.0,0.0,0.0,0.0,0.0,0.0,0.0,1.0,0.0,0.0,1.0,1.0,0.0,0.0,0.0,0.0,1.0,0.0,0.0,1.0
33,91870.71,7946.8926,132.0,105.73724,2.0,4.0,5.0,2.0,12.0,0.0,10.71,2.0,90.19,27.981743,489.2522,459.6998,0,0,0,0,0,0,0,0,1,1,0.0,0.0,0.0,0.0,0.0,0.0,1.0,0.0,0.0,0.0,0.0,0.0,0.0,0.0,0.0,0.0,1.0,0.0,1.0,0.0,0.0,0.0,1.0,0.0,0.0,0.0,2.0
48,17980.355,1522.3629,105.0,7.6379557,3.0,4.0,5.0,1.0,10.0,7.0,3.7,1.0,162.87,23.243526,106.41552,328.1828,0,0,0,0,1,0,0,0,0,0,0.0,1.0,0.0,0.0,0.0,0.0,0.0,0.0,0.0,0.0,0.0,0.0,0.0,0.0,0.0,0.0,1.0,0.0,1.0,0.0,0.0,0.0,0.0,0.0,0.0,1.0,1.0
55,14675.03,963.9192,136.0,30.808786,7.0,4.0,18.0,3.0,13.0,15.0,6.25,2.0,170.53,39.92515,39.231575,306.35156,0,1,0,0,1,0,0,0,0,0,0.0,0.0,0.0,0.0,0.0,0.0,0.0,0.0,1.0,0.0,0.0,0.0,0.0,0.0,0.0,0.0,0.0,1.0,0.0,1.0,0.0,0.0,0.0,0.0,1.0,0.0,1.0
28,73339.92,5916.66,87.0,152.58629,4.0,4.0,17.0,3.0,27.0,12.0,4.22,3.0,1444.26,32.112522,111.88576,567.194,1,1,1,0,0,0,0,0,0,0,0.0,0.0,0.0,0.0,0.0,0.0,0.0,0.0,0.0,0.0,0.0,0.0,0.0,0.0,1.0,0.0,0.0,1.0,1.0,0.0,1.0,0.0,0.0,0.0,0.0,0.0,1.0
38,62983.02,5525.585,29.0,199.47974,5.0,3.0,20.0,6.0,9.0,8.0,13.14,5.0,1469.91,39.85241,151.14081,451.93796,0,0,1,0,1,0,1,1,1,0,0.0,0.0,0.0,1.0,0.0,0.0,0.0,0.0,0.0,0.0,0.0,0.0,0.0,0.0,0.0,0.0,0.0,1.0,0.0,1.0,0.0,1.0,0.0,0.0,0.0,0.0,1.0
28,45780.86,3541.0718,29.0,125.95811,6.0,6.0,19.0,5.0,26.0,15.0,13.18,7.0,984.91,29.507189,61.597797,416.55127,1,1,0,1,0,0,0,0,1,0,0.0,1.0,0.0,0.0,0.0,0.0,0.0,0.0,0.0,0.0,0.0,0.0,0.0,0.0,0.0,0.0,0.0,1.0,0.0,1.0,0.0,0.0,0.0,0.0,0.0,1.0,1.0
44,15350.03,998.1692,53.0,31.924622,6.0,4.0,34.0,3.0,24.0,14.0,17.35,10.0,2087.18,34.454906,17.818977,290.0733,1,0,1,0,0,0,1,0,0,0,0.0,0.0,0.0,0.0,0.0,0.0,0.0,0.0,0.0,0.0,0.0,1.0,0.0,0.0,0.0,0.0,0.0,1.0,0.0,1.0,1.0,0.0,0.0,0.0,0.0,0.0,0.0
27,14458.0,1251.8334,37.0,47.876045,3.0,8.0,29.0,6.0,19.0,8.0,10.73,9.0,1701.54,34.43253,75.45354,281.85376,1,0,1,0,1,0,1,0,0,1,0.0,0.0,0.0,0.0,0.0,1.0,0.0,0.0,0.0,0.0,0.0,0.0,0.0,0.0,0.0,0.0,0.0,1.0,0.0,1.0,0.0,0.0,0.0,0.0,1.0,0.0,0.0
25,18158.33,1325.1942,76.0,39.767864,7.0,9.0,25.0,4.0,28.0,16.0,16.52,11.0,1401.91,26.16326,99.145706,283.60583,0,0,1,1,0,0,0,0,1,0,0.0,0.0,0.0,0.0,0.0,0.0,0.0,0.0,1.0,0.0,0.0,0.0,0.0,0.0,0.0,1.0,0.0,0.0,0.0,1.0,0.0,0.0,0.0,0.0,0.0,1.0,0.0
47,39296.5,3261.7083,116.0,124.94867,4.0,0.0,1.0,4.0,4.0,9.0,12.65,3.0,187.21,35.2666,165.32019,295.90198,0,0,1,0,0,0,0,1,1,0,1.0,0.0,0.0,0.0,0.0,0.0,0.0,0.0,0.0,0.0,0.0,0.0,0.0,0.0,0.0,0.0,1.0,0.0,1.0,0.0,0.0,0.0,1.0,0.0,0.0,0.0,2.0
29,28481.67,2441.4724,124.0,46.99155,0.0,3.0,9.0,2.0,9.0,1.0,7.45,3.0,104.85,38.86382,41.062267,406.09344,0,0,0,1,0,0,0,0,0,1,0.0,0.0,0.0,0.0,0.0,0.0,0.0,0.0,0.0,0.0,0.0,1.0,0.0,0.0,0.0,0.0,1.0,0.0,1.0,0.0,0.0,1.0,0.0,0.0,0.0,0.0,1.0
22,23537.54,1906.4617,42.0,53.558308,7.0,4.0,8.0,3.0,20.0,19.0,7.13,6.0,174.06,37.113,46.782604,360.30527,1,0,0,0,1,0,0,0,0,0,0.0,0.0,0.0,1.0,0.0,0.0,0.0,0.0,0.0,0.0,0.0,0.0,0.0,0.0,0.0,0.0,0.0,1.0,0.0,1.0,0.0,0.0,0.0,1.0,0.0,0.0,1.0
28,7534.185,892.84875,84.0,17.492477,8.0,7.0,25.0,5.0,18.0,16.0,7.65,15.0,2391.27,25.093512,48.47993,313.31247,0,0,1,1,1,0,0,1,0,0,0.0,0.0,0.0,0.0,0.0,0.0,0.0,1.0,0.0,0.0,0.0,0.0,0.0,0.0,0.0,1.0,0.0,0.0,0.0,1.0,0.0,0.0,0.0,0.0,1.0,0.0,0.0
22,8213.68,926.4733,62.0,33.64237,5.0,4.0,14.0,6.0,24.0,10.0,16.84,11.0,2685.31,26.965704,54.917244,294.0877,0,0,1,0,0,0,1,1,1,1,0.0,0.0,0.0,0.0,0.0,0.0,0.0,0.0,0.0,0.0,1.0,0.0,0.0,0.0,0.0,0.0,0.0,1.0,0.0,1.0,0.0,0.0,0.0,0.0,0.0,1.0,1.0
26,41012.42,3341.7017,32.0,199.3678,5.0,4.0,27.0,7.0,13.0,13.0,19.47,4.0,1690.55,26.11801,351.34103,73.461334,0,0,1,1,0,0,0,1,1,1,0.0,0.0,0.0,0.0,0.0,1.0,0.0,0.0,0.0,0.0,0.0,0.0,0.0,0.0,0.0,0.0,0.0,1.0,0.0,1.0,0.0,0.0,0.0,0.0,0.0,1.0,0.0
16,42236.79,3475.7324,38.0,211.62645,10.0,5.0,24.0,7.0,21.0,24.0,4.72,7.0,2050.02,26.742235,77.22428,298.7225,0,1,1,1,0,0,1,1,1,0,0.0,0.0,0.0,0.0,0.0,1.0,0.0,0.0,0.0,0.0,0.0,0.0,0.0,0.0,0.0,1.0,0.0,0.0,0.0,1.0,1.0,0.0,0.0,0.0,0.0,0.0,0.0
54,41821.27,3430.1057,111.0,63.23724,5.0,4.0,11.0,2.0,1.0,12.0,9.45,0.0,791.51,28.00902,171.56937,388.20398,0,0,0,1,1,0,0,0,0,0,0.0,0.0,0.0,0.0,1.0,0.0,0.0,0.0,0.0,0.0,0.0,0.0,0.0,0.0,0.0,0.0,1.0,0.0,1.0,0.0,0.0,0.0,0.0,0.0,1.0,0.0,2.0
44,94158.69,7743.5576,135.0,204.34453,1.0,4.0,3.0,4.0,25.0,5.0,9.52,4.0,1415.3,30.935722,323.59198,506.41922,0,1,0,0,1,0,0,1,0,1,0.0,0.0,0.0,0.0,1.0,0.0,0.0,0.0,0.0,0.0,0.0,0.0,0.0,0.0,0.0,0.0,1.0,0.0,1.0,0.0,0.0,0.0,1.0,0.0,0.0,0.0,0.0
23,42767.89,3420.9907,118.0,20.338018,1.0,7.0,11.0,1.0,9.0,6.0,2.63,3.0,1413.55,33.65256,44.881046,516.88,0,0,0,0,0,0,0,0,0,1,0.0,0.0,0.0,0.0,0.0,0.0,0.0,0.0,0.0,0.0,0.0,1.0,0.0,0.0,0.0,0.0,1.0,0.0,1.0,0.0,1.0,0.0,0.0,0.0,0.0,0.0,1.0
19,43279.04,3308.5867,97.0,103.18665,1.0,5.0,5.0,4.0,4.0,11.0,2.57,0.0,363.33,31.396492,70.10285,407.56915,0,0,0,0,1,0,1,0,0,1,0.0,0.0,0.0,0.0,0.0,0.0,0.0,0.0,0.0,0.0,0.0,0.0,1.0,0.0,0.0,0.0,1.0,0.0,1.0,0.0,0.0,1.0,0.0,0.0,0.0,0.0,2.0
22,34526.09,2908.174,79.0,70.15698,5.0,4.0,19.0,3.0,13.0,17.0,14.74,5.0,938.23,24.67239,255.36061,255.29984,0,0,0,1,0,0,1,0,1,0,0.0,0.0,0.0,0.0,0.0,0.0,0.0,0.0,0.0,0.0,1.0,0.0,0.0,0.0,0.0,0.0,0.0,1.0,0.0,1.0,0.0,0.0,0.0,0.0,0.0,1.0,1.0
35,32485.42,2451.1184,138.0,0.0,3.0,6.0,7.0,0.0,17.0,15.0,0.92,2.0,998.9,37.284245,37.48916,457.62268,0,0,0,0,0,1,0,0,0,0,0.0,0.0,0.0,0.0,0.0,0.0,0.0,1.0,0.0,0.0,0.0,0.0,0.0,0.0,0.0,0.0,0.0,1.0,1.0,0.0,0.0,1.0,0.0,0.0,0.0,0.0,1.0
31,31751.78,2712.9817,106.0,0.0,7.0,3.0,11.0,0.0,28.0,14.0,0.61,4.0,581.67,25.789434,124.46452,406.83365,0,0,0,0,0,1,0,0,0,0,0.0,0.0,0.0,0.0,0.0,0.0,0.0,0.0,0.0,0.0,0.0,0.0,0.0,1.0,0.0,0.0,0.0,1.0,1.0,0.0,0.0,0.0,1.0,0.0,0.0,0.0,1.0
46,45764.14,3975.6782,131.0,62.19457,6.0,5.0,11.0,2.0,11.0,19.0,9.31,3.0,146.1,30.203846,249.02065,376.3526,0,1,1,0,0,0,0,0,0,0,0.0,0.0,0.0,0.0,0.0,0.0,0.0,0.0,0.0,0.0,0.0,0.0,1.0,0.0,0.0,0.0,1.0,0.0,1.0,0.0,0.0,0.0,0.0,0.0,0.0,1.0,0.0
36,38323.46,2907.6216,87.0,42.21978,3.0,3.0,24.0,2.0,5.0,8.0,18.19,6.0,2064.68,31.427519,264.84903,273.69336,1,0,0,0,0,0,0,1,0,0,0.0,0.0,0.0,0.0,1.0,0.0,0.0,0.0,0.0,0.0,0.0,0.0,0.0,0.0,0.0,0.0,0.0,1.0,0.0,1.0,0.0,0.0,0.0,0.0,0.0,1.0,0.0
33,8717.04,499.51477,67.0,63.230827,8.0,3.0,18.0,4.0,12.0,13.0,12.74,10.0,2286.03,38.382057,49.97572,259.5407,1,1,0,0,1,0,0,0,1,0,0.0,1.0,0.0,0.0,0.0,0.0,0.0,0.0,0.0,0.0,0.0,0.0,0.0,0.0,0.0,0.0,0.0,1.0,0.0,1.0,0.0,0.0,0.0,0.0,1.0,0.0,0.0
54,78113.56,6486.4634,105.0,103.39821,0.0,4.0,9.0,2.0,7.0,10.0,10.28,2.0,978.3,35.9903,157.93227,627.31586,0,0,0,1,0,0,0,1,0,0,0.0,0.0,0.0,0.0,0.0,0.0,0.0,0.0,0.0,0.0,0.0,0.0,0.0,1.0,0.0,0.0,1.0,0.0,1.0,0.0,1.0,0.0,0.0,0.0,0.0,0.0,0.0
32,42250.77,3363.8975,68.0,0.0,0.0,4.0,3.0,0.0,14.0,4.0,9.69,0.0,1056.56,36.706024,380.81064,380.3568,0,0,0,0,0,1,0,0,0,0,0.0,0.0,0.0,0.0,0.0,1.0,0.0,0.0,0.0,0.0,0.0,0.0,0.0,0.0,0.0,0.0,1.0,0.0,1.0,0.0,0.0,0.0,1.0,0.0,0.0,0.0,1.0
18,52210.26,4465.855,130.0,24.296593,3.0,6.0,10.0,1.0,5.0,12.0,8.11,1.0,1276.23,25.747393,163.10077,529.1882,0,0,0,0,0,0,0,0,0,1,0.0,0.0,1.0,0.0,0.0,0.0,0.0,0.0,0.0,0.0,0.0,0.0,0.0,0.0,0.0,0.0,0.0,1.0,1.0,0.0,0.0,0.0,0.0,1.0,0.0,0.0,1.0
29,10172.3,1046.6917,46.0,36.489246,10.0,8.0,33.0,6.0,20.0,16.0,7.39,13.0,2054.39,34.769917,114.5493,243.63062,0,0,1,1,0,0,1,1,1,0,1.0,0.0,0.0,0.0,0.0,0.0,0.0,0.0,0.0,0.0,0.0,0.0,0.0,0.0,0.0,0.0,0.0,1.0,0.0,1.0,0.0,0.0,0.0,0.0,0.0,1.0,1.0
22,25656.05,2407.0042,82.0,0.0,4.0,4.0,10.0,0.0,17.0,10.0,8.3,0.0,1084.02,38.414062,173.83826,336.86215,0,0,0,0,0,1,0,0,0,0,0.0,0.0,0.0,0.0,0.0,0.0,0.0,0.0,0.0,0.0,0.0,1.0,0.0,0.0,0.0,0.0,0.0,1.0,0.0,1.0,0.0,0.0,0.0,1.0,0.0,0.0,1.0
31,11431.775,930.6479,69.0,29.485472,8.0,6.0,16.0,4.0,7.0,15.0,0.52,3.0,117.57,38.26347,94.25563,249.32368,0,1,1,0,0,0,1,0,0,0,0.0,0.0,0.0,0.0,0.0,0.0,1.0,0.0,0.0,0.0,0.0,0.0,0.0,0.0,0.0,0.0,0.0,1.0,1.0,0.0,0.0,0.0,0.0,0.0,1.0,0.0,1.0
24,12349.37,1288.1141,100.0,8.022343,4.0,7.0,17.0,1.0,9.0,15.0,0.89,0.0,896.92,37.87659,50.474464,320.3146,0,0,1,0,0,0,0,0,0,0,1.0,0.0,0.0,0.0,0.0,0.0,0.0,0.0,0.0,0.0,0.0,0.0,0.0,0.0,0.0,0.0,0.0,1.0,0.0,1.0,0.0,1.0,0.0,0.0,0.0,0.0,2.0
30,22434.16,2166.5134,92.0,30.068039,7.0,7.0,8.0,3.0,29.0,19.0,16.67,7.0,273.11,29.895983,103.18046,343.40283,0,0,0,0,1,0,1,0,0,0,0.0,0.0,0.0,1.0,0.0,0.0,0.0,0.0,0.0,0.0,0.0,0.0,0.0,0.0,0.0,0.0,0.0,1.0,0.0,1.0,0.0,0.0,1.0,0.0,0.0,0.0,1.0
24,39431.65,3447.971,103.0,19.884571,4.0,3.0,2.0,1.0,13.0,1.0,7.87,4.0,1392.78,31.019081,89.58651,485.326,0,0,1,0,0,0,0,0,0,0,0.0,0.0,0.0,0.0,0.0,0.0,0.0,0.0,0.0,1.0,0.0,0.0,0.0,0.0,0.0,0.0,1.0,0.0,1.0,0.0,0.0,1.0,0.0,0.0,0.0,0.0,2.0
48,86776.59,7154.3823,99.0,128.30785,8.0,7.0,16.0,3.0,13.0,10.0,4.95,1.0,638.99,22.575165,488.64902,368.48138,0,0,1,0,1,0,0,0,0,1,0.0,0.0,0.0,0.0,0.0,0.0,0.0,0.0,0.0,0.0,0.0,0.0,0.0,0.0,1.0,0.0,0.0,1.0,1.0,0.0,0.0,0.0,0.0,1.0,0.0,0.0,1.0
19,32089.33,2882.1108,103.0,71.306854,4.0,6.0,2.0,4.0,6.0,17.0,1.33,0.0,435.89,37.09412,263.98834,222.9159,0,0,0,1,0,0,1,0,1,0,0.0,0.0,0.0,0.0,0.0,0.0,0.0,0.0,0.0,0.0,0.0,0.0,0.0,1.0,0.0,0.0,1.0,0.0,1.0,0.0,0.0,0.0,0.0,1.0,0.0,0.0,0.0
35,53071.47,4656.6226,76.0,208.48344,8.0,5.0,21.0,8.0,42.0,19.0,8.05,10.0,1740.38,37.738262,182.31944,334.85934,0,1,0,1,1,0,0,1,0,1,0.0,0.0,0.0,0.0,0.0,0.0,0.0,0.0,0.0,0.0,0.0,1.0,0.0,0.0,0.0,1.0,0.0,0.0,0.0,1.0,0.0,0.0,1.0,0.0,0.0,0.0,0.0
28,9547.825,839.6521,64.0,26.826643,7.0,7.0,28.0,5.0,33.0,25.0,15.19,13.0,2630.75,36.71368,45.74886,291.3897,0,1,0,1,0,0,0,1,1,0,0.0,0.0,0.0,0.0,0.0,0.0,0.0,0.0,0.0,0.0,0.0,0.0,0.0,0.0,1.0,1.0,0.0,0.0,0.0,1.0,0.0,0.0,0.0,0.0,1.0,0.0,0.0
39,10395.46,1160.2883,64.0,68.93438,6.0,8.0,23.0,9.0,52.0,25.0,8.39,9.0,1781.57,25.917027,131.96252,205.13193,0,1,1,1,1,0,0,1,1,1,0.0,0.0,0.0,0.0,1.0,0.0,0.0,0.0,0.0,0.0,0.0,0.0,0.0,0.0,0.0,1.0,0.0,0.0,0.0,1.0,0.0,0.0,0.0,0.0,0.0,1.0,1.0
55,77469.6,6577.8,107.0,55.80908,4.0,5.0,12.0,1.0,15.0,17.0,3.74,2.0,529.13,29.161156,166.74147,685.22943,0,0,0,0,0,0,0,0,0,1,0.0,0.0,0.0,0.0,0.0,0.0,0.0,0.0,0.0,0.0,0.0,0.0,1.0,0.0,0.0,0.0,1.0,0.0,1.0,0.0,0.0,1.0,0.0,0.0,0.0,0.0,1.0
38,19480.04,1365.3367,31.0,96.29275,3.0,4.0,23.0,6.0,8.0,12.0,10.09,9.0,2552.49,34.439476,101.16302,219.0779,1,0,1,0,1,0,1,0,0,0,0.0,0.0,0.0,0.0,0.0,0.0,0.0,0.0,0.0,0.0,0.0,0.0,0.0,1.0,0.0,0.0,0.0,1.0,0.0,1.0,0.0,0.0,0.0,0.0,1.0,0.0,0.0
33,27947.05,2331.921,63.0,148.79907,8.0,6.0,9.0,7.0,20.0,18.0,8.84,5.0,172.39,31.604052,75.58408,258.80893,1,0,1,1,1,0,1,1,1,0,0.0,0.0,0.0,0.0,0.0,0.0,1.0,0.0,0.0,0.0,0.0,0.0,0.0,0.0,0.0,0.0,0.0,1.0,0.0,1.0,0.0,1.0,0.0,0.0,0.0,0.0,1.0
37,47091.42,3962.285,43.0,146.47438,5.0,5.0,16.0,4.0,10.0,20.0,19.67,6.0,629.67,39.252773,38.472527,451.2816,0,0,0,1,1,0,1,0,0,0,0.0,0.0,0.0,0.0,0.0,0.0,0.0,0.0,0.0,0.0,0.0,0.0,0.0,1.0,0.0,0.0,0.0,1.0,0.0,1.0,0.0,0.0,0.0,0.0,1.0,0.0,1.0
39,10774.095,1075.8413,70.0,16.738323,3.0,6.0,19.0,2.0,6.0,20.0,15.65,7.0,563.69,26.816158,104.767166,266.07864,0,0,1,1,0,0,0,0,0,0,0.0,0.0,0.0,1.0,0.0,0.0,0.0,0.0,0.0,0.0,0.0,0.0,0.0,0.0,0.0,0.0,0.0,1.0,0.0,1.0,0.0,0.0,0.0,0.0,1.0,0.0,1.0
40,63461.28,5109.44,50.0,176.63696,3.0,4.0,6.0,4.0,7.0,18.0,12.39,5.0,1266.31,40.24934,172.5393,421.76773,0,1,1,0,1,0,0,1,0,0,0.0,0.0,0.0,0.0,0.0,1.0,0.0,0.0,0.0,0.0,0.0,0.0,0.0,0.0,0.0,0.0,0.0,1.0,0.0,1.0,0.0,0.0,1.0,0.0,0.0,0.0,1.0
44,36637.1,3069.0916,112.0,50.96763,7.0,6.0,15.0,2.0,18.0,22.0,11.39,2.0,68.98,24.87404,53.69347,442.24808,0,0,0,0,1,0,0,0,0,1,0.0,0.0,0.0,0.0,0.0,0.0,0.0,0.0,0.0,0.0,0.0,1.0,0.0,0.0,0.0,0.0,0.0,1.0,1.0,0.0,1.0,0.0,0.0,0.0,0.0,0.0,1.0
47,22323.28,2009.2733,115.0,53.86124,0.0,5.0,9.0,4.0,6.0,11.0,4.2,7.0,533.12,36.922176,252.06337,185.00273,0,1,0,0,0,0,1,0,1,0,0.0,0.0,1.0,0.0,0.0,0.0,0.0,0.0,0.0,0.0,0.0,0.0,0.0,0.0,0.0,0.0,1.0,0.0,1.0,0.0,0.0,0.0,0.0,0.0,0.0,1.0,2.0
50,18808.34,1618.3617,90.0,0.0,0.0,4.0,10.0,0.0,0.0,14.0,2.59,2.0,1035.88,36.1671,130.66045,321.17572,0,0,0,0,0,1,0,0,0,0,0.0,0.0,1.0,0.0,0.0,0.0,0.0,0.0,0.0,0.0,0.0,0.0,0.0,0.0,0.0,0.0,1.0,0.0,1.0,0.0,0.0,0.0,0.0,0.0,0.0,1.0,1.0
29,70205.02,5650.4185,133.0,0.0,0.0,4.0,2.0,0.0,6.0,8.0,1.37,5.0,145.04,29.555862,324.66537,520.37646,0,0,0,0,0,1,0,0,0,0,0.0,0.0,0.0,0.0,0.0,0.0,0.0,0.0,0.0,0.0,0.0,0.0,0.0,0.0,1.0,0.0,1.0,0.0,1.0,0.0,0.0,0.0,0.0,0.0,0.0,1.0,2.0
33,14310.25,1064.5209,55.0,92.41408,9.0,10.0,34.0,9.0,15.0,25.0,1.54,6.0,2188.14,30.656767,56.171364,247.86664,1,1,1,1,0,0,0,0,1,1,0.0,0.0,0.0,0.0,0.0,0.0,0.0,0.0,0.0,0.0,1.0,0.0,0.0,0.0,0.0,1.0,0.0,0.0,0.0,1.0,1.0,0.0,0.0,0.0,0.0,0.0,0.0
40,64259.04,5060.92,125.0,79.58758,6.0,6.0,8.0,2.0,25.0,16.0,16.69,10.0,1443.54,41.37329,34.748623,631.7558,0,0,1,0,0,0,1,0,0,0,0.0,0.0,0.0,0.0,0.0,0.0,1.0,0.0,0.0,0.0,0.0,0.0,0.0,0.0,0.0,0.0,0.0,1.0,0.0,1.0,1.0,0.0,0.0,0.0,0.0,0.0,1.0
19,60183.14,4933.2617,73.0,195.8564,3.0,6.0,12.0,7.0,10.0,11.0,17.52,7.0,1167.08,35.232056,156.05641,391.41336,1,0,1,0,1,0,0,1,1,0,0.0,0.0,0.0,0.0,0.0,0.0,0.0,0.0,0.0,0.0,0.0,0.0,0.0,0.0,1.0,0.0,0.0,1.0,0.0,1.0,0.0,1.0,0.0,0.0,0.0,0.0,1.0
32,28694.16,2544.18,28.0,123.7044,8.0,9.0,15.0,8.0,44.0,22.0,6.52,10.0,2481.83,32.496433,80.193016,330.5206,0,1,0,1,1,0,0,0,1,0,0.0,0.0,0.0,0.0,0.0,0.0,0.0,1.0,0.0,0.0,0.0,0.0,0.0,0.0,0.0,1.0,0.0,0.0,0.0,1.0,0.0,0.0,0.0,0.0,1.0,0.0,0.0
48,41898.87,3669.5725,123.0,0.0,5.0,4.0,12.0,0.0,3.0,11.0,7.35,5.0,927.63,26.76759,411.9242,245.03305,0,0,0,0,0,1,0,0,0,0,0.0,0.0,0.0,0.0,0.0,0.0,0.0,0.0,1.0,0.0,0.0,0.0,0.0,0.0,0.0,0.0,1.0,0.0,1.0,0.0,0.0,0.0,1.0,0.0,0.0,0.0,2.0
54,25990.16,2193.8467,99.0,16.95401,4.0,6.0,14.0,1.0,25.0,8.0,9.59,1.0,460.78,26.84569,51.819466,390.6112,0,0,0,1,0,0,0,0,0,0,0.0,0.0,0.0,0.0,0.0,1.0,0.0,0.0,0.0,0.0,0.0,0.0,0.0,0.0,0.0,0.0,0.0,1.0,1.0,0.0,1.0,0.0,0.0,0.0,0.0,0.0,1.0
56,41563.69,3691.6409,129.0,72.67213,5.0,4.0,6.0,3.0,13.0,8.0,3.47,4.0,1306.64,31.203978,100.23165,466.2603,0,0,0,1,0,0,1,0,0,1,1.0,0.0,0.0,0.0,0.0,0.0,0.0,0.0,0.0,0.0,0.0,0.0,0.0,0.0,0.0,0.0,1.0,0.0,1.0,0.0,0.0,0.0,0.0,1.0,0.0,0.0,2.0
52,29879.43,2450.9524,104.0,66.95682,6.0,5.0,10.0,3.0,5.0,17.0,11.79,3.0,1286.59,36.37797,92.043335,336.0951,1,0,0,1,1,0,0,0,0,0,0.0,1.0,0.0,0.0,0.0,0.0,0.0,0.0,0.0,0.0,0.0,0.0,0.0,0.0,0.0,0.0,0.0,1.0,1.0,0.0,0.0,1.0,0.0,0.0,0.0,0.0,1.0
23,71096.02,6140.6685,104.0,31.192333,6.0,3.0,18.0,1.0,26.0,5.0,3.26,5.0,1494.93,29.869413,127.33208,705.5424,0,0,0,0,1,0,0,0,0,0,0.0,0.0,0.0,0.0,0.0,0.0,0.0,0.0,0.0,1.0,0.0,0.0,0.0,0.0,0.0,0.0,0.0,1.0,1.0,0.0,0.0,1.0,0.0,0.0,0.0,0.0,1.0
24,11866.345,984.86206,103.0,8.36799,7.0,7.0,20.0,1.0,17.0,20.0,17.73,6.0,276.34,34.540157,119.27297,260.84525,0,1,0,0,0,0,0,0,0,0,0.0,0.0,0.0,0.0,0.0,1.0,0.0,0.0,0.0,0.0,0.0,0.0,0.0,0.0,0.0,0.0,0.0,1.0,0.0,1.0,0.0,0.0,0.0,0.0,0.0,1.0,1.0
22,89870.98,7346.2485,106.0,192.14574,1.0,4.0,3.0,3.0,5.0,8.0,5.08,1.0,48.11,34.158432,139.60274,642.87634,1,0,0,0,1,0,0,0,1,0,0.0,0.0,0.0,0.0,0.0,0.0,0.0,0.0,0.0,0.0,0.0,0.0,1.0,0.0,0.0,0.0,1.0,0.0,1.0,0.0,1.0,0.0,0.0,0.0,0.0,0.0,1.0
42,70554.22,5856.5186,100.0,73.22639,4.0,3.0,10.0,2.0,7.0,15.0,6.29,3.0,908.62,33.6863,438.4609,353.96454,0,1,0,1,0,0,0,0,0,0,0.0,0.0,0.0,0.0,0.0,0.0,0.0,0.0,0.0,0.0,0.0,0.0,0.0,1.0,0.0,0.0,0.0,1.0,0.0,1.0,0.0,0.0,0.0,0.0,1.0,0.0,1.0
26,8918.13,825.1775,45.0,39.80553,7.0,6.0,27.0,8.0,36.0,16.0,2.9,6.0,1912.96,30.140406,48.038906,264.6733,0,1,1,1,0,0,0,1,1,1,0.0,0.0,0.0,0.0,0.0,0.0,0.0,0.0,0.0,0.0,0.0,1.0,0.0,0.0,0.0,1.0,0.0,0.0,0.0,1.0,0.0,0.0,0.0,1.0,0.0,0.0,1.0
17,31944.72,2417.06,39.0,83.713974,4.0,4.0,11.0,5.0,22.0,18.0,16.91,6.0,696.79,37.796684,128.44568,319.54636,0,1,1,0,0,0,1,0,0,0,0.0,0.0,0.0,0.0,0.0,1.0,0.0,0.0,0.0,0.0,0.0,0.0,0.0,0.0,0.0,0.0,0.0,1.0,0.0,1.0,0.0,0.0,0.0,0.0,0.0,1.0,1.0
22,15081.12,1298.76,70.0,41.065895,8.0,7.0,22.0,4.0,30.0,16.0,19.08,15.0,1987.21,25.056131,91.53003,287.2801,1,0,0,0,0,0,0,0,1,0,0.0,0.0,0.0,0.0,0.0,0.0,0.0,0.0,0.0,0.0,0.0,1.0,0.0,0.0,0.0,0.0,0.0,1.0,0.0,1.0,0.0,0.0,0.0,0.0,0.0,1.0,0.0
18,54027.0,4269.25,132.0,53.260887,6.0,4.0,8.0,2.0,22.0,10.0,7.2,0.0,482.08,35.354404,46.662205,577.0019,0,0,0,1,0,0,1,0,0,0,0.0,0.0,0.0,0.0,0.0,0.0,0.0,0.0,0.0,1.0,0.0,0.0,0.0,0.0,0.0,0.0,1.0,0.0,1.0,0.0,0.0,1.0,0.0,0.0,0.0,0.0,2.0
43,29503.65,2309.6375,84.0,50.98221,5.0,5.0,14.0,3.0,5.0,12.0,-1.91,2.0,329.02,33.06358,84.043655,345.9379,0,1,0,1,0,0,1,0,0,0,0.0,0.0,0.0,0.0,0.0,0.0,0.0,0.0,0.0,0.0,0.0,0.0,0.0,1.0,0.0,0.0,0.0,1.0,1.0,0.0,0.0,1.0,0.0,0.0,0.0,0.0,1.0
49,81385.18,6609.098,117.0,53.30502,1.0,7.0,5.0,1.0,3.0,2.0,4.59,2.0,394.42,25.74809,345.7319,582.39557,0,0,1,0,0,0,0,0,0,0,1.0,0.0,0.0,0.0,0.0,0.0,0.0,0.0,0.0,0.0,0.0,0.0,0.0,0.0,0.0,0.0,1.0,0.0,1.0,0.0,0.0,1.0,0.0,0.0,0.0,0.0,1.0
45,80011.64,6824.6367,28.0,154.56161,7.0,6.0,18.0,4.0,13.0,16.0,17.8,12.0,792.92,24.075062,368.43918,439.46286,0,0,1,0,1,0,1,0,0,0,0.0,1.0,0.0,0.0,0.0,0.0,0.0,0.0,0.0,0.0,0.0,0.0,0.0,0.0,0.0,0.0,0.0,1.0,0.0,1.0,0.0,0.0,0.0,0.0,0.0,1.0,1.0
25,29374.77,2377.8975,87.0,40.264072,3.0,7.0,6.0,2.0,23.0,13.0,16.65,7.0,1189.37,30.76975,31.381811,416.14386,0,0,0,0,0,0,0,1,0,1,0.0,0.0,0.0,0.0,1.0,0.0,0.0,0.0,0.0,0.0,0.0,0.0,0.0,0.0,0.0,0.0,0.0,1.0,0.0,1.0,0.0,1.0,0.0,0.0,0.0,0.0,1.0
33,14629.52,1309.1267,88.0,10.159548,1.0,4.0,4.0,1.0,9.0,8.0,5.69,8.0,493.52,35.19406,116.88532,340.88022,0,0,1,0,0,0,0,0,0,0,0.0,0.0,0.0,0.0,0.0,0.0,0.0,0.0,0.0,0.0,1.0,0.0,0.0,0.0,0.0,0.0,1.0,0.0,1.0,0.0,0.0,0.0,0.0,0.0,0.0,1.0,0.0
28,33535.89,2891.6575,94.0,18.093624,4.0,5.0,7.0,1.0,8.0,2.0,10.43,0.0,970.22,34.554043,176.17398,384.89813,0,0,0,0,0,0,1,0,0,0,0.0,0.0,0.0,0.0,0.0,0.0,0.0,0.0,0.0,0.0,0.0,0.0,0.0,1.0,0.0,0.0,1.0,0.0,1.0,0.0,0.0,0.0,0.0,0.0,0.0,1.0,2.0
49,25877.95,1860.4958,141.0,12.041849,7.0,3.0,12.0,1.0,11.0,20.0,13.43,0.0,1111.34,31.58861,60.554893,383.45285,1,0,0,0,0,0,0,0,0,0,0.0,0.0,0.0,1.0,0.0,0.0,0.0,0.0,0.0,0.0,0.0,0.0,0.0,0.0,0.0,0.0,0.0,1.0,0.0,1.0,0.0,0.0,0.0,1.0,0.0,0.0,0.0
27,38897.52,3402.46,97.0,26.463001,5.0,5.0,3.0,1.0,8.0,7.0,7.01,2.0,286.43,29.176897,146.0576,457.7254,0,0,0,0,0,0,0,0,0,1,1.0,0.0,0.0,0.0,0.0,0.0,0.0,0.0,0.0,0.0,0.0,0.0,0.0,0.0,0.0,0.0,1.0,0.0,1.0,0.0,0.0,0.0,0.0,0.0,0.0,1.0,1.0
25,118831.62,9625.635,129.0,138.43813,0.0,6.0,6.0,2.0,7.0,5.0,2.37,6.0,1406.77,36.410366,515.725,37.528267,1,0,0,0,0,0,0,1,0,0,0.0,0.0,0.0,0.0,0.0,0.0,0.0,0.0,0.0,1.0,0.0,0.0,0.0,0.0,0.0,0.0,1.0,0.0,1.0,0.0,0.0,0.0,0.0,0.0,0.0,1.0,2.0
21,91532.61,7564.7173,119.0,201.69852,4.0,3.0,5.0,3.0,4.0,9.0,6.36,3.0,1211.41,29.708593,113.80757,680.96564,1,0,0,0,1,0,0,0,1,0,0.0,0.0,1.0,0.0,0.0,0.0,0.0,0.0,0.0,0.0,0.0,0.0,0.0,0.0,0.0,0.0,1.0,0.0,1.0,0.0,1.0,0.0,0.0,0.0,0.0,0.0,2.0
22,66387.42,5545.285,71.0,194.79623,4.0,5.0,12.0,6.0,22.0,19.0,10.46,11.0,1175.18,30.715929,141.15347,458.5788,1,1,1,1,1,0,0,0,0,1,0.0,0.0,0.0,0.0,0.0,0.0,0.0,0.0,0.0,0.0,0.0,0.0,1.0,0.0,0.0,0.0,0.0,1.0,0.0,1.0,1.0,0.0,0.0,0.0,0.0,0.0,1.0
41,74961.78,6492.815,109.0,70.8935,1.0,3.0,11.0,2.0,15.0,9.0,5.41,0.0,245.46,35.65168,205.58412,652.8039,0,0,1,0,0,0,0,0,1,0,0.0,0.0,0.0,0.0,0.0,0.0,0.0,0.0,0.0,0.0,1.0,0.0,0.0,0.0,0.0,0.0,1.0,0.0,1.0,0.0,0.0,0.0,0.0,0.0,1.0,0.0,2.0
33,61869.04,5098.7534,135.0,50.851833,3.0,5.0,16.0,1.0,25.0,11.0,7.57,3.0,1065.89,33.37439,486.30563,252.71788,0,0,1,0,0,0,0,0,0,0,0.0,0.0,0.0,1.0,0.0,0.0,0.0,0.0,0.0,0.0,0.0,0.0,0.0,0.0,0.0,0.0,0.0,1.0,1.0,0.0,0.0,0.0,0.0,0.0,1.0,0.0,1.0
36,20946.94,1837.5784,69.0,46.630497,8.0,7.0,34.0,4.0,22.0,9.0,16.52,10.0,2266.23,24.190992,244.1259,183.00143,0,0,0,0,1,0,1,1,0,1,0.0,0.0,0.0,0.0,0.0,0.0,0.0,1.0,0.0,0.0,0.0,0.0,0.0,0.0,0.0,0.0,0.0,1.0,0.0,1.0,0.0,0.0,0.0,0.0,0.0,1.0,0.0
44,36080.59,2858.7158,88.0,103.04011,5.0,3.0,20.0,4.0,6.0,16.0,8.95,2.0,1445.97,33.100784,152.11673,290.71475,1,1,1,0,0,0,0,0,1,0,0.0,0.0,0.0,0.0,0.0,0.0,0.0,0.0,0.0,0.0,0.0,0.0,0.0,0.0,1.0,0.0,0.0,1.0,0.0,1.0,0.0,0.0,1.0,0.0,0.0,0.0,1.0
29,27099.11,2110.2593,74.0,0.0,8.0,4.0,8.0,0.0,5.0,16.0,6.59,2.0,186.93,33.667473,75.97458,395.05133,0,0,0,0,0,1,0,0,0,0,0.0,0.0,0.0,0.0,0.0,0.0,0.0,0.0,0.0,0.0,0.0,0.0,0.0,1.0,0.0,0.0,0.0,1.0,1.0,0.0,0.0,0.0,1.0,0.0,0.0,0.0,1.0
24,69905.36,6090.447,82.0,160.90158,6.0,5.0,14.0,3.0,21.0,19.0,0.59,0.0,1216.15,38.781624,211.6734,486.4697,0,1,0,0,0,0,0,0,0,1,1.0,0.0,0.0,0.0,0.0,0.0,0.0,0.0,0.0,0.0,0.0,0.0,0.0,0.0,0.0,0.0,0.0,1.0,1.0,0.0,0.0,1.0,0.0,0.0,0.0,0.0,1.0
19,56803.71,4620.6426,25.0,187.19022,7.0,5.0,25.0,6.0,46.0,24.0,16.23,11.0,2593.44,25.314142,160.91212,363.9619,0,0,1,0,1,0,0,1,0,1,0.0,0.0,0.0,0.0,0.0,0.0,0.0,1.0,0.0,0.0,0.0,0.0,0.0,0.0,0.0,1.0,0.0,0.0,0.0,1.0,0.0,1.0,0.0,0.0,0.0,0.0,1.0
22,15820.755,1606.3962,118.0,17.78031,7.0,4.0,9.0,2.0,17.0,12.0,16.7,2.0,590.29,32.608444,179.57167,253.28764,0,1,0,0,0,0,0,0,0,1,0.0,0.0,0.0,0.0,0.0,0.0,0.0,0.0,0.0,0.0,0.0,0.0,0.0,0.0,1.0,0.0,0.0,1.0,0.0,1.0,0.0,0.0,0.0,0.0,0.0,1.0,1.0
45,79241.12,6587.427,58.0,282.63962,7.0,5.0,29.0,8.0,42.0,15.0,22.32,10.0,2978.35,25.70733,163.42978,452.67328,1,0,0,0,1,0,1,0,1,1,0.0,0.0,0.0,0.0,0.0,0.0,0.0,1.0,0.0,0.0,0.0,0.0,0.0,0.0,0.0,1.0,0.0,0.0,0.0,1.0,1.0,0.0,0.0,0.0,0.0,0.0,1.0
30,10366.83,568.9025,83.0,24.413347,8.0,3.0,6.0,4.0,24.0,14.0,7.92,4.0,0.95,34.233738,76.608955,245.86795,0,0,1,1,0,0,1,0,0,0,0.0,0.0,0.0,0.0,0.0,0.0,0.0,0.0,0.0,0.0,0.0,1.0,0.0,0.0,0.0,0.0,0.0,1.0,0.0,1.0,0.0,0.0,0.0,0.0,0.0,1.0,1.0
37,26196.39,2139.0325,125.0,48.533653,7.0,6.0,11.0,3.0,25.0,13.0,16.97,3.0,505.37,26.10076,146.13232,299.23727,0,1,1,0,0,0,1,0,0,0,1.0,0.0,0.0,0.0,0.0,0.0,0.0,0.0,0.0,0.0,0.0,0.0,0.0,0.0,0.0,0.0,0.0,1.0,0.0,1.0,0.0,0.0,0.0,0.0,1.0,0.0,2.0
35,18873.2,1499.7667,82.0,32.02762,3.0,1.0,4.0,4.0,9.0,12.0,4.39,3.0,1170.52,35.673183,69.42082,338.52823,1,0,1,0,0,0,1,1,0,0,0.0,0.0,0.0,0.0,0.0,0.0,0.0,1.0,0.0,0.0,0.0,0.0,0.0,0.0,0.0,0.0,1.0,0.0,1.0,0.0,0.0,0.0,0.0,0.0,0.0,1.0,2.0
34,50778.48,4501.54,75.0,152.95705,6.0,6.0,18.0,7.0,23.0,13.0,13.52,6.0,1554.93,32.276886,351.03094,236.166,0,0,0,1,1,0,1,1,1,0,0.0,0.0,0.0,0.0,0.0,0.0,0.0,0.0,0.0,0.0,0.0,0.0,0.0,1.0,0.0,0.0,0.0,1.0,0.0,1.0,0.0,0.0,0.0,0.0,0.0,1.0,0.0
26,36996.83,3152.069,132.0,31.795658,6.0,5.0,6.0,2.0,20.0,9.0,7.54,4.0,808.52,28.4757,381.22195,192.1893,0,0,1,1,0,0,0,0,0,0,0.0,1.0,0.0,0.0,0.0,0.0,0.0,0.0,0.0,0.0,0.0,0.0,0.0,0.0,0.0,0.0,1.0,0.0,1.0,0.0,0.0,0.0,0.0,0.0,0.0,1.0,0.0
52,55336.94,4453.4116,110.0,34.461987,6.0,6.0,18.0,1.0,26.0,14.0,11.63,3.0,1170.84,27.645855,243.7542,457.125,0,0,0,0,1,0,0,0,0,0,0.0,0.0,0.0,1.0,0.0,0.0,0.0,0.0,0.0,0.0,0.0,0.0,0.0,0.0,0.0,0.0,0.0,1.0,0.0,1.0,0.0,0.0,0.0,0.0,0.0,1.0,1.0
27,44308.67,3519.3892,82.0,0.0,5.0,3.0,9.0,0.0,12.0,9.0,7.3,9.0,1394.14,27.064259,320.90695,321.03195,0,0,0,0,0,1,0,0,0,0,1.0,0.0,0.0,0.0,0.0,0.0,0.0,0.0,0.0,0.0,0.0,0.0,0.0,0.0,0.0,0.0,1.0,0.0,1.0,0.0,0.0,0.0,0.0,0.0,0.0,1.0,2.0
18,60860.1,4803.675,42.0,94.246666,8.0,6.0,30.0,2.0,4.0,11.0,17.09,10.0,2635.35,29.682137,205.37173,460.7491,0,0,0,0,1,0,1,0,0,0,0.0,1.0,0.0,0.0,0.0,0.0,0.0,0.0,0.0,0.0,0.0,0.0,0.0,0.0,0.0,0.0,0.0,1.0,0.0,1.0,0.0,0.0,0.0,0.0,1.0,0.0,0.0
25,36661.93,2915.161,122.0,73.221275,6.0,3.0,10.0,4.0,15.0,20.0,1.16,0.0,314.26,32.476543,48.474678,419.82013,1,0,1,1,0,0,1,0,0,0,1.0,0.0,0.0,0.0,0.0,0.0,0.0,0.0,0.0,0.0,0.0,0.0,0.0,0.0,0.0,0.0,0.0,1.0,1.0,0.0,0.0,1.0,0.0,0.0,0.0,0.0,0.0
36,43108.4,3362.3667,113.0,0.0,3.0,6.0,8.0,0.0,24.0,14.0,11.49,4.0,905.03,36.02841,48.43454,537.8021,0,0,0,0,0,1,0,0,0,0,1.0,0.0,0.0,0.0,0.0,0.0,0.0,0.0,0.0,0.0,0.0,0.0,0.0,0.0,0.0,0.0,1.0,0.0,1.0,0.0,0.0,1.0,0.0,0.0,0.0,0.0,2.0
28,31316.47,2510.7058,73.0,30.82198,0.0,2.0,6.0,2.0,13.0,5.0,5.44,1.0,800.89,32.478115,298.58368,211.66493,0,0,0,0,0,0,0,1,1,0,1.0,0.0,0.0,0.0,0.0,0.0,0.0,0.0,0.0,0.0,0.0,0.0,0.0,0.0,0.0,0.0,1.0,0.0,1.0,0.0,0.0,0.0,0.0,0.0,1.0,0.0,2.0
53,30958.06,2758.8384,120.0,53.963512,4.0,5.0,2.0,3.0,13.0,6.0,3.27,1.0,643.02,38.70299,53.925568,407.99475,1,0,0,0,0,0,1,0,0,0,0.0,0.0,0.0,0.0,0.0,0.0,1.0,0.0,0.0,0.0,0.0,0.0,0.0,0.0,0.0,0.0,1.0,0.0,1.0,0.0,1.0,0.0,0.0,0.0,0.0,0.0,2.0
19,12416.06,1171.6716,36.0,0.0,7.0,5.0,20.0,0.0,19.0,15.0,10.1,7.0,899.73,36.113205,133.00359,274.16357,0,0,0,0,0,1,0,0,0,0,0.0,0.0,0.0,0.0,0.0,0.0,0.0,0.0,0.0,0.0,0.0,0.0,0.0,1.0,0.0,0.0,0.0,1.0,0.0,1.0,0.0,0.0,0.0,0.0,0.0,1.0,1.0
29,33900.04,2776.0034,82.0,57.14006,6.0,5.0,12.0,3.0,17.0,20.0,16.38,5.0,593.26,34.12262,51.842194,408.61807,0,0,1,0,1,0,0,0,1,0,0.0,0.0,0.0,0.0,0.0,0.0,0.0,0.0,0.0,1.0,0.0,0.0,0.0,0.0,0.0,0.0,0.0,1.0,0.0,1.0,1.0,0.0,0.0,0.0,0.0,0.0,1.0
47,19339.08,1729.59,103.0,28.49895,0.0,3.0,11.0,2.0,15.0,8.0,8.64,0.0,150.14,32.517372,57.035366,337.42468,0,0,0,0,0,0,1,0,0,1,0.0,0.0,0.0,0.0,1.0,0.0,0.0,0.0,0.0,0.0,0.0,0.0,0.0,0.0,0.0,0.0,1.0,0.0,1.0,0.0,0.0,1.0,0.0,0.0,0.0,0.0,1.0
37,41131.36,3589.6133,90.0,105.0552,4.0,6.0,1.0,4.0,8.0,11.0,7.75,5.0,499.67,26.325792,123.82354,380.08258,0,1,1,0,0,0,0,0,1,0,0.0,1.0,0.0,0.0,0.0,0.0,0.0,0.0,0.0,0.0,0.0,0.0,0.0,0.0,0.0,0.0,1.0,0.0,1.0,0.0,0.0,1.0,0.0,0.0,0.0,0.0,2.0
28,35511.53,3154.2942,100.0,69.96656,6.0,4.0,20.0,3.0,7.0,17.0,14.09,0.0,1109.03,31.463177,158.31757,347.1453,0,1,1,0,0,0,0,0,1,0,0.0,1.0,0.0,0.0,0.0,0.0,0.0,0.0,0.0,0.0,0.0,0.0,0.0,0.0,0.0,0.0,0.0,1.0,0.0,1.0,0.0,0.0,1.0,0.0,0.0,0.0,1.0
48,33388.1,2599.3416,80.0,0.0,6.0,4.0,8.0,0.0,24.0,13.0,9.51,2.0,589.89,39.688267,141.86406,408.0701,0,0,0,0,0,1,0,0,0,0,0.0,0.0,0.0,0.0,0.0,0.0,0.0,0.0,0.0,0.0,0.0,1.0,0.0,0.0,0.0,0.0,0.0,1.0,0.0,1.0,0.0,0.0,0.0,0.0,0.0,1.0,1.0
37,65671.98,5191.665,89.0,30.13135,1.0,4.0,2.0,1.0,15.0,1.0,11.01,3.0,1463.48,38.561634,121.43807,617.5971,0,1,0,0,0,0,0,0,0,0,0.0,0.0,0.0,1.0,0.0,0.0,0.0,0.0,0.0,0.0,0.0,0.0,0.0,0.0,0.0,0.0,1.0,0.0,1.0,0.0,0.0,1.0,0.0,0.0,0.0,0.0,2.0
40,60015.0,5064.25,66.0,75.68353,7.0,7.0,24.0,2.0,14.0,18.0,11.41,7.0,2461.7,30.75233,41.135323,629.60614,0,0,1,1,0,0,0,0,0,0,1.0,0.0,0.0,0.0,0.0,0.0,0.0,0.0,0.0,0.0,0.0,0.0,0.0,0.0,0.0,0.0,0.0,1.0,0.0,1.0,1.0,0.0,0.0,0.0,0.0,0.0,0.0
36,38978.06,3306.1716,132.0,79.45093,6.0,7.0,11.0,3.0,29.0,8.0,10.53,1.0,894.15,36.795135,271.48328,269.68295,0,1,0,0,0,0,0,0,0,1,0.0,0.0,0.0,0.0,0.0,0.0,0.0,0.0,0.0,0.0,0.0,0.0,0.0,1.0,0.0,0.0,0.0,1.0,1.0,0.0,0.0,0.0,0.0,0.0,0.0,1.0,1.0
49,37691.17,3321.931,86.0,0.0,4.0,4.0,5.0,0.0,6.0,6.0,8.56,3.0,209.34,39.46052,47.022137,525.17096,0,0,0,0,0,1,0,0,0,0,0.0,0.0,0.0,0.0,0.0,0.0,0.0,1.0,0.0,0.0,0.0,0.0,0.0,0.0,0.0,0.0,1.0,0.0,1.0,0.0,1.0,0.0,0.0,0.0,0.0,0.0,2.0
22,26760.95,2254.079,78.0,34.266396,4.0,4.0,9.0,2.0,5.0,13.0,6.31,3.0,244.29,30.779251,55.492264,405.64926,0,0,0,1,1,0,0,0,0,0,0.0,0.0,0.0,0.0,0.0,0.0,0.0,0.0,1.0,0.0,0.0,0.0,0.0,0.0,0.0,0.0,0.0,1.0,0.0,1.0,0.0,0.0,0.0,1.0,0.0,0.0,1.0
46,56830.82,4618.902,115.0,92.50592,3.0,7.0,5.0,3.0,14.0,12.0,3.03,4.0,140.59,30.680346,193.95056,425.4337,1,1,0,0,1,0,0,0,0,0,0.0,0.0,0.0,0.0,0.0,0.0,0.0,0.0,1.0,0.0,0.0,0.0,0.0,0.0,0.0,0.0,1.0,0.0,1.0,0.0,0.0,1.0,0.0,0.0,0.0,0.0,2.0
22,55188.52,4876.0435,94.0,0.0,5.0,4.0,8.0,0.0,28.0,16.0,5.84,4.0,299.91,37.474716,131.39049,606.21387,0,0,0,0,0,1,0,0,0,0,0.0,1.0,0.0,0.0,0.0,0.0,0.0,0.0,0.0,0.0,0.0,0.0,0.0,0.0,0.0,0.0,0.0,1.0,1.0,0.0,0.0,1.0,0.0,0.0,0.0,0.0,1.0
35,54525.94,4655.828,94.0,131.08037,3.0,5.0,10.0,4.0,6.0,9.0,11.02,8.0,157.1,30.363588,378.8502,245.65227,0,0,1,1,1,0,1,0,0,0,0.0,0.0,0.0,0.0,0.0,0.0,0.0,1.0,0.0,0.0,0.0,0.0,0.0,0.0,0.0,0.0,0.0,1.0,0.0,1.0,0.0,0.0,0.0,0.0,0.0,1.0,1.0
43,78186.56,6540.547,95.0,60.771736,0.0,4.0,6.0,1.0,8.0,0.0,8.43,4.0,328.44,31.595732,342.04608,531.2368,0,0,0,0,0,0,1,0,0,0,0.0,0.0,0.0,0.0,0.0,0.0,0.0,0.0,0.0,0.0,0.0,1.0,0.0,0.0,0.0,0.0,1.0,0.0,1.0,0.0,0.0,0.0,0.0,0.0,1.0,0.0,1.0
21,26454.21,2200.5176,70.0,86.98733,7.0,4.0,8.0,4.0,14.0,10.0,16.66,6.0,32.11,24.969418,134.6971,258.3673,1,1,1,0,0,0,0,0,0,1,0.0,0.0,0.0,0.0,0.0,0.0,0.0,0.0,1.0,0.0,0.0,0.0,0.0,0.0,0.0,0.0,0.0,1.0,0.0,1.0,0.0,0.0,1.0,0.0,0.0,0.0,2.0
37,65630.66,5341.2217,133.0,84.125984,4.0,3.0,7.0,3.0,9.0,8.0,4.84,2.0,1450.15,37.566936,398.023,331.97318,1,0,0,0,0,0,0,1,0,0,0.0,0.0,0.0,0.0,0.0,0.0,0.0,0.0,0.0,0.0,0.0,1.0,0.0,0.0,0.0,0.0,0.0,1.0,0.0,1.0,0.0,0.0,0.0,0.0,1.0,0.0,1.0
32,35589.97,2794.8308,64.0,98.23221,4.0,6.0,14.0,4.0,6.0,13.0,19.4,8.0,1484.18,33.087627,259.53467,191.7162,0,1,0,1,1,0,0,0,1,0,0.0,0.0,0.0,0.0,0.0,0.0,0.0,0.0,0.0,0.0,0.0,0.0,1.0,0.0,0.0,0.0,0.0,1.0,0.0,1.0,0.0,0.0,0.0,1.0,0.0,0.0,1.0
56,69388.26,5543.355,88.0,0.0,2.0,4.0,6.0,0.0,6.0,1.0,9.16,2.0,819.98,41.92218,245.35474,598.9808,0,0,0,0,0,1,0,0,0,0,0.0,0.0,0.0,0.0,0.0,0.0,0.0,0.0,0.0,1.0,0.0,0.0,0.0,0.0,0.0,0.0,1.0,0.0,1.0,0.0,0.0,0.0,0.0,0.0,0.0,1.0,0.0
35,33089.51,3019.4592,116.0,15.654129,4.0,3.0,10.0,1.0,19.0,7.0,9.32,4.0,557.02,26.52148,267.50034,298.79144,0,0,0,0,0,0,1,0,0,0,0.0,0.0,0.0,0.0,0.0,0.0,0.0,0.0,0.0,0.0,0.0,0.0,0.0,1.0,0.0,0.0,0.0,1.0,0.0,1.0,0.0,0.0,0.0,0.0,1.0,0.0,1.0
40,40430.92,3489.2434,34.0,256.84235,6.0,8.0,15.0,9.0,34.0,24.0,4.85,14.0,1783.53,32.400726,457.8916,199.05357,0,0,1,1,1,0,1,0,1,0,0.0,0.0,0.0,0.0,1.0,0.0,0.0,0.0,0.0,0.0,0.0,0.0,0.0,0.0,0.0,1.0,0.0,0.0,0.0,1.0,0.0,0.0,0.0,0.0,0.0,1.0,0.0
21,41922.4,3564.5334,68.0,197.19562,8.0,6.0,19.0,7.0,4.0,15.0,14.75,12.0,2590.98,31.007523,75.00442,334.2533,1,1,1,1,1,0,0,0,0,0,0.0,0.0,0.0,0.0,0.0,1.0,0.0,0.0,0.0,0.0,0.0,0.0,0.0,0.0,0.0,0.0,0.0,1.0,0.0,1.0,0.0,1.0,0.0,0.0,0.0,0.0,1.0
26,35180.42,2695.7017,105.0,44.607162,5.0,7.0,12.0,2.0,16.0,0.0,7.2,2.0,33.8,27.655308,158.41324,346.54977,0,0,0,0,1,0,0,0,0,0,0.0,0.0,0.0,0.0,0.0,0.0,0.0,0.0,0.0,0.0,1.0,0.0,0.0,0.0,0.0,0.0,1.0,0.0,1.0,0.0,0.0,0.0,0.0,0.0,1.0,0.0,0.0
32,31417.15,2664.096,90.0,64.18962,3.0,6.0,18.0,3.0,26.0,7.0,17.26,0.0,362.31,35.96198,91.69883,360.52112,0,0,0,1,0,0,1,1,0,0,0.0,0.0,0.0,0.0,0.0,0.0,0.0,0.0,1.0,0.0,0.0,0.0,0.0,0.0,0.0,0.0,0.0,1.0,0.0,1.0,0.0,1.0,0.0,0.0,0.0,0.0,1.0
30,21487.836,1602.653,105.0,41.006382,1.0,2.0,6.0,3.0,14.0,12.0,2.93,3.0,425.9,27.892473,76.14478,313.11414,0,0,0,1,0,0,1,0,0,1,0.0,0.0,0.0,0.0,0.0,0.0,0.0,0.0,1.0,0.0,0.0,0.0,0.0,0.0,0.0,0.0,1.0,0.0,1.0,0.0,0.0,0.0,0.0,1.0,0.0,0.0,2.0
51,24749.2,2142.4333,138.0,12.428472,4.0,4.0,19.0,1.0,29.0,10.0,2.41,9.0,1188.44,36.82839,143.15446,348.6604,0,0,0,0,0,0,1,0,0,0,0.0,0.0,0.0,0.0,0.0,0.0,0.0,0.0,1.0,0.0,0.0,0.0,0.0,0.0,0.0,0.0,0.0,1.0,1.0,0.0,0.0,0.0,0.0,0.0,0.0,1.0,1.0
29,15714.98,1228.5817,32.0,67.127914,10.0,7.0,16.0,9.0,21.0,18.0,0.98,7.0,1874.48,32.21259,115.80361,229.92664,1,0,1,0,0,0,1,1,0,0,1.0,0.0,0.0,0.0,0.0,0.0,0.0,0.0,0.0,0.0,0.0,0.0,0.0,0.0,0.0,1.0,0.0,0.0,0.0,1.0,0.0,0.0,0.0,0.0,0.0,1.0,0.0
31,17517.55,1293.7958,61.0,0.0,8.0,7.0,4.0,0.0,8.0,17.0,10.07,1.0,1321.23,26.506344,60.723637,358.65594,0,0,0,0,0,1,0,0,0,0,0.0,0.0,0.0,0.0,0.0,0.0,1.0,0.0,0.0,0.0,0.0,0.0,0.0,0.0,0.0,0.0,1.0,0.0,1.0,0.0,0.0,0.0,0.0,0.0,0.0,1.0,2.0
20,45941.28,4006.44,114.0,80.89486,6.0,4.0,4.0,3.0,28.0,19.0,1.57,7.0,1279.96,23.104908,197.19344,382.5557,0,1,0,0,1,0,0,0,1,0,0.0,0.0,0.0,0.0,0.0,0.0,0.0,0.0,0.0,0.0,1.0,0.0,0.0,0.0,0.0,0.0,1.0,0.0,1.0,0.0,0.0,0.0,1.0,0.0,0.0,0.0,1.0
30,12860.845,966.73706,116.0,0.0,3.0,7.0,8.0,0.0,20.0,17.0,10.55,4.0,209.28,34.903896,88.03491,278.6388,0,0,0,0,0,1,0,0,0,0,0.0,0.0,0.0,0.0,1.0,0.0,0.0,0.0,0.0,0.0,0.0,0.0,0.0,0.0,0.0,0.0,0.0,1.0,1.0,0.0,0.0,0.0,0.0,1.0,0.0,0.0,1.0
30,10360.915,962.4096,53.0,17.548227,6.0,5.0,29.0,3.0,24.0,24.0,9.3,9.0,1781.61,35.250366,64.034744,304.658,0,0,0,1,0,0,1,0,1,0,0.0,0.0,0.0,0.0,0.0,1.0,0.0,0.0,0.0,0.0,0.0,0.0,0.0,0.0,0.0,1.0,0.0,0.0,0.0,1.0,0.0,0.0,0.0,0.0,0.0,1.0,1.0
26,20821.8,2010.15,112.0,21.189697,5.0,6.0,9.0,2.0,30.0,9.0,2.23,4.0,1485.97,37.174263,84.6385,247.8316,0,1,0,0,0,0,0,1,0,0,0.0,0.0,0.0,0.0,0.0,0.0,0.0,1.0,0.0,0.0,0.0,0.0,0.0,0.0,0.0,0.0,1.0,0.0,1.0,0.0,0.0,0.0,0.0,0.0,0.0,1.0,0.0
39,34126.19,2619.849,51.0,50.6471,5.0,7.0,10.0,3.0,6.0,14.0,14.51,6.0,963.43,29.474789,50.223316,421.1145,1,0,0,0,0,0,0,0,1,0,0.0,0.0,0.0,0.0,0.0,0.0,0.0,0.0,0.0,0.0,0.0,0.0,0.0,0.0,1.0,0.0,0.0,1.0,0.0,1.0,0.0,0.0,1.0,0.0,0.0,0.0,1.0
25,7517.97,447.4975,79.0,36.79551,6.0,9.0,31.0,6.0,7.0,15.0,11.31,8.0,1504.72,28.965923,40.988552,256.9657,1,1,1,0,1,0,0,0,1,0,0.0,0.0,0.0,0.0,0.0,0.0,0.0,0.0,0.0,1.0,0.0,0.0,0.0,0.0,0.0,0.0,0.0,1.0,0.0,1.0,0.0,0.0,0.0,0.0,0.0,1.0,0.0
18,19852.64,1811.4924,72.0,141.6591,5.0,4.0,18.0,2.0,35.0,11.0,18.92,8.0,1355.63,38.505173,77.86467,372.50916,0,0,0,0,0,0,0,0,1,1,0.0,0.0,0.0,0.0,0.0,0.0,0.0,0.0,0.0,0.0,0.0,0.0,0.0,1.0,0.0,0.0,0.0,1.0,0.0,1.0,0.0,0.0,0.0,0.0,0.0,1.0,0.0
23,19899.64,1759.3033,116.0,17.125813,5.0,3.0,6.0,2.0,0.0,8.0,1.85,4.0,714.58,24.324863,98.90594,329.8986,1,0,0,0,0,0,0,0,0,1,0.0,0.0,1.0,0.0,0.0,0.0,0.0,0.0,0.0,0.0,0.0,0.0,0.0,0.0,0.0,0.0,1.0,0.0,1.0,0.0,0.0,0.0,0.0,1.0,0.0,0.0,0.0
41,79367.94,6535.995,94.0,0.0,3.0,4.0,9.0,0.0,6.0,17.0,15.33,4.0,1137.41,41.399067,199.8506,713.7489,0,0,0,0,0,1,0,0,0,0,0.0,0.0,0.0,0.0,0.0,0.0,0.0,1.0,0.0,0.0,0.0,0.0,0.0,0.0,0.0,0.0,0.0,1.0,0.0,1.0,0.0,0.0,1.0,0.0,0.0,0.0,1.0
37,41131.36,3589.6133,84.0,105.0552,4.0,6.0,1.0,4.0,11.0,8.0,7.75,4.0,499.67,38.256416,43.52454,450.3816,0,1,1,0,0,0,0,0,1,0,0.0,1.0,0.0,0.0,0.0,0.0,0.0,0.0,0.0,0.0,0.0,0.0,0.0,0.0,0.0,0.0,1.0,0.0,1.0,0.0,1.0,0.0,0.0,0.0,0.0,0.0,2.0
31,10457.88,688.49,53.0,68.54845,6.0,8.0,29.0,8.0,35.0,16.0,6.9,6.0,1286.8,35.06675,10.638229,229.66232,1,1,0,1,0,0,1,1,1,1,0.0,0.0,0.0,0.0,0.0,0.0,0.0,0.0,0.0,0.0,1.0,0.0,0.0,0.0,0.0,1.0,0.0,0.0,0.0,1.0,1.0,0.0,0.0,0.0,0.0,0.0,0.0
44,24693.09,2256.7576,127.0,46.784637,4.0,5.0,5.0,3.0,11.0,14.0,8.34,0.0,251.4,34.178505,18.454176,400.43692,0,1,0,1,0,0,0,0,1,0,1.0,0.0,0.0,0.0,0.0,0.0,0.0,0.0,0.0,0.0,0.0,0.0,0.0,0.0,0.0,0.0,0.0,1.0,0.0,1.0,1.0,0.0,0.0,0.0,0.0,0.0,1.0
20,28187.35,2201.9458,70.0,83.61723,6.0,5.0,12.0,4.0,8.0,13.0,10.09,4.0,321.76,29.456663,60.950718,335.62665,1,0,0,1,0,0,0,0,0,0,0.0,0.0,0.0,0.0,0.0,0.0,0.0,0.0,0.0,0.0,0.0,0.0,1.0,0.0,0.0,0.0,0.0,1.0,0.0,1.0,0.0,0.0,1.0,0.0,0.0,0.0,1.0
20,41543.64,3620.97,62.0,53.274624,8.0,5.0,21.0,3.0,17.0,19.0,16.56,13.0,2638.03,34.016712,143.34773,334.3252,0,0,0,0,0,0,1,1,1,0,0.0,0.0,0.0,1.0,0.0,0.0,0.0,0.0,0.0,0.0,0.0,0.0,0.0,0.0,0.0,0.0,0.0,1.0,0.0,1.0,0.0,0.0,0.0,1.0,0.0,0.0,0.0
54,33476.83,2534.7358,114.0,0.0,4.0,1.0,7.0,0.0,13.0,10.0,3.26,6.0,1274.12,35.43904,27.989056,475.48453,0,0,0,0,0,1,0,0,0,0,1.0,0.0,0.0,0.0,0.0,0.0,0.0,0.0,0.0,0.0,0.0,0.0,0.0,0.0,0.0,0.0,1.0,0.0,1.0,0.0,0.0,1.0,0.0,0.0,0.0,0.0,2.0
42,18008.65,1601.7208,106.0,39.19348,3.0,4.0,8.0,3.0,21.0,7.0,0.71,4.0,794.29,25.363815,199.71935,211.25926,1,0,0,0,0,0,1,0,0,0,0.0,0.0,0.0,1.0,0.0,0.0,0.0,0.0,0.0,0.0,0.0,0.0,0.0,0.0,0.0,0.0,0.0,1.0,1.0,0.0,0.0,0.0,0.0,0.0,0.0,1.0,1.0
50,12382.94,1061.9116,117.0,20.80195,4.0,3.0,10.0,3.0,25.0,15.0,18.06,2.0,407.8,35.918606,122.76592,314.52103,0,1,1,0,1,0,0,0,0,0,0.0,0.0,1.0,0.0,0.0,0.0,0.0,0.0,0.0,0.0,0.0,0.0,0.0,0.0,0.0,0.0,0.0,1.0,0.0,1.0,0.0,0.0,0.0,0.0,0.0,1.0,1.0
24,69740.96,5926.7466,82.0,78.454056,5.0,1.0,9.0,2.0,3.0,4.0,10.24,0.0,894.04,32.919086,413.8621,370.3585,0,0,0,0,0,0,1,0,1,0,0.0,0.0,0.0,0.0,0.0,0.0,0.0,0.0,0.0,0.0,0.0,0.0,0.0,0.0,1.0,0.0,1.0,0.0,1.0,0.0,0.0,0.0,0.0,1.0,0.0,0.0,1.0
19,29741.12,2151.7024,72.0,253.24652,8.0,5.0,31.0,5.0,18.0,11.0,7.56,7.0,1284.84,31.214169,278.6609,145.65956,1,1,0,1,0,0,0,0,0,1,0.0,0.0,0.0,0.0,0.0,0.0,0.0,0.0,0.0,0.0,1.0,0.0,0.0,0.0,0.0,0.0,0.0,1.0,0.0,1.0,0.0,0.0,0.0,0.0,0.0,1.0,1.0
38,29943.55,2432.296,115.0,62.416374,4.0,5.0,6.0,3.0,4.0,4.0,11.1,3.0,348.19,24.398052,168.96782,271.8454,0,0,1,0,0,0,1,0,1,0,1.0,0.0,0.0,0.0,0.0,0.0,0.0,0.0,0.0,0.0,0.0,0.0,0.0,0.0,0.0,0.0,1.0,0.0,1.0,0.0,0.0,0.0,1.0,0.0,0.0,0.0,1.0
45,33588.38,2623.0317,110.0,51.64483,2.0,1.0,12.0,2.0,0.0,11.0,8.24,4.0,891.61,39.040573,162.22772,308.43063,0,0,0,0,1,0,0,1,0,0,0.0,0.0,0.0,0.0,0.0,0.0,0.0,0.0,0.0,0.0,1.0,0.0,0.0,0.0,0.0,0.0,1.0,0.0,1.0,0.0,0.0,0.0,1.0,0.0,0.0,0.0,2.0
18,9092.87,477.73917,33.0,30.733498,6.0,6.0,16.0,5.0,11.0,17.0,15.8,8.0,2216.91,40.78161,46.07059,250.96983,1,1,0,1,1,0,1,0,0,0,0.0,0.0,0.0,0.0,0.0,0.0,1.0,0.0,0.0,0.0,0.0,0.0,0.0,0.0,0.0,0.0,0.0,1.0,0.0,1.0,0.0,0.0,1.0,0.0,0.0,0.0,2.0
18,81935.42,6867.9517,86.0,66.45771,5.0,4.0,9.0,1.0,5.0,12.0,10.36,2.0,625.32,41.255825,159.19905,701.1384,0,0,0,1,0,0,0,0,0,0,0.0,0.0,0.0,0.0,0.0,1.0,0.0,0.0,0.0,0.0,0.0,0.0,0.0,0.0,0.0,0.0,1.0,0.0,1.0,0.0,1.0,0.0,0.0,0.0,0.0,0.0,0.0
50,38217.6,3204.8,94.0,57.881718,6.0,6.0,13.0,2.0,17.0,16.0,6.29,5.0,448.54,28.137821,365.0869,187.51137,1,0,0,0,0,0,1,0,0,0,0.0,0.0,0.0,1.0,0.0,0.0,0.0,0.0,0.0,0.0,0.0,0.0,0.0,0.0,0.0,0.0,0.0,1.0,1.0,0.0,0.0,0.0,0.0,0.0,0.0,1.0,1.0
45,63093.32,5212.777,36.0,120.85044,4.0,3.0,7.0,3.0,18.0,15.0,11.71,6.0,1441.44,37.223938,486.9435,203.48373,0,1,1,0,0,0,0,0,0,1,0.0,0.0,0.0,0.0,0.0,0.0,0.0,0.0,0.0,1.0,0.0,0.0,0.0,0.0,0.0,0.0,0.0,1.0,0.0,1.0,0.0,0.0,0.0,0.0,0.0,1.0,1.0
42,52384.83,4238.4023,34.0,265.51672,9.0,5.0,20.0,7.0,50.0,15.0,21.29,9.0,1533.79,28.353575,171.055,247.26852,1,1,0,0,1,0,0,0,1,1,0.0,0.0,0.0,0.0,0.0,0.0,0.0,0.0,0.0,0.0,0.0,0.0,0.0,0.0,1.0,0.0,0.0,1.0,0.0,1.0,0.0,0.0,1.0,0.0,0.0,0.0,0.0
42,30528.52,2269.0432,87.0,15.557322,4.0,2.0,6.0,1.0,3.0,10.0,7.26,4.0,3.68,38.203167,188.06091,293.2861,1,0,0,0,0,0,0,0,0,0,0.0,0.0,0.0,0.0,1.0,0.0,0.0,0.0,0.0,0.0,0.0,0.0,0.0,0.0,0.0,0.0,1.0,0.0,1.0,0.0,0.0,0.0,0.0,1.0,0.0,0.0,2.0
20,7189.54,332.12833,70.0,34.072014,3.0,5.0,20.0,7.0,9.0,13.0,16.79,7.0,1997.66,35.48354,31.011097,248.12971,1,1,0,1,0,0,0,1,0,1,0.0,0.0,0.0,0.0,1.0,0.0,0.0,0.0,0.0,0.0,0.0,0.0,0.0,0.0,0.0,0.0,0.0,1.0,0.0,1.0,0.0,0.0,0.0,0.0,1.0,0.0,1.0
45,37612.54,3145.3784,123.0,124.73438,5.0,4.0,11.0,4.0,2.0,0.0,1.72,1.0,15.81,35.58005,161.00685,318.7966,0,1,0,0,0,0,1,1,0,0,0.0,0.0,0.0,0.0,0.0,1.0,0.0,0.0,0.0,0.0,0.0,0.0,0.0,0.0,0.0,0.0,1.0,0.0,1.0,0.0,0.0,0.0,0.0,0.0,0.0,1.0,2.0
24,20060.93,1806.7441,38.0,48.56473,7.0,6.0,14.0,5.0,21.0,15.0,17.21,7.0,1445.82,24.358667,72.51145,309.59824,1,0,0,0,0,0,1,0,1,1,0.0,0.0,0.0,0.0,0.0,0.0,0.0,0.0,0.0,1.0,0.0,0.0,0.0,0.0,0.0,0.0,0.0,1.0,0.0,1.0,0.0,1.0,0.0,0.0,0.0,0.0,1.0
26,34767.12,2737.26,86.0,146.48738,3.0,6.0,14.0,6.0,16.0,14.0,8.79,6.0,2084.72,36.07193,61.31023,325.92838,0,0,1,0,0,0,1,1,0,0,0.0,0.0,0.0,0.0,0.0,0.0,0.0,0.0,0.0,0.0,0.0,1.0,0.0,0.0,0.0,0.0,0.0,1.0,0.0,1.0,0.0,0.0,1.0,0.0,0.0,0.0,0.0
34,35755.69,2775.6409,92.0,26.446878,8.0,3.0,1.0,1.0,28.0,20.0,1.16,2.0,198.29,37.811153,74.58488,433.46994,0,0,0,0,0,0,0,0,1,0,0.0,0.0,1.0,0.0,0.0,0.0,0.0,0.0,0.0,0.0,0.0,0.0,0.0,0.0,0.0,0.0,1.0,0.0,1.0,0.0,0.0,1.0,0.0,0.0,0.0,0.0,1.0
28,34392.44,2703.0366,53.0,80.04324,9.0,6.0,30.0,3.0,31.0,19.0,22.84,10.0,2405.43,30.5,67.186356,383.07407,1,1,0,0,0,0,0,1,0,0,1.0,0.0,0.0,0.0,0.0,0.0,0.0,0.0,0.0,0.0,0.0,0.0,0.0,0.0,0.0,0.0,0.0,1.0,0.0,1.0,0.0,0.0,1.0,0.0,0.0,0.0,0.0
47,35171.34,2865.945,131.0,0.0,1.0,3.0,3.0,0.0,14.0,9.0,0.75,0.0,754.93,34.0745,118.5402,448.0543,0,0,0,0,0,1,0,0,0,0,0.0,0.0,0.0,1.0,0.0,0.0,0.0,0.0,0.0,0.0,0.0,0.0,0.0,0.0,0.0,0.0,1.0,0.0,1.0,0.0,0.0,0.0,0.0,0.0,1.0,0.0,1.0
27,24418.33,2304.8608,102.0,27.864283,6.0,6.0,10.0,2.0,23.0,13.0,16.92,3.0,726.39,25.991175,106.34795,386.27383,0,0,0,0,0,0,1,0,1,0,1.0,0.0,0.0,0.0,0.0,0.0,0.0,0.0,0.0,0.0,0.0,0.0,0.0,0.0,0.0,0.0,0.0,1.0,0.0,1.0,0.0,0.0,0.0,0.0,0.0,1.0,0.0
37,75605.82,6507.485,105.0,0.0,0.0,3.0,4.0,0.0,6.0,2.0,2.06,7.0,131.13,29.30038,165.85895,724.8896,0,0,0,0,0,1,0,0,0,0,0.0,0.0,0.0,0.0,0.0,0.0,0.0,0.0,0.0,0.0,0.0,1.0,0.0,0.0,0.0,0.0,1.0,0.0,1.0,0.0,1.0,0.0,0.0,0.0,0.0,0.0,2.0
41,58644.12,5014.01,79.0,60.874832,6.0,5.0,21.0,2.0,29.0,15.0,14.5,7.0,2160.81,38.1361,413.9702,107.71576,0,1,0,0,0,0,0,0,0,0,1.0,0.0,0.0,0.0,0.0,0.0,0.0,0.0,0.0,0.0,0.0,0.0,0.0,0.0,0.0,1.0,0.0,0.0,0.0,1.0,0.0,0.0,0.0,0.0,0.0,1.0,0.0
22,18372.22,1486.0183,80.0,54.34723,5.0,5.0,8.0,6.0,20.0,12.0,7.01,4.0,1517.44,33.758972,89.06323,265.19138,0,0,0,1,0,0,0,1,0,1,0.0,0.0,0.0,0.0,0.0,0.0,0.0,0.0,0.0,0.0,0.0,0.0,0.0,0.0,1.0,0.0,0.0,1.0,0.0,1.0,0.0,0.0,1.0,0.0,0.0,0.0,1.0
44,28840.47,2466.3726,122.0,0.0,7.0,7.0,15.0,0.0,9.0,9.0,16.45,0.0,196.82,39.72515,169.26695,337.3703,0,0,0,0,0,1,0,0,0,0,0.0,1.0,0.0,0.0,0.0,0.0,0.0,0.0,0.0,0.0,0.0,0.0,0.0,0.0,0.0,0.0,0.0,1.0,0.0,1.0,0.0,0.0,1.0,0.0,0.0,0.0,1.0
31,15528.29,1340.0242,32.0,66.42616,7.0,8.0,21.0,7.0,22.0,16.0,15.69,10.0,3025.44,29.04988,73.57808,273.1948,0,0,0,1,1,0,1,1,0,1,0.0,0.0,0.0,0.0,0.0,1.0,0.0,0.0,0.0,0.0,0.0,0.0,0.0,0.0,0.0,1.0,0.0,0.0,0.0,1.0,0.0,0.0,0.0,0.0,1.0,0.0,0.0
35,19194.75,1870.5625,36.0,28.386854,6.0,8.0,23.0,2.0,17.0,19.0,-4.95,6.0,2456.95,28.392996,46.814404,351.85498,0,1,0,0,0,0,0,0,1,0,0.0,0.0,0.0,0.0,0.0,0.0,0.0,0.0,0.0,1.0,0.0,0.0,0.0,0.0,0.0,1.0,0.0,0.0,0.0,1.0,1.0,0.0,0.0,0.0,0.0,0.0,0.0
38,97826.07,8406.173,26.0,295.68118,5.0,3.0,15.0,4.0,12.0,12.0,15.97,4.0,395.61,32.497288,56.05204,728.88403,0,1,0,1,1,0,0,1,0,0,0.0,0.0,0.0,0.0,0.0,1.0,0.0,0.0,0.0,0.0,0.0,0.0,0.0,0.0,0.0,0.0,0.0,1.0,0.0,1.0,1.0,0.0,0.0,0.0,0.0,0.0,1.0
42,8835.54,706.295,30.0,40.038258,4.0,6.0,29.0,7.0,6.0,14.0,14.33,8.0,1961.73,39.377464,20.166382,290.42487,1,0,0,1,1,0,1,0,0,1,0.0,0.0,0.0,1.0,0.0,0.0,0.0,0.0,0.0,0.0,0.0,0.0,0.0,0.0,0.0,0.0,0.0,1.0,0.0,1.0,0.0,0.0,0.0,0.0,1.0,0.0,0.0
45,48610.06,4238.8384,52.0,74.05979,5.0,4.0,10.0,3.0,15.0,19.0,7.27,6.0,1175.65,28.356081,74.63446,515.1896,0,0,0,1,0,0,0,1,1,0,0.0,0.0,1.0,0.0,0.0,0.0,0.0,0.0,0.0,0.0,0.0,0.0,0.0,0.0,0.0,0.0,0.0,1.0,0.0,1.0,1.0,0.0,0.0,0.0,0.0,0.0,1.0
19,72690.14,6129.5117,130.0,235.22968,4.0,5.0,18.0,4.0,28.0,13.0,14.91,2.0,37.07,25.475372,337.36478,320.35672,1,0,0,1,0,0,0,0,0,0,0.0,0.0,0.0,0.0,0.0,0.0,0.0,0.0,0.0,0.0,0.0,0.0,0.0,1.0,0.0,0.0,0.0,1.0,0.0,1.0,0.0,0.0,0.0,0.0,1.0,0.0,1.0
42,20170.75,1930.8959,25.0,20.949162,10.0,5.0,25.0,2.0,43.0,11.0,10.14,8.0,1854.76,29.689608,72.350845,389.78958,0,1,0,0,0,0,0,1,0,0,0.0,0.0,0.0,0.0,0.0,0.0,1.0,0.0,0.0,0.0,0.0,0.0,0.0,0.0,0.0,0.0,0.0,1.0,0.0,1.0,0.0,0.0,0.0,0.0,0.0,1.0,0.0
53,15480.03,1228.0024,111.0,0.0,5.0,5.0,8.0,0.0,9.0,0.0,1.63,1.0,928.78,26.354237,36.95494,345.8453,0,0,0,0,0,1,0,0,0,0,0.0,0.0,0.0,0.0,0.0,0.0,0.0,0.0,1.0,0.0,0.0,0.0,0.0,0.0,0.0,0.0,1.0,0.0,1.0,0.0,0.0,0.0,1.0,0.0,0.0,0.0,0.0
45,17458.44,1446.87,34.0,66.40302,9.0,9.0,15.0,6.0,18.0,20.0,1.35,8.0,2816.06,29.440294,79.68101,242.95042,0,1,1,0,0,0,1,0,0,1,0.0,0.0,0.0,1.0,0.0,0.0,0.0,0.0,0.0,0.0,0.0,0.0,0.0,0.0,0.0,1.0,0.0,0.0,0.0,1.0,0.0,0.0,0.0,0.0,0.0,1.0,0.0
27,28385.62,2500.4683,73.0,88.631256,4.0,6.0,10.0,7.0,6.0,7.0,7.48,7.0,64.65,38.708694,260.55463,190.86095,0,0,1,1,0,0,1,1,0,1,0.0,0.0,0.0,1.0,0.0,0.0,0.0,0.0,0.0,0.0,0.0,0.0,0.0,0.0,0.0,0.0,0.0,1.0,0.0,1.0,0.0,0.0,0.0,0.0,0.0,1.0,0.0
32,58382.0,4808.1665,48.0,241.3204,6.0,7.0,32.0,5.0,23.0,15.0,10.23,15.0,1962.19,26.836622,311.29462,218.20163,0,0,1,0,0,0,1,1,0,1,1.0,0.0,0.0,0.0,0.0,0.0,0.0,0.0,0.0,0.0,0.0,0.0,0.0,0.0,0.0,0.0,0.0,1.0,0.0,1.0,0.0,0.0,0.0,0.0,0.0,1.0,0.0
31,15264.39,1383.0325,85.0,0.0,1.0,4.0,5.0,0.0,13.0,12.0,6.95,2.0,104.07,33.848972,162.60982,265.69345,0,0,0,0,0,1,0,0,0,0,0.0,0.0,0.0,0.0,0.0,0.0,0.0,0.0,0.0,1.0,0.0,0.0,0.0,0.0,0.0,0.0,1.0,0.0,1.0,0.0,0.0,0.0,0.0,0.0,0.0,1.0,1.0
22,21677.904,1859.4921,136.0,11.503369,1.0,4.0,11.0,1.0,10.0,1.0,4.71,5.0,585.36,40.117,79.18608,355.25977,0,0,0,0,0,0,0,1,0,0,0.0,0.0,0.0,0.0,0.0,0.0,0.0,0.0,0.0,0.0,0.0,0.0,1.0,0.0,0.0,0.0,1.0,0.0,1.0,0.0,0.0,0.0,1.0,0.0,0.0,0.0,1.0
30,24424.7,2051.3916,97.0,0.0,8.0,5.0,7.0,0.0,24.0,11.0,6.01,3.0,626.57,41.621925,198.73752,364.51834,0,0,0,0,0,1,0,0,0,0,0.0,0.0,0.0,0.0,0.0,0.0,0.0,0.0,1.0,0.0,0.0,0.0,0.0,0.0,0.0,0.0,0.0,1.0,0.0,1.0,0.0,0.0,0.0,0.0,0.0,1.0,1.0
33,44264.41,3755.701,78.0,40.482426,3.0,3.0,6.0,2.0,11.0,0.0,8.66,3.0,1312.23,38.087868,315.4932,289.59445,0,0,0,0,0,0,0,0,0,1,0.0,0.0,0.0,0.0,0.0,0.0,0.0,0.0,1.0,0.0,0.0,0.0,0.0,0.0,0.0,0.0,1.0,0.0,1.0,0.0,0.0,0.0,0.0,1.0,0.0,0.0,2.0
35,58955.56,4686.9634,75.0,160.5393,4.0,6.0,34.0,6.0,28.0,14.0,19.06,10.0,2270.02,29.207932,42.729008,505.428,1,1,1,0,0,0,1,0,0,1,0.0,0.0,0.0,0.0,0.0,1.0,0.0,0.0,0.0,0.0,0.0,0.0,0.0,0.0,0.0,0.0,0.0,1.0,0.0,1.0,1.0,0.0,0.0,0.0,0.0,0.0,0.0
55,44280.31,3873.026,102.0,72.688644,4.0,3.0,8.0,2.0,15.0,1.0,7.23,1.0,1046.3,31.507414,396.2773,198.33662,0,1,0,0,0,0,0,0,0,1,0.0,0.0,0.0,0.0,0.0,0.0,0.0,0.0,1.0,0.0,0.0,0.0,0.0,0.0,0.0,0.0,1.0,0.0,1.0,0.0,0.0,0.0,1.0,0.0,0.0,0.0,1.0
22,50155.56,4063.63,130.0,42.582413,8.0,3.0,6.0,2.0,8.0,19.0,12.93,1.0,122.73,29.921759,29.878979,573.9016,0,0,0,1,0,0,0,0,0,0,0.0,0.0,0.0,0.0,0.0,0.0,0.0,0.0,1.0,0.0,0.0,0.0,0.0,0.0,0.0,0.0,0.0,1.0,0.0,1.0,1.0,0.0,0.0,0.0,0.0,0.0,1.0
46,36665.05,2911.421,100.0,15.805627,1.0,2.0,9.0,1.0,13.0,8.0,11.34,4.0,1365.41,38.35922,188.8759,356.46054,0,0,0,0,0,0,0,0,1,0,0.0,0.0,0.0,0.0,0.0,1.0,0.0,0.0,0.0,0.0,0.0,0.0,0.0,0.0,0.0,0.0,1.0,0.0,1.0,0.0,0.0,0.0,0.0,1.0,0.0,0.0,2.0
19,71368.6,5844.3833,114.0,0.0,6.0,3.0,6.0,0.0,19.0,12.0,10.88,11.0,1161.1,40.343456,130.94289,703.4954,0,0,0,0,0,1,0,0,0,0,0.0,0.0,0.0,0.0,0.0,0.0,1.0,0.0,0.0,0.0,0.0,0.0,0.0,0.0,0.0,0.0,0.0,1.0,0.0,1.0,0.0,1.0,0.0,0.0,0.0,0.0,2.0
47,115556.37,9617.697,94.0,222.07349,1.0,3.0,6.0,4.0,11.0,7.0,10.83,6.0,1080.06,39.01217,292.41385,474.01913,0,1,1,0,1,0,0,0,1,0,1.0,0.0,0.0,0.0,0.0,0.0,0.0,0.0,0.0,0.0,0.0,0.0,0.0,0.0,0.0,0.0,1.0,0.0,1.0,0.0,0.0,0.0,1.0,0.0,0.0,0.0,1.0
17,32377.38,2571.115,50.0,112.17474,3.0,5.0,12.0,7.0,26.0,15.0,18.14,4.0,114.94,33.93145,310.9204,124.01636,1,1,0,0,0,0,1,1,1,0,0.0,0.0,0.0,0.0,0.0,0.0,0.0,0.0,0.0,0.0,0.0,0.0,0.0,1.0,0.0,0.0,0.0,1.0,0.0,1.0,0.0,0.0,0.0,0.0,0.0,1.0,1.0
20,8037.285,924.77374,41.0,19.03591,5.0,3.0,29.0,5.0,21.0,15.0,13.66,8.0,2571.36,30.579071,66.60202,276.83945,1,1,1,0,0,0,0,0,1,1,0.0,0.0,0.0,0.0,0.0,1.0,0.0,0.0,0.0,0.0,0.0,0.0,0.0,0.0,0.0,0.0,0.0,1.0,0.0,1.0,0.0,0.0,0.0,1.0,0.0,0.0,0.0
33,11550.325,947.5271,76.0,10.290885,5.0,7.0,15.0,2.0,19.0,19.0,1.46,2.0,689.44,37.316345,89.97915,274.48267,1,1,0,0,0,0,0,0,0,0,0.0,0.0,1.0,0.0,0.0,0.0,0.0,0.0,0.0,0.0,0.0,0.0,0.0,0.0,0.0,0.0,0.0,1.0,1.0,0.0,0.0,0.0,0.0,0.0,1.0,0.0,2.0
23,16674.26,1104.5216,73.0,29.620106,6.0,6.0,6.0,4.0,8.0,19.0,9.11,13.0,2187.49,40.653202,65.24921,305.58286,1,0,0,0,0,0,0,1,1,0,0.0,0.0,0.0,0.0,0.0,0.0,0.0,0.0,0.0,0.0,0.0,0.0,0.0,0.0,1.0,0.0,0.0,1.0,0.0,1.0,0.0,0.0,0.0,0.0,0.0,1.0,0.0
33,88362.46,7255.5386,129.0,211.18439,5.0,2.0,8.0,3.0,15.0,10.0,9.01,4.0,325.93,36.59051,472.77542,321.59402,0,0,1,1,0,0,0,0,1,0,0.0,0.0,0.0,0.0,0.0,0.0,0.0,0.0,0.0,0.0,0.0,1.0,0.0,0.0,0.0,0.0,1.0,0.0,1.0,0.0,0.0,0.0,0.0,0.0,1.0,0.0,2.0
45,72200.76,5720.73,134.0,65.779175,7.0,6.0,12.0,2.0,23.0,20.0,7.61,4.0,843.12,40.89315,117.61327,628.68054,1,0,0,0,0,0,1,0,0,0,0.0,0.0,0.0,0.0,0.0,0.0,0.0,0.0,0.0,0.0,1.0,0.0,0.0,0.0,0.0,0.0,0.0,1.0,0.0,1.0,1.0,0.0,0.0,0.0,0.0,0.0,1.0
53,40380.18,3607.015,107.0,79.986275,7.0,5.0,18.0,4.0,28.0,14.0,7.98,8.0,1042.93,32.650745,295.52832,275.1869,0,0,0,0,0,0,1,1,1,0,0.0,0.0,0.0,0.0,0.0,0.0,0.0,0.0,0.0,0.0,1.0,0.0,0.0,0.0,0.0,0.0,0.0,1.0,0.0,1.0,0.0,0.0,0.0,0.0,0.0,1.0,1.0
53,32707.14,2679.595,101.0,22.103186,5.0,6.0,20.0,1.0,30.0,9.0,-1.03,3.0,405.07,35.929626,198.94962,381.4035,0,0,0,1,0,0,0,0,0,0,0.0,1.0,0.0,0.0,0.0,0.0,0.0,0.0,0.0,0.0,0.0,0.0,0.0,0.0,0.0,0.0,0.0,1.0,0.0,1.0,0.0,0.0,0.0,0.0,0.0,1.0,1.0
28,21060.63,1484.0525,72.0,42.825855,5.0,6.0,20.0,4.0,24.0,9.0,10.73,7.0,1072.32,22.934465,118.290535,277.28885,1,0,1,0,0,0,1,0,0,1,0.0,0.0,0.0,0.0,0.0,0.0,0.0,0.0,0.0,0.0,0.0,1.0,0.0,0.0,0.0,0.0,0.0,1.0,1.0,0.0,0.0,0.0,0.0,0.0,0.0,1.0,1.0
32,78637.18,6435.098,78.0,123.76136,3.0,4.0,1.0,2.0,2.0,2.0,8.08,6.0,953.94,29.306774,126.63133,633.1171,1,0,0,0,0,0,1,0,0,0,1.0,0.0,0.0,0.0,0.0,0.0,0.0,0.0,0.0,0.0,0.0,0.0,0.0,0.0,0.0,0.0,1.0,0.0,1.0,0.0,1.0,0.0,0.0,0.0,0.0,0.0,1.0
31,7944.18,647.015,44.0,10.561535,8.0,8.0,18.0,2.0,26.0,20.0,3.35,7.0,1807.0,30.288443,79.024025,265.11594,0,0,1,0,0,0,1,0,0,0,0.0,0.0,0.0,0.0,0.0,0.0,0.0,0.0,0.0,0.0,0.0,0.0,1.0,0.0,0.0,1.0,0.0,0.0,0.0,1.0,0.0,0.0,0.0,0.0,0.0,1.0,0.0
43,87745.92,7166.16,90.0,0.0,0.0,1.0,2.0,0.0,4.0,1.0,11.08,1.0,207.0,27.92884,211.50215,785.11383,0,0,0,0,0,1,0,0,0,0,0.0,0.0,0.0,0.0,0.0,0.0,0.0,0.0,0.0,1.0,0.0,0.0,0.0,0.0,0.0,0.0,1.0,0.0,1.0,0.0,0.0,0.0,0.0,0.0,1.0,0.0,2.0
24,20616.95,1476.0792,36.0,48.09561,10.0,6.0,15.0,5.0,34.0,24.0,16.89,6.0,1776.76,27.277502,116.96695,272.54535,1,1,0,1,1,0,1,0,0,0,0.0,0.0,1.0,0.0,0.0,0.0,0.0,0.0,0.0,0.0,0.0,0.0,0.0,0.0,0.0,1.0,0.0,0.0,0.0,1.0,0.0,0.0,0.0,0.0,0.0,1.0,0.0
26,85303.08,6847.59,91.0,264.2737,5.0,7.0,20.0,4.0,27.0,12.0,15.37,3.0,1024.56,34.321606,266.92993,403.55536,0,0,0,0,1,0,0,1,1,1,0.0,0.0,0.0,0.0,0.0,0.0,0.0,0.0,0.0,0.0,0.0,0.0,0.0,0.0,1.0,0.0,0.0,1.0,0.0,1.0,0.0,1.0,0.0,0.0,0.0,0.0,1.0
51,36850.65,3266.8875,109.0,52.51752,6.0,3.0,19.0,3.0,13.0,16.0,10.77,0.0,420.06,36.296124,181.7279,372.44333,0,1,0,0,0,0,0,0,1,0,1.0,0.0,0.0,0.0,0.0,0.0,0.0,0.0,0.0,0.0,0.0,0.0,0.0,0.0,0.0,0.0,0.0,1.0,0.0,1.0,0.0,0.0,0.0,0.0,1.0,0.0,1.0
22,41933.1,3726.425,50.0,64.59604,8.0,10.0,24.0,3.0,42.0,23.0,7.64,12.0,2034.22,37.514675,228.6339,339.41257,0,0,0,1,0,0,1,0,1,0,0.0,0.0,0.0,0.0,0.0,0.0,0.0,0.0,0.0,0.0,0.0,1.0,0.0,0.0,0.0,1.0,0.0,0.0,0.0,1.0,0.0,0.0,1.0,0.0,0.0,0.0,0.0
35,25744.12,1923.3434,107.0,12.332013,6.0,4.0,14.0,1.0,11.0,17.0,7.16,1.0,1118.51,28.21984,72.869385,377.13293,0,0,1,0,0,0,0,0,0,0,0.0,1.0,0.0,0.0,0.0,0.0,0.0,0.0,0.0,0.0,0.0,0.0,0.0,0.0,0.0,0.0,0.0,1.0,1.0,0.0,0.0,0.0,0.0,1.0,0.0,0.0,1.0
31,18378.81,1797.5675,54.0,92.85897,6.0,3.0,34.0,7.0,15.0,12.0,11.04,6.0,1834.98,32.538616,35.65461,291.24316,1,0,1,0,1,0,1,1,1,1,0.0,0.0,0.0,0.0,0.0,0.0,0.0,0.0,0.0,0.0,0.0,0.0,0.0,1.0,0.0,0.0,0.0,1.0,0.0,1.0,1.0,0.0,0.0,0.0,0.0,0.0,0.0
16,20049.97,1462.8308,70.0,93.32277,8.0,5.0,17.0,6.0,21.0,15.0,1.75,7.0,1794.72,38.733727,163.0269,179.93341,0,0,1,0,0,0,1,1,0,1,0.0,0.0,0.0,0.0,0.0,0.0,0.0,0.0,1.0,0.0,0.0,0.0,0.0,0.0,0.0,1.0,0.0,0.0,0.0,1.0,0.0,0.0,0.0,0.0,0.0,1.0,0.0
35,37898.34,3244.195,59.0,49.670387,8.0,7.0,24.0,3.0,15.0,6.0,12.97,11.0,2543.03,30.588472,130.26447,394.48465,0,0,1,0,0,0,1,1,0,0,1.0,0.0,0.0,0.0,0.0,0.0,0.0,0.0,0.0,0.0,0.0,0.0,0.0,0.0,0.0,0.0,0.0,1.0,0.0,1.0,0.0,1.0,0.0,0.0,0.0,0.0,0.0
47,95858.31,8019.1924,106.0,149.80092,3.0,6.0,6.0,2.0,25.0,11.0,6.89,3.0,345.07,26.91478,251.42833,670.69,1,0,0,0,0,0,1,0,0,0,0.0,0.0,0.0,0.0,0.0,0.0,0.0,0.0,0.0,0.0,0.0,0.0,0.0,0.0,1.0,0.0,1.0,0.0,1.0,0.0,0.0,0.0,0.0,1.0,0.0,0.0,1.0
41,53226.52,4432.5435,73.0,60.927303,7.0,4.0,17.0,2.0,11.0,12.0,16.84,4.0,816.31,31.644247,381.83035,280.49667,1,0,0,0,0,0,0,0,0,1,0.0,0.0,0.0,0.0,0.0,0.0,0.0,1.0,0.0,0.0,0.0,0.0,0.0,0.0,0.0,0.0,0.0,1.0,0.0,1.0,0.0,0.0,0.0,0.0,1.0,0.0,1.0
37,38117.06,3245.4216,39.0,143.50885,8.0,5.0,34.0,6.0,22.0,19.0,26.16,12.0,2639.35,36.707333,140.97125,300.06207,0,1,0,0,1,0,1,1,0,1,0.0,0.0,0.0,0.0,0.0,0.0,0.0,0.0,0.0,0.0,0.0,1.0,0.0,0.0,0.0,1.0,0.0,0.0,0.0,1.0,0.0,0.0,1.0,0.0,0.0,0.0,0.0
36,69051.14,5503.2617,70.0,107.16749,4.0,7.0,9.0,2.0,9.0,8.0,10.2,3.0,1396.03,35.53354,166.56117,526.5975,0,0,0,1,1,0,0,0,0,0,0.0,0.0,0.0,0.0,0.0,0.0,0.0,0.0,0.0,0.0,0.0,0.0,0.0,1.0,0.0,0.0,0.0,1.0,0.0,1.0,0.0,1.0,0.0,0.0,0.0,0.0,1.0
43,16200.25,1554.0209,93.0,30.750519,0.0,7.0,11.0,3.0,6.0,1.0,10.9,0.0,560.52,36.48618,184.02333,230.62823,0,0,1,0,0,0,0,1,0,1,0.0,0.0,0.0,0.0,0.0,0.0,0.0,0.0,0.0,0.0,0.0,0.0,0.0,0.0,1.0,0.0,1.0,0.0,1.0,0.0,0.0,0.0,0.0,0.0,0.0,1.0,1.0
41,62879.96,5343.9966,81.0,78.33842,8.0,10.0,26.0,2.0,52.0,18.0,8.9,9.0,1751.0,31.585642,367.69403,378.36722,0,0,0,0,0,0,0,1,0,1,0.0,0.0,0.0,0.0,0.0,0.0,0.0,0.0,0.0,0.0,0.0,1.0,0.0,0.0,0.0,1.0,0.0,0.0,0.0,1.0,0.0,0.0,0.0,0.0,0.0,1.0,0.0
55,35012.78,2964.7317,130.0,41.408062,8.0,4.0,9.0,2.0,31.0,15.0,10.06,0.0,279.53,31.534441,326.91727,218.14784,0,1,0,0,0,0,0,0,0,0,0.0,0.0,0.0,0.0,0.0,0.0,0.0,0.0,0.0,0.0,0.0,0.0,1.0,0.0,0.0,0.0,0.0,1.0,0.0,1.0,0.0,0.0,0.0,0.0,0.0,1.0,1.0
22,18743.8,1550.9833,45.0,44.763523,4.0,7.0,24.0,3.0,7.0,15.0,13.24,6.0,2019.55,24.096575,10.478775,339.85605,0,0,1,1,1,0,0,0,0,0,0.0,0.0,0.0,0.0,0.0,0.0,0.0,0.0,0.0,0.0,0.0,0.0,1.0,0.0,0.0,0.0,0.0,1.0,0.0,1.0,1.0,0.0,0.0,0.0,0.0,0.0,1.0
34,69955.56,5675.63,100.0,0.0,8.0,6.0,6.0,0.0,14.0,19.0,12.93,8.0,552.5,40.07047,169.2781,648.2849,0,0,0,0,0,1,0,0,0,0,0.0,0.0,0.0,0.0,0.0,0.0,0.0,0.0,0.0,0.0,1.0,0.0,0.0,0.0,0.0,0.0,0.0,1.0,0.0,1.0,0.0,1.0,0.0,0.0,0.0,0.0,1.0
39,16833.105,1542.7588,79.0,51.702938,5.0,5.0,4.0,4.0,7.0,15.0,10.99,6.0,35.71,25.120506,95.41163,287.16132,1,0,0,1,0,0,0,1,1,0,0.0,0.0,0.0,1.0,0.0,0.0,0.0,0.0,0.0,0.0,0.0,0.0,0.0,0.0,0.0,0.0,1.0,0.0,1.0,0.0,0.0,0.0,0.0,0.0,1.0,0.0,2.0
23,42384.08,3296.0066,98.0,0.0,3.0,4.0,4.0,0.0,21.0,19.0,5.55,4.0,887.44,25.00206,191.32605,398.27463,0,0,0,0,0,1,0,0,0,0,0.0,0.0,0.0,0.0,0.0,0.0,1.0,0.0,0.0,0.0,0.0,0.0,0.0,0.0,0.0,0.0,0.0,1.0,1.0,0.0,0.0,0.0,1.0,0.0,0.0,0.0,1.0
27,17685.79,1186.8158,59.0,40.260464,6.0,9.0,22.0,3.0,27.0,20.0,12.98,7.0,2382.63,31.900871,44.896763,323.52435,0,0,0,0,0,0,1,0,1,1,0.0,0.0,1.0,0.0,0.0,0.0,0.0,0.0,0.0,0.0,0.0,0.0,0.0,0.0,0.0,0.0,0.0,1.0,0.0,1.0,0.0,0.0,0.0,0.0,0.0,1.0,0.0
48,44190.3,3695.525,137.0,51.272854,7.0,6.0,18.0,2.0,0.0,14.0,10.74,7.0,476.56,26.248442,43.52361,524.75604,0,0,1,0,0,0,0,0,1,0,0.0,1.0,0.0,0.0,0.0,0.0,0.0,0.0,0.0,0.0,0.0,0.0,0.0,0.0,0.0,0.0,0.0,1.0,1.0,0.0,0.0,1.0,0.0,0.0,0.0,0.0,1.0
22,40287.78,3280.315,126.0,39.38754,4.0,3.0,11.0,2.0,5.0,6.0,1.95,0.0,1298.6,40.64194,64.49537,474.1486,0,0,1,0,1,0,0,0,0,0,0.0,1.0,0.0,0.0,0.0,0.0,0.0,0.0,0.0,0.0,0.0,0.0,0.0,0.0,0.0,0.0,1.0,0.0,1.0,0.0,0.0,1.0,0.0,0.0,0.0,0.0,1.0
41,38919.9,3215.325,86.0,22.012884,8.0,7.0,13.0,1.0,7.0,13.0,15.2,0.0,1058.13,28.851423,209.05922,360.4604,0,0,1,0,0,0,0,0,0,0,0.0,0.0,0.0,0.0,0.0,0.0,0.0,0.0,0.0,1.0,0.0,0.0,0.0,0.0,0.0,0.0,0.0,1.0,1.0,0.0,0.0,0.0,0.0,1.0,0.0,0.0,1.0
49,67551.57,5887.2974,107.0,143.41855,5.0,3.0,20.0,4.0,22.0,17.0,13.61,8.0,268.08,35.06189,230.10922,485.20197,0,0,1,1,0,0,0,0,0,1,0.0,0.0,0.0,0.0,0.0,0.0,0.0,0.0,0.0,1.0,0.0,0.0,0.0,0.0,0.0,0.0,0.0,1.0,0.0,1.0,0.0,0.0,0.0,1.0,0.0,0.0,1.0
56,17199.795,1489.3163,69.0,35.00377,8.0,6.0,20.0,4.0,30.0,6.0,11.28,5.0,1285.78,36.649,88.0778,308.63724,0,0,0,0,0,0,0,1,1,0,0.0,0.0,0.0,0.0,0.0,0.0,0.0,1.0,0.0,0.0,0.0,0.0,0.0,0.0,0.0,0.0,0.0,1.0,0.0,1.0,0.0,1.0,0.0,0.0,0.0,0.0,2.0
48,14180.935,1172.7446,123.0,0.0,4.0,6.0,8.0,0.0,2.0,8.0,10.55,0.0,1019.14,38.26379,99.97902,307.29544,0,0,0,0,0,1,0,0,0,0,0.0,0.0,0.0,0.0,0.0,0.0,0.0,0.0,0.0,0.0,1.0,0.0,0.0,0.0,0.0,0.0,1.0,0.0,1.0,0.0,0.0,0.0,0.0,0.0,0.0,1.0,1.0
46,28817.1,2191.425,103.0,24.250526,5.0,4.0,3.0,2.0,5.0,6.0,6.08,0.0,890.13,33.936134,25.45082,419.44116,0,0,0,1,0,0,1,0,0,0,0.0,0.0,0.0,1.0,0.0,0.0,0.0,0.0,0.0,0.0,0.0,0.0,0.0,0.0,0.0,0.0,1.0,0.0,1.0,0.0,1.0,0.0,0.0,0.0,0.0,0.0,2.0
36,60783.45,5104.2876,127.0,0.0,6.0,7.0,13.0,0.0,17.0,16.0,15.69,0.0,46.28,33.595085,137.0416,623.38715,0,0,0,0,0,1,0,0,0,0,0.0,0.0,0.0,0.0,0.0,0.0,0.0,0.0,0.0,0.0,0.0,0.0,1.0,0.0,0.0,0.0,0.0,1.0,0.0,1.0,0.0,1.0,0.0,0.0,0.0,0.0,1.0
17,61266.63,5296.5527,46.0,74.69387,4.0,6.0,15.0,2.0,8.0,13.0,12.45,12.0,570.58,29.88734,89.5791,525.1085,0,0,1,0,1,0,0,0,0,0,0.0,0.0,0.0,0.0,0.0,0.0,0.0,0.0,0.0,0.0,0.0,0.0,0.0,0.0,1.0,0.0,0.0,1.0,0.0,1.0,0.0,1.0,0.0,0.0,0.0,0.0,1.0
33,97009.44,8257.12,87.0,0.0,1.0,7.0,2.0,0.0,11.0,4.0,7.53,1.0,472.88,33.287724,490.8738,594.8382,0,0,0,0,0,1,0,0,0,0,0.0,0.0,0.0,0.0,0.0,0.0,0.0,0.0,0.0,0.0,1.0,0.0,0.0,0.0,0.0,0.0,1.0,0.0,1.0,0.0,0.0,0.0,1.0,0.0,0.0,0.0,1.0
42,130079.79,11091.982,95.0,0.0,3.0,4.0,8.0,0.0,3.0,3.0,9.05,3.0,230.44,38.856976,459.65582,701.00977,0,0,0,0,0,1,0,0,0,0,1.0,0.0,0.0,0.0,0.0,0.0,0.0,0.0,0.0,0.0,0.0,0.0,0.0,0.0,0.0,0.0,1.0,0.0,1.0,0.0,0.0,0.0,0.0,1.0,0.0,0.0,1.0
36,32597.48,2734.4568,81.0,45.053387,1.0,2.0,2.0,2.0,10.0,11.0,6.3,2.0,1313.52,38.474087,271.67654,246.71574,1,1,0,0,0,0,0,0,0,0,0.0,0.0,0.0,0.0,0.0,0.0,0.0,0.0,0.0,0.0,1.0,0.0,0.0,0.0,0.0,0.0,1.0,0.0,1.0,0.0,0.0,0.0,0.0,0.0,0.0,1.0,2.0
19,21480.965,1750.0804,133.0,31.654217,3.0,2.0,4.0,2.0,6.0,5.0,11.02,4.0,783.47,29.545475,54.94966,358.40417,1,0,0,1,0,0,0,0,0,0,0.0,0.0,0.0,1.0,0.0,0.0,0.0,0.0,0.0,0.0,0.0,0.0,0.0,0.0,0.0,0.0,1.0,0.0,1.0,0.0,0.0,0.0,0.0,1.0,0.0,0.0,2.0
20,35699.53,2864.961,126.0,0.0,6.0,5.0,13.0,0.0,32.0,13.0,7.23,5.0,397.35,25.718494,290.9223,285.5738,0,0,0,0,0,1,0,0,0,0,0.0,0.0,0.0,0.0,0.0,0.0,0.0,1.0,0.0,0.0,0.0,0.0,0.0,0.0,0.0,0.0,0.0,1.0,0.0,1.0,0.0,0.0,0.0,0.0,0.0,1.0,1.0
45,33226.58,2928.8816,27.0,168.42213,6.0,4.0,12.0,7.0,9.0,12.0,17.26,9.0,2090.35,35.684166,195.47237,188.99367,0,0,0,0,1,0,1,1,1,0,0.0,1.0,0.0,0.0,0.0,0.0,0.0,0.0,0.0,0.0,0.0,0.0,0.0,0.0,0.0,0.0,0.0,1.0,0.0,1.0,0.0,0.0,1.0,0.0,0.0,0.0,1.0
29,28274.17,2087.181,127.0,12.211343,0.0,7.0,1.0,1.0,30.0,8.0,6.77,2.0,1486.2,40.6567,25.540066,420.96667,0,1,0,0,0,0,0,0,0,0,0.0,0.0,0.0,0.0,0.0,0.0,0.0,0.0,0.0,0.0,1.0,0.0,0.0,0.0,0.0,0.0,1.0,0.0,1.0,0.0,0.0,1.0,0.0,0.0,0.0,0.0,0.0
33,65635.12,5762.5933,53.0,180.18741,7.0,7.0,20.0,5.0,40.0,17.0,2.21,6.0,1250.01,28.081232,235.7193,410.35263,0,1,1,0,0,0,1,1,0,1,0.0,0.0,0.0,0.0,0.0,0.0,1.0,0.0,0.0,0.0,0.0,0.0,0.0,0.0,0.0,1.0,0.0,0.0,0.0,1.0,0.0,1.0,0.0,0.0,0.0,0.0,0.0
25,68267.04,5531.0947,46.0,316.7433,7.0,7.0,32.0,2.0,17.0,15.0,16.0,12.0,2357.03,42.13413,97.59442,640.3796,1,0,0,0,0,0,1,0,0,0,0.0,0.0,0.0,0.0,0.0,0.0,0.0,0.0,0.0,0.0,0.0,0.0,1.0,0.0,0.0,0.0,0.0,1.0,0.0,1.0,1.0,0.0,0.0,0.0,0.0,0.0,0.0
18,60183.14,4933.2617,68.0,195.8564,3.0,6.0,12.0,7.0,10.0,12.0,12.52,6.0,1167.08,24.212746,370.5587,216.91107,1,0,1,0,1,0,0,1,1,0,0.0,0.0,0.0,0.0,0.0,0.0,0.0,0.0,0.0,0.0,0.0,0.0,0.0,0.0,1.0,0.0,0.0,1.0,0.0,1.0,0.0,0.0,0.0,0.0,0.0,1.0,1.0
22,91459.48,7591.6235,121.0,168.56313,8.0,6.0,20.0,4.0,35.0,15.0,11.79,2.0,1323.08,25.904993,178.65111,661.9481,0,0,1,1,0,0,1,0,0,0,0.0,0.0,0.0,0.0,0.0,1.0,0.0,0.0,0.0,0.0,0.0,0.0,0.0,0.0,0.0,0.0,0.0,1.0,1.0,0.0,0.0,1.0,0.0,0.0,0.0,0.0,1.0
28,63455.1,5327.925,75.0,205.60915,4.0,6.0,16.0,4.0,25.0,15.0,9.3,0.0,419.67,36.220688,459.46478,300.25558,1,1,1,0,1,0,0,0,0,0,0.0,0.0,1.0,0.0,0.0,0.0,0.0,0.0,0.0,0.0,0.0,0.0,0.0,0.0,0.0,0.0,0.0,1.0,0.0,1.0,0.0,0.0,0.0,1.0,0.0,0.0,1.0
37,51045.9,4037.825,10.0,205.41513,10.0,5.0,22.0,9.0,42.0,23.0,15.17,11.0,2878.45,30.144302,177.94818,290.4192,1,1,0,0,1,0,1,0,1,1,0.0,0.0,0.0,0.0,0.0,0.0,0.0,0.0,0.0,1.0,0.0,0.0,0.0,0.0,0.0,1.0,0.0,0.0,0.0,1.0,0.0,0.0,0.0,1.0,0.0,0.0,0.0
29,78066.48,6673.54,68.0,132.91118,7.0,8.0,20.0,4.0,38.0,8.0,11.2,9.0,1703.06,38.06634,67.990685,706.45215,1,0,0,1,0,0,0,1,1,0,0.0,0.0,0.0,0.0,0.0,0.0,0.0,0.0,0.0,0.0,1.0,0.0,0.0,0.0,0.0,0.0,0.0,1.0,0.0,1.0,1.0,0.0,0.0,0.0,0.0,0.0,0.0
27,35540.74,3232.7283,131.0,52.412167,3.0,5.0,2.0,2.0,6.0,0.0,9.45,1.0,1148.21,24.345142,405.75842,155.10225,0,0,0,1,0,0,1,0,0,0,0.0,0.0,0.0,0.0,0.0,0.0,0.0,0.0,0.0,1.0,0.0,0.0,0.0,0.0,0.0,0.0,1.0,0.0,1.0,0.0,0.0,0.0,0.0,0.0,0.0,1.0,2.0
52,77906.25,6399.1875,80.0,173.56856,3.0,5.0,5.0,4.0,23.0,17.0,11.47,4.0,583.4,29.582855,212.24661,524.1036,1,0,1,0,0,0,0,0,1,0,0.0,0.0,0.0,0.0,0.0,0.0,0.0,0.0,1.0,0.0,0.0,0.0,0.0,0.0,0.0,0.0,1.0,0.0,1.0,0.0,0.0,0.0,0.0,1.0,0.0,0.0,1.0
30,29661.88,2435.8232,103.0,0.0,4.0,7.0,8.0,0.0,9.0,1.0,6.39,2.0,80.25,39.803272,170.85591,342.7264,0,0,0,0,0,1,0,0,0,0,0.0,0.0,0.0,0.0,0.0,0.0,0.0,0.0,0.0,0.0,0.0,0.0,0.0,1.0,0.0,0.0,1.0,0.0,1.0,0.0,0.0,0.0,0.0,1.0,0.0,0.0,1.0
51,24251.49,1991.9575,126.0,18.83555,8.0,4.0,14.0,1.0,23.0,19.0,10.53,0.0,1062.17,33.56935,176.57713,273.78308,0,0,0,0,0,0,0,0,0,1,0.0,0.0,0.0,1.0,0.0,0.0,0.0,0.0,0.0,0.0,0.0,0.0,0.0,0.0,0.0,0.0,0.0,1.0,0.0,1.0,0.0,0.0,0.0,1.0,0.0,0.0,1.0
28,28193.38,2643.4482,73.0,93.37869,6.0,3.0,2.0,4.0,29.0,18.0,2.92,4.0,1099.7,34.0275,206.3999,254.56624,0,1,0,0,0,0,1,0,0,1,0.0,0.0,0.0,0.0,0.0,0.0,0.0,0.0,0.0,0.0,0.0,0.0,0.0,0.0,1.0,0.0,0.0,1.0,1.0,0.0,0.0,0.0,0.0,0.0,0.0,1.0,1.0
20,34253.08,3025.4233,80.0,133.84381,3.0,9.0,25.0,6.0,11.0,12.0,5.66,12.0,1485.7,28.872343,265.19623,183.50227,1,1,0,0,0,0,1,0,0,1,0.0,0.0,0.0,0.0,0.0,0.0,0.0,1.0,0.0,0.0,0.0,0.0,0.0,0.0,0.0,0.0,0.0,1.0,0.0,1.0,0.0,0.0,0.0,0.0,1.0,0.0,0.0
44,27292.5,2254.375,24.0,85.04388,5.0,6.0,8.0,4.0,28.0,17.0,18.56,4.0,1434.18,30.000977,28.223753,352.16986,0,0,0,1,0,0,1,0,1,0,0.0,0.0,1.0,0.0,0.0,0.0,0.0,0.0,0.0,0.0,0.0,0.0,0.0,0.0,0.0,0.0,0.0,1.0,0.0,1.0,1.0,0.0,0.0,0.0,0.0,0.0,1.0
35,19623.18,1806.265,33.0,19.758728,9.0,8.0,26.0,2.0,22.0,14.0,11.26,16.0,1369.54,27.7857,105.147,315.72076,1,0,1,0,0,0,0,0,0,0,0.0,0.0,0.0,0.0,0.0,0.0,0.0,1.0,0.0,0.0,0.0,0.0,0.0,0.0,0.0,0.0,0.0,1.0,0.0,1.0,0.0,0.0,1.0,0.0,0.0,0.0,0.0
38,54236.86,4427.7383,78.0,0.0,3.0,6.0,7.0,0.0,23.0,14.0,3.82,4.0,1126.89,36.527763,59.872726,632.9011,0,0,0,0,0,1,0,0,0,0,0.0,0.0,0.0,0.0,0.0,0.0,0.0,0.0,0.0,1.0,0.0,0.0,0.0,0.0,0.0,0.0,0.0,1.0,1.0,0.0,0.0,1.0,0.0,0.0,0.0,0.0,1.0
29,31632.32,2421.0266,133.0,59.022873,2.0,3.0,9.0,3.0,-2.0,8.0,3.7,2.0,73.75,25.48723,185.10161,277.97818,0,0,0,0,1,0,0,1,0,0,0.0,0.0,1.0,0.0,0.0,0.0,0.0,0.0,0.0,0.0,0.0,0.0,0.0,0.0,0.0,0.0,1.0,0.0,1.0,0.0,0.0,0.0,0.0,0.0,1.0,0.0,2.0
36,25580.34,1886.695,83.0,31.81573,5.0,3.0,7.0,2.0,22.0,8.0,15.39,6.0,17.6,26.057798,87.49706,318.4692,1,0,0,0,0,0,0,1,0,0,0.0,0.0,1.0,0.0,0.0,0.0,0.0,0.0,0.0,0.0,0.0,0.0,0.0,0.0,0.0,0.0,0.0,1.0,0.0,1.0,0.0,0.0,0.0,1.0,0.0,0.0,1.0
45,33588.38,2623.0317,114.0,51.64483,2.0,1.0,12.0,2.0,-4.0,12.0,8.24,4.0,891.61,27.497766,56.293724,404.36462,0,0,0,0,1,0,0,1,0,0,0.0,0.0,0.0,0.0,0.0,0.0,0.0,0.0,0.0,0.0,1.0,0.0,0.0,0.0,0.0,0.0,1.0,0.0,1.0,0.0,0.0,1.0,0.0,0.0,0.0,0.0,2.0
28,56714.52,4561.21,73.0,165.33556,7.0,10.0,29.0,4.0,43.0,18.0,17.64,13.0,1796.88,30.49413,283.79013,296.99533,0,0,0,0,1,0,1,0,0,1,0.0,0.0,0.0,0.0,0.0,0.0,0.0,0.0,1.0,0.0,0.0,0.0,0.0,0.0,0.0,0.0,0.0,1.0,0.0,1.0,0.0,0.0,0.0,0.0,0.0,1.0,1.0
40,16854.42,1664.535,52.0,36.18231,3.0,8.0,32.0,3.0,6.0,16.0,19.53,11.0,1273.31,27.223082,52.331505,327.9397,0,1,0,0,0,0,0,1,1,0,0.0,0.0,0.0,0.0,0.0,0.0,0.0,0.0,0.0,0.0,0.0,0.0,0.0,1.0,0.0,0.0,0.0,1.0,0.0,1.0,0.0,1.0,0.0,0.0,0.0,0.0,0.0
48,101671.76,8340.646,82.0,245.32076,8.0,5.0,11.0,4.0,17.0,18.0,6.21,4.0,673.24,29.892889,182.101,646.64294,0,0,1,1,0,0,0,1,0,0,0.0,0.0,1.0,0.0,0.0,0.0,0.0,0.0,0.0,0.0,0.0,0.0,0.0,0.0,0.0,0.0,0.0,1.0,1.0,0.0,1.0,0.0,0.0,0.0,0.0,0.0,1.0
44,17296.484,1680.3738,133.0,11.062812,1.0,3.0,11.0,1.0,-1.0,0.0,8.59,0.0,948.38,33.189735,44.09851,372.87604,0,0,1,0,0,0,0,0,0,0,0.0,0.0,0.0,0.0,0.0,0.0,0.0,1.0,0.0,0.0,0.0,0.0,0.0,0.0,0.0,0.0,1.0,0.0,1.0,0.0,0.0,0.0,1.0,0.0,0.0,0.0,1.0
27,20975.4,1943.95,103.0,16.196793,2.0,3.0,9.0,1.0,0.0,11.0,9.94,1.0,731.4,35.71954,66.90544,361.29276,1,0,0,0,0,0,0,0,0,0,0.0,0.0,0.0,0.0,0.0,0.0,0.0,0.0,0.0,0.0,1.0,0.0,0.0,0.0,0.0,0.0,1.0,0.0,1.0,0.0,0.0,1.0,0.0,0.0,0.0,0.0,2.0
38,43135.98,3375.665,43.0,60.609905,8.0,4.0,18.0,2.0,29.0,9.0,13.2,5.0,1747.6,24.453043,307.16638,249.79022,0,0,0,0,1,0,0,0,1,0,0.0,0.0,0.0,0.0,0.0,0.0,0.0,0.0,0.0,0.0,0.0,0.0,1.0,0.0,0.0,0.0,0.0,1.0,0.0,1.0,0.0,0.0,0.0,0.0,1.0,0.0,0.0
53,32504.22,2643.685,107.0,19.042217,4.0,7.0,3.0,1.0,14.0,9.0,7.1,5.0,315.39,30.29386,156.74773,378.57855,0,0,1,0,0,0,0,0,0,0,0.0,0.0,0.0,0.0,0.0,0.0,0.0,0.0,0.0,0.0,1.0,0.0,0.0,0.0,0.0,0.0,1.0,0.0,1.0,0.0,0.0,0.0,0.0,0.0,0.0,1.0,0.0
53,18500.54,1425.7117,106.0,41.79326,2.0,3.0,4.0,3.0,5.0,7.0,1.98,3.0,1153.0,33.438328,44.21168,336.56622,1,1,1,0,0,0,0,0,0,0,0.0,0.0,0.0,0.0,0.0,0.0,1.0,0.0,0.0,0.0,0.0,0.0,0.0,0.0,0.0,0.0,1.0,0.0,1.0,0.0,0.0,0.0,0.0,0.0,1.0,0.0,2.0
40,33930.63,3061.5525,120.0,0.0,5.0,5.0,5.0,0.0,24.0,9.0,18.37,1.0,138.97,32.98614,106.128624,450.02664,0,0,0,0,0,1,0,0,0,0,0.0,0.0,0.0,0.0,0.0,0.0,0.0,1.0,0.0,0.0,0.0,0.0,0.0,0.0,0.0,0.0,0.0,1.0,0.0,1.0,0.0,1.0,0.0,0.0,0.0,0.0,1.0
49,88859.37,7517.9473,97.0,49.2213,5.0,4.0,8.0,1.0,9.0,12.0,2.49,4.0,473.15,40.768238,212.28435,740.2891,0,0,0,0,0,0,0,0,1,0,0.0,0.0,0.0,0.0,0.0,0.0,1.0,0.0,0.0,0.0,0.0,0.0,0.0,0.0,0.0,0.0,1.0,0.0,1.0,0.0,0.0,1.0,0.0,0.0,0.0,0.0,2.0
31,16608.8,1269.0667,21.0,76.3677,10.0,6.0,15.0,6.0,28.0,17.0,16.64,9.0,3103.97,37.63121,69.62351,270.91547,0,0,0,1,1,0,1,1,0,1,0.0,0.0,0.0,0.0,0.0,0.0,0.0,0.0,0.0,0.0,0.0,1.0,0.0,0.0,0.0,1.0,0.0,0.0,0.0,1.0,0.0,0.0,0.0,0.0,0.0,1.0,1.0
25,14646.28,1186.5233,72.0,45.649895,6.0,3.0,17.0,6.0,21.0,17.0,2.96,9.0,522.36,35.631218,77.848236,275.1542,1,1,0,0,0,0,1,1,1,0,0.0,0.0,0.0,0.0,0.0,0.0,0.0,1.0,0.0,0.0,0.0,0.0,0.0,0.0,0.0,0.0,0.0,1.0,0.0,1.0,0.0,0.0,0.0,0.0,1.0,0.0,1.0
36,16415.38,1314.9484,56.0,95.15753,6.0,8.0,16.0,9.0,16.0,20.0,4.49,12.0,1644.95,34.893658,101.58446,224.75284,1,1,1,1,0,0,1,1,0,1,0.0,0.0,0.0,0.0,0.0,0.0,0.0,0.0,0.0,1.0,0.0,0.0,0.0,0.0,0.0,1.0,0.0,0.0,0.0,1.0,0.0,0.0,0.0,0.0,0.0,1.0,0.0
35,14075.83,876.98584,62.0,31.005245,7.0,10.0,19.0,5.0,20.0,23.0,17.14,17.0,1333.74,23.957537,63.192066,263.50128,0,1,0,0,0,0,1,0,0,1,0.0,0.0,0.0,0.0,0.0,0.0,1.0,0.0,0.0,0.0,0.0,0.0,0.0,0.0,0.0,1.0,0.0,0.0,0.0,1.0,0.0,0.0,0.0,1.0,0.0,0.0,0.0
41,34216.85,2718.404,95.0,0.0,4.0,5.0,12.0,0.0,25.0,18.0,12.41,11.0,1283.78,30.92542,149.1727,382.66772,0,0,0,0,0,1,0,0,0,0,0.0,0.0,0.0,0.0,0.0,0.0,1.0,0.0,0.0,0.0,0.0,0.0,0.0,0.0,0.0,0.0,0.0,1.0,0.0,1.0,0.0,0.0,1.0,0.0,0.0,0.0,1.0
16,11169.595,667.79956,77.0,0.0,7.0,4.0,10.0,0.0,8.0,11.0,14.5,5.0,303.16,24.12403,52.300808,294.47916,0,0,0,0,0,1,0,0,0,0,0.0,0.0,0.0,0.0,1.0,0.0,0.0,0.0,0.0,0.0,0.0,0.0,0.0,0.0,0.0,0.0,0.0,1.0,0.0,1.0,0.0,0.0,0.0,0.0,0.0,1.0,1.0
16,35358.15,3062.5125,63.0,76.58167,7.0,3.0,16.0,3.0,25.0,11.0,25.62,4.0,444.88,35.066566,145.47678,364.1928,0,0,0,0,1,0,1,0,0,1,0.0,1.0,0.0,0.0,0.0,0.0,0.0,0.0,0.0,0.0,0.0,0.0,0.0,0.0,0.0,0.0,0.0,1.0,0.0,1.0,0.0,0.0,0.0,0.0,1.0,0.0,1.0
35,12127.235,894.6029,131.0,5.6298246,4.0,4.0,11.0,1.0,29.0,16.0,6.96,5.0,581.87,24.195156,97.93618,275.8943,0,0,0,1,0,0,0,0,0,0,0.0,0.0,0.0,0.0,0.0,1.0,0.0,0.0,0.0,0.0,0.0,0.0,0.0,0.0,0.0,0.0,0.0,1.0,0.0,1.0,0.0,0.0,0.0,0.0,0.0,1.0,0.0
27,36886.06,3292.8384,83.0,133.12881,4.0,5.0,8.0,7.0,13.0,16.0,17.73,8.0,1347.86,33.145885,62.735855,393.41916,1,0,0,0,1,0,0,0,1,1,0.0,0.0,0.0,0.0,0.0,0.0,0.0,0.0,0.0,0.0,1.0,0.0,0.0,0.0,0.0,0.0,0.0,1.0,0.0,1.0,0.0,0.0,1.0,0.0,0.0,0.0,0.0
19,14888.915,1343.7429,130.0,6.706015,5.0,5.0,6.0,1.0,11.0,6.0,5.5,4.0,903.97,40.183342,120.753944,296.91434,0,0,0,0,0,0,0,0,0,1,1.0,0.0,0.0,0.0,0.0,0.0,0.0,0.0,0.0,0.0,0.0,0.0,0.0,0.0,0.0,0.0,1.0,0.0,1.0,0.0,0.0,0.0,0.0,0.0,0.0,1.0,0.0
30,79413.04,6342.7534,54.0,173.7773,10.0,10.0,21.0,3.0,39.0,20.0,12.83,11.0,2367.11,36.222637,507.86838,224.20857,0,0,0,1,0,0,1,0,0,0,0.0,0.0,1.0,0.0,0.0,0.0,0.0,0.0,0.0,0.0,0.0,0.0,0.0,0.0,0.0,1.0,0.0,0.0,0.0,1.0,0.0,0.0,0.0,0.0,1.0,0.0,0.0
41,29715.16,2305.2634,84.0,88.423485,4.0,6.0,16.0,5.0,14.0,9.0,14.19,4.0,1036.03,23.948309,30.73504,351.3678,0,0,1,0,0,0,0,0,1,1,0.0,0.0,0.0,0.0,0.0,0.0,0.0,0.0,0.0,0.0,0.0,0.0,0.0,0.0,1.0,0.0,0.0,1.0,0.0,1.0,1.0,0.0,0.0,0.0,0.0,0.0,1.0
24,39139.35,3414.6125,66.0,122.6213,4.0,4.0,4.0,4.0,22.0,11.0,1.94,0.0,1258.77,28.946451,126.68597,342.154,0,1,0,0,0,0,0,0,1,0,1.0,0.0,0.0,0.0,0.0,0.0,0.0,0.0,0.0,0.0,0.0,0.0,0.0,0.0,0.0,0.0,1.0,0.0,1.0,0.0,0.0,1.0,0.0,0.0,0.0,0.0,0.0
31,17486.55,1389.2125,29.0,24.144543,9.0,5.0,34.0,2.0,48.0,24.0,2.82,12.0,2376.4,31.263815,110.08174,274.69498,0,0,0,0,0,0,0,0,1,1,0.0,0.0,0.0,0.0,0.0,0.0,0.0,1.0,0.0,0.0,0.0,0.0,0.0,0.0,0.0,1.0,0.0,0.0,0.0,1.0,0.0,0.0,0.0,1.0,0.0,0.0,0.0
28,16232.14,1496.6783,25.0,14.977683,5.0,7.0,25.0,2.0,22.0,19.0,19.15,12.0,2446.43,39.19881,160.20018,264.48996,1,0,0,0,0,0,0,0,1,0,0.0,1.0,0.0,0.0,0.0,0.0,0.0,0.0,0.0,0.0,0.0,0.0,0.0,0.0,0.0,0.0,0.0,1.0,0.0,1.0,0.0,0.0,0.0,0.0,0.0,1.0,0.0
34,42070.96,3506.5757,74.0,296.74573,7.0,6.0,17.0,2.0,22.0,18.0,9.02,7.0,369.11,28.472834,315.12302,273.1602,0,0,1,0,0,0,0,0,0,1,0.0,0.0,0.0,0.0,0.0,0.0,1.0,0.0,0.0,0.0,0.0,0.0,0.0,0.0,0.0,0.0,0.0,1.0,0.0,1.0,0.0,0.0,0.0,1.0,0.0,0.0,2.0
36,56614.2,4638.85,79.0,310.1451,9.0,10.0,33.0,7.0,48.0,11.0,11.23,13.0,2600.73,29.484207,34.795746,358.94415,1,0,1,1,0,0,1,1,0,0,0.0,0.0,0.0,0.0,1.0,0.0,0.0,0.0,0.0,0.0,0.0,0.0,0.0,0.0,0.0,0.0,0.0,1.0,0.0,1.0,1.0,0.0,0.0,0.0,0.0,0.0,0.0
36,22250.525,1945.2104,125.0,0.0,4.0,4.0,7.0,0.0,18.0,4.0,3.1,2.0,1443.78,34.426388,66.656075,377.86496,0,0,0,0,0,1,0,0,0,0,0.0,0.0,0.0,0.0,0.0,0.0,0.0,0.0,1.0,0.0,0.0,0.0,0.0,0.0,0.0,0.0,1.0,0.0,1.0,0.0,0.0,1.0,0.0,0.0,0.0,0.0,0.0
37,67556.8,5886.7334,121.0,118.34863,3.0,5.0,10.0,3.0,30.0,18.0,24.44,2.0,762.85,27.570787,185.58727,367.3206,1,1,0,0,0,0,0,0,0,1,0.0,0.0,0.0,0.0,1.0,0.0,0.0,0.0,0.0,0.0,0.0,0.0,0.0,0.0,0.0,0.0,0.0,1.0,0.0,1.0,0.0,0.0,1.0,0.0,0.0,0.0,1.0
32,41655.16,3743.2634,123.0,66.912506,3.0,4.0,5.0,2.0,29.0,19.0,5.72,4.0,1240.64,27.354977,157.74193,399.67188,1,0,0,0,0,0,0,0,1,0,0.0,0.0,0.0,0.0,1.0,0.0,0.0,0.0,0.0,0.0,0.0,0.0,0.0,0.0,0.0,0.0,0.0,1.0,1.0,0.0,0.0,1.0,0.0,0.0,0.0,0.0,1.0
44,16858.01,1600.8341,47.0,24.932652,9.0,6.0,21.0,3.0,46.0,12.0,16.95,10.0,2403.74,31.696445,103.281105,311.86966,0,1,0,0,0,0,1,0,1,0,0.0,0.0,0.0,0.0,0.0,0.0,0.0,0.0,0.0,1.0,0.0,0.0,0.0,0.0,0.0,0.0,0.0,1.0,0.0,1.0,0.0,0.0,0.0,0.0,1.0,0.0,0.0
23,19134.77,1809.5642,32.0,66.158424,8.0,5.0,24.0,7.0,22.0,9.0,12.18,5.0,1870.49,25.370491,148.14377,236.65424,0,1,0,1,0,0,0,1,1,0,0.0,0.0,0.0,0.0,0.0,0.0,0.0,1.0,0.0,0.0,0.0,0.0,0.0,0.0,0.0,0.0,0.0,1.0,0.0,1.0,0.0,0.0,0.0,1.0,0.0,0.0,0.0
25,14544.27,1395.0225,43.0,21.680628,4.0,5.0,26.0,2.0,7.0,18.0,17.39,7.0,2634.91,35.914112,141.67236,266.14926,0,0,0,1,0,0,0,0,1,0,0.0,0.0,0.0,0.0,0.0,0.0,0.0,0.0,0.0,0.0,1.0,0.0,0.0,0.0,0.0,0.0,0.0,1.0,0.0,1.0,0.0,0.0,0.0,0.0,0.0,1.0,1.0
37,33540.43,2655.036,100.0,0.0,6.0,3.0,17.0,0.0,25.0,11.0,14.11,6.0,1138.97,27.816244,118.8807,406.6229,0,0,0,0,0,1,0,0,0,0,0.0,0.0,1.0,0.0,0.0,0.0,0.0,0.0,0.0,0.0,0.0,0.0,0.0,0.0,0.0,0.0,0.0,1.0,0.0,1.0,0.0,0.0,1.0,0.0,0.0,0.0,1.0
41,33751.27,2948.6057,88.0,65.00817,5.0,5.0,20.0,3.0,16.0,17.0,11.0,8.0,1328.93,31.139484,25.969612,443.88278,1,1,0,0,0,0,0,0,1,0,0.0,0.0,0.0,0.0,0.0,0.0,0.0,0.0,0.0,0.0,0.0,0.0,0.0,1.0,0.0,0.0,0.0,1.0,0.0,1.0,1.0,0.0,0.0,0.0,0.0,0.0,1.0
23,18140.94,1780.745,75.0,65.25438,7.0,10.0,17.0,7.0,43.0,6.0,15.45,11.0,2302.31,30.338083,54.73244,338.08768,0,0,0,1,1,0,1,0,1,1,0.0,0.0,1.0,0.0,0.0,0.0,0.0,0.0,0.0,0.0,0.0,0.0,0.0,0.0,0.0,0.0,0.0,1.0,0.0,1.0,0.0,0.0,0.0,0.0,1.0,0.0,0.0
55,41481.82,3526.01,82.0,175.42723,1.0,3.0,4.0,3.0,9.0,4.0,11.68,2.0,650.2,32.909668,121.41915,415.84387,0,1,1,0,0,0,1,0,0,0,0.0,0.0,0.0,0.0,0.0,0.0,0.0,0.0,0.0,1.0,0.0,0.0,0.0,0.0,0.0,0.0,1.0,0.0,1.0,0.0,0.0,0.0,1.0,0.0,0.0,0.0,1.0
33,13207.76,822.64667,82.0,37.77978,7.0,5.0,9.0,4.0,18.0,10.0,15.15,12.0,780.74,33.186707,70.141106,264.34378,0,0,1,1,0,0,0,1,0,1,0.0,0.0,1.0,0.0,0.0,0.0,0.0,0.0,0.0,0.0,0.0,0.0,0.0,0.0,0.0,0.0,0.0,1.0,0.0,1.0,0.0,0.0,0.0,0.0,0.0,1.0,2.0
55,31866.94,2900.5784,119.0,0.0,2.0,1.0,8.0,0.0,12.0,6.0,2.36,0.0,879.74,34.300137,70.8813,459.17654,0,0,0,0,0,1,0,0,0,0,0.0,0.0,0.0,0.0,0.0,0.0,0.0,0.0,0.0,0.0,1.0,0.0,0.0,0.0,0.0,0.0,1.0,0.0,1.0,0.0,1.0,0.0,0.0,0.0,0.0,0.0,2.0
35,21734.19,1572.1825,117.0,13.359059,4.0,1.0,10.0,1.0,1.0,13.0,8.11,4.0,263.2,35.344727,75.50712,358.35208,0,0,0,0,0,0,0,0,1,0,0.0,0.0,0.0,0.0,0.0,0.0,0.0,0.0,1.0,0.0,0.0,0.0,0.0,0.0,0.0,0.0,1.0,0.0,1.0,0.0,0.0,0.0,0.0,0.0,0.0,1.0,1.0
38,57473.58,4544.465,122.0,128.51778,2.0,7.0,5.0,3.0,11.0,1.0,5.79,0.0,703.18,25.607111,227.32042,358.6083,0,0,1,0,0,0,1,1,0,0,0.0,1.0,0.0,0.0,0.0,0.0,0.0,0.0,0.0,0.0,0.0,0.0,0.0,0.0,0.0,0.0,1.0,0.0,1.0,0.0,0.0,0.0,1.0,0.0,0.0,0.0,0.0
29,29695.58,2601.6316,100.0,0.0,8.0,3.0,3.0,0.0,5.0,12.0,7.46,3.0,133.56,30.87507,229.26408,300.89908,0,0,0,0,0,1,0,0,0,0,0.0,1.0,0.0,0.0,0.0,0.0,0.0,0.0,0.0,0.0,0.0,0.0,0.0,0.0,0.0,0.0,1.0,0.0,1.0,0.0,0.0,1.0,0.0,0.0,0.0,0.0,1.0
24,15139.13,1459.5941,30.0,79.27215,7.0,7.0,17.0,7.0,42.0,19.0,15.02,8.0,3168.37,41.117283,72.71967,283.9676,1,1,1,0,0,0,1,0,1,0,0.0,0.0,0.0,0.0,0.0,0.0,0.0,0.0,0.0,0.0,0.0,0.0,0.0,0.0,1.0,1.0,0.0,0.0,0.0,1.0,0.0,0.0,0.0,0.0,0.0,1.0,1.0
27,58246.4,4780.8667,38.0,55.395203,6.0,5.0,18.0,2.0,42.0,19.0,16.79,8.0,2534.49,27.744598,170.52373,532.1677,0,0,1,0,0,0,0,1,0,0,0.0,0.0,1.0,0.0,0.0,0.0,0.0,0.0,0.0,0.0,0.0,0.0,0.0,0.0,0.0,0.0,0.0,1.0,0.0,1.0,0.0,0.0,0.0,0.0,1.0,0.0,0.0
45,31931.73,2652.9775,128.0,77.81784,7.0,3.0,10.0,3.0,5.0,18.0,8.16,0.0,577.85,34.197674,187.47063,280.00928,0,0,0,1,0,0,0,1,1,0,0.0,0.0,0.0,0.0,0.0,0.0,0.0,0.0,0.0,1.0,0.0,0.0,0.0,0.0,0.0,0.0,1.0,0.0,1.0,0.0,0.0,0.0,0.0,0.0,1.0,0.0,2.0
33,30053.32,2254.4434,52.0,130.46428,7.0,8.0,29.0,7.0,18.0,22.0,14.96,7.0,1300.78,34.665424,95.20527,249.77478,0,1,1,1,1,0,1,0,1,0,0.0,0.0,0.0,0.0,0.0,0.0,0.0,0.0,0.0,0.0,0.0,0.0,0.0,0.0,1.0,1.0,0.0,0.0,0.0,1.0,0.0,1.0,0.0,0.0,0.0,0.0,0.0
42,60364.08,5045.34,40.0,179.02928,7.0,6.0,24.0,7.0,18.0,8.0,19.47,7.0,1855.46,33.69597,199.83226,375.67245,1,0,1,0,1,0,1,1,1,1,0.0,0.0,0.0,0.0,0.0,0.0,0.0,0.0,0.0,0.0,1.0,0.0,0.0,0.0,0.0,0.0,0.0,1.0,0.0,1.0,0.0,1.0,0.0,0.0,0.0,0.0,0.0
56,65586.32,5202.527,139.0,120.0642,1.0,3.0,12.0,4.0,8.0,7.0,0.86,4.0,1434.88,32.12193,150.64316,519.5453,0,1,0,0,1,0,1,1,0,0,0.0,0.0,0.0,0.0,0.0,0.0,0.0,0.0,1.0,0.0,0.0,0.0,0.0,0.0,0.0,0.0,1.0,0.0,1.0,0.0,0.0,0.0,0.0,1.0,0.0,0.0,2.0
23,32737.58,2729.1316,122.0,78.59702,0.0,5.0,6.0,3.0,10.0,10.0,3.43,2.0,568.77,32.005985,44.420643,399.8955,0,0,0,0,0,0,1,1,1,0,0.0,0.0,1.0,0.0,0.0,0.0,0.0,0.0,0.0,0.0,0.0,0.0,0.0,0.0,0.0,0.0,1.0,0.0,1.0,0.0,0.0,1.0,0.0,0.0,0.0,0.0,1.0
38,19204.93,1391.2979,94.0,175.79326,6.0,3.0,6.0,4.0,21.0,9.0,8.82,7.0,193.68,30.38525,74.055374,315.80545,0,0,0,1,1,0,0,0,0,1,1.0,0.0,0.0,0.0,0.0,0.0,0.0,0.0,0.0,0.0,0.0,0.0,0.0,0.0,0.0,0.0,0.0,1.0,1.0,0.0,0.0,0.0,0.0,0.0,0.0,1.0,2.0
38,32200.64,2552.3867,38.0,140.79387,9.0,5.0,17.0,7.0,35.0,14.0,7.62,10.0,2121.07,25.20072,28.330048,326.11475,0,1,0,1,1,0,0,1,1,1,0.0,0.0,0.0,0.0,0.0,0.0,0.0,1.0,0.0,0.0,0.0,0.0,0.0,0.0,0.0,1.0,0.0,0.0,0.0,1.0,1.0,0.0,0.0,0.0,0.0,0.0,0.0
28,32019.26,2610.2717,63.0,47.777695,4.0,3.0,15.0,2.0,20.0,14.0,9.38,7.0,1697.41,33.6438,299.36603,203.88344,1,1,0,0,0,0,0,0,0,0,0.0,0.0,0.0,0.0,0.0,0.0,0.0,0.0,0.0,1.0,0.0,0.0,0.0,0.0,0.0,0.0,0.0,1.0,0.0,1.0,0.0,0.0,0.0,0.0,0.0,1.0,0.0
19,13864.835,949.4029,124.0,10.420393,3.0,3.0,9.0,1.0,12.0,14.0,15.65,1.0,554.13,38.355053,61.344406,313.1755,0,0,0,0,1,0,0,0,0,0,0.0,0.0,0.0,0.0,0.0,0.0,1.0,0.0,0.0,0.0,0.0,0.0,0.0,0.0,0.0,0.0,0.0,1.0,0.0,1.0,0.0,0.0,0.0,0.0,0.0,1.0,1.0
38,14544.03,1314.0024,66.0,27.40979,6.0,6.0,15.0,3.0,27.0,9.0,8.58,4.0,2447.38,26.643353,176.87741,217.11304,1,0,1,0,0,0,1,0,0,0,0.0,0.0,0.0,0.0,0.0,0.0,0.0,0.0,0.0,0.0,0.0,1.0,0.0,0.0,0.0,0.0,0.0,1.0,0.0,1.0,0.0,0.0,0.0,0.0,0.0,1.0,1.0
54,15617.35,1579.4458,103.0,26.450468,0.0,2.0,1.0,3.0,3.0,0.0,0.57,2.0,258.68,22.697533,147.0471,274.44702,1,0,1,0,0,0,0,0,1,0,0.0,0.0,0.0,0.0,0.0,0.0,0.0,0.0,0.0,0.0,0.0,0.0,0.0,0.0,1.0,0.0,1.0,0.0,1.0,0.0,0.0,0.0,0.0,0.0,0.0,1.0,2.0
26,54811.56,4510.63,82.0,171.3414,4.0,5.0,11.0,6.0,32.0,12.0,11.74,8.0,2170.62,39.503197,174.4909,455.28745,0,1,1,1,1,0,0,1,0,0,0.0,1.0,0.0,0.0,0.0,0.0,0.0,0.0,0.0,0.0,0.0,0.0,0.0,0.0,0.0,0.0,0.0,1.0,0.0,1.0,1.0,0.0,0.0,0.0,0.0,0.0,1.0
44,55583.67,4816.9727,73.0,69.734,6.0,5.0,11.0,2.0,23.0,17.0,12.29,6.0,2019.51,31.48124,141.74715,530.2161,0,0,0,0,0,0,0,1,1,0,0.0,0.0,0.0,1.0,0.0,0.0,0.0,0.0,0.0,0.0,0.0,0.0,0.0,0.0,0.0,0.0,0.0,1.0,0.0,1.0,0.0,0.0,1.0,0.0,0.0,0.0,1.0
50,40067.96,3619.9966,67.0,0.0,0.0,4.0,4.0,0.0,8.0,9.0,3.45,0.0,401.8,25.588707,54.548233,547.4514,0,0,0,0,0,1,0,0,0,0,0.0,0.0,0.0,0.0,1.0,0.0,0.0,0.0,0.0,0.0,0.0,0.0,0.0,0.0,0.0,0.0,1.0,0.0,1.0,0.0,1.0,0.0,0.0,0.0,0.0,0.0,2.0
31,13566.77,1130.5642,112.0,16.744331,6.0,7.0,6.0,2.0,11.0,19.0,6.96,6.0,559.89,26.86282,107.72186,333.25922,0,1,1,0,0,0,0,0,0,0,0.0,1.0,0.0,0.0,0.0,0.0,0.0,0.0,0.0,0.0,0.0,0.0,0.0,0.0,0.0,0.0,1.0,0.0,1.0,0.0,0.0,0.0,0.0,0.0,0.0,1.0,2.0
41,16048.76,1623.3966,59.0,72.005615,8.0,10.0,18.0,7.0,40.0,19.0,13.29,11.0,1583.58,29.734493,139.00958,241.32448,0,1,1,1,1,0,1,1,0,0,0.0,1.0,0.0,0.0,0.0,0.0,0.0,0.0,0.0,0.0,0.0,0.0,0.0,0.0,0.0,0.0,0.0,1.0,0.0,1.0,0.0,0.0,0.0,0.0,0.0,1.0,0.0
25,35006.57,3203.214,71.0,76.98346,5.0,7.0,10.0,4.0,10.0,13.0,18.95,3.0,246.13,38.907116,96.365685,396.97226,1,0,1,0,0,0,0,1,0,0,0.0,0.0,0.0,0.0,0.0,0.0,0.0,0.0,0.0,0.0,1.0,0.0,0.0,0.0,0.0,0.0,0.0,1.0,0.0,1.0,0.0,1.0,0.0,0.0,0.0,0.0,1.0
29,61711.89,5403.6577,28.0,68.578865,5.0,5.0,5.0,2.0,21.0,14.0,7.46,7.0,464.0,34.30201,150.17467,571.6122,0,0,0,1,0,0,0,1,0,0,0.0,0.0,0.0,0.0,0.0,0.0,0.0,0.0,0.0,0.0,1.0,0.0,0.0,0.0,0.0,0.0,0.0,1.0,0.0,1.0,0.0,1.0,0.0,0.0,0.0,0.0,1.0
28,38305.28,3273.1067,24.0,151.93686,7.0,5.0,15.0,5.0,16.0,22.0,4.75,9.0,1718.29,35.204903,118.250656,327.12314,0,1,0,0,0,0,1,0,0,1,1.0,0.0,0.0,0.0,0.0,0.0,0.0,0.0,0.0,0.0,0.0,0.0,0.0,0.0,0.0,1.0,0.0,0.0,0.0,1.0,0.0,0.0,0.0,1.0,0.0,0.0,0.0
44,17327.28,1716.94,68.0,55.4385,6.0,6.0,20.0,7.0,47.0,20.0,18.3,13.0,2291.35,32.455795,143.55812,252.69739,1,0,0,0,1,0,0,0,1,0,0.0,1.0,0.0,0.0,0.0,0.0,0.0,0.0,0.0,0.0,0.0,0.0,0.0,0.0,0.0,1.0,0.0,0.0,0.0,1.0,0.0,0.0,0.0,0.0,1.0,0.0,0.0
38,35081.49,3047.4575,111.0,51.97855,6.0,6.0,16.0,2.0,23.0,16.0,6.57,0.0,1025.79,36.865932,299.29733,243.46985,0,1,0,0,0,0,0,1,0,0,0.0,0.0,0.0,0.0,0.0,0.0,0.0,0.0,0.0,0.0,0.0,0.0,0.0,0.0,1.0,0.0,0.0,1.0,0.0,1.0,0.0,0.0,0.0,0.0,0.0,1.0,1.0
45,33381.68,2482.8066,53.0,114.72755,8.0,3.0,8.0,5.0,6.0,19.0,17.94,7.0,1403.84,25.718216,162.1035,241.44962,1,1,1,0,0,0,0,1,0,1,0.0,0.0,0.0,0.0,0.0,0.0,0.0,0.0,0.0,0.0,0.0,0.0,1.0,0.0,0.0,0.0,0.0,1.0,0.0,1.0,0.0,0.0,0.0,1.0,0.0,0.0,1.0
36,31941.88,2526.8232,88.0,0.0,5.0,6.0,16.0,0.0,11.0,16.0,4.9,6.0,1048.97,34.783344,85.51133,417.171,0,0,0,0,0,1,0,0,0,0,0.0,0.0,0.0,0.0,0.0,0.0,0.0,0.0,0.0,0.0,0.0,0.0,0.0,0.0,1.0,0.0,0.0,1.0,1.0,0.0,0.0,1.0,0.0,0.0,0.0,0.0,1.0
32,17455.36,1222.6133,47.0,58.796223,7.0,10.0,21.0,7.0,47.0,16.0,1.49,17.0,1657.79,33.39966,165.1446,188.32051,0,1,1,1,1,0,0,1,0,0,0.0,0.0,0.0,0.0,0.0,0.0,0.0,0.0,0.0,1.0,0.0,0.0,0.0,0.0,0.0,1.0,0.0,0.0,0.0,1.0,0.0,0.0,0.0,0.0,0.0,1.0,0.0
38,28279.12,2300.5933,78.0,0.0,4.0,7.0,13.0,0.0,26.0,13.0,16.74,5.0,329.28,31.664091,154.8695,365.18982,0,0,0,0,0,1,0,0,0,0,0.0,0.0,0.0,1.0,0.0,0.0,0.0,0.0,0.0,0.0,0.0,0.0,0.0,0.0,0.0,0.0,0.0,1.0,0.0,1.0,0.0,0.0,0.0,0.0,0.0,1.0,1.0
47,35171.34,2865.945,129.0,0.0,1.0,3.0,3.0,0.0,18.0,8.0,0.75,0.0,754.93,38.818424,277.81268,298.7818,0,0,0,0,0,1,0,0,0,0,0.0,0.0,0.0,1.0,0.0,0.0,0.0,0.0,0.0,0.0,0.0,0.0,0.0,0.0,0.0,0.0,1.0,0.0,1.0,0.0,0.0,0.0,0.0,1.0,0.0,0.0,2.0
46,33427.13,2708.5942,128.0,0.0,4.0,2.0,4.0,0.0,8.0,6.0,5.51,4.0,828.32,35.672558,89.42122,441.4382,0,0,0,0,0,1,0,0,0,0,0.0,0.0,0.0,0.0,0.0,0.0,0.0,1.0,0.0,0.0,0.0,0.0,0.0,0.0,0.0,0.0,1.0,0.0,1.0,0.0,0.0,0.0,1.0,0.0,0.0,0.0,2.0
17,41516.64,3368.72,84.0,142.31648,8.0,8.0,17.0,5.0,50.0,17.0,1.35,11.0,1597.61,27.328184,140.64459,303.91092,1,0,0,1,0,0,1,1,1,0,0.0,0.0,0.0,0.0,0.0,0.0,0.0,0.0,0.0,1.0,0.0,0.0,0.0,0.0,0.0,1.0,0.0,0.0,0.0,1.0,0.0,1.0,0.0,0.0,0.0,0.0,0.0
54,14726.775,1366.2312,66.0,0.0,7.0,6.0,1.0,0.0,3.0,9.0,6.64,5.0,442.21,23.121561,42.826008,343.79712,0,0,0,0,0,1,0,0,0,0,0.0,0.0,0.0,0.0,0.0,0.0,0.0,1.0,0.0,0.0,0.0,0.0,0.0,0.0,0.0,0.0,1.0,0.0,1.0,0.0,0.0,1.0,0.0,0.0,0.0,0.0,1.0
32,14214.46,898.5383,67.0,41.886166,4.0,7.0,19.0,4.0,12.0,6.0,12.7,7.0,908.46,24.228014,91.878845,246.08882,1,0,0,0,1,0,0,0,1,0,0.0,0.0,0.0,0.0,0.0,1.0,0.0,0.0,0.0,0.0,0.0,0.0,0.0,0.0,0.0,0.0,0.0,1.0,0.0,1.0,0.0,0.0,1.0,0.0,0.0,0.0,1.0
23,8572.585,454.38208,39.0,24.915342,6.0,3.0,8.0,5.0,12.0,11.0,7.91,8.0,311.57,28.253502,28.468815,282.05405,0,0,1,0,0,0,1,0,1,1,0.0,0.0,0.0,0.0,0.0,0.0,0.0,0.0,0.0,1.0,0.0,0.0,0.0,0.0,0.0,0.0,0.0,1.0,0.0,1.0,0.0,0.0,0.0,0.0,0.0,1.0,1.0
52,41122.69,3717.8909,82.0,22.114613,1.0,3.0,1.0,1.0,2.0,8.0,10.67,4.0,1103.48,29.847876,195.03316,444.6413,1,0,0,0,0,0,0,0,0,0,0.0,0.0,0.0,0.0,0.0,0.0,0.0,0.0,0.0,0.0,0.0,0.0,1.0,0.0,0.0,0.0,1.0,0.0,1.0,0.0,0.0,0.0,0.0,0.0,0.0,1.0,1.0
18,54027.0,4269.25,133.0,53.260887,6.0,4.0,8.0,2.0,23.0,10.0,7.2,0.0,482.08,28.791775,52.603504,561.0606,0,0,0,1,0,0,1,0,0,0,0.0,0.0,0.0,0.0,0.0,0.0,0.0,0.0,0.0,1.0,0.0,0.0,0.0,0.0,0.0,0.0,1.0,0.0,1.0,0.0,0.0,1.0,0.0,0.0,0.0,0.0,2.0
18,59502.28,4939.5234,110.0,188.69432,2.0,4.0,1.0,4.0,9.0,4.0,6.21,4.0,395.15,31.80045,190.90065,364.35736,1,0,0,1,0,0,0,0,0,1,0.0,0.0,0.0,0.0,1.0,0.0,0.0,0.0,0.0,0.0,0.0,0.0,0.0,0.0,0.0,0.0,1.0,0.0,1.0,0.0,0.0,1.0,0.0,0.0,0.0,0.0,1.0
42,29663.56,2715.9634,77.0,40.71076,7.0,5.0,29.0,2.0,12.0,20.0,11.91,8.0,1915.89,40.8758,110.298325,400.58725,0,0,0,1,1,0,0,0,0,0,0.0,0.0,0.0,0.0,0.0,0.0,1.0,0.0,0.0,0.0,0.0,0.0,0.0,0.0,0.0,0.0,0.0,1.0,0.0,1.0,0.0,0.0,0.0,0.0,1.0,0.0,0.0
25,11892.72,976.06,128.0,7.5111823,6.0,4.0,5.0,1.0,30.0,17.0,15.73,11.0,736.01,28.588575,81.77369,278.32114,0,0,0,1,0,0,0,0,0,0,0.0,0.0,1.0,0.0,0.0,0.0,0.0,0.0,0.0,0.0,0.0,0.0,0.0,0.0,0.0,0.0,0.0,1.0,0.0,1.0,0.0,0.0,0.0,1.0,0.0,0.0,1.0
24,17234.695,1347.2246,113.0,33.49155,7.0,3.0,7.0,3.0,21.0,7.0,11.63,1.0,901.12,27.923824,20.70939,330.5215,0,1,1,1,0,0,0,0,0,0,0.0,0.0,0.0,0.0,0.0,0.0,0.0,0.0,0.0,0.0,0.0,1.0,0.0,0.0,0.0,0.0,0.0,1.0,0.0,1.0,0.0,1.0,0.0,0.0,0.0,0.0,1.0
41,71766.06,5968.505,91.0,198.30905,8.0,4.0,15.0,4.0,1.0,6.0,13.06,4.0,940.66,39.27036,126.06331,522.47815,1,1,0,0,0,0,0,0,1,0,0.0,0.0,0.0,0.0,1.0,0.0,0.0,0.0,0.0,0.0,0.0,0.0,0.0,0.0,0.0,0.0,0.0,1.0,1.0,0.0,0.0,1.0,0.0,0.0,0.0,0.0,1.0
25,23977.89,1834.1575,123.0,72.009674,3.0,5.0,16.0,4.0,18.0,17.0,6.75,3.0,423.36,34.09256,164.65193,236.75415,0,1,0,0,0,0,0,0,1,0,0.0,0.0,0.0,0.0,0.0,0.0,0.0,0.0,0.0,0.0,0.0,0.0,0.0,1.0,0.0,0.0,0.0,1.0,1.0,0.0,0.0,0.0,0.0,0.0,0.0,1.0,1.0
28,34428.72,2923.06,36.0,130.01872,4.0,3.0,9.0,5.0,6.0,16.0,15.48,12.0,478.11,27.124628,86.41316,325.8741,1,0,1,0,1,0,1,0,1,0,0.0,0.0,0.0,0.0,0.0,0.0,0.0,0.0,0.0,1.0,0.0,0.0,0.0,0.0,0.0,0.0,0.0,1.0,0.0,1.0,0.0,1.0,0.0,0.0,0.0,0.0,0.0
26,81268.8,6849.4,83.0,0.0,8.0,7.0,19.0,0.0,10.0,17.0,10.91,2.0,597.85,37.683754,215.44084,729.49915,0,0,0,0,0,1,0,0,0,0,0.0,0.0,0.0,0.0,0.0,0.0,0.0,0.0,0.0,0.0,0.0,1.0,0.0,0.0,0.0,0.0,0.0,1.0,0.0,1.0,0.0,0.0,1.0,0.0,0.0,0.0,1.0
38,21039.26,1628.2716,88.0,20.214342,5.0,4.0,19.0,2.0,24.0,10.0,9.21,6.0,1401.54,32.14621,69.69362,332.9192,0,0,0,1,1,0,0,0,0,0,0.0,0.0,0.0,0.0,0.0,0.0,0.0,0.0,0.0,1.0,0.0,0.0,0.0,0.0,0.0,0.0,0.0,1.0,0.0,1.0,0.0,0.0,1.0,0.0,0.0,0.0,1.0
18,34315.71,3018.6426,68.0,37.611668,4.0,4.0,19.0,2.0,20.0,11.0,13.36,4.0,24.75,28.305199,69.149155,445.10342,0,0,1,1,0,0,0,0,0,0,0.0,0.0,0.0,0.0,0.0,0.0,1.0,0.0,0.0,0.0,0.0,0.0,0.0,0.0,0.0,0.0,0.0,1.0,0.0,1.0,0.0,0.0,0.0,0.0,0.0,1.0,1.0
34,54265.54,4248.1284,96.0,82.1055,3.0,5.0,5.0,2.0,23.0,14.0,4.78,5.0,545.37,36.888943,236.30663,366.4007,0,0,0,0,1,0,0,0,0,1,1.0,0.0,0.0,0.0,0.0,0.0,0.0,0.0,0.0,0.0,0.0,0.0,0.0,0.0,0.0,0.0,0.0,1.0,1.0,0.0,0.0,0.0,1.0,0.0,0.0,0.0,2.0
38,23289.74,2012.8116,97.0,40.095146,4.0,6.0,6.0,4.0,19.0,13.0,1.09,3.0,804.75,38.423485,36.586086,384.59995,1,0,1,0,1,0,0,1,0,0,0.0,0.0,0.0,0.0,1.0,0.0,0.0,0.0,0.0,0.0,0.0,0.0,0.0,0.0,0.0,0.0,1.0,0.0,1.0,0.0,1.0,0.0,0.0,0.0,0.0,0.0,2.0
41,35615.68,2677.9734,119.0,0.0,2.0,3.0,8.0,0.0,24.0,10.0,5.05,3.0,1448.89,33.565956,63.15825,454.63907,0,0,0,0,0,1,0,0,0,0,0.0,0.0,0.0,0.0,1.0,0.0,0.0,0.0,0.0,0.0,0.0,0.0,0.0,0.0,0.0,0.0,1.0,0.0,1.0,0.0,0.0,1.0,0.0,0.0,0.0,0.0,0.0
26,7542.5,818.5417,61.0,22.999323,8.0,5.0,20.0,6.0,7.0,19.0,15.57,8.0,1916.7,30.49649,51.098484,267.75635,1,0,1,0,0,0,1,1,1,0,0.0,0.0,1.0,0.0,0.0,0.0,0.0,0.0,0.0,0.0,0.0,0.0,0.0,0.0,0.0,0.0,0.0,1.0,0.0,1.0,0.0,0.0,1.0,0.0,0.0,0.0,1.0
54,15904.85,1085.4042,83.0,47.5979,3.0,5.0,1.0,4.0,2.0,2.0,6.34,2.0,1377.16,27.00602,11.024665,289.91785,0,1,1,0,0,0,1,0,0,1,0.0,0.0,0.0,0.0,0.0,1.0,0.0,0.0,0.0,0.0,0.0,0.0,0.0,0.0,0.0,0.0,1.0,0.0,1.0,0.0,1.0,0.0,0.0,0.0,0.0,0.0,2.0
39,21018.0,2011.5,110.0,0.0,8.0,4.0,17.0,0.0,14.0,16.0,20.1,4.0,98.61,30.632599,134.72928,326.42072,0,0,0,0,0,1,0,0,0,0,0.0,0.0,0.0,0.0,0.0,0.0,0.0,0.0,0.0,1.0,0.0,0.0,0.0,0.0,0.0,0.0,0.0,1.0,0.0,1.0,0.0,0.0,0.0,1.0,0.0,0.0,1.0
33,35286.5,2929.5417,29.0,34.745167,6.0,9.0,24.0,2.0,34.0,22.0,18.69,12.0,1609.58,35.249893,117.982666,410.22632,0,0,1,0,0,0,1,0,0,0,0.0,0.0,0.0,0.0,0.0,0.0,0.0,0.0,0.0,0.0,0.0,0.0,1.0,0.0,0.0,1.0,0.0,0.0,0.0,1.0,0.0,0.0,0.0,1.0,0.0,0.0,0.0
19,78096.39,6438.0327,80.0,85.916916,8.0,5.0,10.0,2.0,26.0,12.0,18.51,4.0,214.94,29.658285,415.2458,412.64053,0,0,0,0,0,0,0,0,1,1,0.0,0.0,0.0,0.0,0.0,0.0,0.0,0.0,0.0,0.0,1.0,0.0,0.0,0.0,0.0,0.0,0.0,1.0,0.0,1.0,0.0,0.0,0.0,1.0,0.0,0.0,1.0
24,38684.2,3423.6833,24.0,70.03845,7.0,5.0,16.0,3.0,23.0,18.0,16.24,8.0,1464.16,27.687168,48.89197,473.4379,0,0,0,0,0,0,0,1,1,0,0.0,0.0,1.0,0.0,0.0,0.0,0.0,0.0,0.0,0.0,0.0,0.0,0.0,0.0,0.0,0.0,0.0,1.0,0.0,1.0,0.0,1.0,0.0,0.0,0.0,0.0,0.0
55,89384.91,7658.7427,126.0,118.53495,1.0,3.0,10.0,3.0,16.0,6.0,9.54,1.0,1041.11,32.903606,120.91697,766.4223,1,0,0,0,0,0,0,1,0,1,0.0,0.0,0.0,0.0,0.0,0.0,0.0,0.0,0.0,0.0,0.0,1.0,0.0,0.0,0.0,0.0,1.0,0.0,1.0,0.0,1.0,0.0,0.0,0.0,0.0,0.0,2.0
22,48783.44,4187.2866,87.0,79.61675,3.0,7.0,18.0,3.0,11.0,17.0,10.96,1.0,146.68,36.869312,217.16428,401.94763,0,1,1,1,0,0,0,0,0,0,0.0,0.0,0.0,0.0,0.0,0.0,0.0,0.0,0.0,0.0,0.0,1.0,0.0,0.0,0.0,0.0,0.0,1.0,1.0,0.0,0.0,0.0,0.0,0.0,1.0,0.0,1.0
21,8294.385,946.1987,76.0,48.032063,7.0,7.0,26.0,7.0,6.0,10.0,7.59,4.0,1756.74,35.665466,70.53732,266.05048,0,0,1,1,1,0,1,1,0,1,0.0,0.0,0.0,0.0,0.0,1.0,0.0,0.0,0.0,0.0,0.0,0.0,0.0,0.0,0.0,0.0,0.0,1.0,0.0,1.0,0.0,0.0,0.0,0.0,0.0,1.0,0.0
34,8312.495,893.70795,59.0,20.156252,6.0,4.0,12.0,4.0,25.0,17.0,7.71,8.0,1803.31,38.057983,43.440056,305.77448,0,1,0,0,0,0,0,1,0,1,0.0,0.0,0.0,0.0,0.0,0.0,0.0,0.0,0.0,0.0,0.0,0.0,0.0,0.0,1.0,0.0,0.0,1.0,0.0,1.0,0.0,0.0,0.0,0.0,1.0,0.0,1.0
33,15717.275,1270.773,127.0,12.442875,1.0,5.0,8.0,1.0,2.0,8.0,7.03,1.0,1020.27,35.81535,154.5014,250.13301,0,1,0,0,0,0,0,0,0,0,0.0,0.0,0.0,0.0,1.0,0.0,0.0,0.0,0.0,0.0,0.0,0.0,0.0,0.0,0.0,0.0,1.0,0.0,1.0,0.0,0.0,0.0,0.0,0.0,0.0,1.0,2.0
34,58424.97,4893.7476,69.0,121.75289,6.0,3.0,17.0,3.0,8.0,20.0,10.52,1.0,52.98,27.603363,62.65467,554.96716,0,1,1,1,0,0,0,0,0,0,0.0,0.0,0.0,0.0,0.0,0.0,0.0,1.0,0.0,0.0,0.0,0.0,0.0,0.0,0.0,0.0,0.0,1.0,0.0,1.0,0.0,1.0,0.0,0.0,0.0,0.0,0.0
36,9853.855,720.1546,51.0,46.93471,8.0,10.0,22.0,6.0,48.0,16.0,26.87,11.0,2763.66,37.264057,87.39324,227.68752,1,0,0,1,0,0,1,1,0,0,0.0,0.0,0.0,0.0,0.0,0.0,1.0,0.0,0.0,0.0,0.0,0.0,0.0,0.0,0.0,1.0,0.0,0.0,0.0,1.0,0.0,0.0,0.0,0.0,0.0,1.0,1.0
45,10024.955,941.4129,80.0,47.27916,4.0,4.0,11.0,7.0,22.0,20.0,15.03,7.0,1157.35,26.366018,25.312649,281.54947,0,1,1,1,1,0,0,1,1,0,0.0,0.0,0.0,0.0,0.0,0.0,0.0,1.0,0.0,0.0,0.0,0.0,0.0,0.0,0.0,0.0,0.0,1.0,0.0,1.0,0.0,0.0,1.0,0.0,0.0,0.0,1.0
23,18140.94,1780.745,76.0,65.25438,7.0,10.0,17.0,7.0,38.0,8.0,15.45,11.0,2302.31,26.148697,25.08687,337.73325,0,0,0,1,1,0,1,0,1,1,0.0,0.0,1.0,0.0,0.0,0.0,0.0,0.0,0.0,0.0,0.0,0.0,0.0,0.0,0.0,0.0,0.0,1.0,0.0,1.0,0.0,1.0,0.0,0.0,0.0,0.0,1.0
54,41794.32,3347.86,107.0,89.815636,0.0,5.0,7.0,3.0,1.0,12.0,3.78,4.0,302.02,23.91272,32.44104,452.52933,0,0,0,1,0,0,0,1,0,0,0.0,0.0,0.0,0.0,0.0,0.0,0.0,0.0,0.0,1.0,0.0,0.0,0.0,0.0,0.0,0.0,1.0,0.0,1.0,0.0,1.0,0.0,0.0,0.0,0.0,0.0,1.0
45,90371.01,7611.9175,100.0,254.75797,3.0,4.0,3.0,4.0,-2.0,7.0,14.26,8.0,967.84,29.937347,262.48306,612.3555,0,1,0,0,0,0,1,0,0,1,0.0,0.0,0.0,0.0,0.0,0.0,0.0,1.0,0.0,0.0,0.0,0.0,0.0,0.0,0.0,0.0,1.0,0.0,1.0,0.0,1.0,0.0,0.0,0.0,0.0,0.0,2.0
42,21637.516,1542.1262,125.0,0.0,3.0,5.0,9.0,0.0,6.0,0.0,3.15,0.0,999.48,38.08222,181.16354,263.04907,0,0,0,0,0,1,0,0,0,0,0.0,0.0,0.0,0.0,0.0,1.0,0.0,0.0,0.0,0.0,0.0,0.0,0.0,0.0,0.0,0.0,1.0,0.0,1.0,0.0,0.0,0.0,0.0,0.0,0.0,1.0,2.0
21,49949.84,4002.4866,69.0,122.53763,5.0,6.0,18.0,3.0,26.0,12.0,-0.76,1.0,1465.06,31.898087,93.413124,424.2979,0,0,1,0,0,0,0,1,1,0,0.0,0.0,0.0,0.0,0.0,0.0,0.0,0.0,0.0,1.0,0.0,0.0,0.0,0.0,0.0,0.0,0.0,1.0,0.0,1.0,1.0,0.0,0.0,0.0,0.0,0.0,1.0
28,13675.83,1282.6525,95.0,0.0,4.0,5.0,16.0,0.0,26.0,20.0,14.07,4.0,568.81,36.06731,85.548744,312.71652,0,0,0,0,0,1,0,0,0,0,0.0,0.0,0.0,0.0,1.0,0.0,0.0,0.0,0.0,0.0,0.0,0.0,0.0,0.0,0.0,0.0,0.0,1.0,0.0,1.0,0.0,0.0,0.0,1.0,0.0,0.0,1.0
43,16595.94,1175.995,31.0,40.69342,7.0,5.0,27.0,4.0,28.0,15.0,18.35,6.0,1747.16,37.903988,44.145042,292.76105,1,1,0,1,0,0,0,0,0,1,1.0,0.0,0.0,0.0,0.0,0.0,0.0,0.0,0.0,0.0,0.0,0.0,0.0,0.0,0.0,0.0,0.0,1.0,0.0,1.0,0.0,0.0,1.0,0.0,0.0,0.0,0.0
34,10732.78,1117.3983,68.0,11.438276,6.0,6.0,15.0,2.0,16.0,15.0,8.24,7.0,915.78,27.260662,81.636795,298.66476,1,0,0,0,1,0,0,0,0,0,0.0,0.0,1.0,0.0,0.0,0.0,0.0,0.0,0.0,0.0,0.0,0.0,0.0,0.0,0.0,0.0,0.0,1.0,0.0,1.0,0.0,0.0,0.0,0.0,1.0,0.0,1.0
28,44614.56,3500.88,81.0,134.66296,8.0,7.0,17.0,4.0,18.0,11.0,12.71,8.0,2613.46,32.032307,131.04974,334.3753,0,1,1,1,0,0,0,0,1,0,0.0,0.0,0.0,0.0,0.0,1.0,0.0,0.0,0.0,0.0,0.0,0.0,0.0,0.0,0.0,0.0,0.0,1.0,0.0,1.0,0.0,1.0,0.0,0.0,0.0,0.0,1.0
52,43592.45,3758.704,135.0,95.88608,2.0,3.0,2.0,3.0,3.0,2.0,4.53,1.0,793.39,29.772402,499.72934,70.255005,0,0,0,0,1,0,0,0,1,1,0.0,0.0,0.0,0.0,0.0,0.0,0.0,0.0,0.0,0.0,0.0,0.0,0.0,0.0,1.0,0.0,1.0,0.0,1.0,0.0,0.0,0.0,0.0,0.0,0.0,1.0,1.0
19,43279.04,3308.5867,99.0,103.18665,1.0,5.0,5.0,4.0,4.0,12.0,2.57,0.0,363.33,35.56704,321.8417,345.1825,0,0,0,0,1,0,1,0,0,1,0.0,0.0,0.0,0.0,0.0,0.0,0.0,0.0,0.0,0.0,0.0,0.0,1.0,0.0,0.0,0.0,1.0,0.0,1.0,0.0,0.0,1.0,0.0,0.0,0.0,0.0,2.0
25,16043.16,1224.93,49.0,56.538116,4.0,8.0,30.0,6.0,23.0,19.0,16.12,7.0,2358.91,37.801186,24.316898,301.63797,1,1,0,0,0,0,0,1,0,1,0.0,0.0,0.0,0.0,0.0,0.0,0.0,0.0,0.0,0.0,0.0,1.0,0.0,0.0,0.0,0.0,0.0,1.0,0.0,1.0,0.0,0.0,1.0,0.0,0.0,0.0,0.0
56,30594.51,2429.5425,130.0,64.919365,3.0,3.0,20.0,3.0,28.0,17.0,8.57,3.0,1277.91,34.574696,248.75394,209.28094,0,0,1,0,1,0,0,1,0,0,0.0,0.0,0.0,0.0,0.0,0.0,0.0,0.0,0.0,0.0,0.0,1.0,0.0,0.0,0.0,0.0,0.0,1.0,1.0,0.0,0.0,0.0,0.0,0.0,1.0,0.0,1.0
22,28910.14,2441.1782,93.0,75.12427,8.0,6.0,11.0,4.0,7.0,19.0,7.67,3.0,496.03,37.384697,70.64746,348.3461,1,0,0,0,0,0,0,1,1,0,0.0,0.0,0.0,0.0,0.0,0.0,0.0,1.0,0.0,0.0,0.0,0.0,0.0,0.0,0.0,0.0,0.0,1.0,1.0,0.0,0.0,1.0,0.0,0.0,0.0,0.0,1.0
34,27947.05,2331.921,61.0,148.79907,8.0,6.0,9.0,7.0,20.0,16.0,8.84,5.0,172.39,37.550358,80.92102,263.472,1,0,1,1,1,0,1,1,1,0,0.0,0.0,0.0,0.0,0.0,0.0,1.0,0.0,0.0,0.0,0.0,0.0,0.0,0.0,0.0,0.0,0.0,1.0,0.0,1.0,0.0,0.0,1.0,0.0,0.0,0.0,1.0
29,82831.68,7133.64,98.0,113.7038,7.0,3.0,9.0,3.0,10.0,8.0,16.48,4.0,34.27,33.367775,406.48193,473.17825,0,0,0,1,0,0,0,1,0,0,0.0,1.0,0.0,0.0,0.0,0.0,0.0,0.0,0.0,0.0,0.0,0.0,0.0,0.0,0.0,0.0,0.0,1.0,0.0,1.0,0.0,0.0,0.0,0.0,1.0,0.0,1.0
25,36753.32,3164.7766,39.0,117.851776,9.0,10.0,32.0,4.0,18.0,12.0,16.72,6.0,2153.46,27.549238,33.351868,405.27402,0,1,0,1,0,0,0,0,1,0,1.0,0.0,0.0,0.0,0.0,0.0,0.0,0.0,0.0,0.0,0.0,0.0,0.0,0.0,0.0,0.0,0.0,1.0,0.0,1.0,1.0,0.0,0.0,0.0,0.0,0.0,0.0
34,14263.355,918.6129,82.0,23.475311,1.0,7.0,12.0,2.0,16.0,9.0,10.75,4.0,542.5,35.5151,81.53076,276.85522,0,1,0,0,1,0,0,0,0,0,0.0,0.0,1.0,0.0,0.0,0.0,0.0,0.0,0.0,0.0,0.0,0.0,0.0,0.0,0.0,0.0,1.0,0.0,1.0,0.0,0.0,0.0,0.0,0.0,0.0,1.0,1.0
43,20799.59,1435.2992,89.0,0.0,2.0,5.0,7.0,0.0,-4.0,10.0,5.16,2.0,33.25,38.276924,53.99413,339.5358,0,0,0,0,0,1,0,0,0,0,1.0,0.0,0.0,0.0,0.0,0.0,0.0,0.0,0.0,0.0,0.0,0.0,0.0,0.0,0.0,0.0,1.0,0.0,1.0,0.0,0.0,1.0,0.0,0.0,0.0,0.0,1.0
41,35873.36,2922.4468,76.0,77.4202,9.0,5.0,18.0,3.0,27.0,12.0,4.38,11.0,2336.04,39.321045,90.48592,374.33856,0,0,0,1,0,0,1,0,0,1,0.0,1.0,0.0,0.0,0.0,0.0,0.0,0.0,0.0,0.0,0.0,0.0,0.0,0.0,0.0,1.0,0.0,0.0,0.0,1.0,0.0,1.0,0.0,0.0,0.0,0.0,0.0
39,19426.81,1397.9009,81.0,54.997196,7.0,6.0,19.0,4.0,16.0,18.0,15.28,4.0,658.69,24.18825,78.07435,284.74042,1,0,0,1,0,0,0,1,1,0,0.0,0.0,0.0,0.0,0.0,0.0,1.0,0.0,0.0,0.0,0.0,0.0,0.0,0.0,0.0,0.0,0.0,1.0,0.0,1.0,0.0,0.0,0.0,0.0,0.0,1.0,1.0
18,13190.345,1131.1954,117.0,9.896018,3.0,4.0,5.0,1.0,20.0,23.0,6.4,1.0,578.6,25.511614,80.45325,302.77026,0,0,1,0,0,0,0,0,0,0,0.0,0.0,0.0,0.0,1.0,0.0,0.0,0.0,0.0,0.0,0.0,0.0,0.0,0.0,0.0,0.0,0.0,1.0,0.0,1.0,0.0,0.0,0.0,0.0,1.0,0.0,1.0
44,17535.57,1628.2975,65.0,28.678837,4.0,6.0,29.0,2.0,34.0,17.0,9.55,8.0,2476.35,29.694979,124.646805,299.50412,1,0,0,0,0,0,0,0,0,1,0.0,0.0,1.0,0.0,0.0,0.0,0.0,0.0,0.0,0.0,0.0,0.0,0.0,0.0,0.0,0.0,0.0,1.0,0.0,1.0,0.0,0.0,0.0,0.0,0.0,1.0,0.0
50,91516.44,7844.37,69.0,237.86542,2.0,4.0,12.0,4.0,9.0,6.0,11.73,4.0,226.23,25.859407,279.83978,526.7318,1,0,0,0,1,0,0,0,0,1,0.0,0.0,0.0,0.0,0.0,0.0,0.0,0.0,0.0,0.0,0.0,0.0,1.0,0.0,0.0,0.0,1.0,0.0,1.0,0.0,0.0,0.0,1.0,0.0,0.0,0.0,2.0
30,11126.925,1000.9631,135.0,56.20942,7.0,6.0,12.0,1.0,10.0,16.0,8.95,1.0,381.82,24.534487,131.46272,255.53293,0,0,0,0,0,0,0,0,0,1,0.0,0.0,0.0,0.0,0.0,0.0,0.0,0.0,0.0,0.0,0.0,0.0,1.0,0.0,0.0,0.0,1.0,0.0,1.0,0.0,0.0,0.0,0.0,0.0,0.0,1.0,1.0
48,29648.76,2740.73,85.0,0.0,0.0,2.0,10.0,0.0,6.0,5.0,0.85,3.0,1104.99,24.194395,179.27187,354.80112,0,0,0,0,0,1,0,0,0,0,0.0,0.0,0.0,0.0,0.0,0.0,0.0,0.0,1.0,0.0,0.0,0.0,0.0,0.0,0.0,0.0,1.0,0.0,1.0,0.0,0.0,0.0,1.0,0.0,0.0,0.0,1.0
20,35295.07,2675.2559,120.0,112.62077,1.0,6.0,7.0,4.0,10.0,6.0,0.57,2.0,1088.7,29.19655,41.99481,352.91,0,0,0,1,1,0,0,0,1,0,0.0,0.0,0.0,0.0,1.0,0.0,0.0,0.0,0.0,0.0,0.0,0.0,0.0,0.0,0.0,0.0,1.0,0.0,1.0,0.0,1.0,0.0,0.0,0.0,0.0,0.0,1.0
45,47400.2,4192.0166,109.0,0.0,8.0,7.0,5.0,0.0,29.0,9.0,11.88,5.0,465.95,25.21244,74.28195,584.91974,0,0,0,0,0,1,0,0,0,0,0.0,0.0,0.0,0.0,0.0,1.0,0.0,0.0,0.0,0.0,0.0,0.0,0.0,0.0,0.0,0.0,0.0,1.0,0.0,1.0,1.0,0.0,0.0,0.0,0.0,0.0,1.0
38,29588.18,2281.6816,83.0,61.709503,3.0,4.0,1.0,3.0,9.0,8.0,0.73,0.0,193.06,30.165237,222.52943,233.92923,0,0,0,0,0,0,0,1,1,1,0.0,0.0,0.0,0.0,0.0,0.0,0.0,0.0,0.0,0.0,1.0,0.0,0.0,0.0,0.0,0.0,1.0,0.0,1.0,0.0,0.0,0.0,0.0,0.0,0.0,1.0,1.0
26,21440.93,1555.7441,136.0,35.273026,5.0,3.0,9.0,3.0,25.0,10.0,6.15,1.0,969.29,34.823704,149.39566,260.90573,1,0,0,0,0,0,0,1,1,0,0.0,0.0,0.0,0.0,0.0,0.0,0.0,0.0,0.0,0.0,0.0,1.0,0.0,0.0,0.0,0.0,0.0,1.0,1.0,0.0,0.0,0.0,0.0,0.0,0.0,1.0,1.0
41,38919.9,3215.325,81.0,22.012884,8.0,7.0,13.0,1.0,7.0,13.0,10.2,0.0,1058.13,28.911427,45.965412,493.5542,0,0,1,0,0,0,0,0,0,0,0.0,0.0,0.0,0.0,0.0,0.0,0.0,0.0,0.0,1.0,0.0,0.0,0.0,0.0,0.0,0.0,0.0,1.0,1.0,0.0,1.0,0.0,0.0,0.0,0.0,0.0,1.0
42,17063.596,1571.9663,114.0,0.0,7.0,7.0,16.0,0.0,11.0,14.0,18.53,2.0,486.79,39.35466,91.12504,326.0716,0,0,0,0,0,1,0,0,0,0,0.0,0.0,0.0,1.0,0.0,0.0,0.0,0.0,0.0,0.0,0.0,0.0,0.0,0.0,0.0,0.0,0.0,1.0,0.0,1.0,0.0,0.0,1.0,0.0,0.0,0.0,2.0
29,34599.94,2942.3284,109.0,0.0,7.0,6.0,3.0,0.0,19.0,8.0,3.45,1.0,942.59,41.16756,214.14919,350.08365,0,0,0,0,0,1,0,0,0,0,0.0,0.0,0.0,0.0,0.0,1.0,0.0,0.0,0.0,0.0,0.0,0.0,0.0,0.0,0.0,0.0,0.0,1.0,1.0,0.0,0.0,0.0,0.0,1.0,0.0,0.0,1.0
35,20364.57,1626.0475,43.0,26.168108,6.0,8.0,32.0,3.0,23.0,8.0,16.3,11.0,2500.04,37.027332,117.468925,308.9677,0,0,0,0,1,0,0,0,1,1,0.0,0.0,0.0,0.0,0.0,0.0,1.0,0.0,0.0,0.0,0.0,0.0,0.0,0.0,0.0,0.0,0.0,1.0,0.0,1.0,0.0,0.0,0.0,0.0,0.0,1.0,0.0
22,25428.7,2016.0583,53.0,85.088196,5.0,4.0,15.0,6.0,6.0,18.0,11.78,7.0,1167.79,35.580307,68.595116,297.92252,1,0,1,0,0,0,0,0,0,1,0.0,0.0,1.0,0.0,0.0,0.0,0.0,0.0,0.0,0.0,0.0,0.0,0.0,0.0,0.0,0.0,0.0,1.0,0.0,1.0,0.0,1.0,0.0,0.0,0.0,0.0,1.0
41,77257.64,6237.1367,120.0,77.97074,0.0,4.0,7.0,2.0,14.0,9.0,3.67,1.0,199.5,34.41076,71.70916,714.03375,0,1,0,0,0,0,1,0,0,0,0.0,0.0,0.0,0.0,0.0,1.0,0.0,0.0,0.0,0.0,0.0,0.0,0.0,0.0,0.0,0.0,1.0,0.0,1.0,0.0,1.0,0.0,0.0,0.0,0.0,0.0,2.0
46,42072.75,3263.0625,131.0,87.08162,3.0,6.0,9.0,3.0,11.0,5.0,12.97,2.0,689.65,39.99991,112.64643,376.5782,0,0,0,1,1,0,0,0,1,0,0.0,0.0,1.0,0.0,0.0,0.0,0.0,0.0,0.0,0.0,0.0,0.0,0.0,0.0,0.0,0.0,1.0,0.0,1.0,0.0,0.0,1.0,0.0,0.0,0.0,0.0,1.0
35,85325.24,7395.4365,92.0,65.24524,3.0,4.0,10.0,1.0,18.0,15.0,5.5,7.0,1264.92,23.829105,313.6493,630.6491,0,0,0,0,0,0,1,0,0,0,0.0,1.0,0.0,0.0,0.0,0.0,0.0,0.0,0.0,0.0,0.0,0.0,0.0,0.0,0.0,0.0,0.0,1.0,0.0,1.0,0.0,0.0,0.0,1.0,0.0,0.0,1.0
28,8446.24,909.1867,79.0,80.2517,8.0,5.0,16.0,3.0,23.0,19.0,4.46,11.0,1425.23,38.457336,120.093575,248.40672,0,1,0,0,1,0,0,0,0,1,0.0,0.0,0.0,0.0,0.0,0.0,0.0,0.0,1.0,0.0,0.0,0.0,0.0,0.0,0.0,1.0,0.0,0.0,0.0,1.0,0.0,0.0,0.0,0.0,0.0,1.0,1.0
39,46645.86,4056.155,46.0,61.79532,4.0,3.0,5.0,2.0,10.0,10.0,10.89,4.0,1157.31,34.077503,66.78943,517.03076,1,0,0,0,0,0,0,0,0,0,0.0,0.0,0.0,0.0,0.0,0.0,0.0,0.0,0.0,0.0,0.0,0.0,0.0,0.0,1.0,0.0,0.0,1.0,0.0,1.0,1.0,0.0,0.0,0.0,0.0,0.0,1.0
41,12705.77,1159.8142,89.0,14.587716,6.0,6.0,17.0,2.0,27.0,11.0,6.89,0.0,314.58,30.60174,60.745655,310.64804,1,0,0,0,0,0,0,0,0,0,0.0,0.0,0.0,0.0,0.0,0.0,0.0,0.0,0.0,0.0,1.0,0.0,0.0,0.0,0.0,0.0,0.0,1.0,0.0,1.0,0.0,0.0,0.0,1.0,0.0,0.0,1.0
22,23537.54,1906.4617,41.0,53.558308,7.0,4.0,8.0,3.0,21.0,22.0,7.13,6.0,174.06,32.551605,146.02385,271.064,1,0,0,0,1,0,0,0,0,0,0.0,0.0,0.0,1.0,0.0,0.0,0.0,0.0,0.0,0.0,0.0,0.0,0.0,0.0,0.0,0.0,0.0,1.0,0.0,1.0,0.0,0.0,0.0,0.0,1.0,0.0,1.0
28,17926.7,1468.8917,58.0,20.29937,6.0,3.0,7.0,2.0,20.0,11.0,19.6,6.0,1137.33,29.613333,173.43022,243.15958,1,0,0,0,0,0,0,1,0,0,0.0,0.0,0.0,0.0,0.0,0.0,0.0,0.0,0.0,0.0,1.0,0.0,0.0,0.0,0.0,0.0,0.0,1.0,0.0,1.0,0.0,0.0,0.0,0.0,0.0,1.0,1.0
28,13511.76,1237.98,96.0,25.037867,6.0,6.0,18.0,4.0,14.0,10.0,10.07,2.0,97.99,33.823975,68.17177,320.58835,0,1,1,1,0,0,0,0,0,0,0.0,0.0,0.0,1.0,0.0,0.0,0.0,0.0,0.0,0.0,0.0,0.0,0.0,0.0,0.0,0.0,0.0,1.0,1.0,0.0,0.0,0.0,0.0,0.0,0.0,1.0,1.0
48,42940.26,3828.355,78.0,34.679268,3.0,7.0,2.0,1.0,10.0,10.0,6.84,2.0,90.74,29.652483,83.52861,524.6276,0,0,0,0,0,0,1,0,0,0,1.0,0.0,0.0,0.0,0.0,0.0,0.0,0.0,0.0,0.0,0.0,0.0,0.0,0.0,0.0,0.0,1.0,0.0,1.0,0.0,0.0,0.0,1.0,0.0,0.0,0.0,1.0
27,27286.53,2279.8774,69.0,0.0,6.0,3.0,18.0,0.0,17.0,13.0,1.33,8.0,302.21,24.35595,138.01018,379.97757,0,0,0,0,0,1,0,0,0,0,0.0,0.0,0.0,0.0,0.0,0.0,0.0,0.0,1.0,0.0,0.0,0.0,0.0,0.0,0.0,0.0,0.0,1.0,1.0,0.0,0.0,0.0,0.0,0.0,0.0,1.0,1.0
54,30412.85,2781.404,104.0,0.0,3.0,4.0,14.0,0.0,11.0,8.0,2.81,1.0,1220.51,30.510077,138.7485,399.3919,0,0,0,0,0,1,0,0,0,0,0.0,0.0,0.0,0.0,0.0,0.0,1.0,0.0,0.0,0.0,0.0,0.0,0.0,0.0,0.0,0.0,0.0,1.0,1.0,0.0,0.0,0.0,1.0,0.0,0.0,0.0,1.0
32,51886.18,4454.848,71.0,155.65671,8.0,7.0,7.0,4.0,27.0,15.0,15.76,8.0,1390.84,30.64534,160.6081,419.22003,0,0,1,1,1,0,1,0,0,0,0.0,1.0,0.0,0.0,0.0,0.0,0.0,0.0,0.0,0.0,0.0,0.0,0.0,0.0,0.0,0.0,0.0,1.0,0.0,1.0,0.0,0.0,0.0,0.0,1.0,0.0,1.0
33,14629.52,1309.1267,91.0,10.159548,1.0,4.0,4.0,1.0,9.0,6.0,5.69,3.0,493.52,38.947926,33.273785,327.47934,0,0,1,0,0,0,0,0,0,0,0.0,0.0,0.0,0.0,0.0,0.0,0.0,0.0,0.0,0.0,1.0,0.0,0.0,0.0,0.0,0.0,1.0,0.0,1.0,0.0,1.0,0.0,0.0,0.0,0.0,0.0,1.0
34,29369.12,2171.4268,87.0,43.935722,5.0,4.0,8.0,2.0,28.0,11.0,10.54,7.0,1605.81,25.424152,107.37265,325.8343,0,0,0,0,0,0,1,1,0,0,0.0,0.0,0.0,0.0,0.0,0.0,1.0,0.0,0.0,0.0,0.0,0.0,0.0,0.0,0.0,0.0,0.0,1.0,0.0,1.0,0.0,0.0,0.0,0.0,0.0,1.0,0.0
52,97889.1,8205.425,76.0,132.44386,1.0,7.0,9.0,3.0,4.0,4.0,7.6,3.0,1334.64,37.171623,434.05078,534.04785,1,0,0,0,1,0,0,1,0,0,0.0,0.0,1.0,0.0,0.0,0.0,0.0,0.0,0.0,0.0,0.0,0.0,0.0,0.0,0.0,0.0,1.0,0.0,1.0,0.0,0.0,0.0,0.0,0.0,1.0,0.0,0.0
27,45342.24,4013.52,76.0,61.78736,6.0,8.0,32.0,3.0,48.0,25.0,8.74,9.0,2063.68,27.840122,63.310333,526.25433,0,1,0,0,1,0,1,0,0,0,0.0,1.0,0.0,0.0,0.0,0.0,0.0,0.0,0.0,0.0,0.0,0.0,0.0,0.0,0.0,1.0,0.0,0.0,0.0,1.0,0.0,1.0,0.0,0.0,0.0,0.0,0.0
24,16230.82,1423.5684,86.0,22.220104,6.0,4.0,14.0,2.0,11.0,18.0,8.81,6.0,1806.26,33.31807,99.303635,300.8331,0,0,0,0,1,0,0,0,1,0,0.0,0.0,0.0,0.0,0.0,0.0,0.0,0.0,1.0,0.0,0.0,0.0,0.0,0.0,0.0,0.0,0.0,1.0,0.0,1.0,0.0,0.0,0.0,0.0,1.0,0.0,1.0
45,30909.93,2554.8274,86.0,21.444368,4.0,6.0,5.0,1.0,8.0,13.0,-0.01,4.0,1202.05,34.816803,24.879175,449.1592,0,0,1,0,0,0,0,0,0,0,0.0,0.0,0.0,0.0,0.0,0.0,0.0,0.0,0.0,1.0,0.0,0.0,0.0,0.0,0.0,0.0,0.0,1.0,0.0,1.0,1.0,0.0,0.0,0.0,0.0,0.0,1.0
21,63861.36,5487.78,95.0,150.25911,4.0,6.0,12.0,4.0,13.0,5.0,3.91,1.0,1071.97,37.90727,195.72563,472.79327,0,1,1,0,0,0,0,1,1,0,0.0,0.0,0.0,0.0,0.0,0.0,0.0,0.0,0.0,0.0,0.0,0.0,0.0,0.0,1.0,0.0,1.0,0.0,1.0,0.0,0.0,0.0,0.0,1.0,0.0,0.0,1.0
23,17810.5,1200.2084,132.0,14.205849,5.0,7.0,8.0,1.0,8.0,16.0,8.23,4.0,1163.48,24.044447,75.51222,290.30276,0,0,0,0,0,0,0,0,0,1,0.0,0.0,0.0,0.0,0.0,0.0,1.0,0.0,0.0,0.0,0.0,0.0,0.0,0.0,0.0,0.0,1.0,0.0,1.0,0.0,0.0,0.0,1.0,0.0,0.0,0.0,1.0
29,12044.89,1055.7408,84.0,0.0,3.0,6.0,15.0,0.0,11.0,20.0,19.92,8.0,747.26,28.180779,31.989468,353.58463,0,0,0,0,0,1,0,0,0,0,0.0,0.0,0.0,0.0,0.0,0.0,0.0,0.0,0.0,0.0,0.0,0.0,0.0,1.0,0.0,0.0,0.0,1.0,0.0,1.0,0.0,0.0,1.0,0.0,0.0,0.0,1.0
38,35996.23,2800.6858,60.0,143.52682,4.0,6.0,17.0,6.0,14.0,17.0,16.81,7.0,767.11,28.571945,96.45639,290.08536,1,1,0,0,0,0,1,1,0,0,0.0,0.0,0.0,0.0,0.0,1.0,0.0,0.0,0.0,0.0,0.0,0.0,0.0,0.0,0.0,0.0,0.0,1.0,0.0,1.0,0.0,1.0,0.0,0.0,0.0,0.0,1.0
25,71479.6,6184.6333,115.0,184.02528,1.0,3.0,8.0,4.0,11.0,11.0,10.3,1.0,519.66,39.72303,190.51039,523.9277,0,1,0,1,0,0,0,1,0,1,0.0,0.0,0.0,0.0,0.0,1.0,0.0,0.0,0.0,0.0,0.0,0.0,0.0,0.0,0.0,0.0,1.0,0.0,1.0,0.0,0.0,0.0,0.0,0.0,1.0,0.0,0.0
24,44328.22,3710.0183,123.0,84.307655,4.0,6.0,1.0,4.0,0.0,1.0,7.7,2.0,616.4,38.986706,37.9934,488.70078,0,1,1,0,0,0,0,0,1,0,0.0,0.0,0.0,0.0,0.0,0.0,0.0,0.0,0.0,0.0,0.0,1.0,0.0,0.0,0.0,0.0,1.0,0.0,1.0,0.0,1.0,0.0,0.0,0.0,0.0,0.0,2.0
34,74178.04,6299.5034,118.0,52.807926,1.0,3.0,10.0,1.0,12.0,8.0,1.4,4.0,64.38,37.808758,93.67106,723.4714,0,0,0,1,0,0,0,0,0,0,0.0,0.0,0.0,0.0,1.0,0.0,0.0,0.0,0.0,0.0,0.0,0.0,0.0,0.0,0.0,0.0,1.0,0.0,1.0,0.0,1.0,0.0,0.0,0.0,0.0,0.0,1.0
32,59393.36,4870.447,85.0,0.0,8.0,5.0,15.0,0.0,7.0,16.0,19.61,9.0,1046.68,31.356636,231.99629,515.0484,0,0,0,0,0,1,0,0,0,0,0.0,0.0,0.0,0.0,0.0,0.0,0.0,0.0,0.0,1.0,0.0,0.0,0.0,0.0,0.0,0.0,0.0,1.0,0.0,1.0,0.0,0.0,1.0,0.0,0.0,0.0,2.0
41,31200.24,2588.02,99.0,71.67124,2.0,3.0,1.0,3.0,10.0,5.0,10.64,3.0,14.34,33.222473,239.5756,217.55515,0,0,0,0,0,0,1,0,1,1,0.0,0.0,0.0,0.0,0.0,0.0,0.0,1.0,0.0,0.0,0.0,0.0,0.0,0.0,0.0,0.0,1.0,0.0,1.0,0.0,0.0,0.0,0.0,1.0,0.0,0.0,1.0
44,70447.26,5843.605,132.0,111.17218,8.0,4.0,1.0,3.0,29.0,12.0,0.54,6.0,904.34,32.155453,190.98026,562.20807,0,0,0,1,1,0,0,1,0,0,0.0,1.0,0.0,0.0,0.0,0.0,0.0,0.0,0.0,0.0,0.0,0.0,0.0,0.0,0.0,0.0,0.0,1.0,1.0,0.0,0.0,0.0,0.0,0.0,1.0,0.0,1.0
27,11654.425,945.2021,77.0,8.996502,3.0,4.0,8.0,1.0,9.0,16.0,6.98,5.0,1154.58,38.387554,44.425945,331.09775,0,0,0,0,0,0,0,0,0,1,0.0,0.0,0.0,0.0,0.0,0.0,0.0,1.0,0.0,0.0,0.0,0.0,0.0,0.0,0.0,0.0,0.0,1.0,0.0,1.0,0.0,0.0,0.0,0.0,0.0,1.0,1.0
34,77463.99,6388.3325,70.0,80.87723,7.0,6.0,15.0,2.0,29.0,15.0,2.42,4.0,451.63,41.648697,230.89554,577.0605,1,0,1,0,0,0,0,0,0,0,1.0,0.0,0.0,0.0,0.0,0.0,0.0,0.0,0.0,0.0,0.0,0.0,0.0,0.0,0.0,0.0,0.0,1.0,1.0,0.0,0.0,1.0,0.0,0.0,0.0,0.0,1.0
25,40341.16,3602.7634,80.0,113.0211,2.0,5.0,1.0,4.0,7.0,11.0,8.33,2.0,1183.73,34.390663,70.85101,416.4042,1,0,1,0,0,0,0,1,0,0,0.0,0.0,0.0,0.0,0.0,0.0,0.0,0.0,0.0,1.0,0.0,0.0,0.0,0.0,0.0,0.0,1.0,0.0,1.0,0.0,0.0,0.0,0.0,0.0,0.0,1.0,1.0
19,56343.8,4661.317,116.0,0.0,6.0,3.0,5.0,0.0,8.0,18.0,7.24,1.0,1209.53,34.167076,292.95044,443.18124,0,0,0,0,0,1,0,0,0,0,0.0,0.0,0.0,0.0,0.0,0.0,0.0,0.0,0.0,0.0,0.0,0.0,0.0,1.0,0.0,0.0,0.0,1.0,1.0,0.0,0.0,0.0,0.0,1.0,0.0,0.0,1.0
46,16953.984,1684.832,118.0,18.286009,4.0,5.0,4.0,2.0,1.0,4.0,10.64,5.0,554.48,31.054277,217.21014,222.98705,1,0,0,0,0,0,0,0,1,0,0.0,0.0,0.0,0.0,0.0,0.0,0.0,0.0,1.0,0.0,0.0,0.0,0.0,0.0,0.0,0.0,1.0,0.0,1.0,0.0,0.0,0.0,0.0,0.0,0.0,1.0,0.0
24,20188.02,1851.335,84.0,25.58028,4.0,3.0,6.0,3.0,9.0,8.0,3.31,0.0,399.92,39.07338,79.877426,339.67578,0,0,0,0,1,0,0,0,0,1,0.0,0.0,0.0,0.0,0.0,0.0,0.0,0.0,0.0,0.0,0.0,1.0,0.0,0.0,0.0,0.0,1.0,0.0,1.0,0.0,0.0,0.0,1.0,0.0,0.0,0.0,2.0
43,41896.88,3664.4067,113.0,132.31812,5.0,7.0,1.0,4.0,22.0,9.0,5.9,5.0,317.73,36.36327,73.73108,400.39148,0,0,0,1,1,0,1,0,0,1,0.0,0.0,0.0,0.0,0.0,0.0,0.0,1.0,0.0,0.0,0.0,0.0,0.0,0.0,0.0,0.0,1.0,0.0,1.0,0.0,1.0,0.0,0.0,0.0,0.0,0.0,0.0
23,16406.08,1604.1733,31.0,34.194042,5.0,5.0,16.0,3.0,22.0,17.0,22.02,8.0,1618.94,30.016577,72.71298,343.5103,0,1,0,0,0,0,0,1,0,1,0.0,0.0,0.0,0.0,0.0,0.0,0.0,1.0,0.0,0.0,0.0,0.0,0.0,0.0,0.0,0.0,0.0,1.0,0.0,1.0,0.0,0.0,0.0,1.0,0.0,0.0,1.0
24,21697.64,2088.1367,83.0,36.14253,3.0,7.0,8.0,2.0,6.0,13.0,10.65,4.0,431.39,31.90844,213.18596,249.48517,1,0,0,0,0,0,0,0,1,0,0.0,0.0,0.0,0.0,0.0,0.0,0.0,1.0,0.0,0.0,0.0,0.0,0.0,0.0,0.0,0.0,0.0,1.0,0.0,1.0,0.0,0.0,0.0,0.0,0.0,1.0,1.0
32,43925.79,3585.4824,38.0,189.91002,7.0,9.0,23.0,6.0,20.0,25.0,19.29,10.0,2662.07,23.226997,451.19998,7.438257,1,0,0,0,0,0,0,0,0,1,0.0,0.0,0.0,1.0,0.0,0.0,0.0,0.0,0.0,0.0,0.0,0.0,0.0,0.0,0.0,1.0,0.0,0.0,0.0,1.0,0.0,0.0,0.0,0.0,0.0,1.0,1.0
23,14821.995,1064.1663,100.0,25.619791,7.0,7.0,14.0,3.0,13.0,19.0,6.76,0.0,267.04,25.62038,66.268105,294.52872,1,0,0,0,0,0,1,1,0,0,0.0,0.0,0.0,0.0,0.0,0.0,1.0,0.0,0.0,0.0,0.0,0.0,0.0,0.0,0.0,0.0,0.0,1.0,1.0,0.0,0.0,0.0,0.0,0.0,1.0,0.0,1.0
25,16256.3,1116.6917,67.0,29.896465,3.0,3.0,8.0,4.0,0.0,3.0,1.65,1.0,204.66,35.33873,73.9179,287.8548,0,0,0,0,1,0,0,0,1,1,0.0,0.0,0.0,0.0,0.0,0.0,0.0,0.0,0.0,0.0,0.0,0.0,0.0,1.0,0.0,0.0,1.0,0.0,1.0,0.0,0.0,0.0,0.0,0.0,1.0,0.0,1.0
40,33262.2,2914.85,120.0,43.325153,6.0,5.0,18.0,3.0,14.0,12.0,17.33,1.0,696.05,35.7602,215.15894,323.00092,0,0,0,0,0,0,1,1,1,0,0.0,0.0,0.0,0.0,0.0,0.0,0.0,0.0,0.0,0.0,0.0,0.0,0.0,0.0,1.0,0.0,0.0,1.0,0.0,1.0,0.0,0.0,0.0,0.0,0.0,1.0,1.0
27,39343.02,3049.585,121.0,64.28244,4.0,4.0,5.0,2.0,5.0,20.0,8.04,6.0,347.48,40.299812,132.87378,377.80228,0,0,0,0,1,0,0,0,0,1,0.0,0.0,0.0,0.0,0.0,0.0,0.0,0.0,1.0,0.0,0.0,0.0,0.0,0.0,0.0,0.0,0.0,1.0,1.0,0.0,0.0,0.0,0.0,1.0,0.0,0.0,1.0
31,64511.34,5440.945,94.0,0.0,7.0,3.0,15.0,0.0,5.0,8.0,18.57,2.0,330.6,38.767334,479.98993,344.10455,0,0,0,0,0,1,0,0,0,0,0.0,0.0,0.0,0.0,0.0,0.0,0.0,0.0,0.0,1.0,0.0,0.0,0.0,0.0,0.0,0.0,0.0,1.0,0.0,1.0,0.0,0.0,0.0,0.0,1.0,0.0,1.0
32,9110.175,753.1813,76.0,39.014965,7.0,7.0,33.0,6.0,42.0,27.0,19.8,12.0,1814.67,26.134682,52.951717,273.35144,1,1,0,1,0,0,0,1,0,0,0.0,0.0,0.0,0.0,0.0,0.0,0.0,0.0,0.0,0.0,0.0,0.0,1.0,0.0,0.0,1.0,0.0,0.0,0.0,1.0,0.0,0.0,0.0,0.0,0.0,1.0,0.0
41,84373.32,7035.11,97.0,93.23118,2.0,5.0,2.0,2.0,9.0,0.0,3.82,0.0,1390.19,38.673466,273.5157,586.76416,0,0,0,0,1,0,0,0,0,1,0.0,1.0,0.0,0.0,0.0,0.0,0.0,0.0,0.0,0.0,0.0,0.0,0.0,0.0,0.0,0.0,1.0,0.0,1.0,0.0,0.0,1.0,0.0,0.0,0.0,0.0,1.0
27,64845.8,5574.817,26.0,75.913475,5.0,6.0,12.0,2.0,11.0,12.0,7.13,6.0,528.95,41.86257,242.90074,508.66745,0,1,0,0,0,0,0,0,0,1,0.0,1.0,0.0,0.0,0.0,0.0,0.0,0.0,0.0,0.0,0.0,0.0,0.0,0.0,0.0,0.0,0.0,1.0,0.0,1.0,0.0,0.0,0.0,1.0,0.0,0.0,1.0
51,24778.8,2312.9,63.0,0.0,5.0,7.0,20.0,0.0,23.0,10.0,15.28,4.0,179.1,35.53401,108.26799,383.022,0,0,0,0,0,1,0,0,0,0,0.0,0.0,0.0,0.0,0.0,0.0,0.0,0.0,0.0,1.0,0.0,0.0,0.0,0.0,0.0,0.0,0.0,1.0,0.0,1.0,0.0,0.0,1.0,0.0,0.0,0.0,1.0
18,19852.64,1921.3867,68.0,31.764847,5.0,4.0,18.0,2.0,30.0,11.0,18.92,8.0,1355.63,35.495003,120.95646,309.41736,0,0,0,0,0,0,0,0,1,1,0.0,0.0,0.0,0.0,0.0,0.0,0.0,0.0,0.0,0.0,0.0,0.0,0.0,1.0,0.0,0.0,0.0,1.0,0.0,1.0,0.0,0.0,0.0,1.0,0.0,0.0,1.0
34,50538.58,4054.5483,36.0,164.80746,6.0,7.0,9.0,4.0,17.0,21.0,9.09,6.0,1205.13,23.56096,256.24646,254.40091,1,0,1,0,1,0,0,1,0,0,1.0,0.0,0.0,0.0,0.0,0.0,0.0,0.0,0.0,0.0,0.0,0.0,0.0,0.0,0.0,0.0,0.0,1.0,0.0,1.0,0.0,0.0,0.0,1.0,0.0,0.0,1.0
41,37057.58,3063.1316,37.0,106.642525,6.0,3.0,18.0,4.0,18.0,15.0,8.94,4.0,2230.04,35.549984,112.86728,336.80338,1,1,1,1,0,0,0,0,0,0,0.0,0.0,1.0,0.0,0.0,0.0,0.0,0.0,0.0,0.0,0.0,0.0,0.0,0.0,0.0,0.0,0.0,1.0,0.0,1.0,0.0,1.0,0.0,0.0,0.0,0.0,2.0
32,38035.76,3052.6467,76.0,93.45511,5.0,4.0,3.0,3.0,13.0,5.0,16.41,8.0,193.26,25.099585,55.641678,416.16788,0,0,1,0,0,0,1,1,0,0,0.0,0.0,1.0,0.0,0.0,0.0,0.0,0.0,0.0,0.0,0.0,0.0,0.0,0.0,0.0,0.0,1.0,0.0,1.0,0.0,0.0,0.0,1.0,0.0,0.0,0.0,1.0
37,8242.335,652.86127,80.0,24.963104,7.0,9.0,29.0,6.0,40.0,20.0,5.9,13.0,2604.83,25.211493,33.807873,296.51514,1,1,1,0,0,0,0,0,1,1,0.0,1.0,0.0,0.0,0.0,0.0,0.0,0.0,0.0,0.0,0.0,0.0,0.0,0.0,0.0,1.0,0.0,0.0,0.0,1.0,0.0,0.0,0.0,0.0,0.0,1.0,0.0
25,44864.55,3840.7124,130.0,107.49008,4.0,7.0,2.0,4.0,2.0,2.0,9.34,1.0,441.24,28.966461,97.42167,429.1595,0,1,1,1,0,0,0,0,0,0,0.0,0.0,0.0,0.0,0.0,0.0,0.0,0.0,0.0,1.0,0.0,0.0,0.0,0.0,0.0,0.0,1.0,0.0,1.0,0.0,0.0,1.0,0.0,0.0,0.0,0.0,1.0
54,102630.0,8328.5,101.0,281.09897,3.0,6.0,5.0,4.0,11.0,14.0,5.12,4.0,82.66,28.437202,184.39073,607.3603,0,0,0,0,1,0,1,0,0,0,0.0,0.0,0.0,0.0,0.0,0.0,0.0,0.0,1.0,0.0,0.0,0.0,0.0,0.0,0.0,0.0,1.0,0.0,1.0,0.0,1.0,0.0,0.0,0.0,0.0,0.0,2.0
25,41403.34,3730.2783,86.0,62.65239,4.0,6.0,2.0,2.0,28.0,10.0,4.23,1.0,215.84,22.701916,410.139,190.23642,0,0,0,1,1,0,0,0,0,0,0.0,0.0,0.0,0.0,0.0,0.0,0.0,1.0,0.0,0.0,0.0,0.0,0.0,0.0,0.0,0.0,1.0,0.0,1.0,0.0,0.0,0.0,0.0,0.0,0.0,1.0,2.0
45,31564.72,2629.3933,72.0,73.397865,6.0,6.0,13.0,4.0,11.0,16.0,15.99,6.0,1077.62,38.48931,99.85563,359.68585,0,0,0,1,0,0,1,0,1,0,0.0,0.0,0.0,0.0,0.0,1.0,0.0,0.0,0.0,0.0,0.0,0.0,0.0,0.0,0.0,0.0,0.0,1.0,0.0,1.0,0.0,0.0,0.0,1.0,0.0,0.0,1.0
27,18247.18,1396.5984,15.0,40.76073,10.0,5.0,29.0,5.0,27.0,17.0,16.53,10.0,2536.58,38.95536,80.79734,288.10175,0,1,0,1,1,0,0,0,0,0,0.0,0.0,0.0,0.0,0.0,0.0,1.0,0.0,0.0,0.0,0.0,0.0,0.0,0.0,0.0,1.0,0.0,0.0,0.0,1.0,0.0,0.0,0.0,1.0,0.0,0.0,0.0
34,91404.54,7912.045,70.0,282.2604,7.0,7.0,15.0,4.0,27.0,16.0,15.31,0.0,66.93,27.260122,300.85977,498.08432,0,1,1,0,0,0,0,0,1,0,0.0,0.0,0.0,0.0,0.0,0.0,0.0,0.0,0.0,1.0,0.0,0.0,0.0,0.0,0.0,0.0,0.0,1.0,0.0,1.0,0.0,0.0,0.0,0.0,0.0,1.0,1.0
34,69932.08,5546.6733,102.0,0.0,5.0,1.0,7.0,0.0,14.0,8.0,9.25,0.0,109.2,26.227262,111.77603,692.8913,0,0,0,0,0,1,0,0,0,0,0.0,0.0,0.0,0.0,1.0,0.0,0.0,0.0,0.0,0.0,0.0,0.0,0.0,0.0,0.0,0.0,1.0,0.0,1.0,0.0,0.0,1.0,0.0,0.0,0.0,0.0,2.0
31,24726.48,1767.54,113.0,25.144007,4.0,6.0,15.0,2.0,17.0,16.0,4.51,3.0,155.22,23.763428,162.16139,279.4486,0,0,0,0,0,0,0,0,1,1,0.0,0.0,0.0,0.0,0.0,0.0,0.0,0.0,0.0,0.0,1.0,0.0,0.0,0.0,0.0,0.0,0.0,1.0,1.0,0.0,0.0,0.0,0.0,0.0,0.0,1.0,1.0
25,32613.98,2688.8318,127.0,75.40541,4.0,4.0,17.0,4.0,11.0,20.0,0.7,4.0,954.65,27.539482,34.452106,399.02563,0,0,1,1,0,0,0,1,0,0,0.0,1.0,0.0,0.0,0.0,0.0,0.0,0.0,0.0,0.0,0.0,0.0,0.0,0.0,0.0,0.0,0.0,1.0,1.0,0.0,1.0,0.0,0.0,0.0,0.0,0.0,1.0
26,18228.535,1402.0446,88.0,54.007027,0.0,3.0,2.0,4.0,3.0,0.0,7.35,4.0,157.78,28.949694,132.20139,243.99605,1,0,1,0,0,0,1,0,0,0,0.0,0.0,0.0,0.0,0.0,0.0,0.0,0.0,0.0,1.0,0.0,0.0,0.0,0.0,0.0,0.0,1.0,0.0,1.0,0.0,0.0,0.0,0.0,0.0,0.0,1.0,2.0
32,20059.775,1646.648,125.0,46.331436,3.0,7.0,5.0,4.0,10.0,8.0,4.01,2.0,841.07,35.42941,63.273525,315.05984,1,0,0,1,1,0,0,0,1,0,0.0,1.0,0.0,0.0,0.0,0.0,0.0,0.0,0.0,0.0,0.0,0.0,0.0,0.0,0.0,0.0,1.0,0.0,1.0,0.0,0.0,0.0,1.0,0.0,0.0,0.0,2.0
36,14759.68,1021.9733,59.0,35.979664,10.0,10.0,23.0,3.0,40.0,18.0,5.65,8.0,1699.39,26.377256,43.492233,292.72543,1,0,0,1,0,0,0,0,0,1,0.0,0.0,0.0,1.0,0.0,0.0,0.0,0.0,0.0,0.0,0.0,0.0,0.0,0.0,0.0,1.0,0.0,0.0,0.0,1.0,0.0,0.0,0.0,1.0,0.0,0.0,0.0
18,68056.4,5805.3667,54.0,172.50346,8.0,9.0,24.0,5.0,31.0,23.0,7.74,11.0,2139.9,27.90487,374.92535,293.10788,1,1,1,1,0,0,0,1,0,0,0.0,0.0,0.0,0.0,0.0,0.0,0.0,0.0,1.0,0.0,0.0,0.0,0.0,0.0,0.0,1.0,0.0,0.0,0.0,1.0,0.0,0.0,1.0,0.0,0.0,0.0,1.0
50,22879.52,1704.6267,82.0,0.0,5.0,6.0,7.0,0.0,15.0,11.0,12.41,0.0,902.29,33.86169,118.25914,322.20352,0,0,0,0,0,1,0,0,0,0,0.0,0.0,1.0,0.0,0.0,0.0,0.0,0.0,0.0,0.0,0.0,0.0,0.0,0.0,0.0,0.0,0.0,1.0,0.0,1.0,0.0,0.0,0.0,1.0,0.0,0.0,1.0
38,14544.03,1314.0024,70.0,27.40979,6.0,6.0,15.0,3.0,27.0,9.0,8.58,4.0,2447.38,27.864807,41.27947,342.711,1,0,1,0,0,0,1,0,0,0,0.0,0.0,0.0,0.0,0.0,0.0,0.0,0.0,0.0,0.0,0.0,1.0,0.0,0.0,0.0,0.0,0.0,1.0,0.0,1.0,0.0,0.0,0.0,0.0,1.0,0.0,2.0
36,43287.28,3839.2734,125.0,111.362144,7.0,6.0,13.0,4.0,30.0,8.0,14.15,2.0,1393.19,28.778038,153.53537,399.02982,0,0,0,1,0,0,1,0,1,0,1.0,0.0,0.0,0.0,0.0,0.0,0.0,0.0,0.0,0.0,0.0,0.0,0.0,0.0,0.0,0.0,0.0,1.0,0.0,1.0,0.0,0.0,0.0,0.0,1.0,0.0,1.0
42,37443.13,3091.2607,103.0,0.0,2.0,4.0,7.0,0.0,18.0,0.0,7.33,2.0,843.53,38.27179,116.92267,462.2034,0,0,0,0,0,1,0,0,0,0,1.0,0.0,0.0,0.0,0.0,0.0,0.0,0.0,0.0,0.0,0.0,0.0,0.0,0.0,0.0,0.0,1.0,0.0,1.0,0.0,0.0,0.0,0.0,1.0,0.0,0.0,1.0
47,19705.74,1377.145,65.0,22.966879,5.0,4.0,10.0,2.0,13.0,13.0,8.98,0.0,39.75,31.719673,121.925,272.82263,0,0,0,1,0,0,0,0,1,0,0.0,0.0,0.0,0.0,0.0,0.0,1.0,0.0,0.0,0.0,0.0,0.0,0.0,0.0,0.0,0.0,0.0,1.0,0.0,1.0,0.0,0.0,0.0,0.0,1.0,0.0,1.0
27,43755.33,3828.2776,123.0,0.0,0.0,4.0,4.0,0.0,4.0,9.0,2.67,1.0,1282.77,23.920135,112.298004,520.5297,0,0,0,0,0,1,0,0,0,0,0.0,0.0,0.0,0.0,0.0,0.0,0.0,0.0,0.0,0.0,0.0,0.0,0.0,0.0,1.0,0.0,1.0,0.0,1.0,0.0,0.0,1.0,0.0,0.0,0.0,0.0,2.0
27,64425.78,5254.815,105.0,165.56505,1.0,3.0,8.0,4.0,6.0,11.0,2.69,1.0,711.1,34.48275,87.89328,512.0232,0,0,1,1,0,0,0,0,1,0,0.0,0.0,0.0,0.0,0.0,0.0,0.0,0.0,0.0,0.0,0.0,1.0,0.0,0.0,0.0,0.0,1.0,0.0,1.0,0.0,1.0,0.0,0.0,0.0,0.0,0.0,0.0
41,19514.88,1828.24,83.0,0.0,7.0,5.0,17.0,0.0,30.0,12.0,4.17,2.0,881.4,41.176384,168.34146,304.48254,0,0,0,0,0,1,0,0,0,0,0.0,0.0,0.0,0.0,0.0,0.0,0.0,0.0,0.0,0.0,0.0,1.0,0.0,0.0,0.0,0.0,0.0,1.0,1.0,0.0,0.0,0.0,0.0,0.0,0.0,1.0,0.0
31,16923.73,1437.3108,13.0,93.949326,10.0,7.0,19.0,9.0,29.0,19.0,25.76,8.0,2882.5,23.661224,43.056637,256.72513,1,0,1,0,1,0,1,1,1,0,0.0,0.0,0.0,0.0,0.0,0.0,0.0,0.0,1.0,0.0,0.0,0.0,0.0,0.0,0.0,1.0,0.0,0.0,0.0,1.0,0.0,0.0,0.0,0.0,0.0,1.0,1.0
51,110437.2,9401.1,76.0,235.56108,4.0,7.0,17.0,4.0,16.0,8.0,26.98,0.0,1480.53,29.854185,257.8504,696.69855,0,1,1,1,0,0,0,0,0,1,0.0,0.0,0.0,0.0,0.0,0.0,0.0,0.0,0.0,0.0,1.0,0.0,0.0,0.0,0.0,0.0,0.0,1.0,0.0,1.0,0.0,1.0,0.0,0.0,0.0,0.0,1.0
35,44288.58,3390.715,49.0,183.9285,10.0,5.0,16.0,8.0,27.0,20.0,4.9,12.0,1831.88,27.126093,289.44775,145.69524,0,1,1,0,0,0,0,1,1,1,0.0,0.0,0.0,0.0,0.0,0.0,0.0,0.0,0.0,0.0,0.0,0.0,0.0,1.0,0.0,1.0,0.0,0.0,0.0,1.0,0.0,0.0,0.0,0.0,1.0,0.0,0.0
27,24418.33,2304.8608,107.0,27.864283,6.0,6.0,10.0,2.0,27.0,13.0,18.92,3.0,726.39,30.336594,70.92666,384.80563,0,0,0,0,0,0,1,0,1,0,1.0,0.0,0.0,0.0,0.0,0.0,0.0,0.0,0.0,0.0,0.0,0.0,0.0,0.0,0.0,0.0,0.0,1.0,0.0,1.0,0.0,0.0,1.0,0.0,0.0,0.0,1.0
43,15928.75,1301.3959,50.0,31.846678,9.0,9.0,24.0,4.0,23.0,22.0,8.26,12.0,2240.56,27.357382,88.77519,269.5177,1,0,0,0,0,0,0,1,1,1,0.0,0.0,1.0,0.0,0.0,0.0,0.0,0.0,0.0,0.0,0.0,0.0,0.0,0.0,0.0,1.0,0.0,0.0,0.0,1.0,0.0,0.0,0.0,0.0,0.0,1.0,0.0
31,36463.21,2947.6008,97.0,0.0,6.0,5.0,11.0,0.0,8.0,20.0,7.19,6.0,914.86,34.412865,123.95406,430.80603,0,0,0,0,0,1,0,0,0,0,0.0,0.0,0.0,1.0,0.0,0.0,0.0,0.0,0.0,0.0,0.0,0.0,0.0,0.0,0.0,0.0,0.0,1.0,0.0,1.0,0.0,0.0,1.0,0.0,0.0,0.0,2.0
24,61224.33,4862.0273,71.0,38.30981,4.0,5.0,12.0,1.0,29.0,9.0,12.65,5.0,707.43,26.986263,206.24297,491.64996,0,0,0,1,0,0,0,0,0,0,0.0,0.0,0.0,0.0,0.0,0.0,0.0,0.0,0.0,0.0,0.0,0.0,0.0,0.0,1.0,0.0,0.0,1.0,0.0,1.0,0.0,1.0,0.0,0.0,0.0,0.0,1.0
54,22453.67,1637.1392,100.0,35.208027,8.0,6.0,19.0,2.0,31.0,9.0,6.39,0.0,819.81,32.459034,66.27311,312.2328,1,0,0,0,0,0,1,0,0,0,0.0,0.0,0.0,0.0,0.0,0.0,0.0,0.0,0.0,0.0,0.0,0.0,1.0,0.0,0.0,0.0,0.0,1.0,1.0,0.0,0.0,1.0,0.0,0.0,0.0,0.0,1.0
19,16105.7,1217.1417,53.0,24.628302,6.0,3.0,14.0,3.0,9.0,18.0,19.95,8.0,640.77,36.092316,119.776535,267.30933,1,1,0,0,0,0,0,0,0,0,0.0,0.0,0.0,0.0,0.0,0.0,0.0,0.0,1.0,0.0,0.0,0.0,0.0,0.0,0.0,0.0,0.0,1.0,0.0,1.0,0.0,0.0,0.0,0.0,0.0,1.0,1.0
20,15961.545,1269.1288,84.0,21.248508,5.0,2.0,11.0,2.0,4.0,3.0,9.88,0.0,26.42,28.938494,123.293495,335.39328,0,1,0,0,0,0,1,0,0,0,0.0,0.0,0.0,0.0,0.0,0.0,1.0,0.0,0.0,0.0,0.0,0.0,0.0,0.0,0.0,0.0,1.0,0.0,1.0,0.0,0.0,0.0,1.0,0.0,0.0,0.0,2.0
25,83210.28,7051.19,66.0,122.00825,4.0,7.0,17.0,2.0,8.0,11.0,12.5,8.0,1001.02,37.531044,145.69417,677.41656,1,0,0,1,0,0,0,0,0,0,0.0,0.0,0.0,0.0,1.0,0.0,0.0,0.0,0.0,0.0,0.0,0.0,0.0,0.0,0.0,0.0,0.0,1.0,0.0,1.0,1.0,0.0,0.0,0.0,0.0,0.0,1.0
31,15289.33,1417.1108,37.0,44.720547,8.0,6.0,12.0,7.0,20.0,20.0,11.29,8.0,12.9,36.825706,136.31693,250.6736,1,1,1,1,0,0,0,1,1,0,1.0,0.0,0.0,0.0,0.0,0.0,0.0,0.0,0.0,0.0,0.0,0.0,0.0,0.0,0.0,0.0,0.0,1.0,0.0,1.0,0.0,0.0,0.0,0.0,0.0,1.0,1.0
33,10333.895,657.1579,40.0,21.45334,3.0,6.0,20.0,4.0,12.0,15.0,11.32,8.0,70.46,26.6907,39.732117,264.53033,0,1,0,0,0,0,1,0,1,1,0.0,0.0,0.0,0.0,1.0,0.0,0.0,0.0,0.0,0.0,0.0,0.0,0.0,0.0,0.0,0.0,0.0,1.0,0.0,1.0,0.0,0.0,0.0,0.0,1.0,0.0,1.0
45,36479.27,3241.9392,121.0,44.37576,1.0,7.0,7.0,2.0,12.0,7.0,3.01,1.0,719.7,38.561985,236.06395,313.7542,0,0,0,1,0,0,0,1,0,0,0.0,0.0,0.0,0.0,0.0,0.0,0.0,0.0,0.0,0.0,0.0,0.0,0.0,0.0,1.0,0.0,1.0,0.0,1.0,0.0,0.0,0.0,0.0,1.0,0.0,0.0,1.0
31,32187.36,2423.28,104.0,106.82194,4.0,3.0,9.0,4.0,6.0,13.0,1.4,4.0,366.87,34.88451,298.3869,127.11915,1,1,0,1,0,0,0,0,0,0,0.0,0.0,0.0,0.0,0.0,0.0,0.0,0.0,0.0,0.0,1.0,0.0,0.0,0.0,0.0,0.0,1.0,0.0,1.0,0.0,0.0,0.0,0.0,0.0,0.0,1.0,0.0
53,34279.21,2741.6008,130.0,64.81128,5.0,2.0,11.0,3.0,14.0,10.0,4.83,0.0,1133.21,40.405453,171.01514,318.33365,0,0,0,1,0,0,0,1,0,1,0.0,0.0,0.0,0.0,0.0,0.0,0.0,0.0,0.0,0.0,0.0,0.0,1.0,0.0,0.0,0.0,1.0,0.0,1.0,0.0,0.0,0.0,0.0,0.0,1.0,0.0,2.0
24,11892.72,976.06,130.0,7.5111823,6.0,4.0,5.0,1.0,30.0,20.0,15.73,8.0,736.01,32.72547,33.585068,336.50974,0,0,0,1,0,0,0,0,0,0,0.0,0.0,1.0,0.0,0.0,0.0,0.0,0.0,0.0,0.0,0.0,0.0,0.0,0.0,0.0,0.0,0.0,1.0,0.0,1.0,0.0,0.0,0.0,0.0,1.0,0.0,1.0
39,28649.99,2273.4993,47.0,70.06502,7.0,7.0,9.0,3.0,10.0,20.0,19.61,4.0,1412.93,30.612858,195.40358,231.88132,0,0,1,0,0,0,0,0,1,0,0.0,0.0,0.0,0.0,0.0,0.0,0.0,0.0,0.0,0.0,1.0,0.0,0.0,0.0,0.0,0.0,0.0,1.0,0.0,1.0,0.0,0.0,0.0,1.0,0.0,0.0,1.0
28,62276.37,5249.6973,77.0,70.05446,5.0,8.0,29.0,2.0,10.0,9.0,18.89,12.0,1402.89,24.488052,294.3637,420.55157,0,0,0,0,0,0,0,1,0,0,0.0,0.0,0.0,0.0,0.0,0.0,0.0,1.0,0.0,0.0,0.0,0.0,0.0,0.0,0.0,0.0,0.0,1.0,0.0,1.0,0.0,0.0,1.0,0.0,0.0,0.0,0.0
18,69224.94,5481.745,105.0,227.98253,4.0,4.0,2.0,4.0,15.0,5.0,4.21,0.0,317.74,41.336704,104.89453,455.29742,0,1,1,0,1,0,0,0,1,0,0.0,0.0,0.0,0.0,0.0,0.0,1.0,0.0,0.0,0.0,0.0,0.0,0.0,0.0,0.0,0.0,1.0,0.0,1.0,0.0,1.0,0.0,0.0,0.0,0.0,0.0,1.0
47,30424.17,2835.3474,67.0,65.035515,5.0,7.0,14.0,4.0,14.0,13.0,3.46,6.0,519.0,27.247316,154.87009,323.62915,0,1,0,0,1,0,1,0,0,1,0.0,0.0,0.0,0.0,0.0,0.0,1.0,0.0,0.0,0.0,0.0,0.0,0.0,0.0,0.0,0.0,0.0,1.0,1.0,0.0,0.0,0.0,1.0,0.0,0.0,0.0,1.0
30,30652.38,2836.365,129.0,55.083664,3.0,7.0,7.0,4.0,13.0,17.0,11.83,4.0,267.45,28.956266,107.4608,411.09204,0,0,1,0,1,0,1,0,0,0,0.0,0.0,0.0,0.0,0.0,1.0,0.0,0.0,0.0,0.0,0.0,0.0,0.0,0.0,0.0,0.0,1.0,0.0,1.0,0.0,0.0,0.0,0.0,0.0,0.0,1.0,2.0
36,33905.67,2541.4724,75.0,67.14186,8.0,6.0,16.0,4.0,10.0,8.0,15.03,7.0,1425.2,38.001274,37.909492,389.0959,0,1,0,1,0,0,1,0,0,0,0.0,0.0,0.0,1.0,0.0,0.0,0.0,0.0,0.0,0.0,0.0,0.0,0.0,0.0,0.0,0.0,0.0,1.0,0.0,1.0,0.0,0.0,0.0,0.0,0.0,1.0,1.0
28,13511.76,1237.98,98.0,25.037867,6.0,6.0,18.0,4.0,11.0,10.0,10.07,2.0,97.99,32.121044,24.276724,334.4834,0,1,1,1,0,0,0,0,0,0,0.0,0.0,0.0,1.0,0.0,0.0,0.0,0.0,0.0,0.0,0.0,0.0,0.0,0.0,0.0,0.0,0.0,1.0,1.0,0.0,0.0,0.0,1.0,0.0,0.0,0.0,1.0
33,76448.44,6134.703,50.0,141.2967,6.0,5.0,17.0,3.0,23.0,8.0,9.37,6.0,2063.55,29.818802,116.24369,615.92993,1,0,1,0,1,0,0,0,0,0,0.0,0.0,0.0,0.0,0.0,0.0,0.0,0.0,0.0,0.0,1.0,0.0,0.0,0.0,0.0,0.0,0.0,1.0,0.0,1.0,0.0,0.0,1.0,0.0,0.0,0.0,0.0
17,38904.52,3386.0432,53.0,173.48605,8.0,6.0,17.0,7.0,18.0,18.0,14.95,5.0,333.59,37.254,153.3312,301.78708,1,1,1,0,1,0,1,1,0,0,0.0,0.0,0.0,0.0,0.0,0.0,0.0,0.0,0.0,1.0,0.0,0.0,0.0,0.0,0.0,0.0,0.0,1.0,0.0,1.0,0.0,0.0,0.0,0.0,0.0,1.0,0.0
26,24898.5,2154.875,128.0,14.664364,3.0,3.0,17.0,1.0,6.0,12.0,8.25,1.0,143.27,31.250355,52.805973,408.01715,0,0,0,1,0,0,0,0,0,0,0.0,0.0,0.0,0.0,0.0,0.0,0.0,0.0,0.0,0.0,1.0,0.0,0.0,0.0,0.0,0.0,0.0,1.0,0.0,1.0,0.0,0.0,1.0,0.0,0.0,0.0,1.0
37,14235.22,975.2683,53.0,18.496618,10.0,8.0,25.0,2.0,21.0,23.0,7.84,9.0,2072.25,26.736086,38.4321,320.5981,0,0,0,0,1,0,1,0,0,0,0.0,0.0,0.0,0.0,0.0,1.0,0.0,0.0,0.0,0.0,0.0,0.0,0.0,0.0,0.0,1.0,0.0,0.0,0.0,1.0,0.0,0.0,0.0,0.0,0.0,1.0,1.0
32,32187.36,2423.28,114.0,106.82194,4.0,3.0,9.0,4.0,6.0,14.0,1.4,7.0,366.87,29.549755,184.44893,231.05713,1,1,0,1,0,0,0,0,0,0,0.0,0.0,0.0,0.0,0.0,0.0,0.0,0.0,0.0,0.0,1.0,0.0,0.0,0.0,0.0,0.0,1.0,0.0,1.0,0.0,0.0,0.0,0.0,0.0,1.0,0.0,0.0
39,68470.86,5884.905,73.0,226.91562,7.0,4.0,12.0,5.0,18.0,12.0,17.49,10.0,965.14,28.362309,386.89178,264.6831,0,0,0,0,1,0,1,0,0,1,1.0,0.0,0.0,0.0,0.0,0.0,0.0,0.0,0.0,0.0,0.0,0.0,0.0,0.0,0.0,0.0,0.0,1.0,0.0,1.0,0.0,0.0,0.0,0.0,0.0,1.0,1.0
37,64397.88,5240.49,82.0,0.0,7.0,5.0,11.0,0.0,21.0,18.0,14.43,7.0,1001.74,28.727932,79.74653,684.3025,0,0,0,0,0,1,0,0,0,0,0.0,1.0,0.0,0.0,0.0,0.0,0.0,0.0,0.0,0.0,0.0,0.0,0.0,0.0,0.0,0.0,0.0,1.0,0.0,1.0,1.0,0.0,0.0,0.0,0.0,0.0,1.0
18,24922.12,2175.8433,119.0,0.0,8.0,4.0,5.0,0.0,25.0,17.0,9.37,2.0,407.79,35.09579,53.505512,404.07883,0,0,0,0,0,1,0,0,0,0,0.0,0.0,0.0,0.0,0.0,0.0,0.0,0.0,0.0,0.0,0.0,0.0,0.0,0.0,1.0,0.0,0.0,1.0,1.0,0.0,1.0,0.0,0.0,0.0,0.0,0.0,1.0
20,10355.675,901.9729,91.0,25.702808,7.0,8.0,16.0,5.0,44.0,24.0,9.18,12.0,1794.66,25.476168,63.446064,291.04843,0,1,1,0,0,0,0,0,1,1,0.0,0.0,0.0,0.0,0.0,0.0,0.0,0.0,0.0,0.0,0.0,0.0,0.0,0.0,1.0,1.0,0.0,0.0,0.0,1.0,0.0,0.0,0.0,0.0,0.0,1.0,1.0
31,22853.37,1708.4475,83.0,12.319784,6.0,3.0,12.0,1.0,34.0,18.0,6.68,2.0,423.83,40.335598,72.37851,336.14645,0,0,0,0,0,0,1,0,0,0,0.0,0.0,0.0,0.0,0.0,0.0,0.0,1.0,0.0,0.0,0.0,0.0,0.0,0.0,0.0,0.0,0.0,1.0,0.0,1.0,0.0,1.0,0.0,0.0,0.0,0.0,1.0
27,21498.365,1628.5304,89.0,49.800526,3.0,3.0,8.0,4.0,27.0,4.0,9.46,2.0,488.89,26.704264,101.666504,291.38602,0,0,0,1,0,0,0,1,0,1,0.0,0.0,0.0,0.0,0.0,0.0,0.0,0.0,0.0,1.0,0.0,0.0,0.0,0.0,0.0,0.0,1.0,0.0,1.0,0.0,0.0,0.0,0.0,0.0,1.0,0.0,0.0
16,39797.06,3310.4216,60.0,192.8239,8.0,6.0,19.0,7.0,22.0,16.0,17.88,5.0,1134.58,36.668354,168.1683,240.04996,1,0,1,0,1,0,1,1,1,0,0.0,0.0,0.0,1.0,0.0,0.0,0.0,0.0,0.0,0.0,0.0,0.0,0.0,0.0,0.0,0.0,0.0,1.0,0.0,1.0,0.0,0.0,0.0,1.0,0.0,0.0,1.0
24,16937.426,1162.452,92.0,7.2479424,4.0,5.0,4.0,1.0,10.0,0.0,9.54,1.0,167.57,37.55781,43.266304,355.73096,0,0,0,1,0,0,0,0,0,0,0.0,0.0,0.0,0.0,0.0,0.0,0.0,0.0,0.0,0.0,0.0,0.0,1.0,0.0,0.0,0.0,1.0,0.0,1.0,0.0,0.0,0.0,0.0,0.0,0.0,1.0,2.0
31,79005.0,6860.75,111.0,68.49551,5.0,7.0,20.0,2.0,11.0,13.0,6.74,7.0,876.69,33.62268,444.40314,463.17636,0,0,0,0,0,0,1,0,0,1,0.0,0.0,0.0,0.0,0.0,0.0,0.0,0.0,0.0,0.0,0.0,0.0,0.0,0.0,1.0,0.0,0.0,1.0,1.0,0.0,0.0,0.0,0.0,0.0,0.0,1.0,2.0
24,45852.8,3655.0667,138.0,104.58918,5.0,5.0,9.0,3.0,20.0,19.0,5.69,4.0,1249.64,28.59676,49.32943,461.58807,1,0,0,0,0,0,0,1,0,0,0.0,0.0,0.0,0.0,0.0,0.0,0.0,0.0,0.0,0.0,1.0,0.0,0.0,0.0,0.0,0.0,1.0,0.0,1.0,0.0,0.0,1.0,0.0,0.0,0.0,0.0,2.0
30,11126.925,1000.9631,128.0,56.20942,7.0,6.0,12.0,1.0,10.0,14.0,8.95,1.0,381.82,35.60586,30.766468,346.2292,0,0,0,0,0,0,0,0,0,1,0.0,0.0,0.0,0.0,0.0,0.0,0.0,0.0,0.0,0.0,0.0,0.0,1.0,0.0,0.0,0.0,1.0,0.0,1.0,0.0,0.0,0.0,0.0,0.0,1.0,0.0,2.0
50,60663.0,4811.25,109.0,44.522366,3.0,3.0,20.0,1.0,18.0,17.0,6.15,2.0,846.68,37.19759,373.74536,352.85727,0,0,0,0,0,0,0,1,0,0,0.0,0.0,0.0,0.0,0.0,0.0,0.0,0.0,0.0,0.0,1.0,0.0,0.0,0.0,0.0,0.0,0.0,1.0,0.0,1.0,0.0,0.0,0.0,0.0,0.0,1.0,1.0
39,58528.3,4661.3584,110.0,65.451965,4.0,5.0,6.0,2.0,7.0,14.0,18.13,3.0,1473.38,31.867859,160.43294,490.25092,0,0,0,0,1,0,0,0,1,0,0.0,1.0,0.0,0.0,0.0,0.0,0.0,0.0,0.0,0.0,0.0,0.0,0.0,0.0,0.0,0.0,0.0,1.0,0.0,1.0,0.0,1.0,0.0,0.0,0.0,0.0,1.0
29,10367.01,1095.9175,25.0,37.904255,7.0,7.0,34.0,5.0,36.0,20.0,11.43,6.0,1568.49,33.61177,108.35186,253.33563,0,0,0,1,1,0,1,0,0,1,1.0,0.0,0.0,0.0,0.0,0.0,0.0,0.0,0.0,0.0,0.0,0.0,0.0,0.0,0.0,0.0,0.0,1.0,0.0,1.0,0.0,0.0,0.0,0.0,0.0,1.0,0.0
31,41871.89,3764.3242,126.0,73.09779,2.0,4.0,4.0,4.0,4.0,10.0,7.51,5.0,1268.9,30.235926,95.77658,467.55804,1,0,0,1,1,0,0,1,0,0,0.0,0.0,0.0,0.0,0.0,0.0,0.0,0.0,1.0,0.0,0.0,0.0,0.0,0.0,0.0,0.0,1.0,0.0,1.0,0.0,0.0,0.0,1.0,0.0,0.0,0.0,1.0
27,28385.62,2500.4683,74.0,88.631256,4.0,6.0,10.0,7.0,6.0,8.0,7.48,7.0,64.65,37.6492,117.65226,323.7633,0,0,1,1,0,0,1,1,0,1,0.0,0.0,0.0,1.0,0.0,0.0,0.0,0.0,0.0,0.0,0.0,0.0,0.0,0.0,0.0,0.0,0.0,1.0,0.0,1.0,0.0,0.0,0.0,0.0,1.0,0.0,0.0
23,90794.28,7737.19,76.0,166.91898,5.0,4.0,5.0,3.0,20.0,19.0,8.34,9.0,622.21,37.50015,484.512,402.28802,0,0,0,0,1,0,1,0,0,1,0.0,0.0,0.0,1.0,0.0,0.0,0.0,0.0,0.0,0.0,0.0,0.0,0.0,0.0,0.0,0.0,0.0,1.0,0.0,1.0,0.0,0.0,0.0,0.0,1.0,0.0,0.0
23,18671.92,1546.9933,90.0,57.156433,2.0,7.0,11.0,4.0,25.0,9.0,7.71,4.0,438.75,35.15277,39.29673,328.24615,0,0,1,0,1,0,1,1,0,0,0.0,0.0,0.0,0.0,0.0,1.0,0.0,0.0,0.0,0.0,0.0,0.0,0.0,0.0,0.0,0.0,1.0,0.0,1.0,0.0,0.0,0.0,0.0,1.0,0.0,0.0,0.0
19,7290.88,406.57333,63.0,41.70317,3.0,4.0,27.0,7.0,17.0,15.0,13.53,17.0,2580.29,29.266071,43.42948,245.52469,1,0,1,1,0,0,1,0,1,0,0.0,0.0,0.0,0.0,0.0,0.0,0.0,0.0,1.0,0.0,0.0,0.0,0.0,0.0,0.0,0.0,0.0,1.0,0.0,1.0,0.0,0.0,0.0,0.0,0.0,1.0,0.0
36,102343.68,8736.64,67.0,240.35149,6.0,5.0,10.0,4.0,27.0,19.0,11.17,6.0,450.66,34.69622,137.13068,736.1818,1,1,0,0,0,0,0,1,1,0,0.0,0.0,0.0,0.0,0.0,0.0,0.0,0.0,1.0,0.0,0.0,0.0,0.0,0.0,0.0,0.0,0.0,1.0,0.0,1.0,1.0,0.0,0.0,0.0,0.0,0.0,1.0
26,9283.17,807.5975,75.0,59.797863,9.0,8.0,28.0,8.0,42.0,24.0,0.95,12.0,1603.67,33.176888,33.52097,267.44092,1,1,0,1,1,0,1,0,1,1,0.0,0.0,1.0,0.0,0.0,0.0,0.0,0.0,0.0,0.0,0.0,0.0,0.0,0.0,0.0,1.0,0.0,0.0,0.0,1.0,0.0,0.0,0.0,0.0,1.0,0.0,0.0
53,17329.074,1167.0896,106.0,24.096394,0.0,4.0,5.0,3.0,1.0,5.0,9.2,4.0,126.19,28.03847,152.64146,229.9711,0,1,0,0,1,0,1,0,0,0,0.0,0.0,0.0,0.0,0.0,0.0,0.0,0.0,0.0,0.0,0.0,0.0,0.0,0.0,1.0,0.0,1.0,0.0,1.0,0.0,0.0,0.0,0.0,0.0,0.0,1.0,1.0
52,30498.76,2320.5632,75.0,45.464268,3.0,4.0,15.0,3.0,20.0,13.0,18.79,2.0,1012.92,33.187057,179.17816,277.4139,0,1,0,0,0,0,1,0,0,0,0.0,0.0,0.0,0.0,0.0,0.0,1.0,0.0,0.0,0.0,0.0,0.0,0.0,0.0,0.0,0.0,0.0,1.0,0.0,1.0,0.0,0.0,0.0,1.0,0.0,0.0,1.0
39,11073.6,699.8,133.0,27.757645,3.0,3.0,13.0,4.0,8.0,12.0,8.78,2.0,1097.02,26.210615,52.894627,259.32773,1,1,0,1,0,0,0,0,1,0,0.0,1.0,0.0,0.0,0.0,0.0,0.0,0.0,0.0,0.0,0.0,0.0,0.0,0.0,0.0,0.0,0.0,1.0,1.0,0.0,0.0,0.0,0.0,1.0,0.0,0.0,1.0
50,102940.53,8729.378,109.0,196.0202,6.0,6.0,10.0,3.0,23.0,10.0,0.99,4.0,185.84,37.747086,135.69496,791.2226,0,1,0,0,1,0,0,0,0,1,0.0,0.0,0.0,0.0,0.0,0.0,0.0,0.0,0.0,0.0,1.0,0.0,0.0,0.0,0.0,0.0,0.0,1.0,0.0,1.0,0.0,1.0,0.0,0.0,0.0,0.0,1.0
43,88685.32,7417.4434,88.0,168.7708,0.0,2.0,3.0,4.0,8.0,4.0,6.75,8.0,1429.35,24.950897,212.39,630.58356,0,1,1,0,0,0,0,0,1,0,0.0,0.0,0.0,0.0,1.0,0.0,0.0,0.0,0.0,0.0,0.0,0.0,0.0,0.0,0.0,0.0,1.0,0.0,1.0,0.0,0.0,0.0,0.0,1.0,0.0,0.0,2.0
37,42769.78,3549.5603,97.0,312.9646,4.0,4.0,16.0,4.0,13.0,11.0,7.58,3.0,308.91,36.63549,67.10777,442.13043,1,0,1,0,1,0,0,0,0,1,0.0,0.0,0.0,0.0,0.0,0.0,0.0,1.0,0.0,0.0,0.0,0.0,0.0,0.0,0.0,0.0,0.0,1.0,1.0,0.0,1.0,0.0,0.0,0.0,0.0,0.0,2.0
49,21053.37,1616.4475,103.0,28.386074,4.0,4.0,2.0,2.0,31.0,20.0,3.66,1.0,586.15,32.311314,88.2904,334.9683,0,0,0,0,0,0,1,1,0,0,0.0,0.0,0.0,0.0,0.0,0.0,0.0,0.0,0.0,0.0,0.0,0.0,0.0,0.0,1.0,0.0,1.0,0.0,1.0,0.0,0.0,0.0,0.0,0.0,0.0,1.0,0.0
39,35586.4,2796.5334,77.0,137.6559,5.0,5.0,6.0,6.0,9.0,13.0,14.68,10.0,1355.24,24.34821,215.83257,216.16489,1,1,0,0,0,0,0,0,1,1,0.0,0.0,0.0,1.0,0.0,0.0,0.0,0.0,0.0,0.0,0.0,0.0,0.0,0.0,0.0,0.0,0.0,1.0,0.0,1.0,0.0,0.0,0.0,0.0,0.0,1.0,1.0
41,33978.57,2685.5476,68.0,60.06864,5.0,5.0,6.0,3.0,35.0,12.0,15.98,2.0,1082.25,36.02921,360.9532,137.53293,0,0,0,0,1,0,1,0,1,0,0.0,0.0,0.0,0.0,0.0,0.0,0.0,0.0,0.0,0.0,0.0,1.0,0.0,0.0,0.0,0.0,0.0,1.0,0.0,1.0,0.0,0.0,0.0,0.0,0.0,1.0,1.0
25,18115.21,1327.6008,83.0,62.846718,9.0,8.0,18.0,6.0,15.0,8.0,10.18,11.0,1440.76,40.34334,50.34711,309.56625,1,1,0,0,1,0,1,0,0,1,0.0,0.0,0.0,0.0,1.0,0.0,0.0,0.0,0.0,0.0,0.0,0.0,0.0,0.0,0.0,0.0,0.0,1.0,0.0,1.0,0.0,0.0,0.0,0.0,0.0,1.0,0.0
45,40985.48,3329.4568,46.0,87.046524,8.0,7.0,27.0,4.0,39.0,18.0,9.74,11.0,1941.84,31.340727,330.78415,205.115,1,0,0,0,0,0,1,1,0,0,0.0,0.0,0.0,0.0,1.0,0.0,0.0,0.0,0.0,0.0,0.0,0.0,0.0,0.0,0.0,1.0,0.0,0.0,0.0,1.0,0.0,0.0,0.0,0.0,0.0,1.0,0.0
25,17142.64,1200.5533,46.0,80.98261,8.0,10.0,29.0,6.0,19.0,10.0,21.72,10.0,1595.91,36.737366,160.61238,168.46034,1,0,1,0,1,0,1,1,0,0,0.0,0.0,0.0,0.0,0.0,0.0,0.0,0.0,1.0,0.0,0.0,0.0,0.0,0.0,0.0,0.0,0.0,1.0,0.0,1.0,0.0,0.0,0.0,0.0,0.0,1.0,1.0
30,29375.68,2728.9734,78.0,90.860954,4.0,8.0,27.0,6.0,0.0,12.0,12.26,15.0,1985.59,36.084946,154.65279,307.3836,0,1,1,1,0,0,0,1,1,0,0.0,0.0,1.0,0.0,0.0,0.0,0.0,0.0,0.0,0.0,0.0,0.0,0.0,0.0,0.0,0.0,0.0,1.0,0.0,1.0,0.0,0.0,0.0,0.0,1.0,0.0,0.0
33,42399.03,3572.2524,28.0,196.6895,7.0,5.0,31.0,7.0,6.0,12.0,9.69,12.0,2073.54,36.864372,87.84775,312.68802,0,1,0,1,0,0,0,1,1,1,0.0,0.0,0.0,0.0,0.0,0.0,1.0,0.0,0.0,0.0,0.0,0.0,0.0,0.0,0.0,0.0,0.0,1.0,0.0,1.0,0.0,1.0,0.0,0.0,0.0,0.0,0.0
33,21884.21,1630.6842,116.0,0.0,3.0,7.0,9.0,0.0,21.0,9.0,1.99,5.0,847.15,33.64826,122.93654,330.13187,0,0,0,0,0,1,0,0,0,0,0.0,1.0,0.0,0.0,0.0,0.0,0.0,0.0,0.0,0.0,0.0,0.0,0.0,0.0,0.0,0.0,0.0,1.0,1.0,0.0,0.0,0.0,0.0,0.0,0.0,1.0,1.0
31,59730.57,5167.5474,77.0,109.399475,4.0,3.0,5.0,3.0,29.0,11.0,1.13,0.0,335.22,28.956228,178.68605,498.66922,0,0,0,1,1,0,0,0,0,1,0.0,0.0,0.0,0.0,0.0,0.0,0.0,0.0,0.0,0.0,0.0,0.0,0.0,0.0,1.0,0.0,0.0,1.0,1.0,0.0,0.0,0.0,0.0,1.0,0.0,0.0,1.0
52,21662.395,1616.1996,67.0,12.841272,3.0,5.0,1.0,1.0,10.0,8.0,1.27,6.0,646.77,32.328285,66.024345,342.75433,0,0,0,0,0,0,0,0,0,1,0.0,0.0,0.0,0.0,0.0,0.0,0.0,0.0,0.0,0.0,1.0,0.0,0.0,0.0,0.0,0.0,1.0,0.0,1.0,0.0,0.0,0.0,1.0,0.0,0.0,0.0,0.0
22,16203.89,1440.3242,35.0,48.670486,6.0,10.0,33.0,7.0,45.0,16.0,13.97,11.0,2156.1,40.202084,68.88822,316.4737,1,0,1,1,1,0,1,0,1,0,0.0,0.0,0.0,0.0,0.0,1.0,0.0,0.0,0.0,0.0,0.0,0.0,0.0,0.0,0.0,1.0,0.0,0.0,0.0,1.0,0.0,0.0,0.0,0.0,0.0,1.0,0.0
28,29249.41,2247.451,51.0,66.78069,8.0,4.0,12.0,3.0,26.0,13.0,11.76,7.0,439.34,24.644077,58.584625,349.37976,0,0,1,0,0,0,1,0,0,0,0.0,0.0,0.0,0.0,0.0,0.0,0.0,0.0,1.0,0.0,0.0,0.0,0.0,0.0,0.0,0.0,0.0,1.0,0.0,1.0,0.0,1.0,0.0,0.0,0.0,0.0,1.0
26,20300.56,1609.7134,95.0,20.11029,4.0,4.0,13.0,2.0,23.0,14.0,-0.41,3.0,1380.6,28.691236,113.53691,317.32413,0,0,1,1,0,0,0,0,0,0,0.0,0.0,0.0,0.0,0.0,1.0,0.0,0.0,0.0,0.0,0.0,0.0,0.0,0.0,0.0,0.0,0.0,1.0,1.0,0.0,0.0,0.0,0.0,0.0,0.0,1.0,0.0
33,78738.68,6583.5566,49.0,97.01485,9.0,7.0,29.0,2.0,51.0,20.0,9.38,11.0,1738.0,38.537098,183.9535,627.3873,1,0,0,0,1,0,0,0,0,0,0.0,0.0,0.0,1.0,0.0,0.0,0.0,0.0,0.0,0.0,0.0,0.0,0.0,0.0,0.0,1.0,0.0,0.0,0.0,1.0,0.0,0.0,0.0,0.0,1.0,0.0,0.0
56,21028.91,1823.4092,103.0,27.302145,5.0,6.0,8.0,3.0,14.0,8.0,10.3,3.0,658.48,26.043573,54.970284,350.06848,1,0,1,0,1,0,0,0,0,0,0.0,0.0,0.0,0.0,0.0,0.0,0.0,0.0,0.0,1.0,0.0,0.0,0.0,0.0,0.0,0.0,0.0,1.0,1.0,0.0,0.0,1.0,0.0,0.0,0.0,0.0,1.0
45,19493.51,1662.4591,59.0,21.854408,6.0,10.0,26.0,2.0,50.0,14.0,14.19,8.0,1783.34,37.427822,82.33423,322.05728,0,0,0,0,1,0,1,0,0,0,0.0,0.0,0.0,0.0,1.0,0.0,0.0,0.0,0.0,0.0,0.0,0.0,0.0,0.0,0.0,1.0,0.0,0.0,0.0,1.0,0.0,0.0,1.0,0.0,0.0,0.0,0.0
39,10068.97,840.0808,60.0,23.222252,8.0,4.0,7.0,3.0,30.0,17.0,10.8,4.0,2192.93,36.788258,70.37464,280.4112,0,1,1,0,0,0,0,1,0,0,0.0,0.0,0.0,0.0,0.0,0.0,0.0,0.0,0.0,0.0,0.0,0.0,1.0,0.0,0.0,0.0,0.0,1.0,0.0,1.0,0.0,0.0,0.0,0.0,0.0,1.0,1.0
43,22502.24,2120.1868,66.0,56.207283,6.0,7.0,12.0,5.0,7.0,10.0,14.97,7.0,1202.86,35.766624,109.27274,336.53864,0,1,1,0,0,0,1,0,0,0,0.0,1.0,0.0,0.0,0.0,0.0,0.0,0.0,0.0,0.0,0.0,0.0,0.0,0.0,0.0,0.0,0.0,1.0,0.0,1.0,0.0,0.0,0.0,0.0,0.0,1.0,1.0
54,18672.766,1557.0637,88.0,23.984413,4.0,4.0,6.0,3.0,5.0,1.0,5.68,2.0,785.46,30.91202,105.08864,316.63333,1,0,1,0,0,0,0,1,0,0,0.0,0.0,0.0,0.0,0.0,0.0,0.0,0.0,0.0,0.0,0.0,1.0,0.0,0.0,0.0,0.0,1.0,0.0,1.0,0.0,0.0,0.0,0.0,0.0,0.0,1.0,1.0
39,23756.68,1730.7234,86.0,0.0,8.0,7.0,7.0,0.0,19.0,8.0,16.37,2.0,612.93,25.521051,201.40486,261.66748,0,0,0,0,0,1,0,0,0,0,0.0,0.0,0.0,0.0,0.0,0.0,0.0,0.0,0.0,0.0,0.0,0.0,1.0,0.0,0.0,0.0,0.0,1.0,0.0,1.0,0.0,0.0,0.0,0.0,0.0,1.0,1.0
24,82405.98,7093.165,119.0,72.63397,5.0,5.0,12.0,2.0,27.0,10.0,1.25,4.0,218.44,34.993828,303.01233,613.6702,0,1,0,0,1,0,0,0,0,0,0.0,0.0,0.0,0.0,0.0,0.0,0.0,0.0,0.0,0.0,0.0,0.0,1.0,0.0,0.0,0.0,0.0,1.0,1.0,0.0,0.0,0.0,0.0,0.0,1.0,0.0,2.0
43,35346.69,2757.5576,121.0,23.593979,1.0,6.0,12.0,1.0,0.0,3.0,8.3,3.0,497.75,34.752434,98.45251,443.70926,0,0,0,0,0,0,0,1,0,0,0.0,0.0,0.0,0.0,0.0,0.0,0.0,0.0,0.0,0.0,0.0,1.0,0.0,0.0,0.0,0.0,1.0,0.0,1.0,0.0,0.0,0.0,0.0,0.0,0.0,1.0,1.0
44,14954.745,1331.2288,74.0,54.36774,6.0,4.0,20.0,6.0,17.0,13.0,14.91,6.0,255.76,39.057274,79.00091,289.7542,0,0,0,0,1,0,1,1,0,1,0.0,0.0,0.0,1.0,0.0,0.0,0.0,0.0,0.0,0.0,0.0,0.0,0.0,0.0,0.0,0.0,0.0,1.0,0.0,1.0,0.0,0.0,0.0,0.0,0.0,1.0,1.0
29,7186.5,850.875,79.0,23.633808,6.0,10.0,23.0,7.0,42.0,22.0,5.89,12.0,2241.6,38.63309,49.63926,281.81442,0,0,0,1,1,0,0,1,1,1,0.0,0.0,0.0,0.0,0.0,0.0,0.0,0.0,0.0,0.0,0.0,0.0,1.0,0.0,0.0,1.0,0.0,0.0,0.0,1.0,0.0,0.0,0.0,1.0,0.0,0.0,0.0
21,23952.07,1863.0059,97.0,0.0,6.0,4.0,7.0,0.0,13.0,12.0,9.5,3.0,1045.08,33.02938,44.137756,382.16284,0,0,0,0,0,1,0,0,0,0,0.0,0.0,0.0,0.0,0.0,0.0,0.0,0.0,0.0,0.0,0.0,0.0,0.0,1.0,0.0,0.0,0.0,1.0,0.0,1.0,1.0,0.0,0.0,0.0,0.0,0.0,1.0
24,61219.47,4860.6226,46.0,263.29453,10.0,6.0,16.0,6.0,42.0,17.0,7.11,14.0,2462.92,31.947742,402.27344,100.49429,1,1,1,0,0,0,0,0,1,1,1.0,0.0,0.0,0.0,0.0,0.0,0.0,0.0,0.0,0.0,0.0,0.0,0.0,0.0,0.0,1.0,0.0,0.0,0.0,1.0,0.0,0.0,0.0,0.0,1.0,0.0,0.0
19,20978.49,1853.2075,38.0,28.452848,6.0,10.0,20.0,3.0,29.0,7.0,12.32,8.0,2305.13,35.14428,78.17822,368.68967,0,1,1,0,1,0,0,0,0,0,0.0,1.0,0.0,0.0,0.0,0.0,0.0,0.0,0.0,0.0,0.0,0.0,0.0,0.0,0.0,0.0,0.0,1.0,0.0,1.0,0.0,0.0,0.0,0.0,0.0,1.0,0.0
29,24424.7,2051.3916,90.0,0.0,8.0,5.0,7.0,0.0,24.0,11.0,6.01,0.0,626.57,26.23841,34.48241,336.32437,0,0,0,0,0,1,0,0,0,0,0.0,0.0,0.0,0.0,0.0,0.0,0.0,0.0,1.0,0.0,0.0,0.0,0.0,0.0,0.0,0.0,0.0,1.0,0.0,1.0,0.0,0.0,0.0,0.0,0.0,1.0,1.0
20,29937.85,2605.8208,78.0,20.779413,0.0,1.0,2.0,1.0,10.0,5.0,2.05,3.0,720.68,26.433311,101.08458,388.71808,0,0,0,0,0,0,0,0,0,1,0.0,0.0,1.0,0.0,0.0,0.0,0.0,0.0,0.0,0.0,0.0,0.0,0.0,0.0,0.0,0.0,1.0,0.0,1.0,0.0,0.0,1.0,0.0,0.0,0.0,0.0,2.0
20,34500.97,3046.0808,87.0,71.80863,5.0,1.0,3.0,4.0,3.0,13.0,4.4,3.0,1334.54,31.412413,268.80746,233.99199,0,1,1,0,1,0,0,1,0,0,0.0,0.0,0.0,0.0,0.0,0.0,1.0,0.0,0.0,0.0,0.0,0.0,0.0,0.0,0.0,0.0,1.0,0.0,1.0,0.0,0.0,0.0,0.0,1.0,0.0,0.0,1.0
39,37756.85,2865.404,136.0,83.95989,3.0,4.0,11.0,3.0,11.0,12.0,9.31,0.0,352.49,37.99089,254.26817,238.31235,0,1,1,0,0,0,0,0,0,1,0.0,0.0,0.0,0.0,0.0,0.0,0.0,1.0,0.0,0.0,0.0,0.0,0.0,0.0,0.0,0.0,1.0,0.0,1.0,0.0,0.0,0.0,0.0,0.0,0.0,1.0,2.0
47,33022.95,2975.9126,78.0,0.0,3.0,5.0,3.0,0.0,4.0,3.0,10.27,0.0,320.54,37.760258,191.97163,365.61963,0,0,0,0,0,1,0,0,0,0,0.0,0.0,0.0,1.0,0.0,0.0,0.0,0.0,0.0,0.0,0.0,0.0,0.0,0.0,0.0,0.0,1.0,0.0,1.0,0.0,0.0,0.0,1.0,0.0,0.0,0.0,0.0
36,69942.5,6015.5415,70.0,53.822395,3.0,5.0,20.0,1.0,25.0,8.0,0.62,1.0,10.29,31.753912,108.89767,698.8341,0,0,0,0,1,0,0,0,0,0,0.0,0.0,0.0,0.0,0.0,0.0,0.0,0.0,0.0,0.0,0.0,1.0,0.0,0.0,0.0,0.0,0.0,1.0,0.0,1.0,0.0,0.0,1.0,0.0,0.0,0.0,1.0
27,16474.49,1165.8741,73.0,68.449646,8.0,3.0,23.0,5.0,6.0,9.0,15.36,15.0,1538.62,24.159428,134.38141,203.75636,0,1,1,1,0,0,0,0,1,1,1.0,0.0,0.0,0.0,0.0,0.0,0.0,0.0,0.0,0.0,0.0,0.0,0.0,0.0,0.0,0.0,0.0,1.0,0.0,1.0,0.0,0.0,0.0,0.0,0.0,1.0,0.0
50,32637.88,2514.8232,77.0,69.57406,5.0,5.0,10.0,3.0,24.0,7.0,7.46,3.0,1061.77,39.80427,136.73537,305.1729,0,0,0,0,0,0,1,1,1,0,0.0,0.0,0.0,0.0,0.0,0.0,0.0,0.0,0.0,0.0,0.0,0.0,1.0,0.0,0.0,0.0,0.0,1.0,0.0,1.0,0.0,0.0,1.0,0.0,0.0,0.0,1.0
22,18743.8,1550.9833,48.0,44.763523,4.0,7.0,24.0,3.0,6.0,15.0,13.24,6.0,2019.55,32.47311,57.090866,343.24396,0,0,1,1,1,0,0,0,0,0,0.0,0.0,0.0,0.0,0.0,0.0,0.0,0.0,0.0,0.0,0.0,0.0,1.0,0.0,0.0,0.0,0.0,1.0,0.0,1.0,0.0,0.0,0.0,0.0,0.0,1.0,0.0
31,52977.0,4595.75,32.0,249.14427,7.0,9.0,24.0,7.0,36.0,22.0,3.72,6.0,2578.67,22.060072,230.5404,259.89032,1,0,1,0,0,0,1,0,0,1,0.0,1.0,0.0,0.0,0.0,0.0,0.0,0.0,0.0,0.0,0.0,0.0,0.0,0.0,0.0,1.0,0.0,0.0,0.0,1.0,0.0,0.0,0.0,0.0,1.0,0.0,0.0
18,74800.0,5967.3335,119.0,244.58397,3.0,1.0,5.0,4.0,8.0,7.0,7.73,0.0,1132.51,34.650497,509.4183,122.73105,0,1,0,1,0,0,0,1,1,0,0.0,0.0,0.0,0.0,0.0,1.0,0.0,0.0,0.0,0.0,0.0,0.0,0.0,0.0,0.0,0.0,1.0,0.0,1.0,0.0,0.0,0.0,0.0,0.0,1.0,0.0,2.0
35,11245.11,1173.0925,96.0,0.0,3.0,6.0,11.0,0.0,12.0,10.0,8.01,1.0,169.86,26.4678,38.881554,348.4277,0,0,0,0,0,1,0,0,0,0,0.0,0.0,0.0,0.0,0.0,0.0,1.0,0.0,0.0,0.0,0.0,0.0,0.0,0.0,0.0,0.0,0.0,1.0,0.0,1.0,0.0,0.0,0.0,1.0,0.0,0.0,1.0
44,32632.16,2789.3467,61.0,35.191647,6.0,9.0,25.0,2.0,41.0,25.0,7.68,7.0,1309.09,30.425686,65.88658,417.85645,0,0,0,0,0,0,0,0,0,1,0.0,1.0,0.0,0.0,0.0,0.0,0.0,0.0,0.0,0.0,0.0,0.0,0.0,0.0,0.0,1.0,0.0,0.0,0.0,1.0,1.0,0.0,0.0,0.0,0.0,0.0,0.0
19,17055.61,1650.3008,83.0,28.402298,7.0,3.0,20.0,2.0,23.0,19.0,11.44,8.0,1079.76,25.474384,32.867897,343.7599,0,0,0,0,1,0,0,1,0,0,0.0,0.0,0.0,1.0,0.0,0.0,0.0,0.0,0.0,0.0,0.0,0.0,0.0,0.0,0.0,0.0,0.0,1.0,0.0,1.0,1.0,0.0,0.0,0.0,0.0,0.0,1.0
24,10358.88,1015.24,47.0,32.872677,7.0,7.0,18.0,6.0,45.0,19.0,12.03,11.0,2501.08,32.57312,46.79777,311.85355,0,1,1,0,0,0,0,1,1,0,0.0,0.0,0.0,0.0,0.0,0.0,0.0,1.0,0.0,0.0,0.0,0.0,0.0,0.0,0.0,1.0,0.0,0.0,0.0,1.0,0.0,0.0,0.0,0.0,0.0,1.0,0.0
41,36454.03,2939.836,114.0,42.517033,3.0,4.0,9.0,2.0,5.0,10.0,1.63,0.0,688.99,33.852936,296.41318,235.05336,0,1,0,0,0,0,0,0,1,0,0.0,0.0,0.0,0.0,0.0,0.0,0.0,0.0,0.0,0.0,0.0,0.0,1.0,0.0,0.0,0.0,0.0,1.0,1.0,0.0,0.0,0.0,0.0,0.0,1.0,0.0,1.0
18,22931.66,1863.9717,112.0,0.0,3.0,6.0,5.0,0.0,27.0,11.0,4.87,2.0,834.51,25.638523,169.81505,296.58212,0,0,0,0,0,1,0,0,0,0,0.0,0.0,0.0,0.0,0.0,0.0,1.0,0.0,0.0,0.0,0.0,0.0,0.0,0.0,0.0,0.0,0.0,1.0,0.0,1.0,0.0,0.0,0.0,0.0,1.0,0.0,1.0
45,34323.86,3113.3218,31.0,34.40873,10.0,8.0,28.0,2.0,18.0,20.0,1.07,9.0,1312.43,38.865314,276.6937,270.22974,0,0,0,0,0,0,1,0,1,0,0.0,0.0,0.0,0.0,0.0,0.0,0.0,0.0,1.0,0.0,0.0,0.0,0.0,0.0,0.0,1.0,0.0,0.0,0.0,1.0,0.0,0.0,0.0,1.0,0.0,0.0,1.0
41,15636.605,1575.0504,137.0,43.51635,8.0,7.0,3.0,4.0,27.0,10.0,7.75,4.0,592.29,34.84397,96.19757,277.7911,0,0,1,0,1,0,0,1,0,1,0.0,0.0,0.0,0.0,0.0,0.0,0.0,1.0,0.0,0.0,0.0,0.0,0.0,0.0,0.0,0.0,0.0,1.0,1.0,0.0,0.0,0.0,1.0,0.0,0.0,0.0,1.0
27,32012.57,2623.714,136.0,19.873262,4.0,7.0,20.0,1.0,21.0,14.0,13.81,5.0,87.33,35.596397,59.944706,422.55344,0,0,0,0,0,0,0,0,1,0,0.0,0.0,0.0,0.0,0.0,0.0,1.0,0.0,0.0,0.0,0.0,0.0,0.0,0.0,0.0,0.0,0.0,1.0,0.0,1.0,1.0,0.0,0.0,0.0,0.0,0.0,2.0
31,41871.89,3764.3242,116.0,73.09779,2.0,4.0,4.0,4.0,4.0,10.0,5.51,5.0,1268.9,38.25688,95.77658,331.35577,1,0,0,1,1,0,0,1,0,0,0.0,0.0,0.0,0.0,0.0,0.0,0.0,0.0,1.0,0.0,0.0,0.0,0.0,0.0,0.0,0.0,1.0,0.0,1.0,0.0,0.0,0.0,1.0,0.0,0.0,0.0,1.0
41,109621.56,9335.13,118.0,86.74757,4.0,5.0,6.0,1.0,7.0,11.0,1.06,6.0,740.23,30.503572,337.41037,769.35504,0,0,0,0,0,0,1,0,0,0,0.0,0.0,0.0,0.0,0.0,0.0,0.0,0.0,0.0,0.0,0.0,1.0,0.0,0.0,0.0,0.0,0.0,1.0,0.0,1.0,0.0,0.0,1.0,0.0,0.0,0.0,1.0
19,20985.48,1574.79,49.0,38.216484,7.0,3.0,9.0,4.0,6.0,7.0,16.37,7.0,714.54,38.348797,209.3733,199.88922,0,0,1,0,0,0,1,1,0,0,0.0,0.0,0.0,0.0,0.0,0.0,0.0,1.0,0.0,0.0,0.0,0.0,0.0,0.0,0.0,0.0,0.0,1.0,0.0,1.0,0.0,0.0,0.0,0.0,0.0,1.0,1.0
26,94587.66,7774.305,86.0,80.76999,8.0,3.0,14.0,2.0,19.0,11.0,1.83,0.0,1194.49,28.194378,248.73228,707.9282,0,1,0,1,0,0,0,0,0,0,0.0,0.0,0.0,0.0,0.0,0.0,0.0,0.0,0.0,0.0,0.0,0.0,0.0,0.0,1.0,0.0,0.0,1.0,1.0,0.0,0.0,0.0,1.0,0.0,0.0,0.0,0.0
29,34599.94,2942.3284,114.0,0.0,7.0,6.0,3.0,0.0,15.0,6.0,3.45,1.0,942.59,39.940502,239.1527,325.08014,0,0,0,0,0,1,0,0,0,0,0.0,0.0,0.0,0.0,0.0,1.0,0.0,0.0,0.0,0.0,0.0,0.0,0.0,0.0,0.0,0.0,0.0,1.0,1.0,0.0,0.0,0.0,0.0,1.0,0.0,0.0,1.0
27,22846.31,2166.8591,85.0,44.81413,7.0,3.0,5.0,3.0,29.0,8.0,19.12,2.0,1374.76,27.816591,112.491394,319.3804,1,0,0,1,0,0,1,0,0,0,0.0,0.0,0.0,0.0,0.0,0.0,0.0,0.0,0.0,0.0,0.0,0.0,0.0,1.0,0.0,0.0,0.0,1.0,0.0,1.0,0.0,0.0,1.0,0.0,0.0,0.0,1.0
19,20232.11,1918.0092,36.0,48.657764,5.0,3.0,6.0,5.0,9.0,19.0,15.86,7.0,1104.6,25.519804,125.92239,287.22076,1,0,0,0,1,0,1,1,0,0,0.0,0.0,0.0,0.0,0.0,0.0,0.0,0.0,0.0,1.0,0.0,0.0,0.0,0.0,0.0,0.0,0.0,1.0,0.0,1.0,0.0,0.0,0.0,1.0,0.0,0.0,1.0
55,41810.62,3765.2183,65.0,64.202065,4.0,7.0,7.0,2.0,5.0,17.0,10.47,3.0,1219.91,42.182575,85.81122,466.50854,0,0,0,0,0,0,0,0,1,0,0.0,0.0,0.0,0.0,0.0,0.0,0.0,0.0,0.0,0.0,0.0,0.0,0.0,0.0,1.0,0.0,0.0,1.0,1.0,0.0,1.0,0.0,0.0,0.0,0.0,0.0,1.0
40,7023.16,767.2633,75.0,17.089842,7.0,3.0,10.0,3.0,12.0,16.0,12.67,9.0,335.3,22.375147,17.399328,302.23715,0,0,0,0,0,0,1,1,0,0,0.0,0.0,0.0,1.0,0.0,0.0,0.0,0.0,0.0,0.0,0.0,0.0,0.0,0.0,0.0,0.0,0.0,1.0,0.0,1.0,0.0,0.0,1.0,0.0,0.0,0.0,1.0
44,61699.1,5010.592,119.0,0.0,4.0,4.0,12.0,0.0,16.0,4.0,8.51,5.0,1320.78,26.30086,238.26048,532.7987,0,0,0,0,0,1,0,0,0,0,0.0,0.0,0.0,0.0,0.0,0.0,0.0,0.0,0.0,0.0,0.0,1.0,0.0,0.0,0.0,0.0,1.0,0.0,1.0,0.0,0.0,0.0,0.0,1.0,0.0,0.0,0.0
42,73365.72,6194.81,31.0,278.91425,6.0,7.0,6.0,5.0,21.0,17.0,19.94,4.0,2395.39,40.98757,207.63103,382.93573,0,1,0,0,1,0,0,0,1,1,0.0,0.0,0.0,0.0,1.0,0.0,0.0,0.0,0.0,0.0,0.0,0.0,0.0,0.0,0.0,0.0,0.0,1.0,0.0,1.0,0.0,1.0,0.0,0.0,0.0,0.0,0.0
31,23054.08,2052.1733,105.0,0.0,3.0,3.0,16.0,0.0,9.0,8.0,26.85,0.0,573.89,35.8348,139.32292,355.8944,0,0,0,0,0,1,0,0,0,0,0.0,0.0,0.0,0.0,0.0,0.0,0.0,0.0,0.0,0.0,0.0,0.0,1.0,0.0,0.0,0.0,0.0,1.0,0.0,1.0,0.0,0.0,0.0,0.0,0.0,1.0,0.0
46,63539.66,5032.9717,80.0,206.86743,6.0,7.0,19.0,4.0,5.0,8.0,11.15,5.0,173.85,36.421715,190.10988,366.31985,0,0,1,0,0,0,0,1,1,0,0.0,0.0,0.0,0.0,0.0,0.0,1.0,0.0,0.0,0.0,0.0,0.0,0.0,0.0,0.0,0.0,0.0,1.0,0.0,1.0,0.0,0.0,1.0,0.0,0.0,0.0,1.0
22,22157.27,1834.4392,50.0,64.04102,6.0,6.0,19.0,4.0,30.0,11.0,8.37,8.0,1345.58,38.221233,154.48494,254.91794,0,0,1,0,1,0,0,0,1,1,0.0,0.0,0.0,0.0,0.0,0.0,0.0,0.0,0.0,1.0,0.0,0.0,0.0,0.0,0.0,0.0,0.0,1.0,0.0,1.0,0.0,0.0,0.0,0.0,0.0,1.0,1.0
49,43090.57,3787.8809,133.0,34.76528,3.0,4.0,8.0,1.0,1.0,10.0,5.55,4.0,1128.23,39.8278,265.85587,348.16693,0,0,0,0,1,0,0,0,0,0,0.0,0.0,0.0,0.0,0.0,0.0,0.0,0.0,0.0,0.0,0.0,1.0,0.0,0.0,0.0,0.0,1.0,0.0,1.0,0.0,0.0,0.0,0.0,1.0,0.0,0.0,1.0
28,16674.01,1342.5009,67.0,13.632311,1.0,4.0,5.0,1.0,12.0,7.0,2.03,4.0,1471.88,34.438366,32.825916,337.79187,1,0,0,0,0,0,0,0,0,0,0.0,0.0,0.0,0.0,0.0,1.0,0.0,0.0,0.0,0.0,0.0,0.0,0.0,0.0,0.0,0.0,1.0,0.0,1.0,0.0,0.0,1.0,0.0,0.0,0.0,0.0,2.0
43,16431.535,1431.2946,95.0,49.67926,3.0,3.0,18.0,4.0,24.0,15.0,18.3,6.0,1461.64,30.243378,54.36872,299.08148,0,1,0,1,1,0,0,0,0,0,0.0,0.0,0.0,0.0,0.0,0.0,0.0,0.0,0.0,0.0,0.0,1.0,0.0,0.0,0.0,0.0,0.0,1.0,0.0,1.0,0.0,0.0,1.0,0.0,0.0,0.0,1.0
50,70175.78,5580.9814,93.0,0.0,3.0,2.0,1.0,0.0,0.0,5.0,4.49,3.0,101.29,29.673347,235.39203,572.7061,0,0,0,0,0,1,0,0,0,0,0.0,0.0,0.0,0.0,0.0,0.0,0.0,0.0,0.0,0.0,0.0,0.0,1.0,0.0,0.0,0.0,1.0,0.0,1.0,0.0,0.0,1.0,0.0,0.0,0.0,0.0,2.0
27,33411.91,2723.326,114.0,61.267197,7.0,6.0,8.0,3.0,3.0,16.0,18.86,9.0,876.74,28.352661,48.912304,412.15308,0,1,0,1,0,0,0,0,1,0,0.0,0.0,0.0,0.0,0.0,0.0,0.0,0.0,0.0,0.0,0.0,0.0,0.0,1.0,0.0,0.0,0.0,1.0,0.0,1.0,0.0,1.0,0.0,0.0,0.0,0.0,1.0
25,20395.54,1909.6283,101.0,19.491291,3.0,3.0,20.0,2.0,7.0,10.0,9.01,4.0,451.16,31.536999,33.15313,378.31842,0,0,0,1,1,0,0,0,0,0,0.0,0.0,0.0,0.0,0.0,0.0,0.0,1.0,0.0,0.0,0.0,0.0,0.0,0.0,0.0,0.0,0.0,1.0,1.0,0.0,1.0,0.0,0.0,0.0,0.0,0.0,2.0
22,17399.43,1485.9525,26.0,27.103287,8.0,9.0,21.0,2.0,19.0,25.0,9.03,10.0,1444.19,30.946238,135.5847,275.90726,0,0,1,0,1,0,0,0,0,0,0.0,0.0,0.0,0.0,0.0,0.0,0.0,0.0,0.0,0.0,0.0,0.0,1.0,0.0,0.0,1.0,0.0,0.0,0.0,1.0,0.0,0.0,0.0,0.0,0.0,1.0,0.0
44,33226.58,2928.8816,25.0,168.42213,6.0,4.0,12.0,7.0,9.0,10.0,17.26,4.0,2090.35,27.81494,59.2904,305.17563,0,0,0,0,1,0,1,1,1,0,0.0,1.0,0.0,0.0,0.0,0.0,0.0,0.0,0.0,0.0,0.0,0.0,0.0,0.0,0.0,0.0,0.0,1.0,0.0,1.0,1.0,0.0,0.0,0.0,0.0,0.0,1.0
35,41310.18,3269.515,69.0,0.0,3.0,3.0,10.0,0.0,11.0,12.0,8.33,2.0,327.22,33.995033,33.508743,533.44275,0,0,0,0,0,1,0,0,0,0,1.0,0.0,0.0,0.0,0.0,0.0,0.0,0.0,0.0,0.0,0.0,0.0,0.0,0.0,0.0,0.0,1.0,0.0,1.0,0.0,1.0,0.0,0.0,0.0,0.0,0.0,2.0
39,73948.04,6025.3364,115.0,58.016785,6.0,3.0,13.0,1.0,12.0,15.0,13.59,1.0,359.14,39.979984,201.79292,592.72394,0,0,0,0,0,0,0,1,0,0,1.0,0.0,0.0,0.0,0.0,0.0,0.0,0.0,0.0,0.0,0.0,0.0,0.0,0.0,0.0,0.0,0.0,1.0,0.0,1.0,0.0,1.0,0.0,0.0,0.0,0.0,1.0
21,53672.94,4589.745,24.0,220.76578,9.0,5.0,27.0,6.0,27.0,20.0,9.72,10.0,1496.84,31.483644,142.38011,355.8286,0,1,1,1,0,0,1,0,1,0,0.0,0.0,0.0,0.0,1.0,0.0,0.0,0.0,0.0,0.0,0.0,0.0,0.0,0.0,0.0,1.0,0.0,0.0,0.0,1.0,0.0,0.0,1.0,0.0,0.0,0.0,0.0
16,15669.6,1268.8,34.0,35.283913,5.0,10.0,27.0,5.0,19.0,13.0,11.66,12.0,2004.47,24.691336,55.738358,315.85773,0,0,0,1,1,0,0,1,1,1,0.0,0.0,0.0,0.0,0.0,0.0,0.0,0.0,1.0,0.0,0.0,0.0,0.0,0.0,0.0,0.0,0.0,1.0,0.0,1.0,0.0,0.0,0.0,0.0,1.0,0.0,1.0
37,67049.66,5777.4717,38.0,139.38858,5.0,6.0,11.0,4.0,28.0,12.0,17.27,13.0,1247.9,26.413248,170.0882,538.2704,1,1,0,1,0,0,0,1,0,0,0.0,0.0,1.0,0.0,0.0,0.0,0.0,0.0,0.0,0.0,0.0,0.0,0.0,0.0,0.0,0.0,0.0,1.0,0.0,1.0,0.0,0.0,0.0,0.0,1.0,0.0,1.0
27,68474.64,5431.22,26.0,127.44716,7.0,6.0,11.0,3.0,16.0,8.0,14.02,7.0,66.03,35.134266,286.71335,388.9615,0,0,0,0,0,0,1,1,1,0,0.0,0.0,1.0,0.0,0.0,0.0,0.0,0.0,0.0,0.0,0.0,0.0,0.0,0.0,0.0,0.0,0.0,1.0,0.0,1.0,0.0,0.0,1.0,0.0,0.0,0.0,0.0
23,20938.03,1896.8358,46.0,56.26114,6.0,9.0,23.0,5.0,16.0,18.0,2.84,9.0,1657.74,25.49323,129.57964,293.8428,0,0,0,0,0,0,1,1,0,1,0.0,0.0,0.0,0.0,0.0,0.0,0.0,0.0,0.0,1.0,0.0,0.0,0.0,0.0,0.0,1.0,0.0,0.0,0.0,1.0,0.0,0.0,0.0,0.0,0.0,1.0,0.0
51,17767.86,1592.655,102.0,14.288608,0.0,1.0,4.0,1.0,5.0,10.0,3.11,2.0,534.03,38.77091,97.20237,277.81354,1,0,0,0,0,0,0,0,0,0,0.0,0.0,0.0,1.0,0.0,0.0,0.0,0.0,0.0,0.0,0.0,0.0,0.0,0.0,0.0,0.0,1.0,0.0,1.0,0.0,0.0,0.0,0.0,0.0,0.0,1.0,2.0
37,10034.55,719.2125,39.0,41.082546,4.0,4.0,28.0,6.0,26.0,11.0,12.65,5.0,1669.84,30.53593,21.1408,269.6979,0,0,0,1,1,0,0,1,1,1,0.0,0.0,0.0,0.0,0.0,0.0,0.0,0.0,0.0,0.0,1.0,0.0,0.0,0.0,0.0,0.0,0.0,1.0,0.0,1.0,0.0,0.0,1.0,0.0,0.0,0.0,1.0
26,17174.67,1349.2225,72.0,0.0,6.0,7.0,19.0,0.0,15.0,9.0,2.95,3.0,891.74,32.76088,117.622215,297.30002,0,0,0,0,0,1,0,0,0,0,0.0,0.0,1.0,0.0,0.0,0.0,0.0,0.0,0.0,0.0,0.0,0.0,0.0,0.0,0.0,0.0,0.0,1.0,1.0,0.0,0.0,0.0,0.0,0.0,1.0,0.0,1.0
44,67857.8,5498.817,75.0,116.05578,8.0,10.0,32.0,3.0,25.0,17.0,17.71,9.0,1497.68,40.21322,82.764206,591.0617,0,0,0,0,1,0,0,0,1,1,0.0,0.0,0.0,0.0,0.0,0.0,0.0,0.0,0.0,0.0,0.0,1.0,0.0,0.0,0.0,0.0,0.0,1.0,0.0,1.0,1.0,0.0,0.0,0.0,0.0,0.0,0.0
55,34388.0,2711.6667,95.0,0.0,0.0,5.0,5.0,0.0,7.0,6.0,9.53,5.0,874.17,36.084496,92.23288,468.93378,0,0,0,0,0,1,0,0,0,0,0.0,0.0,0.0,0.0,0.0,0.0,1.0,0.0,0.0,0.0,0.0,0.0,0.0,0.0,0.0,0.0,1.0,0.0,1.0,0.0,0.0,0.0,0.0,0.0,0.0,1.0,1.0
19,99194.19,8530.183,43.0,109.21071,3.0,6.0,7.0,2.0,24.0,12.0,18.75,6.0,573.52,27.473919,324.05313,669.7544,0,0,1,1,0,0,0,0,0,0,0.0,0.0,0.0,0.0,0.0,0.0,0.0,0.0,1.0,0.0,0.0,0.0,0.0,0.0,0.0,0.0,0.0,1.0,0.0,1.0,0.0,0.0,1.0,0.0,0.0,0.0,1.0
40,27632.92,2312.7434,87.0,44.807297,8.0,3.0,9.0,3.0,18.0,13.0,8.99,3.0,1103.71,27.760138,218.35374,258.1133,0,1,0,0,0,0,1,0,0,1,0.0,0.0,0.0,0.0,0.0,0.0,0.0,0.0,1.0,0.0,0.0,0.0,0.0,0.0,0.0,0.0,0.0,1.0,1.0,0.0,0.0,0.0,0.0,0.0,0.0,1.0,1.0
37,34989.38,3211.7817,110.0,84.11594,4.0,3.0,9.0,3.0,1.0,10.0,11.28,4.0,957.58,31.789152,245.56738,281.49484,0,0,1,0,0,0,0,1,1,0,0.0,0.0,0.0,0.0,0.0,0.0,0.0,0.0,1.0,0.0,0.0,0.0,0.0,0.0,0.0,0.0,1.0,0.0,1.0,0.0,0.0,0.0,0.0,0.0,0.0,1.0,1.0
29,90541.71,7607.1426,127.0,0.0,4.0,7.0,5.0,0.0,7.0,3.0,11.91,4.0,500.6,36.937862,352.17316,688.5411,0,0,0,0,0,1,0,0,0,0,0.0,0.0,0.0,0.0,0.0,0.0,0.0,0.0,0.0,0.0,0.0,0.0,1.0,0.0,0.0,0.0,1.0,0.0,1.0,0.0,0.0,0.0,0.0,0.0,1.0,0.0,1.0
17,16724.855,1490.7379,80.0,18.49257,7.0,4.0,11.0,2.0,6.0,17.0,7.27,5.0,1008.14,37.28379,76.25252,324.3287,0,1,0,0,1,0,0,0,0,0,0.0,0.0,0.0,0.0,0.0,0.0,0.0,1.0,0.0,0.0,0.0,0.0,0.0,0.0,0.0,0.0,0.0,1.0,0.0,1.0,0.0,0.0,0.0,1.0,0.0,0.0,2.0
45,80011.64,6824.6367,27.0,154.56161,7.0,6.0,18.0,4.0,9.0,16.0,17.8,8.0,792.92,30.244053,156.696,611.20605,0,0,1,0,1,0,1,0,0,0,0.0,1.0,0.0,0.0,0.0,0.0,0.0,0.0,0.0,0.0,0.0,0.0,0.0,0.0,0.0,0.0,0.0,1.0,0.0,1.0,1.0,0.0,0.0,0.0,0.0,0.0,1.0
46,20867.67,1489.9725,129.0,16.837189,1.0,3.0,11.0,1.0,13.0,11.0,1.1,4.0,884.52,40.03191,61.73414,360.42593,0,0,1,0,0,0,0,0,0,0,0.0,0.0,0.0,0.0,0.0,0.0,0.0,0.0,0.0,0.0,0.0,0.0,0.0,0.0,1.0,0.0,1.0,0.0,1.0,0.0,0.0,0.0,0.0,0.0,0.0,1.0,2.0
52,100884.81,8631.067,126.0,248.13184,3.0,7.0,18.0,3.0,10.0,9.0,11.94,1.0,783.27,37.836624,165.29523,699.6797,1,0,0,1,0,0,0,0,0,0,0.0,0.0,0.0,0.0,0.0,0.0,0.0,0.0,0.0,0.0,0.0,0.0,1.0,0.0,0.0,0.0,0.0,1.0,0.0,1.0,0.0,1.0,0.0,0.0,0.0,0.0,1.0
43,15952.79,1255.3992,71.0,25.384485,5.0,1.0,3.0,3.0,13.0,9.0,3.41,1.0,645.4,37.794224,81.85957,298.29587,0,0,1,0,1,0,0,1,0,0,0.0,1.0,0.0,0.0,0.0,0.0,0.0,0.0,0.0,0.0,0.0,0.0,0.0,0.0,0.0,0.0,1.0,0.0,1.0,0.0,0.0,0.0,0.0,0.0,1.0,0.0,2.0
55,19403.404,1904.9504,74.0,39.214916,1.0,7.0,3.0,3.0,13.0,9.0,3.9,2.0,339.11,34.286327,93.058784,348.22134,0,1,1,0,0,0,0,0,0,0,0.0,0.0,0.0,1.0,0.0,0.0,0.0,0.0,0.0,0.0,0.0,0.0,0.0,0.0,0.0,0.0,1.0,0.0,1.0,0.0,0.0,0.0,0.0,0.0,0.0,1.0,0.0
43,57030.99,4986.5825,69.0,69.85829,7.0,3.0,15.0,2.0,14.0,17.0,9.88,6.0,2522.86,37.876297,337.2604,361.53955,0,0,0,1,0,0,1,0,0,0,0.0,0.0,0.0,0.0,0.0,0.0,0.0,0.0,0.0,1.0,0.0,0.0,0.0,0.0,0.0,0.0,0.0,1.0,0.0,1.0,0.0,0.0,0.0,1.0,0.0,0.0,0.0
51,36137.59,2876.4658,111.0,73.14084,3.0,4.0,2.0,4.0,6.0,0.0,7.21,2.0,1261.71,30.385916,93.5045,371.00125,1,0,1,0,0,0,0,0,0,0,0.0,0.0,0.0,0.0,0.0,1.0,0.0,0.0,0.0,0.0,0.0,0.0,0.0,0.0,0.0,0.0,1.0,0.0,1.0,0.0,0.0,1.0,0.0,0.0,0.0,0.0,2.0
55,11680.31,1125.3591,94.0,10.663654,3.0,4.0,13.0,2.0,21.0,14.0,3.51,3.0,58.64,39.105286,23.221998,338.65027,0,1,0,0,1,0,0,0,0,0,0.0,0.0,1.0,0.0,0.0,0.0,0.0,0.0,0.0,0.0,0.0,0.0,0.0,0.0,0.0,0.0,0.0,1.0,1.0,0.0,0.0,0.0,1.0,0.0,0.0,0.0,1.0
43,81142.96,6614.9136,138.0,207.58453,3.0,5.0,9.0,4.0,15.0,2.0,9.72,4.0,580.94,34.51518,235.07437,498.83243,0,1,0,0,0,0,1,1,0,0,0.0,0.0,0.0,0.0,0.0,0.0,0.0,0.0,0.0,0.0,0.0,0.0,0.0,1.0,0.0,0.0,1.0,0.0,1.0,0.0,0.0,0.0,0.0,0.0,1.0,0.0,1.0
54,80396.86,6623.7383,114.0,0.0,5.0,7.0,9.0,0.0,8.0,11.0,10.47,0.0,1357.54,26.530003,422.58707,519.78674,0,0,0,0,0,1,0,0,0,0,0.0,0.0,0.0,0.0,0.0,0.0,0.0,0.0,1.0,0.0,0.0,0.0,0.0,0.0,0.0,0.0,1.0,0.0,1.0,0.0,0.0,0.0,0.0,0.0,1.0,0.0,1.0
27,83062.28,7162.8564,74.0,176.31914,7.0,9.0,33.0,5.0,15.0,17.0,4.52,7.0,2173.72,42.477272,169.20103,610.7655,0,1,0,1,0,0,1,0,0,1,0.0,0.0,0.0,1.0,0.0,0.0,0.0,0.0,0.0,0.0,0.0,0.0,0.0,0.0,0.0,1.0,0.0,0.0,0.0,1.0,0.0,0.0,0.0,0.0,1.0,0.0,0.0
31,10457.88,688.49,58.0,68.54845,6.0,8.0,29.0,8.0,35.0,16.0,2.9,6.0,1286.8,35.860466,38.122925,252.17763,1,1,0,1,0,0,1,1,1,1,0.0,0.0,0.0,0.0,0.0,0.0,0.0,0.0,0.0,0.0,1.0,0.0,0.0,0.0,0.0,1.0,0.0,0.0,0.0,1.0,0.0,0.0,0.0,0.0,0.0,1.0,0.0
26,17182.5,1230.875,127.0,19.84113,0.0,6.0,11.0,2.0,8.0,1.0,3.78,3.0,1269.97,27.70993,84.4784,308.76797,0,0,1,0,0,0,0,0,0,0,0.0,0.0,0.0,1.0,0.0,0.0,0.0,0.0,0.0,0.0,0.0,0.0,0.0,0.0,0.0,0.0,1.0,0.0,1.0,0.0,0.0,0.0,0.0,0.0,0.0,1.0,1.0
19,31041.46,2501.7883,135.0,21.02118,5.0,2.0,5.0,1.0,5.0,8.0,9.13,0.0,291.77,34.405674,23.758963,445.39868,0,0,0,1,0,0,0,0,0,0,0.0,0.0,0.0,1.0,0.0,0.0,0.0,0.0,0.0,0.0,0.0,0.0,0.0,0.0,0.0,0.0,1.0,0.0,1.0,0.0,0.0,0.0,0.0,0.0,0.0,1.0,2.0
20,18927.65,1779.3042,82.0,62.540253,6.0,7.0,24.0,6.0,12.0,15.0,8.61,10.0,1942.4,30.427824,56.353924,339.03625,1,0,0,1,1,0,0,0,1,1,0.0,0.0,0.0,0.0,0.0,0.0,0.0,0.0,0.0,0.0,0.0,0.0,1.0,0.0,0.0,0.0,0.0,1.0,0.0,1.0,0.0,0.0,0.0,0.0,1.0,0.0,1.0
34,30771.54,2749.295,41.0,162.40181,4.0,6.0,18.0,7.0,19.0,18.0,19.25,4.0,246.06,32.460186,201.76112,190.76656,1,0,0,0,1,0,0,0,0,1,0.0,0.0,0.0,0.0,0.0,0.0,0.0,0.0,1.0,0.0,0.0,0.0,0.0,0.0,0.0,0.0,0.0,1.0,0.0,1.0,0.0,0.0,0.0,0.0,1.0,0.0,1.0
35,21454.72,1656.8933,121.0,39.69936,3.0,4.0,5.0,3.0,26.0,13.0,10.36,3.0,990.57,40.248722,70.97147,345.0185,0,0,0,0,1,0,0,1,1,0,0.0,0.0,0.0,0.0,0.0,0.0,0.0,0.0,0.0,0.0,0.0,0.0,0.0,1.0,0.0,0.0,0.0,1.0,0.0,1.0,0.0,0.0,0.0,0.0,0.0,1.0,1.0
30,56784.54,4948.045,73.0,146.67673,8.0,5.0,17.0,4.0,14.0,17.0,8.56,3.0,234.96,28.88024,402.49347,235.6343,0,0,0,1,1,0,1,0,0,0,0.0,0.0,0.0,0.0,0.0,1.0,0.0,0.0,0.0,0.0,0.0,0.0,0.0,0.0,0.0,0.0,0.0,1.0,1.0,0.0,0.0,0.0,0.0,0.0,0.0,1.0,1.0
36,7453.305,828.10876,6.0,40.439724,6.0,10.0,22.0,9.0,34.0,19.0,16.6,7.0,2718.93,22.989084,55.790184,276.58096,0,1,1,1,0,0,1,1,0,0,0.0,0.0,0.0,1.0,0.0,0.0,0.0,0.0,0.0,0.0,0.0,0.0,0.0,0.0,0.0,1.0,0.0,0.0,0.0,1.0,0.0,0.0,0.0,0.0,0.0,1.0,0.0
37,17559.88,1179.3234,80.0,0.0,2.0,7.0,5.0,0.0,1.0,6.0,7.02,0.0,23.7,29.315405,89.90038,318.03195,0,0,0,0,0,1,0,0,0,0,0.0,0.0,1.0,0.0,0.0,0.0,0.0,0.0,0.0,0.0,0.0,0.0,0.0,0.0,0.0,0.0,1.0,0.0,1.0,0.0,0.0,0.0,0.0,0.0,0.0,1.0,1.0
37,31680.74,2670.0618,35.0,72.435646,6.0,6.0,26.0,3.0,20.0,18.0,4.56,10.0,1280.16,37.605263,36.596745,407.9738,1,0,1,1,0,0,0,0,0,0,0.0,0.0,0.0,1.0,0.0,0.0,0.0,0.0,0.0,0.0,0.0,0.0,0.0,0.0,0.0,1.0,0.0,0.0,0.0,1.0,0.0,1.0,0.0,0.0,0.0,0.0,0.0
21,126026.19,10704.183,130.0,250.11697,0.0,7.0,2.0,3.0,13.0,1.0,8.61,4.0,1475.49,33.0243,406.45285,693.84845,0,1,0,0,0,0,0,0,1,1,0.0,0.0,0.0,1.0,0.0,0.0,0.0,0.0,0.0,0.0,0.0,0.0,0.0,0.0,0.0,0.0,1.0,0.0,1.0,0.0,0.0,0.0,0.0,0.0,1.0,0.0,1.0
28,29376.07,2159.0059,131.0,68.11743,4.0,4.0,5.0,3.0,13.0,4.0,8.28,6.0,1439.6,34.13901,34.6585,353.12466,1,0,0,0,1,0,0,0,0,1,0.0,0.0,0.0,0.0,0.0,0.0,0.0,0.0,0.0,0.0,0.0,0.0,1.0,0.0,0.0,0.0,1.0,0.0,1.0,0.0,1.0,0.0,0.0,0.0,0.0,0.0,1.0
35,56643.04,4479.2534,107.0,76.551155,6.0,5.0,8.0,2.0,6.0,12.0,11.27,8.0,1254.91,37.20818,167.54845,453.82574,0,0,0,0,1,0,0,0,0,1,0.0,0.0,0.0,0.0,0.0,0.0,0.0,0.0,0.0,0.0,0.0,0.0,0.0,0.0,1.0,0.0,0.0,1.0,1.0,0.0,0.0,1.0,0.0,0.0,0.0,0.0,2.0
22,21467.56,1923.9634,122.0,0.0,4.0,5.0,19.0,0.0,15.0,18.0,20.5,5.0,730.35,31.228838,40.006924,402.3894,0,0,0,0,0,1,0,0,0,0,0.0,0.0,0.0,0.0,0.0,0.0,1.0,0.0,0.0,0.0,0.0,0.0,0.0,0.0,0.0,0.0,0.0,1.0,0.0,1.0,0.0,1.0,0.0,0.0,0.0,0.0,1.0
33,73417.48,6001.1235,51.0,163.71306,7.0,4.0,20.0,4.0,30.0,21.0,14.53,4.0,2402.05,31.353676,297.88184,418.51743,1,0,1,1,0,0,0,0,0,0,0.0,0.0,0.0,0.0,0.0,1.0,0.0,0.0,0.0,0.0,0.0,0.0,0.0,0.0,0.0,0.0,0.0,1.0,0.0,1.0,0.0,0.0,0.0,0.0,1.0,0.0,1.0
32,94991.82,8144.985,107.0,0.0,7.0,6.0,13.0,0.0,18.0,20.0,24.45,6.0,1320.61,25.333715,423.82034,670.67816,0,0,0,0,0,1,0,0,0,0,0.0,0.0,0.0,0.0,0.0,0.0,0.0,0.0,0.0,0.0,0.0,0.0,1.0,0.0,0.0,0.0,0.0,1.0,0.0,1.0,0.0,0.0,0.0,0.0,1.0,0.0,1.0
43,16012.64,1108.3867,71.0,31.332123,8.0,5.0,24.0,4.0,39.0,25.0,11.49,11.0,1527.67,36.301823,44.182014,315.32452,0,1,0,0,0,0,0,0,1,0,0.0,0.0,0.0,0.0,0.0,0.0,0.0,0.0,1.0,0.0,0.0,0.0,0.0,0.0,0.0,1.0,0.0,0.0,0.0,1.0,0.0,0.0,0.0,0.0,1.0,0.0,0.0
39,18859.53,1594.6274,52.0,23.886272,10.0,6.0,20.0,2.0,46.0,20.0,12.49,12.0,2096.33,33.060577,174.0465,251.52998,1,0,0,0,1,0,0,0,0,0,0.0,0.0,0.0,0.0,0.0,0.0,0.0,0.0,1.0,0.0,0.0,0.0,0.0,0.0,0.0,0.0,0.0,1.0,0.0,1.0,0.0,0.0,0.0,0.0,0.0,1.0,0.0
33,36136.49,3030.3743,137.0,42.47399,6.0,3.0,18.0,2.0,30.0,14.0,12.91,6.0,453.4,33.758976,261.37033,289.19308,1,0,0,1,0,0,0,0,0,0,0.0,0.0,0.0,0.0,0.0,0.0,0.0,0.0,1.0,0.0,0.0,0.0,0.0,0.0,0.0,0.0,0.0,1.0,0.0,1.0,0.0,0.0,0.0,0.0,0.0,1.0,1.0
48,30807.57,2796.2976,110.0,88.49211,0.0,5.0,4.0,4.0,7.0,5.0,4.88,3.0,708.2,34.205437,199.68265,281.455,0,0,1,1,0,0,0,0,1,0,1.0,0.0,0.0,0.0,0.0,0.0,0.0,0.0,0.0,0.0,0.0,0.0,0.0,0.0,0.0,0.0,1.0,0.0,1.0,0.0,0.0,0.0,0.0,0.0,0.0,1.0,2.0
26,36589.09,2829.0908,116.0,0.0,8.0,4.0,11.0,0.0,30.0,11.0,11.49,4.0,83.53,28.221697,137.91974,434.98935,0,0,0,0,0,1,0,0,0,0,0.0,0.0,0.0,0.0,0.0,0.0,0.0,0.0,0.0,0.0,0.0,0.0,0.0,0.0,1.0,0.0,0.0,1.0,0.0,1.0,0.0,0.0,0.0,0.0,0.0,1.0,1.0
54,34476.64,2888.347,103.0,164.99564,5.0,6.0,19.0,2.0,8.0,12.0,14.44,2.0,772.61,36.917233,22.08424,469.03198,0,0,0,0,0,0,0,0,1,1,0.0,0.0,0.0,0.0,0.0,0.0,0.0,1.0,0.0,0.0,0.0,0.0,0.0,0.0,0.0,0.0,0.0,1.0,0.0,1.0,1.0,0.0,0.0,0.0,0.0,0.0,2.0
35,14360.31,973.6925,35.0,17.467985,6.0,6.0,25.0,2.0,24.0,10.0,11.65,12.0,1920.74,29.918161,43.390545,316.5107,0,0,0,0,1,0,0,1,0,0,0.0,0.0,1.0,0.0,0.0,0.0,0.0,0.0,0.0,0.0,0.0,0.0,0.0,0.0,0.0,0.0,0.0,1.0,0.0,1.0,0.0,0.0,0.0,0.0,1.0,0.0,0.0
51,57847.1,4808.592,96.0,44.510452,1.0,4.0,5.0,1.0,4.0,8.0,6.19,3.0,958.73,26.89768,196.21844,490.13028,0,0,0,0,0,0,0,1,0,0,0.0,0.0,0.0,0.0,0.0,0.0,0.0,0.0,0.0,0.0,0.0,0.0,0.0,1.0,0.0,0.0,1.0,0.0,1.0,0.0,0.0,1.0,0.0,0.0,0.0,0.0,1.0
35,19328.71,1480.7258,74.0,25.87483,3.0,5.0,2.0,2.0,7.0,4.0,7.27,1.0,160.03,36.518448,146.32353,255.87422,0,1,0,0,0,0,0,0,0,1,0.0,1.0,0.0,0.0,0.0,0.0,0.0,0.0,0.0,0.0,0.0,0.0,0.0,0.0,0.0,0.0,1.0,0.0,1.0,0.0,0.0,0.0,0.0,0.0,1.0,0.0,2.0
51,17767.86,1592.655,98.0,14.288608,0.0,1.0,4.0,1.0,5.0,10.0,3.11,2.0,534.03,34.065334,77.93592,357.041,1,0,0,0,0,0,0,0,0,0,0.0,0.0,0.0,1.0,0.0,0.0,0.0,0.0,0.0,0.0,0.0,0.0,0.0,0.0,0.0,0.0,1.0,0.0,1.0,0.0,0.0,0.0,0.0,0.0,0.0,1.0,2.0
44,34014.64,2742.5532,40.0,99.50968,4.0,4.0,21.0,7.0,22.0,11.0,15.58,9.0,1706.37,31.991928,129.81403,334.9316,0,1,1,1,1,0,1,0,1,0,0.0,0.0,0.0,0.0,0.0,0.0,0.0,1.0,0.0,0.0,0.0,0.0,0.0,0.0,0.0,0.0,0.0,1.0,0.0,1.0,0.0,0.0,0.0,0.0,0.0,1.0,1.0
33,26886.51,2517.5425,75.0,106.63257,5.0,3.0,9.0,6.0,16.0,8.0,13.88,6.0,1129.83,40.18019,128.5643,306.55737,0,0,0,1,0,0,1,1,1,1,0.0,0.0,0.0,0.0,0.0,0.0,0.0,0.0,0.0,0.0,0.0,1.0,0.0,0.0,0.0,0.0,0.0,1.0,0.0,1.0,0.0,0.0,0.0,0.0,0.0,1.0,0.0
37,19427.14,1404.9283,49.0,75.28873,4.0,6.0,16.0,6.0,33.0,14.0,10.4,7.0,696.13,37.96283,90.47688,264.72723,1,0,1,0,1,0,0,1,0,1,0.0,0.0,0.0,0.0,0.0,0.0,0.0,1.0,0.0,0.0,0.0,0.0,0.0,0.0,0.0,0.0,0.0,1.0,0.0,1.0,0.0,0.0,0.0,0.0,0.0,1.0,1.0
54,18524.52,1739.71,114.0,0.0,2.0,3.0,8.0,0.0,14.0,5.0,9.58,3.0,865.36,36.635056,43.53287,390.43814,0,0,0,0,0,1,0,0,0,0,0.0,0.0,0.0,0.0,0.0,0.0,1.0,0.0,0.0,0.0,0.0,0.0,0.0,0.0,0.0,0.0,1.0,0.0,1.0,0.0,0.0,0.0,1.0,0.0,0.0,0.0,2.0
39,26282.47,2125.2058,69.0,23.40929,7.0,5.0,17.0,2.0,17.0,18.0,6.68,4.0,1007.91,35.262802,123.14863,345.96265,0,1,0,0,0,0,0,0,0,1,0.0,0.0,1.0,0.0,0.0,0.0,0.0,0.0,0.0,0.0,0.0,0.0,0.0,0.0,0.0,0.0,0.0,1.0,1.0,0.0,0.0,0.0,0.0,0.0,1.0,0.0,2.0
53,30365.13,2353.4275,113.0,44.320744,4.0,1.0,7.0,3.0,15.0,3.0,7.68,3.0,1224.77,29.134851,149.21515,301.80685,0,0,0,1,0,0,1,1,0,0,1.0,0.0,0.0,0.0,0.0,0.0,0.0,0.0,0.0,0.0,0.0,0.0,0.0,0.0,0.0,0.0,1.0,0.0,1.0,0.0,0.0,0.0,1.0,0.0,0.0,0.0,2.0
39,46268.4,3983.7,59.0,103.77805,5.0,4.0,20.0,4.0,28.0,20.0,9.58,7.0,1447.57,26.625044,162.09442,392.49753,0,0,1,1,0,0,0,0,0,1,0.0,0.0,0.0,0.0,0.0,0.0,0.0,0.0,0.0,1.0,0.0,0.0,0.0,0.0,0.0,0.0,0.0,1.0,0.0,1.0,0.0,0.0,0.0,1.0,0.0,0.0,0.0
43,35346.69,2757.5576,123.0,23.593979,1.0,6.0,12.0,1.0,0.0,3.0,8.3,4.0,497.75,27.909052,129.77814,392.38364,0,0,0,0,0,0,0,1,0,0,0.0,0.0,0.0,0.0,0.0,0.0,0.0,0.0,0.0,0.0,0.0,1.0,0.0,0.0,0.0,0.0,1.0,0.0,1.0,0.0,0.0,0.0,0.0,1.0,0.0,0.0,1.0
19,38694.74,2979.5618,75.0,148.05983,6.0,5.0,32.0,7.0,49.0,16.0,8.8,9.0,1647.69,25.539127,235.87018,184.02615,1,0,1,1,0,0,0,1,1,1,0.0,0.0,0.0,0.0,0.0,0.0,0.0,1.0,0.0,0.0,0.0,0.0,0.0,0.0,0.0,1.0,0.0,0.0,0.0,1.0,0.0,0.0,0.0,1.0,0.0,0.0,0.0
29,28081.94,2406.1616,83.0,18.292355,5.0,6.0,2.0,1.0,14.0,19.0,12.99,0.0,233.76,36.464138,71.024765,411.29904,0,0,0,0,0,0,0,0,1,0,0.0,0.0,0.0,0.0,0.0,0.0,0.0,0.0,0.0,0.0,0.0,0.0,0.0,1.0,0.0,0.0,1.0,0.0,1.0,0.0,0.0,0.0,1.0,0.0,0.0,0.0,2.0
48,19641.664,1795.8054,122.0,0.0,0.0,6.0,10.0,0.0,13.0,14.0,6.89,1.0,1230.89,30.094254,13.874659,405.70587,0,0,0,0,0,1,0,0,0,0,0.0,0.0,0.0,1.0,0.0,0.0,0.0,0.0,0.0,0.0,0.0,0.0,0.0,0.0,0.0,0.0,1.0,0.0,1.0,0.0,1.0,0.0,0.0,0.0,0.0,0.0,0.0
24,77597.7,6619.475,135.0,225.27823,4.0,5.0,3.0,4.0,6.0,8.0,6.03,2.0,404.69,34.08079,355.01962,371.64963,1,0,0,0,0,0,0,1,0,1,0.0,0.0,0.0,0.0,0.0,0.0,0.0,0.0,0.0,0.0,1.0,0.0,0.0,0.0,0.0,0.0,1.0,0.0,1.0,0.0,0.0,0.0,0.0,0.0,0.0,1.0,1.0
21,22433.46,1585.455,119.0,9.530144,4.0,3.0,11.0,1.0,1.0,7.0,10.73,4.0,1078.38,36.631603,83.32337,355.692,0,0,0,0,0,0,0,1,0,0,0.0,0.0,0.0,1.0,0.0,0.0,0.0,0.0,0.0,0.0,0.0,0.0,0.0,0.0,0.0,0.0,1.0,0.0,1.0,0.0,0.0,0.0,0.0,0.0,0.0,1.0,1.0
44,57180.88,4584.073,87.0,0.0,3.0,4.0,9.0,0.0,6.0,11.0,3.89,2.0,1126.79,31.147873,416.64505,331.76227,0,0,0,0,0,1,0,0,0,0,0.0,0.0,0.0,0.0,0.0,1.0,0.0,0.0,0.0,0.0,0.0,0.0,0.0,0.0,0.0,0.0,1.0,0.0,1.0,0.0,0.0,0.0,0.0,0.0,0.0,1.0,0.0
27,44608.21,3574.3508,132.0,0.0,4.0,5.0,10.0,0.0,11.0,10.0,6.98,3.0,648.02,25.748816,294.6667,332.76837,0,0,0,0,0,1,0,0,0,0,0.0,0.0,0.0,0.0,0.0,0.0,0.0,0.0,0.0,0.0,0.0,1.0,0.0,0.0,0.0,0.0,1.0,0.0,1.0,0.0,0.0,0.0,0.0,1.0,0.0,0.0,2.0
40,18512.97,1494.7476,53.0,24.621172,7.0,5.0,18.0,3.0,15.0,9.0,16.95,9.0,1366.56,26.300606,46.58328,348.2703,0,0,0,0,1,0,0,0,0,1,0.0,0.0,0.0,0.0,0.0,0.0,0.0,0.0,0.0,0.0,0.0,0.0,0.0,0.0,1.0,0.0,0.0,1.0,0.0,1.0,0.0,0.0,0.0,1.0,0.0,0.0,1.0
44,94158.69,7743.5576,134.0,204.34453,1.0,4.0,3.0,4.0,27.0,5.0,9.52,4.0,1415.3,34.71787,500.4817,359.52954,0,1,0,0,1,0,0,1,0,1,0.0,0.0,0.0,0.0,1.0,0.0,0.0,0.0,0.0,0.0,0.0,0.0,0.0,0.0,0.0,0.0,1.0,0.0,1.0,0.0,0.0,0.0,0.0,0.0,0.0,1.0,0.0
35,80661.32,6551.777,37.0,135.56247,5.0,4.0,30.0,4.0,3.0,16.0,9.58,5.0,1482.15,25.740488,335.0469,464.5683,0,1,1,0,0,0,1,0,0,0,0.0,0.0,0.0,0.0,0.0,0.0,0.0,1.0,0.0,0.0,0.0,0.0,0.0,0.0,0.0,0.0,0.0,1.0,0.0,1.0,0.0,0.0,0.0,0.0,1.0,0.0,0.0
34,19562.47,1713.2058,43.0,30.784138,3.0,3.0,9.0,3.0,5.0,10.0,19.35,7.0,712.22,29.256367,189.86626,240.6702,0,1,0,0,0,0,0,0,0,0,0.0,0.0,0.0,0.0,0.0,0.0,1.0,0.0,0.0,0.0,0.0,0.0,0.0,0.0,0.0,0.0,0.0,1.0,0.0,1.0,0.0,0.0,0.0,0.0,0.0,1.0,1.0
44,10426.84,991.9033,50.0,49.882942,6.0,10.0,19.0,6.0,28.0,14.0,24.71,6.0,3145.39,34.20281,64.41009,264.8973,0,1,0,1,1,0,0,0,1,1,0.0,0.0,0.0,1.0,0.0,0.0,0.0,0.0,0.0,0.0,0.0,0.0,0.0,0.0,0.0,1.0,0.0,0.0,0.0,1.0,0.0,0.0,0.0,0.0,1.0,0.0,1.0
40,43700.61,3574.7175,126.0,66.91753,0.0,7.0,5.0,2.0,2.0,11.0,5.57,4.0,633.46,27.331547,169.84702,390.7072,0,0,0,0,0,0,1,0,1,0,0.0,0.0,0.0,0.0,0.0,0.0,1.0,0.0,0.0,0.0,0.0,0.0,0.0,0.0,0.0,0.0,1.0,0.0,1.0,0.0,0.0,0.0,0.0,1.0,0.0,0.0,2.0
38,14224.655,1395.388,136.0,7.6420565,8.0,6.0,13.0,1.0,27.0,10.0,8.1,1.0,1343.01,40.919605,82.13894,309.7578,0,0,0,1,0,0,0,0,0,0,0.0,0.0,0.0,1.0,0.0,0.0,0.0,0.0,0.0,0.0,0.0,0.0,0.0,0.0,0.0,0.0,0.0,1.0,1.0,0.0,0.0,0.0,0.0,0.0,0.0,1.0,1.0
35,28378.94,2348.9116,73.0,52.558353,3.0,7.0,13.0,3.0,8.0,11.0,6.45,5.0,1640.9,38.896954,106.61308,355.71973,1,0,0,0,0,0,0,1,0,0,0.0,0.0,0.0,0.0,0.0,0.0,0.0,0.0,0.0,0.0,1.0,0.0,0.0,0.0,0.0,0.0,0.0,1.0,0.0,1.0,0.0,0.0,1.0,0.0,0.0,0.0,0.0
30,20730.15,1661.5125,28.0,48.1558,6.0,5.0,27.0,5.0,51.0,25.0,2.75,11.0,2361.69,35.33247,15.565373,342.43008,0,0,0,1,1,0,1,1,1,0,0.0,0.0,0.0,0.0,0.0,0.0,0.0,1.0,0.0,0.0,0.0,0.0,0.0,0.0,0.0,1.0,0.0,0.0,0.0,1.0,1.0,0.0,0.0,0.0,0.0,0.0,0.0
29,58194.33,4663.5273,40.0,132.0837,5.0,7.0,20.0,5.0,26.0,18.0,12.11,4.0,1208.38,25.213585,150.64307,433.62598,1,1,0,0,0,0,0,1,0,1,0.0,0.0,1.0,0.0,0.0,0.0,0.0,0.0,0.0,0.0,0.0,0.0,0.0,0.0,0.0,0.0,0.0,1.0,0.0,1.0,0.0,1.0,0.0,0.0,0.0,0.0,1.0
34,16609.08,1524.09,123.0,13.544573,4.0,5.0,20.0,1.0,17.0,19.0,0.99,4.0,606.57,30.928892,79.76735,349.09708,1,0,0,0,0,0,0,0,0,0,0.0,0.0,0.0,0.0,0.0,0.0,0.0,0.0,0.0,0.0,1.0,0.0,0.0,0.0,0.0,0.0,0.0,1.0,1.0,0.0,0.0,0.0,0.0,0.0,0.0,1.0,1.0
26,45230.85,3471.2375,36.0,212.673,7.0,7.0,26.0,6.0,16.0,15.0,10.23,10.0,1712.99,32.130154,108.01192,276.43884,1,0,0,1,1,0,1,0,1,0,0.0,0.0,0.0,0.0,0.0,0.0,0.0,0.0,0.0,0.0,0.0,0.0,0.0,0.0,1.0,0.0,0.0,1.0,0.0,1.0,0.0,1.0,0.0,0.0,0.0,0.0,0.0
21,51333.99,3981.8325,79.0,163.83763,8.0,7.0,20.0,5.0,51.0,25.0,0.59,14.0,2457.23,25.695307,89.09107,405.25455,0,1,0,1,0,0,0,1,1,0,0.0,0.0,0.0,0.0,1.0,0.0,0.0,0.0,0.0,0.0,0.0,0.0,0.0,0.0,0.0,1.0,0.0,0.0,0.0,1.0,0.0,0.0,1.0,0.0,0.0,0.0,0.0
40,27217.23,2057.1025,62.0,145.75687,3.0,5.0,11.0,7.0,7.0,15.0,10.78,11.0,901.34,36.652473,50.627068,249.32631,1,1,1,1,0,0,0,0,0,1,0.0,1.0,0.0,0.0,0.0,0.0,0.0,0.0,0.0,0.0,0.0,0.0,0.0,0.0,0.0,0.0,0.0,1.0,0.0,1.0,1.0,0.0,0.0,0.0,0.0,0.0,1.0
35,8291.51,961.95917,54.0,43.22881,6.0,9.0,15.0,8.0,29.0,19.0,0.9,11.0,2511.39,23.574497,44.56473,288.40237,1,0,1,0,1,0,1,1,0,1,0.0,1.0,0.0,0.0,0.0,0.0,0.0,0.0,0.0,0.0,0.0,0.0,0.0,0.0,0.0,1.0,0.0,0.0,0.0,1.0,0.0,0.0,0.0,0.0,1.0,0.0,0.0
28,50493.8,4231.817,65.0,201.74365,4.0,4.0,12.0,7.0,15.0,15.0,18.52,7.0,1453.63,28.579481,86.68837,374.74963,0,0,1,1,1,0,0,0,1,0,0.0,0.0,0.0,0.0,0.0,0.0,0.0,0.0,0.0,0.0,1.0,0.0,0.0,0.0,0.0,0.0,0.0,1.0,0.0,1.0,1.0,0.0,0.0,0.0,0.0,0.0,1.0
39,23727.45,2145.2876,119.0,0.0,7.0,4.0,6.0,0.0,10.0,11.0,2.35,0.0,943.06,28.98143,236.66698,267.8618,0,0,0,0,0,1,0,0,0,0,1.0,0.0,0.0,0.0,0.0,0.0,0.0,0.0,0.0,0.0,0.0,0.0,0.0,0.0,0.0,0.0,0.0,1.0,1.0,0.0,0.0,0.0,0.0,0.0,0.0,1.0,0.0
17,73047.96,6253.33,74.0,117.50628,5.0,7.0,15.0,3.0,13.0,16.0,10.86,6.0,1372.24,30.094263,224.68962,533.1371,0,0,0,1,0,0,0,0,1,0,0.0,0.0,1.0,0.0,0.0,0.0,0.0,0.0,0.0,0.0,0.0,0.0,0.0,0.0,0.0,0.0,0.0,1.0,0.0,1.0,0.0,1.0,0.0,0.0,0.0,0.0,1.0
19,7423.97,881.6642,40.0,17.337513,5.0,8.0,21.0,3.0,25.0,16.0,16.95,9.0,2030.53,26.764841,56.592987,304.23593,0,1,1,0,0,0,0,1,0,0,0.0,0.0,0.0,0.0,0.0,0.0,0.0,0.0,0.0,0.0,0.0,0.0,1.0,0.0,0.0,0.0,0.0,1.0,0.0,1.0,0.0,0.0,0.0,0.0,0.0,1.0,0.0
19,43430.88,3418.24,79.0,20.440817,6.0,4.0,12.0,1.0,20.0,16.0,8.54,4.0,1288.94,33.06128,65.02423,516.35895,0,0,0,0,0,0,1,0,0,0,0.0,0.0,0.0,0.0,0.0,0.0,0.0,0.0,1.0,0.0,0.0,0.0,0.0,0.0,0.0,0.0,0.0,1.0,1.0,0.0,0.0,0.0,1.0,0.0,0.0,0.0,1.0
31,28559.25,2185.9375,99.0,15.048617,4.0,3.0,9.0,1.0,9.0,16.0,1.64,0.0,559.35,40.278393,49.90542,403.6397,0,0,0,0,0,0,1,0,0,0,0.0,0.0,0.0,0.0,0.0,0.0,0.0,0.0,1.0,0.0,0.0,0.0,0.0,0.0,0.0,0.0,0.0,1.0,1.0,0.0,0.0,1.0,0.0,0.0,0.0,0.0,1.0
16,20049.97,1462.8308,74.0,93.32277,8.0,5.0,17.0,6.0,24.0,15.0,1.75,7.0,1794.72,40.134007,100.41021,232.55011,0,0,1,0,0,0,1,1,0,1,0.0,0.0,0.0,0.0,0.0,0.0,0.0,0.0,1.0,0.0,0.0,0.0,0.0,0.0,0.0,1.0,0.0,0.0,0.0,1.0,0.0,0.0,0.0,0.0,1.0,0.0,0.0
19,15508.43,1400.3691,127.0,43.057896,4.0,4.0,16.0,4.0,21.0,19.0,3.07,1.0,1370.52,30.233799,40.31789,306.66113,0,0,0,1,0,0,1,0,0,1,0.0,0.0,0.0,0.0,0.0,0.0,1.0,0.0,0.0,0.0,0.0,0.0,0.0,0.0,0.0,0.0,0.0,1.0,0.0,1.0,0.0,0.0,0.0,1.0,0.0,0.0,2.0
42,10027.07,896.5892,85.0,13.361358,8.0,5.0,9.0,3.0,9.0,16.0,1.77,5.0,168.72,30.96842,54.397484,301.9001,1,0,0,1,1,0,0,0,0,0,0.0,0.0,0.0,0.0,0.0,0.0,0.0,0.0,0.0,1.0,0.0,0.0,0.0,0.0,0.0,0.0,0.0,1.0,1.0,0.0,0.0,0.0,0.0,0.0,1.0,0.0,1.0
27,18323.176,1504.9313,76.0,0.0,1.0,3.0,4.0,0.0,10.0,10.0,-0.92,2.0,879.33,29.336088,167.57988,272.91324,0,0,0,0,0,1,0,0,0,0,1.0,0.0,0.0,0.0,0.0,0.0,0.0,0.0,0.0,0.0,0.0,0.0,0.0,0.0,0.0,0.0,1.0,0.0,1.0,0.0,0.0,0.0,0.0,0.0,0.0,1.0,2.0
54,34963.82,3195.6516,96.0,108.79608,6.0,5.0,10.0,4.0,25.0,12.0,9.56,3.0,879.49,29.08048,139.66702,326.33255,0,0,1,0,0,0,1,0,1,0,0.0,0.0,0.0,0.0,0.0,0.0,0.0,0.0,0.0,1.0,0.0,0.0,0.0,0.0,0.0,0.0,0.0,1.0,0.0,1.0,0.0,1.0,0.0,0.0,0.0,0.0,1.0
40,21018.0,2011.5,113.0,0.0,8.0,4.0,17.0,0.0,14.0,16.0,16.1,4.0,98.61,38.854153,106.63032,384.51968,0,0,0,0,0,1,0,0,0,0,0.0,0.0,0.0,0.0,0.0,0.0,0.0,0.0,0.0,1.0,0.0,0.0,0.0,0.0,0.0,0.0,0.0,1.0,0.0,1.0,0.0,0.0,0.0,0.0,0.0,1.0,0.0
40,35417.27,2789.4392,106.0,39.770363,0.0,3.0,3.0,2.0,5.0,5.0,7.8,3.0,364.57,31.735825,193.95241,305.22116,1,0,0,0,0,0,0,0,1,0,0.0,0.0,0.0,0.0,0.0,0.0,0.0,1.0,0.0,0.0,0.0,0.0,0.0,0.0,0.0,0.0,1.0,0.0,1.0,0.0,0.0,0.0,1.0,0.0,0.0,0.0,2.0
27,29416.81,2742.401,85.0,37.723927,8.0,4.0,14.0,3.0,10.0,13.0,3.97,3.0,133.18,31.780373,45.433342,441.08282,0,0,0,1,0,0,1,0,0,1,1.0,0.0,0.0,0.0,0.0,0.0,0.0,0.0,0.0,0.0,0.0,0.0,0.0,0.0,0.0,0.0,0.0,1.0,1.0,0.0,0.0,0.0,0.0,0.0,0.0,1.0,1.0
21,60214.04,5034.8364,61.0,201.95602,7.0,5.0,18.0,5.0,16.0,18.0,1.97,12.0,1322.67,38.215145,249.26282,332.26483,0,0,1,1,0,0,0,0,1,1,0.0,0.0,0.0,1.0,0.0,0.0,0.0,0.0,0.0,0.0,0.0,0.0,0.0,0.0,0.0,1.0,0.0,0.0,0.0,1.0,0.0,0.0,0.0,0.0,1.0,0.0,0.0
22,16844.13,1156.6775,133.0,0.0,2.0,7.0,6.0,0.0,1.0,7.0,4.34,4.0,1269.39,28.934786,115.67988,279.98788,0,0,0,0,0,1,0,0,0,0,0.0,0.0,0.0,0.0,0.0,1.0,0.0,0.0,0.0,0.0,0.0,0.0,0.0,0.0,0.0,0.0,1.0,0.0,1.0,0.0,0.0,0.0,0.0,0.0,1.0,0.0,1.0
46,71605.0,6011.0835,111.0,71.25191,2.0,5.0,1.0,2.0,13.0,8.0,9.38,1.0,519.84,39.890827,91.10875,678.7477,0,0,0,0,1,0,1,0,0,0,0.0,0.0,0.0,1.0,0.0,0.0,0.0,0.0,0.0,0.0,0.0,0.0,0.0,0.0,0.0,0.0,1.0,0.0,1.0,0.0,1.0,0.0,0.0,0.0,0.0,0.0,1.0
31,13815.325,1133.2771,123.0,0.0,4.0,4.0,4.0,0.0,6.0,12.0,0.52,5.0,565.72,40.741817,41.07846,352.24924,0,0,0,0,0,1,0,0,0,0,0.0,0.0,0.0,0.0,0.0,1.0,0.0,0.0,0.0,0.0,0.0,0.0,0.0,0.0,0.0,0.0,0.0,1.0,1.0,0.0,0.0,0.0,0.0,0.0,1.0,0.0,1.0
30,36456.72,3163.06,68.0,51.64656,8.0,10.0,31.0,2.0,41.0,8.0,10.91,10.0,1751.18,33.428463,113.055336,441.6041,0,0,0,0,0,0,0,1,1,0,0.0,0.0,0.0,0.0,0.0,0.0,0.0,0.0,0.0,1.0,0.0,0.0,0.0,0.0,0.0,0.0,0.0,1.0,0.0,1.0,0.0,0.0,1.0,0.0,0.0,0.0,0.0
36,49346.88,3965.24,35.0,214.22046,5.0,7.0,15.0,7.0,20.0,11.0,16.99,7.0,228.04,35.690792,103.86422,328.43933,0,0,1,1,0,0,0,1,1,1,0.0,0.0,0.0,0.0,0.0,0.0,0.0,0.0,0.0,1.0,0.0,0.0,0.0,0.0,0.0,0.0,0.0,1.0,0.0,1.0,0.0,1.0,0.0,0.0,0.0,0.0,1.0
26,35455.23,2913.6025,65.0,46.579693,0.0,4.0,1.0,2.0,15.0,8.0,1.78,4.0,33.16,38.97856,46.542538,438.238,0,0,0,0,1,0,0,0,0,1,0.0,0.0,0.0,0.0,0.0,0.0,0.0,0.0,0.0,0.0,1.0,0.0,0.0,0.0,0.0,0.0,1.0,0.0,1.0,0.0,1.0,0.0,0.0,0.0,0.0,0.0,2.0
31,70543.77,5986.6475,105.0,218.0111,5.0,5.0,16.0,4.0,16.0,17.0,18.68,7.0,1395.86,36.188286,184.7103,475.94336,0,0,0,1,1,0,1,0,0,0,0.0,0.0,0.0,0.0,0.0,0.0,0.0,0.0,1.0,0.0,0.0,0.0,0.0,0.0,0.0,0.0,0.0,1.0,0.0,1.0,0.0,0.0,0.0,0.0,1.0,0.0,1.0
53,16862.715,1603.2262,105.0,14.740344,8.0,6.0,10.0,2.0,22.0,17.0,17.13,5.0,574.86,40.167004,145.43521,290.14706,0,0,1,0,0,0,1,0,0,0,0.0,0.0,0.0,0.0,1.0,0.0,0.0,0.0,0.0,0.0,0.0,0.0,0.0,0.0,0.0,0.0,0.0,1.0,0.0,1.0,0.0,0.0,0.0,0.0,0.0,1.0,1.0
53,41115.08,3378.2566,100.0,31.420128,3.0,7.0,12.0,1.0,15.0,19.0,1.92,4.0,393.39,24.54178,76.15865,480.2469,0,0,0,0,0,0,0,1,0,0,0.0,0.0,0.0,0.0,0.0,0.0,0.0,0.0,0.0,0.0,0.0,1.0,0.0,0.0,0.0,0.0,0.0,1.0,1.0,0.0,0.0,1.0,0.0,0.0,0.0,0.0,1.0
24,11866.345,984.86206,101.0,8.36799,7.0,7.0,20.0,1.0,17.0,19.0,17.73,6.0,276.34,35.818527,50.520435,329.59778,0,1,0,0,0,0,0,0,0,0,0.0,0.0,0.0,0.0,0.0,1.0,0.0,0.0,0.0,0.0,0.0,0.0,0.0,0.0,0.0,0.0,0.0,1.0,0.0,1.0,0.0,0.0,0.0,0.0,0.0,1.0,1.0
23,14856.35,1473.0292,104.0,6.5247574,4.0,2.0,10.0,1.0,14.0,7.0,9.9,1.0,1456.25,26.331905,34.611618,356.16653,0,0,0,1,0,0,0,0,0,0,0.0,0.0,0.0,0.0,0.0,0.0,0.0,0.0,0.0,0.0,0.0,0.0,1.0,0.0,0.0,0.0,1.0,0.0,1.0,0.0,0.0,1.0,0.0,0.0,0.0,0.0,2.0
21,64662.04,5532.5034,104.0,83.842186,1.0,2.0,2.0,3.0,8.0,9.0,2.41,4.0,1376.25,42.45616,223.59743,495.81073,0,0,0,0,1,0,1,0,0,0,0.0,0.0,0.0,0.0,0.0,0.0,0.0,0.0,0.0,0.0,0.0,1.0,0.0,0.0,0.0,0.0,1.0,0.0,1.0,0.0,0.0,1.0,0.0,0.0,0.0,0.0,2.0
24,50885.37,4452.4473,44.0,273.98984,10.0,10.0,31.0,7.0,26.0,24.0,5.75,12.0,1919.77,26.733711,350.22217,91.03274,1,1,1,0,1,0,0,1,1,0,0.0,0.0,0.0,0.0,0.0,0.0,1.0,0.0,0.0,0.0,0.0,0.0,0.0,0.0,0.0,1.0,0.0,0.0,0.0,1.0,0.0,0.0,0.0,1.0,0.0,0.0,0.0
20,40702.96,3536.9133,28.0,110.19786,6.0,6.0,32.0,5.0,36.0,23.0,26.82,10.0,2667.87,37.309555,100.31075,423.1827,0,1,1,0,0,0,0,0,0,1,0.0,0.0,0.0,0.0,1.0,0.0,0.0,0.0,0.0,0.0,0.0,0.0,0.0,0.0,0.0,1.0,0.0,0.0,0.0,1.0,0.0,0.0,0.0,0.0,1.0,0.0,1.0
49,29416.29,2151.3574,105.0,93.32744,4.0,5.0,5.0,4.0,9.0,9.0,0.97,2.0,905.18,28.444008,247.1505,164.65782,0,0,1,1,0,0,1,0,0,0,0.0,0.0,0.0,0.0,0.0,0.0,0.0,0.0,1.0,0.0,0.0,0.0,0.0,0.0,0.0,0.0,1.0,0.0,1.0,0.0,0.0,0.0,0.0,0.0,0.0,1.0,0.0
41,83079.72,6734.31,62.0,170.36409,6.0,3.0,5.0,3.0,8.0,13.0,15.96,11.0,780.22,32.920322,124.10701,618.9599,0,0,0,1,0,0,0,1,0,1,0.0,0.0,0.0,0.0,0.0,0.0,1.0,0.0,0.0,0.0,0.0,0.0,0.0,0.0,0.0,0.0,0.0,1.0,0.0,1.0,1.0,0.0,0.0,0.0,0.0,0.0,1.0
33,21205.72,1556.1433,114.0,20.007887,3.0,5.0,10.0,2.0,9.0,13.0,2.55,1.0,327.83,24.809452,152.18036,273.4261,0,1,0,0,0,0,0,0,0,1,0.0,0.0,0.0,0.0,0.0,0.0,0.0,0.0,0.0,0.0,0.0,0.0,0.0,1.0,0.0,0.0,1.0,0.0,1.0,0.0,0.0,0.0,0.0,0.0,0.0,1.0,2.0
34,22252.63,1826.3859,129.0,28.043913,8.0,6.0,8.0,2.0,20.0,14.0,17.3,6.0,358.36,28.004976,54.579803,350.01486,1,0,0,0,1,0,0,0,0,0,0.0,1.0,0.0,0.0,0.0,0.0,0.0,0.0,0.0,0.0,0.0,0.0,0.0,0.0,0.0,0.0,0.0,1.0,0.0,1.0,0.0,1.0,0.0,0.0,0.0,0.0,1.0
52,11855.82,943.985,76.0,5.7114167,6.0,6.0,17.0,1.0,9.0,10.0,7.89,1.0,735.37,26.447926,95.10735,283.57974,0,0,0,0,0,0,1,0,0,0,0.0,0.0,0.0,0.0,0.0,0.0,0.0,0.0,0.0,1.0,0.0,0.0,0.0,0.0,0.0,0.0,0.0,1.0,0.0,1.0,0.0,0.0,0.0,0.0,0.0,1.0,0.0
47,70164.9,5975.075,89.0,0.0,5.0,5.0,13.0,0.0,32.0,18.0,11.21,6.0,1471.3,34.569836,503.88263,373.62488,0,0,0,0,0,1,0,0,0,0,0.0,0.0,0.0,0.0,1.0,0.0,0.0,0.0,0.0,0.0,0.0,0.0,0.0,0.0,0.0,0.0,0.0,1.0,0.0,1.0,0.0,0.0,0.0,0.0,1.0,0.0,1.0
17,60860.1,4803.675,48.0,94.246666,8.0,6.0,30.0,2.0,5.0,12.0,17.09,8.0,2635.35,41.411907,56.583572,569.5373,0,0,0,0,1,0,1,0,0,0,0.0,1.0,0.0,0.0,0.0,0.0,0.0,0.0,0.0,0.0,0.0,0.0,0.0,0.0,0.0,0.0,0.0,1.0,0.0,1.0,1.0,0.0,0.0,0.0,0.0,0.0,0.0
34,17116.55,1722.3792,81.0,56.71596,7.0,8.0,17.0,7.0,26.0,20.0,3.9,14.0,1342.04,26.588385,135.4584,270.06354,0,1,0,1,0,0,0,1,1,0,0.0,0.0,0.0,0.0,0.0,0.0,0.0,0.0,0.0,0.0,0.0,0.0,0.0,0.0,1.0,1.0,0.0,0.0,0.0,1.0,0.0,0.0,0.0,0.0,0.0,1.0,0.0
43,30547.98,2353.665,97.0,55.52453,7.0,3.0,5.0,3.0,7.0,19.0,2.54,4.0,687.69,28.405468,129.28603,310.55594,0,0,0,0,0,0,0,1,1,0,0.0,0.0,0.0,0.0,0.0,1.0,0.0,0.0,0.0,0.0,0.0,0.0,0.0,0.0,0.0,0.0,0.0,1.0,0.0,1.0,0.0,0.0,1.0,0.0,0.0,0.0,1.0
33,30411.89,2671.3242,80.0,23.454708,1.0,7.0,3.0,1.0,13.0,1.0,7.97,2.0,509.8,30.56291,156.74937,346.92834,0,0,1,0,0,0,0,0,0,0,0.0,0.0,0.0,0.0,0.0,1.0,0.0,0.0,0.0,0.0,0.0,0.0,0.0,0.0,0.0,0.0,1.0,0.0,1.0,0.0,0.0,0.0,1.0,0.0,0.0,0.0,2.0
53,30635.16,2658.93,70.0,0.0,3.0,7.0,4.0,0.0,7.0,8.0,11.42,2.0,675.52,32.91315,248.6374,287.25558,0,0,0,0,0,1,0,0,0,0,0.0,0.0,1.0,0.0,0.0,0.0,0.0,0.0,0.0,0.0,0.0,0.0,0.0,0.0,0.0,0.0,1.0,0.0,1.0,0.0,0.0,0.0,0.0,1.0,0.0,0.0,1.0
28,39831.1,3454.2583,112.0,25.798023,1.0,2.0,6.0,1.0,12.0,12.0,13.08,4.0,1.2,24.518263,204.85905,374.76874,0,0,0,1,0,0,0,0,0,0,0.0,1.0,0.0,0.0,0.0,0.0,0.0,0.0,0.0,0.0,0.0,0.0,0.0,0.0,0.0,0.0,1.0,0.0,1.0,0.0,0.0,0.0,1.0,0.0,0.0,0.0,2.0
25,17682.71,1599.5592,44.0,23.598616,6.0,4.0,14.0,2.0,28.0,13.0,9.66,4.0,1494.0,28.288334,50.19185,366.16547,0,0,0,1,0,0,0,0,0,0,0.0,0.0,0.0,0.0,1.0,0.0,0.0,0.0,0.0,0.0,0.0,0.0,0.0,0.0,0.0,0.0,0.0,1.0,0.0,1.0,0.0,0.0,0.0,0.0,1.0,0.0,1.0
26,24482.38,2242.1982,108.0,15.625748,6.0,4.0,9.0,1.0,25.0,20.0,8.31,8.0,725.13,24.202568,119.799545,348.79453,0,0,0,0,0,0,0,0,0,1,0.0,0.0,0.0,0.0,0.0,0.0,0.0,0.0,0.0,0.0,0.0,0.0,1.0,0.0,0.0,0.0,0.0,1.0,0.0,1.0,0.0,0.0,1.0,0.0,0.0,0.0,0.0
42,43581.71,3679.809,69.0,141.26016,0.0,4.0,8.0,4.0,0.0,12.0,3.46,2.0,110.71,31.938631,460.07062,56.65014,0,0,0,0,1,0,1,0,0,1,0.0,0.0,0.0,0.0,0.0,0.0,0.0,0.0,0.0,1.0,0.0,0.0,0.0,0.0,0.0,0.0,1.0,0.0,1.0,0.0,0.0,0.0,0.0,0.0,0.0,1.0,0.0
32,20618.07,1434.1725,53.0,48.45413,9.0,7.0,27.0,5.0,35.0,15.0,9.76,12.0,1424.45,25.801357,78.432556,306.53055,0,0,1,0,0,0,0,1,0,1,0.0,0.0,0.0,0.0,0.0,1.0,0.0,0.0,0.0,0.0,0.0,0.0,0.0,0.0,0.0,1.0,0.0,0.0,0.0,1.0,0.0,0.0,0.0,0.0,0.0,1.0,0.0
54,29822.12,2223.1768,114.0,77.9729,4.0,4.0,7.0,4.0,25.0,8.0,11.9,4.0,21.07,34.424557,77.068375,317.2764,0,0,1,0,1,0,0,1,0,0,0.0,0.0,1.0,0.0,0.0,0.0,0.0,0.0,0.0,0.0,0.0,0.0,0.0,0.0,0.0,0.0,0.0,1.0,1.0,0.0,0.0,1.0,0.0,0.0,0.0,0.0,1.0
35,10977.79,1110.8158,97.0,0.0,6.0,3.0,15.0,0.0,10.0,14.0,18.07,4.0,1457.57,37.379135,54.942493,346.1391,0,0,0,0,0,1,0,0,0,0,0.0,0.0,0.0,0.0,0.0,0.0,0.0,0.0,0.0,0.0,0.0,0.0,1.0,0.0,0.0,0.0,0.0,1.0,0.0,1.0,0.0,0.0,0.0,0.0,0.0,1.0,1.0
37,12062.27,1195.1892,83.0,21.408735,4.0,3.0,13.0,3.0,11.0,14.0,9.79,5.0,1334.81,32.643604,104.358246,283.75192,0,1,0,0,0,0,0,1,0,1,1.0,0.0,0.0,0.0,0.0,0.0,0.0,0.0,0.0,0.0,0.0,0.0,0.0,0.0,0.0,0.0,0.0,1.0,0.0,1.0,0.0,0.0,0.0,0.0,0.0,1.0,1.0
45,17770.795,1447.8995,81.0,35.83161,7.0,7.0,6.0,4.0,26.0,16.0,11.04,0.0,429.74,29.037792,110.216034,288.7423,1,0,0,0,0,0,1,0,1,1,0.0,0.0,0.0,0.0,0.0,0.0,0.0,0.0,1.0,0.0,0.0,0.0,0.0,0.0,0.0,0.0,0.0,1.0,0.0,1.0,0.0,0.0,0.0,0.0,0.0,1.0,1.0
44,72524.2,6005.683,71.0,241.11316,8.0,4.0,6.0,5.0,10.0,16.0,7.04,10.0,1032.63,31.123165,318.99615,330.459,1,1,0,1,1,0,0,1,0,0,0.0,0.0,0.0,0.0,0.0,0.0,0.0,0.0,0.0,1.0,0.0,0.0,0.0,0.0,0.0,0.0,0.0,1.0,0.0,1.0,0.0,0.0,0.0,0.0,0.0,1.0,1.0
27,12525.745,1004.8121,70.0,28.080673,8.0,7.0,11.0,4.0,19.0,19.0,19.18,7.0,845.79,34.328312,80.43314,281.9674,0,1,1,0,0,0,1,0,0,0,0.0,0.0,0.0,1.0,0.0,0.0,0.0,0.0,0.0,0.0,0.0,0.0,0.0,0.0,0.0,0.0,0.0,1.0,0.0,1.0,0.0,0.0,0.0,0.0,0.0,1.0,1.0
30,52595.46,4532.955,80.0,244.39703,9.0,7.0,28.0,6.0,41.0,12.0,13.8,13.0,1394.29,35.437702,130.79814,338.10034,1,1,1,0,0,0,0,1,1,0,0.0,0.0,0.0,0.0,0.0,0.0,0.0,0.0,0.0,1.0,0.0,0.0,0.0,0.0,0.0,0.0,0.0,1.0,0.0,1.0,0.0,0.0,1.0,0.0,0.0,0.0,0.0
19,33189.02,2951.7517,93.0,63.71642,7.0,3.0,19.0,3.0,19.0,12.0,10.08,3.0,209.88,34.002148,35.64148,435.81726,0,0,0,0,1,0,0,1,1,0,0.0,0.0,0.0,0.0,0.0,1.0,0.0,0.0,0.0,0.0,0.0,0.0,0.0,0.0,0.0,0.0,0.0,1.0,0.0,1.0,1.0,0.0,0.0,0.0,0.0,0.0,2.0
26,18327.97,1276.3308,78.0,23.82311,10.0,5.0,34.0,3.0,49.0,9.0,13.63,12.0,2358.32,24.803719,116.2615,257.5485,0,0,0,1,0,0,0,0,1,0,0.0,0.0,0.0,0.0,0.0,0.0,0.0,0.0,1.0,0.0,0.0,0.0,0.0,0.0,0.0,0.0,0.0,1.0,0.0,1.0,0.0,0.0,0.0,1.0,0.0,0.0,0.0
37,32631.54,2765.295,107.0,0.0,0.0,1.0,7.0,0.0,11.0,4.0,7.63,0.0,1013.79,30.402126,208.39832,338.13116,0,0,0,0,0,1,0,0,0,0,0.0,0.0,0.0,0.0,0.0,0.0,0.0,0.0,1.0,0.0,0.0,0.0,0.0,0.0,0.0,0.0,1.0,0.0,1.0,0.0,0.0,0.0,0.0,1.0,0.0,0.0,2.0
25,9622.625,905.88544,47.0,29.799562,5.0,5.0,16.0,5.0,8.0,10.0,23.07,5.0,1836.2,22.751041,42.34797,288.441,0,1,0,0,1,0,1,1,0,1,0.0,0.0,0.0,0.0,0.0,0.0,0.0,0.0,0.0,0.0,0.0,0.0,0.0,1.0,0.0,0.0,0.0,1.0,0.0,1.0,0.0,0.0,0.0,1.0,0.0,0.0,1.0
29,18354.805,1457.5671,77.0,13.915906,0.0,3.0,8.0,1.0,24.0,7.0,5.85,4.0,863.63,25.720055,67.84391,343.9969,0,0,0,0,0,0,0,0,1,0,0.0,0.0,0.0,0.0,1.0,0.0,0.0,0.0,0.0,0.0,0.0,0.0,0.0,0.0,0.0,0.0,1.0,0.0,1.0,0.0,0.0,0.0,0.0,0.0,1.0,0.0,0.0
51,22336.27,1776.3558,121.0,70.47109,4.0,4.0,6.0,4.0,13.0,6.0,8.43,3.0,506.06,30.28557,165.2336,231.9309,1,0,1,0,0,0,0,0,1,0,0.0,0.0,0.0,0.0,0.0,1.0,0.0,0.0,0.0,0.0,0.0,0.0,0.0,0.0,0.0,0.0,1.0,0.0,1.0,0.0,0.0,0.0,0.0,0.0,0.0,1.0,1.0
43,30710.59,2830.2158,82.0,24.599003,0.0,7.0,8.0,1.0,10.0,13.0,0.76,1.0,1211.61,34.506386,167.23659,371.186,0,0,0,0,0,0,1,0,0,0,0.0,0.0,0.0,1.0,0.0,0.0,0.0,0.0,0.0,0.0,0.0,0.0,0.0,0.0,0.0,0.0,1.0,0.0,1.0,0.0,0.0,0.0,0.0,0.0,1.0,0.0,0.0
31,40984.4,3655.3667,95.0,56.966457,3.0,5.0,7.0,2.0,25.0,7.0,9.0,4.0,292.09,37.33922,298.47717,300.09302,0,0,0,0,0,0,0,1,1,0,0.0,0.0,0.0,0.0,0.0,0.0,0.0,1.0,0.0,0.0,0.0,0.0,0.0,0.0,0.0,0.0,1.0,0.0,1.0,0.0,0.0,0.0,0.0,0.0,0.0,1.0,0.0
23,51824.94,4417.745,37.0,257.65945,6.0,7.0,26.0,8.0,38.0,22.0,0.63,8.0,2958.02,26.84507,258.28464,185.8304,0,0,1,1,1,0,0,1,0,1,0.0,0.0,0.0,0.0,0.0,0.0,0.0,0.0,0.0,1.0,0.0,0.0,0.0,0.0,0.0,1.0,0.0,0.0,0.0,1.0,0.0,0.0,1.0,0.0,0.0,0.0,0.0
34,42585.4,3280.7834,108.0,0.0,0.0,7.0,6.0,0.0,0.0,7.0,0.92,3.0,1076.7,38.52388,51.553284,516.525,0,0,0,0,0,1,0,0,0,0,0.0,0.0,0.0,0.0,0.0,0.0,0.0,0.0,0.0,0.0,0.0,0.0,1.0,0.0,0.0,0.0,1.0,0.0,1.0,0.0,1.0,0.0,0.0,0.0,0.0,0.0,1.0
33,28108.17,2591.3474,63.0,57.181988,3.0,4.0,18.0,4.0,30.0,12.0,12.9,7.0,597.44,34.660942,155.77776,316.175,1,1,0,0,0,0,0,0,0,0,0.0,0.0,0.0,0.0,0.0,0.0,0.0,0.0,0.0,0.0,0.0,0.0,0.0,1.0,0.0,0.0,0.0,1.0,0.0,1.0,0.0,0.0,0.0,1.0,0.0,0.0,1.0
22,17570.26,1352.6875,61.0,149.64145,6.0,5.0,31.0,5.0,32.0,21.0,20.25,8.0,3150.5,26.121569,90.23879,277.23944,0,1,0,0,0,0,0,0,1,1,0.0,0.0,0.0,0.0,0.0,0.0,0.0,0.0,0.0,0.0,0.0,0.0,0.0,1.0,0.0,1.0,0.0,0.0,0.0,1.0,0.0,0.0,0.0,0.0,0.0,1.0,1.0
17,20341.77,1604.1475,78.0,31.266619,8.0,4.0,22.0,2.0,10.0,18.0,10.85,7.0,1982.38,37.56303,185.73209,333.78662,0,1,0,0,0,0,0,1,0,0,0.0,0.0,0.0,0.0,1.0,0.0,0.0,0.0,0.0,0.0,0.0,0.0,0.0,0.0,0.0,0.0,0.0,1.0,0.0,1.0,0.0,0.0,1.0,0.0,0.0,0.0,0.0
20,43430.88,3418.24,74.0,20.440817,6.0,4.0,12.0,1.0,20.0,16.0,8.54,4.0,1288.94,33.059223,79.712296,491.67087,0,0,0,0,0,0,1,0,0,0,0.0,0.0,0.0,0.0,0.0,0.0,0.0,0.0,1.0,0.0,0.0,0.0,0.0,0.0,0.0,0.0,0.0,1.0,1.0,0.0,0.0,1.0,0.0,0.0,0.0,0.0,1.0
38,11333.42,840.45166,97.0,18.315659,7.0,6.0,17.0,2.0,11.0,10.0,12.18,7.0,125.01,34.360508,36.268703,299.46082,0,0,0,0,1,0,0,0,0,0,0.0,1.0,0.0,0.0,0.0,0.0,0.0,0.0,0.0,0.0,0.0,0.0,0.0,0.0,0.0,0.0,0.0,1.0,0.0,1.0,0.0,0.0,0.0,1.0,0.0,0.0,2.0
23,44006.56,3432.2134,87.0,36.80825,3.0,3.0,7.0,2.0,2.0,0.0,3.96,3.0,186.6,38.482395,154.78964,441.62344,0,0,0,0,0,0,0,1,0,1,0.0,0.0,0.0,0.0,0.0,0.0,0.0,0.0,0.0,0.0,0.0,1.0,0.0,0.0,0.0,0.0,1.0,0.0,1.0,0.0,0.0,0.0,0.0,0.0,0.0,1.0,1.0
39,9436.415,550.3679,18.0,41.322765,7.0,9.0,28.0,8.0,14.0,14.0,18.59,7.0,3073.02,24.479073,64.15285,239.56117,0,1,1,1,1,0,0,0,0,1,0.0,0.0,0.0,0.0,0.0,0.0,0.0,0.0,0.0,0.0,0.0,0.0,0.0,1.0,0.0,1.0,0.0,0.0,0.0,1.0,0.0,0.0,0.0,0.0,0.0,1.0,1.0
45,71367.5,5860.2915,96.0,0.0,5.0,4.0,17.0,0.0,20.0,9.0,0.81,3.0,363.59,41.259552,226.66867,609.3605,0,0,0,0,0,1,0,0,0,0,0.0,0.0,1.0,0.0,0.0,0.0,0.0,0.0,0.0,0.0,0.0,0.0,0.0,0.0,0.0,0.0,0.0,1.0,0.0,1.0,0.0,1.0,0.0,0.0,0.0,0.0,1.0
27,55593.99,4874.8325,76.0,269.03323,7.0,6.0,30.0,6.0,18.0,21.0,16.09,11.0,1314.25,35.18997,369.11435,139.33568,1,0,1,1,0,0,0,1,0,1,0.0,0.0,1.0,0.0,0.0,0.0,0.0,0.0,0.0,0.0,0.0,0.0,0.0,0.0,0.0,0.0,0.0,1.0,0.0,1.0,0.0,0.0,0.0,0.0,0.0,1.0,0.0
36,35648.94,2742.745,87.0,53.92626,7.0,3.0,7.0,2.0,15.0,10.0,10.34,3.0,1053.3,31.648788,166.55411,343.79413,0,0,0,1,0,0,1,0,0,0,0.0,0.0,0.0,0.0,0.0,0.0,0.0,0.0,1.0,0.0,0.0,0.0,0.0,0.0,0.0,0.0,0.0,1.0,1.0,0.0,0.0,0.0,0.0,0.0,0.0,1.0,1.0
25,15936.77,1164.0642,48.0,53.92352,6.0,8.0,24.0,7.0,52.0,21.0,24.18,11.0,2934.27,32.452194,64.894966,300.9238,0,1,0,1,1,0,0,1,0,1,0.0,1.0,0.0,0.0,0.0,0.0,0.0,0.0,0.0,0.0,0.0,0.0,0.0,0.0,0.0,1.0,0.0,0.0,0.0,1.0,0.0,0.0,0.0,0.0,1.0,0.0,1.0
49,15488.885,1273.7404,107.0,0.0,0.0,4.0,4.0,0.0,1.0,0.0,1.38,4.0,1287.59,30.801079,97.70545,319.66858,0,0,0,0,0,1,0,0,0,0,0.0,0.0,0.0,1.0,0.0,0.0,0.0,0.0,0.0,0.0,0.0,0.0,0.0,0.0,0.0,0.0,1.0,0.0,1.0,0.0,0.0,0.0,0.0,0.0,0.0,1.0,1.0
21,9831.865,557.3221,86.0,55.417854,8.0,10.0,22.0,7.0,15.0,19.0,10.72,7.0,1804.5,26.974586,21.53241,238.78195,1,1,0,1,0,0,1,0,1,1,0.0,0.0,0.0,1.0,0.0,0.0,0.0,0.0,0.0,0.0,0.0,0.0,0.0,0.0,0.0,1.0,0.0,0.0,0.0,1.0,0.0,0.0,1.0,0.0,0.0,0.0,0.0
21,29180.37,2409.6975,132.0,43.769337,4.0,4.0,4.0,2.0,28.0,19.0,1.14,2.0,363.07,29.00765,38.43321,398.7672,0,0,0,0,1,0,0,0,1,0,0.0,0.0,0.0,1.0,0.0,0.0,0.0,0.0,0.0,0.0,0.0,0.0,0.0,0.0,0.0,0.0,1.0,0.0,1.0,0.0,1.0,0.0,0.0,0.0,0.0,0.0,2.0
19,37404.67,3344.056,133.0,25.520605,0.0,5.0,1.0,1.0,14.0,6.0,-2.91,6.0,1292.8,29.01256,171.14537,407.7396,0,0,0,0,0,0,0,0,1,0,0.0,0.0,0.0,1.0,0.0,0.0,0.0,0.0,0.0,0.0,0.0,0.0,0.0,0.0,0.0,0.0,1.0,0.0,1.0,0.0,0.0,0.0,0.0,1.0,0.0,0.0,1.0
31,75988.68,6419.39,134.0,162.19908,0.0,3.0,9.0,4.0,17.0,3.0,4.26,1.0,1241.25,23.548328,329.21384,410.52606,1,0,0,0,0,0,0,0,1,1,0.0,0.0,0.0,0.0,0.0,0.0,0.0,1.0,0.0,0.0,0.0,0.0,0.0,0.0,0.0,0.0,1.0,0.0,1.0,0.0,0.0,0.0,1.0,0.0,0.0,0.0,1.0
32,57396.72,5074.06,98.0,61.010025,3.0,3.0,13.0,2.0,5.0,9.0,11.8,0.0,351.72,39.965885,47.25572,639.14026,0,0,0,0,1,0,0,0,1,0,0.0,0.0,0.0,0.0,0.0,0.0,0.0,0.0,1.0,0.0,0.0,0.0,0.0,0.0,0.0,0.0,0.0,1.0,1.0,0.0,1.0,0.0,0.0,0.0,0.0,0.0,1.0
23,61224.33,4862.0273,74.0,38.30981,4.0,5.0,12.0,1.0,24.0,9.0,12.65,5.0,707.43,37.439217,258.26202,479.63092,0,0,0,1,0,0,0,0,0,0,0.0,0.0,0.0,0.0,0.0,0.0,0.0,0.0,0.0,0.0,0.0,0.0,0.0,0.0,1.0,0.0,0.0,1.0,0.0,1.0,0.0,0.0,0.0,0.0,0.0,1.0,1.0
31,67854.3,5573.525,128.0,0.0,3.0,7.0,7.0,0.0,13.0,9.0,3.38,9.0,586.09,25.706203,250.96315,596.38934,0,0,0,0,0,1,0,0,0,0,0.0,0.0,0.0,0.0,0.0,1.0,0.0,0.0,0.0,0.0,0.0,0.0,0.0,0.0,0.0,0.0,1.0,0.0,1.0,0.0,0.0,0.0,0.0,0.0,0.0,1.0,2.0
41,58871.28,5042.94,139.0,167.07658,4.0,3.0,9.0,4.0,1.0,10.0,9.73,4.0,1465.8,30.518969,156.51486,450.70255,0,1,0,0,1,0,0,1,0,0,0.0,0.0,0.0,0.0,0.0,0.0,0.0,0.0,0.0,1.0,0.0,0.0,0.0,0.0,0.0,0.0,1.0,0.0,1.0,0.0,0.0,0.0,0.0,1.0,0.0,0.0,2.0
26,24858.67,1977.5558,69.0,35.193363,8.0,6.0,11.0,2.0,26.0,16.0,2.99,4.0,585.59,28.396715,109.85985,342.70236,0,0,0,0,1,0,0,0,0,0,0.0,0.0,0.0,0.0,0.0,1.0,0.0,0.0,0.0,0.0,0.0,0.0,0.0,0.0,0.0,0.0,1.0,0.0,1.0,0.0,0.0,0.0,0.0,0.0,0.0,1.0,2.0
22,55732.68,4903.39,47.0,208.27202,8.0,8.0,27.0,5.0,14.0,6.0,8.35,14.0,2536.84,30.859005,111.849556,420.21744,0,1,0,1,0,0,1,0,1,0,1.0,0.0,0.0,0.0,0.0,0.0,0.0,0.0,0.0,0.0,0.0,0.0,0.0,0.0,0.0,0.0,0.0,1.0,0.0,1.0,0.0,1.0,0.0,0.0,0.0,0.0,0.0
43,33797.0,2909.4167,96.0,39.775658,2.0,3.0,4.0,2.0,5.0,13.0,3.61,0.0,469.99,32.978672,289.01035,252.15565,1,0,0,0,0,0,0,0,1,0,1.0,0.0,0.0,0.0,0.0,0.0,0.0,0.0,0.0,0.0,0.0,0.0,0.0,0.0,0.0,0.0,1.0,0.0,1.0,0.0,0.0,0.0,0.0,0.0,0.0,1.0,1.0
19,14455.15,912.5958,58.0,0.0,6.0,5.0,19.0,0.0,6.0,16.0,10.56,4.0,1028.5,24.541496,77.55365,303.70593,0,0,0,0,0,1,0,0,0,0,0.0,0.0,0.0,0.0,1.0,0.0,0.0,0.0,0.0,0.0,0.0,0.0,0.0,0.0,0.0,0.0,0.0,1.0,0.0,1.0,0.0,0.0,0.0,0.0,0.0,1.0,1.0
48,60595.11,5106.5923,71.0,79.49363,8.0,4.0,5.0,2.0,21.0,16.0,8.23,7.0,412.1,34.454117,104.66254,576.50305,1,0,0,0,0,0,0,1,0,0,0.0,0.0,0.0,0.0,0.0,0.0,0.0,0.0,0.0,0.0,1.0,0.0,0.0,0.0,0.0,0.0,0.0,1.0,1.0,0.0,0.0,1.0,0.0,0.0,0.0,0.0,1.0
45,88380.16,7471.013,107.0,129.7237,7.0,7.0,19.0,3.0,11.0,19.0,8.7,5.0,124.29,28.666027,378.6613,518.7164,0,1,0,1,0,0,0,0,0,1,1.0,0.0,0.0,0.0,0.0,0.0,0.0,0.0,0.0,0.0,0.0,0.0,0.0,0.0,0.0,0.0,0.0,1.0,0.0,1.0,0.0,0.0,0.0,0.0,1.0,0.0,1.0
40,98197.74,8005.145,100.0,138.54198,5.0,6.0,6.0,3.0,30.0,8.0,9.09,7.0,627.5,40.122967,265.38333,646.5892,0,0,0,0,1,0,0,1,0,1,1.0,0.0,0.0,0.0,0.0,0.0,0.0,0.0,0.0,0.0,0.0,0.0,0.0,0.0,0.0,0.0,0.0,1.0,1.0,0.0,0.0,1.0,0.0,0.0,0.0,0.0,1.0
43,16524.395,1645.033,105.0,44.23686,5.0,5.0,20.0,4.0,26.0,17.0,17.65,3.0,988.27,36.060444,33.669537,336.5969,1,0,1,0,1,0,0,0,0,0,0.0,0.0,0.0,0.0,0.0,0.0,0.0,0.0,1.0,0.0,0.0,0.0,0.0,0.0,0.0,0.0,0.0,1.0,1.0,0.0,0.0,1.0,0.0,0.0,0.0,0.0,2.0
49,28101.46,2173.4639,113.0,268.268,5.0,7.0,8.0,3.0,28.0,8.0,1.85,4.0,454.67,23.607891,97.06142,242.92108,0,1,1,0,0,0,0,0,0,1,0.0,0.0,0.0,0.0,0.0,0.0,0.0,0.0,0.0,0.0,0.0,0.0,1.0,0.0,0.0,0.0,0.0,1.0,1.0,0.0,0.0,0.0,0.0,0.0,0.0,1.0,2.0
34,38027.68,3214.9734,104.0,99.32828,5.0,6.0,10.0,4.0,13.0,8.0,15.04,4.0,286.94,35.15874,206.81187,285.35718,1,0,1,1,0,0,0,0,0,0,1.0,0.0,0.0,0.0,0.0,0.0,0.0,0.0,0.0,0.0,0.0,0.0,0.0,0.0,0.0,0.0,0.0,1.0,0.0,1.0,0.0,0.0,0.0,1.0,0.0,0.0,1.0
42,18942.006,1349.5004,75.0,14.040811,1.0,3.0,10.0,1.0,15.0,12.0,8.88,2.0,156.54,35.12213,141.69998,269.20926,0,1,0,0,0,0,0,0,0,0,0.0,0.0,0.0,0.0,0.0,0.0,0.0,0.0,0.0,0.0,0.0,1.0,0.0,0.0,0.0,0.0,1.0,0.0,1.0,0.0,0.0,0.0,0.0,0.0,1.0,0.0,0.0
22,37467.18,2920.265,31.0,117.33565,6.0,7.0,34.0,6.0,32.0,23.0,6.34,8.0,2607.0,25.411043,180.14853,284.54233,1,0,0,0,0,0,0,1,1,1,1.0,0.0,0.0,0.0,0.0,0.0,0.0,0.0,0.0,0.0,0.0,0.0,0.0,0.0,0.0,1.0,0.0,0.0,0.0,1.0,0.0,0.0,0.0,0.0,0.0,1.0,0.0
33,37824.65,3208.0542,111.0,67.561844,5.0,2.0,3.0,3.0,6.0,8.0,2.78,3.0,69.84,27.490763,152.81471,360.42886,0,1,0,0,0,0,1,0,1,0,0.0,0.0,0.0,1.0,0.0,0.0,0.0,0.0,0.0,0.0,0.0,0.0,0.0,0.0,0.0,0.0,1.0,0.0,1.0,0.0,0.0,0.0,1.0,0.0,0.0,0.0,2.0
51,97694.32,8153.1934,93.0,247.83325,5.0,5.0,10.0,4.0,21.0,10.0,8.46,2.0,915.32,31.491854,121.68043,695.80566,0,0,0,0,0,0,0,1,1,0,0.0,0.0,0.0,0.0,1.0,0.0,0.0,0.0,0.0,0.0,0.0,0.0,0.0,0.0,0.0,0.0,0.0,1.0,0.0,1.0,0.0,1.0,0.0,0.0,0.0,0.0,1.0
19,11436.15,933.0125,76.0,23.05958,4.0,7.0,14.0,4.0,12.0,10.0,17.33,4.0,339.47,33.5517,35.184574,315.0571,0,0,0,0,1,0,1,1,0,0,0.0,0.0,0.0,0.0,0.0,0.0,0.0,0.0,1.0,0.0,0.0,0.0,0.0,0.0,0.0,0.0,0.0,1.0,0.0,1.0,0.0,0.0,0.0,0.0,1.0,0.0,1.0
45,44258.1,3867.175,129.0,23.661055,2.0,6.0,11.0,1.0,10.0,1.0,3.64,2.0,345.23,38.872463,140.74834,472.3081,0,0,1,0,0,0,0,0,0,0,0.0,0.0,0.0,0.0,0.0,0.0,0.0,0.0,0.0,0.0,0.0,0.0,1.0,0.0,0.0,0.0,1.0,0.0,1.0,0.0,0.0,1.0,0.0,0.0,0.0,0.0,2.0
38,61141.24,5253.1035,31.0,285.3808,6.0,8.0,26.0,8.0,30.0,17.0,19.99,9.0,2667.09,35.04208,169.01953,330.91,1,1,1,1,0,0,0,0,0,1,0.0,0.0,0.0,0.0,0.0,0.0,0.0,0.0,1.0,0.0,0.0,0.0,0.0,0.0,0.0,1.0,0.0,0.0,0.0,1.0,0.0,0.0,1.0,0.0,0.0,0.0,1.0
29,60417.68,5237.8066,133.0,27.460926,5.0,4.0,18.0,1.0,17.0,9.0,6.3,4.0,1010.73,33.76864,142.89848,603.42126,0,1,0,0,0,0,0,0,0,0,0.0,0.0,1.0,0.0,0.0,0.0,0.0,0.0,0.0,0.0,0.0,0.0,0.0,0.0,0.0,0.0,0.0,1.0,1.0,0.0,0.0,1.0,0.0,0.0,0.0,0.0,1.0
51,44595.18,3632.265,86.0,24.35689,3.0,3.0,10.0,1.0,14.0,7.0,8.22,0.0,795.49,41.951916,217.032,411.83762,0,0,1,0,0,0,0,0,0,0,0.0,0.0,0.0,0.0,0.0,0.0,0.0,0.0,0.0,0.0,0.0,1.0,0.0,0.0,0.0,0.0,1.0,0.0,1.0,0.0,0.0,1.0,0.0,0.0,0.0,0.0,0.0
42,14144.48,1206.7067,57.0,47.606163,7.0,9.0,16.0,6.0,25.0,18.0,4.93,17.0,2537.18,29.748074,136.65648,321.26895,1,0,0,1,0,0,1,1,0,0,0.0,0.0,0.0,0.0,0.0,0.0,0.0,0.0,0.0,0.0,0.0,0.0,1.0,0.0,0.0,1.0,0.0,0.0,0.0,1.0,0.0,0.0,0.0,0.0,0.0,1.0,0.0
45,9058.045,643.8371,86.0,28.629528,6.0,9.0,24.0,5.0,33.0,16.0,4.03,9.0,1338.74,37.610413,54.695015,261.05917,0,0,0,0,1,0,1,1,0,0,0.0,0.0,0.0,0.0,0.0,0.0,0.0,0.0,0.0,0.0,0.0,0.0,1.0,0.0,0.0,1.0,0.0,0.0,0.0,1.0,0.0,0.0,0.0,0.0,1.0,0.0,0.0
26,62115.81,5064.3174,43.0,234.92839,3.0,7.0,17.0,5.0,19.0,21.0,14.9,10.0,1724.19,33.40922,213.20526,348.2981,0,1,1,0,0,0,0,1,0,0,0.0,0.0,0.0,0.0,0.0,1.0,0.0,0.0,0.0,0.0,0.0,0.0,0.0,0.0,0.0,0.0,0.0,1.0,0.0,1.0,0.0,0.0,0.0,0.0,0.0,1.0,1.0
27,39870.01,3578.5007,110.0,61.93618,3.0,3.0,5.0,3.0,1.0,0.0,6.72,2.0,812.81,27.553371,59.710663,486.20325,0,0,1,0,1,0,0,0,1,0,0.0,0.0,0.0,0.0,0.0,0.0,0.0,0.0,1.0,0.0,0.0,0.0,0.0,0.0,0.0,0.0,1.0,0.0,1.0,0.0,0.0,0.0,0.0,1.0,0.0,0.0,1.0
20,34253.08,3025.4233,80.0,133.84381,3.0,9.0,25.0,6.0,11.0,12.0,5.66,12.0,1485.7,28.872343,265.19623,183.50227,1,1,0,0,0,0,1,0,0,1,0.0,0.0,0.0,0.0,0.0,0.0,0.0,1.0,0.0,0.0,0.0,0.0,0.0,0.0,0.0,0.0,0.0,1.0,0.0,1.0,0.0,0.0,0.0,0.0,1.0,0.0,0.0
27,9929.235,828.4363,30.0,18.120966,4.0,8.0,23.0,3.0,16.0,18.0,11.5,14.0,2328.08,36.509266,74.96443,260.91592,1,0,0,0,0,0,1,0,0,1,0.0,0.0,0.0,0.0,0.0,0.0,0.0,0.0,0.0,0.0,0.0,1.0,0.0,0.0,0.0,0.0,0.0,1.0,0.0,1.0,0.0,0.0,0.0,0.0,0.0,1.0,0.0
44,37681.01,3164.0842,61.0,0.0,5.0,5.0,11.0,0.0,21.0,9.0,8.08,3.0,189.78,38.049362,95.4581,480.95032,0,0,0,0,0,1,0,0,0,0,0.0,1.0,0.0,0.0,0.0,0.0,0.0,0.0,0.0,0.0,0.0,0.0,0.0,0.0,0.0,0.0,1.0,0.0,1.0,0.0,0.0,0.0,1.0,0.0,0.0,0.0,1.0
21,15150.72,1336.56,26.0,61.454056,7.0,5.0,14.0,6.0,16.0,19.0,0.58,4.0,1672.2,32.80904,128.83348,223.36847,1,1,1,1,0,0,0,1,0,0,0.0,0.0,0.0,0.0,0.0,0.0,0.0,0.0,0.0,1.0,0.0,0.0,0.0,0.0,0.0,0.0,0.0,1.0,0.0,1.0,0.0,0.0,0.0,0.0,1.0,0.0,1.0
40,73948.04,6025.3364,109.0,58.016785,6.0,3.0,13.0,1.0,12.0,12.0,20.59,1.0,359.14,24.966532,45.184322,739.3326,0,0,0,0,0,0,0,1,0,0,1.0,0.0,0.0,0.0,0.0,0.0,0.0,0.0,0.0,0.0,0.0,0.0,0.0,0.0,0.0,0.0,0.0,1.0,0.0,1.0,1.0,0.0,0.0,0.0,0.0,0.0,1.0
37,18350.256,1399.1879,49.0,58.178024,5.0,6.0,19.0,5.0,27.0,18.0,7.75,6.0,505.97,40.0444,135.68169,236.05908,1,0,0,0,1,0,1,0,1,0,0.0,0.0,0.0,0.0,0.0,0.0,0.0,0.0,0.0,0.0,0.0,1.0,0.0,0.0,0.0,0.0,0.0,1.0,0.0,1.0,0.0,0.0,0.0,0.0,0.0,1.0,0.0
25,9978.995,930.58295,17.0,65.1421,8.0,7.0,33.0,9.0,38.0,24.0,24.12,9.0,2749.73,33.09402,89.27031,228.64587,1,0,1,0,1,0,1,0,1,1,0.0,0.0,1.0,0.0,0.0,0.0,0.0,0.0,0.0,0.0,0.0,0.0,0.0,0.0,0.0,1.0,0.0,0.0,0.0,1.0,0.0,0.0,0.0,0.0,0.0,1.0,1.0
18,38992.57,3144.3809,101.0,0.0,3.0,3.0,3.0,0.0,7.0,6.0,4.23,3.0,1059.46,37.18301,199.55746,374.8806,0,0,0,0,0,1,0,0,0,0,0.0,0.0,0.0,0.0,0.0,0.0,0.0,0.0,0.0,0.0,1.0,0.0,0.0,0.0,0.0,0.0,1.0,0.0,1.0,0.0,1.0,0.0,0.0,0.0,0.0,0.0,2.0
34,90403.77,7433.6475,85.0,0.0,4.0,6.0,2.0,0.0,18.0,7.0,0.84,3.0,575.68,31.32324,246.32182,777.0429,0,0,0,0,0,1,0,0,0,0,0.0,0.0,0.0,0.0,0.0,0.0,0.0,1.0,0.0,0.0,0.0,0.0,0.0,0.0,0.0,0.0,1.0,0.0,1.0,0.0,0.0,0.0,0.0,0.0,1.0,0.0,1.0
38,8475.64,794.30334,46.0,12.792123,10.0,10.0,22.0,3.0,48.0,25.0,5.76,11.0,2033.14,37.000034,70.60432,266.0339,0,1,0,0,0,0,0,0,1,0,0.0,0.0,0.0,0.0,0.0,0.0,0.0,0.0,0.0,0.0,0.0,0.0,0.0,1.0,0.0,1.0,0.0,0.0,0.0,1.0,0.0,0.0,0.0,1.0,0.0,0.0,0.0
30,54858.75,4327.5625,80.0,144.29916,7.0,7.0,16.0,5.0,4.0,19.0,11.74,5.0,2229.82,36.640163,170.17654,368.28055,0,0,1,1,1,0,0,0,0,0,0.0,0.0,0.0,0.0,1.0,0.0,0.0,0.0,0.0,0.0,0.0,0.0,0.0,0.0,0.0,0.0,0.0,1.0,0.0,1.0,0.0,1.0,0.0,0.0,0.0,0.0,0.0
36,40174.36,3638.8633,76.0,64.40131,5.0,3.0,12.0,2.0,10.0,20.0,6.32,1.0,539.96,25.582159,294.78046,243.23311,0,1,0,0,0,0,0,0,0,0,0.0,0.0,0.0,1.0,0.0,0.0,0.0,0.0,0.0,0.0,0.0,0.0,0.0,0.0,0.0,0.0,0.0,1.0,0.0,1.0,0.0,0.0,0.0,0.0,1.0,0.0,2.0
36,21454.72,1656.8933,126.0,39.69936,3.0,4.0,5.0,3.0,26.0,10.0,10.36,3.0,990.57,38.651672,44.408463,351.5815,0,0,0,0,1,0,0,1,1,0,0.0,0.0,0.0,0.0,0.0,0.0,0.0,0.0,0.0,0.0,0.0,0.0,0.0,1.0,0.0,0.0,0.0,1.0,0.0,1.0,0.0,0.0,0.0,1.0,0.0,0.0,1.0
44,42311.16,3759.93,113.0,24.883032,5.0,6.0,11.0,1.0,18.0,17.0,12.84,3.0,438.23,24.18593,430.86215,210.24782,0,0,0,0,0,0,0,0,1,0,0.0,0.0,0.0,0.0,0.0,0.0,0.0,1.0,0.0,0.0,0.0,0.0,0.0,0.0,0.0,0.0,0.0,1.0,1.0,0.0,0.0,0.0,0.0,0.0,0.0,1.0,1.0
42,27392.76,2556.73,132.0,42.548515,3.0,3.0,17.0,3.0,20.0,10.0,17.33,10.0,1148.91,28.54409,68.90708,394.2174,0,0,0,0,0,0,1,0,1,0,0.0,0.0,0.0,0.0,1.0,0.0,0.0,0.0,0.0,0.0,0.0,0.0,0.0,0.0,0.0,0.0,0.0,1.0,0.0,1.0,0.0,1.0,0.0,0.0,0.0,0.0,1.0
24,41153.9,3322.4917,110.0,42.985603,5.0,3.0,10.0,2.0,11.0,8.0,8.24,4.0,852.74,39.16427,116.348595,442.91498,0,0,0,0,0,0,0,1,1,0,0.0,0.0,0.0,0.0,0.0,1.0,0.0,0.0,0.0,0.0,0.0,0.0,0.0,0.0,0.0,0.0,1.0,0.0,1.0,0.0,0.0,0.0,0.0,1.0,0.0,0.0,2.0
55,74457.8,6474.817,102.0,41.178967,0.0,4.0,10.0,1.0,1.0,3.0,9.41,4.0,81.9,34.610855,134.3687,721.934,0,0,0,0,0,0,0,1,0,0,0.0,0.0,0.0,0.0,1.0,0.0,0.0,0.0,0.0,0.0,0.0,0.0,0.0,0.0,0.0,0.0,1.0,0.0,1.0,0.0,0.0,1.0,0.0,0.0,0.0,0.0,2.0
51,36850.65,3266.8875,104.0,52.51752,6.0,3.0,19.0,3.0,8.0,16.0,10.77,0.0,420.06,32.16293,34.334198,479.83704,0,1,0,0,0,0,0,0,1,0,1.0,0.0,0.0,0.0,0.0,0.0,0.0,0.0,0.0,0.0,0.0,0.0,0.0,0.0,0.0,0.0,0.0,1.0,0.0,1.0,1.0,0.0,0.0,0.0,0.0,0.0,2.0
36,16474.846,1247.9038,98.0,19.66074,0.0,5.0,2.0,2.0,13.0,6.0,4.17,7.0,340.96,22.281767,126.05709,259.07254,1,0,0,1,0,0,0,0,0,0,0.0,0.0,0.0,0.0,0.0,1.0,0.0,0.0,0.0,0.0,0.0,0.0,0.0,0.0,0.0,0.0,1.0,0.0,1.0,0.0,0.0,0.0,0.0,0.0,1.0,0.0,0.0
44,15148.98,1280.415,71.0,25.18059,6.0,9.0,17.0,2.0,20.0,12.0,14.76,11.0,2530.46,37.273235,54.3056,338.55533,0,0,0,1,0,0,0,0,1,0,0.0,0.0,0.0,1.0,0.0,0.0,0.0,0.0,0.0,0.0,0.0,0.0,0.0,0.0,0.0,0.0,0.0,1.0,0.0,1.0,0.0,0.0,0.0,0.0,0.0,1.0,0.0
33,100716.36,8413.03,69.0,0.0,8.0,4.0,17.0,0.0,7.0,8.0,5.69,6.0,605.24,29.137598,365.64514,755.65784,0,0,0,0,0,1,0,0,0,0,0.0,0.0,0.0,0.0,0.0,0.0,0.0,0.0,0.0,0.0,0.0,0.0,0.0,0.0,1.0,0.0,0.0,1.0,1.0,0.0,0.0,0.0,0.0,0.0,1.0,0.0,0.0
27,35854.31,2737.8591,32.0,125.87095,7.0,4.0,7.0,5.0,21.0,17.0,13.52,8.0,162.45,23.163353,79.48817,348.4268,1,0,1,0,0,0,0,0,1,1,1.0,0.0,0.0,0.0,0.0,0.0,0.0,0.0,0.0,0.0,0.0,0.0,0.0,0.0,0.0,0.0,0.0,1.0,0.0,1.0,0.0,0.0,0.0,0.0,1.0,0.0,1.0
25,61102.78,4823.8984,125.0,189.8001,7.0,5.0,14.0,4.0,32.0,10.0,7.11,9.0,432.45,39.53643,85.35285,457.23688,0,1,1,0,1,0,0,0,0,0,0.0,0.0,0.0,0.0,0.0,0.0,0.0,0.0,1.0,0.0,0.0,0.0,0.0,0.0,0.0,0.0,0.0,1.0,1.0,0.0,0.0,1.0,0.0,0.0,0.0,0.0,1.0
30,31788.05,2792.0042,131.0,0.0,2.0,4.0,5.0,0.0,7.0,10.0,0.76,4.0,1418.23,34.791187,331.07327,238.12714,0,0,0,0,0,1,0,0,0,0,0.0,0.0,0.0,0.0,0.0,0.0,0.0,0.0,1.0,0.0,0.0,0.0,0.0,0.0,0.0,0.0,1.0,0.0,1.0,0.0,0.0,0.0,0.0,0.0,0.0,1.0,1.0
28,29758.46,2687.8716,112.0,71.50603,5.0,6.0,8.0,3.0,25.0,16.0,10.79,4.0,817.45,37.44468,61.494694,385.78644,0,0,0,1,0,0,0,1,0,1,0.0,0.0,0.0,0.0,0.0,0.0,0.0,0.0,0.0,0.0,1.0,0.0,0.0,0.0,0.0,0.0,0.0,1.0,1.0,0.0,0.0,1.0,0.0,0.0,0.0,0.0,1.0
29,25810.93,1916.9109,75.0,51.42495,5.0,3.0,14.0,3.0,13.0,15.0,10.53,4.0,1123.51,32.04875,186.62465,243.6415,1,1,0,0,0,0,1,0,0,0,0.0,0.0,0.0,0.0,0.0,0.0,0.0,0.0,0.0,0.0,1.0,0.0,0.0,0.0,0.0,0.0,0.0,1.0,0.0,1.0,0.0,0.0,0.0,0.0,0.0,1.0,1.0
39,32777.51,2701.4592,109.0,64.97591,5.0,4.0,1.0,3.0,9.0,6.0,4.22,2.0,653.37,34.293873,83.79348,371.37653,0,0,0,0,1,0,0,0,1,1,1.0,0.0,0.0,0.0,0.0,0.0,0.0,0.0,0.0,0.0,0.0,0.0,0.0,0.0,0.0,0.0,1.0,0.0,1.0,0.0,0.0,1.0,0.0,0.0,0.0,0.0,2.0
42,18869.78,1770.4817,44.0,56.84103,9.0,5.0,32.0,6.0,38.0,21.0,6.27,11.0,1935.65,34.096027,56.168804,324.03833,0,0,1,1,1,0,0,0,0,1,0.0,0.0,0.0,0.0,0.0,1.0,0.0,0.0,0.0,0.0,0.0,0.0,0.0,0.0,0.0,1.0,0.0,0.0,0.0,1.0,0.0,0.0,1.0,0.0,0.0,0.0,0.0
47,89057.64,7318.47,136.0,75.72075,5.0,3.0,10.0,2.0,14.0,20.0,6.32,3.0,600.66,26.655302,169.8835,736.24274,0,1,0,0,1,0,0,0,0,0,0.0,0.0,0.0,1.0,0.0,0.0,0.0,0.0,0.0,0.0,0.0,0.0,0.0,0.0,0.0,0.0,0.0,1.0,1.0,0.0,0.0,1.0,0.0,0.0,0.0,0.0,1.0
33,36237.51,2902.7925,80.0,59.88225,7.0,3.0,15.0,3.0,19.0,20.0,19.68,7.0,588.79,33.99822,71.80218,398.59482,0,1,1,1,0,0,0,0,0,0,0.0,0.0,0.0,0.0,1.0,0.0,0.0,0.0,0.0,0.0,0.0,0.0,0.0,0.0,0.0,0.0,0.0,1.0,0.0,1.0,1.0,0.0,0.0,0.0,0.0,0.0,1.0
35,16770.6,1488.55,43.0,26.86921,5.0,6.0,25.0,2.0,30.0,20.0,7.44,4.0,1984.5,27.438602,81.35876,330.62704,1,0,0,0,0,0,0,1,0,0,0.0,0.0,0.0,0.0,0.0,0.0,0.0,0.0,0.0,0.0,0.0,0.0,0.0,0.0,1.0,0.0,0.0,1.0,0.0,1.0,0.0,0.0,0.0,0.0,0.0,1.0,1.0
37,78164.36,6553.697,106.0,162.48845,0.0,4.0,4.0,4.0,10.0,2.0,14.35,3.0,426.54,31.624039,447.87527,305.00592,0,0,1,1,0,0,0,0,0,1,0.0,0.0,0.0,0.0,0.0,0.0,0.0,0.0,1.0,0.0,0.0,0.0,0.0,0.0,0.0,0.0,1.0,0.0,1.0,0.0,0.0,0.0,1.0,0.0,0.0,0.0,2.0
27,73420.92,6333.41,131.0,67.04438,4.0,5.0,8.0,2.0,2.0,1.0,10.35,2.0,278.08,30.697008,149.23972,677.0569,0,0,0,0,0,0,1,0,1,0,0.0,0.0,0.0,0.0,0.0,1.0,0.0,0.0,0.0,0.0,0.0,0.0,0.0,0.0,0.0,0.0,1.0,0.0,1.0,0.0,0.0,0.0,1.0,0.0,0.0,0.0,2.0
36,38555.62,3292.9683,85.0,75.80656,2.0,3.0,4.0,4.0,1.0,9.0,5.03,3.0,353.25,27.583069,108.8867,414.60358,0,0,0,1,0,0,1,0,0,1,0.0,0.0,0.0,0.0,0.0,0.0,0.0,0.0,0.0,0.0,0.0,1.0,0.0,0.0,0.0,0.0,1.0,0.0,1.0,0.0,0.0,0.0,0.0,1.0,0.0,0.0,2.0
33,63258.9,5061.575,97.0,28.643888,6.0,6.0,11.0,1.0,15.0,8.0,5.78,4.0,137.98,25.888695,489.14203,278.37158,0,0,0,0,0,0,0,1,0,0,0.0,0.0,0.0,0.0,0.0,0.0,0.0,0.0,0.0,1.0,0.0,0.0,0.0,0.0,0.0,0.0,1.0,0.0,1.0,0.0,0.0,0.0,0.0,0.0,0.0,1.0,2.0
34,53177.82,4453.485,48.0,243.35393,9.0,5.0,27.0,6.0,46.0,14.0,1.37,9.0,2484.62,25.225601,65.33398,376.66058,0,0,1,1,1,0,1,0,0,1,0.0,0.0,0.0,0.0,0.0,0.0,0.0,0.0,0.0,0.0,0.0,0.0,0.0,1.0,0.0,1.0,0.0,0.0,0.0,1.0,1.0,0.0,0.0,0.0,0.0,0.0,0.0
18,16252.485,1514.3738,106.0,11.698359,1.0,4.0,2.0,1.0,3.0,12.0,9.09,0.0,1216.31,30.799927,171.98451,257.7545,0,0,0,0,0,0,0,0,1,0,0.0,0.0,0.0,1.0,0.0,0.0,0.0,0.0,0.0,0.0,0.0,0.0,0.0,0.0,0.0,0.0,1.0,0.0,1.0,0.0,0.0,0.0,0.0,0.0,0.0,1.0,1.0
17,36533.3,3307.4417,77.0,22.01536,4.0,5.0,18.0,1.0,6.0,12.0,14.14,7.0,499.85,31.349483,280.48898,318.2398,0,0,0,0,0,0,0,0,0,1,0.0,0.0,0.0,1.0,0.0,0.0,0.0,0.0,0.0,0.0,0.0,0.0,0.0,0.0,0.0,0.0,0.0,1.0,0.0,1.0,0.0,0.0,0.0,0.0,0.0,1.0,1.0
46,16197.91,1319.8258,40.0,64.3245,7.0,4.0,10.0,7.0,21.0,19.0,8.07,6.0,119.94,40.632202,78.18708,269.471,1,1,1,1,0,0,1,0,0,1,1.0,0.0,0.0,0.0,0.0,0.0,0.0,0.0,0.0,0.0,0.0,0.0,0.0,0.0,0.0,0.0,0.0,1.0,0.0,1.0,0.0,0.0,0.0,0.0,1.0,0.0,1.0
36,43287.28,3839.2734,127.0,111.362144,7.0,6.0,13.0,4.0,26.0,11.0,14.15,3.0,1393.19,26.168268,195.52684,337.03833,0,0,0,1,0,0,1,0,1,0,1.0,0.0,0.0,0.0,0.0,0.0,0.0,0.0,0.0,0.0,0.0,0.0,0.0,0.0,0.0,0.0,0.0,1.0,0.0,1.0,0.0,1.0,0.0,0.0,0.0,0.0,1.0
32,16383.26,1315.2716,59.0,39.58324,6.0,4.0,10.0,5.0,6.0,18.0,16.81,5.0,1571.79,38.029724,123.380135,258.56378,1,1,1,0,0,0,0,1,0,1,0.0,0.0,0.0,0.0,0.0,0.0,0.0,1.0,0.0,0.0,0.0,0.0,0.0,0.0,0.0,0.0,0.0,1.0,0.0,1.0,0.0,0.0,0.0,0.0,0.0,1.0,0.0
24,32928.14,2948.0117,124.0,0.0,0.0,2.0,5.0,0.0,10.0,0.0,8.63,0.0,929.04,35.628296,340.62735,244.17381,0,0,0,0,0,1,0,0,0,0,0.0,0.0,0.0,0.0,0.0,1.0,0.0,0.0,0.0,0.0,0.0,0.0,0.0,0.0,0.0,0.0,1.0,0.0,1.0,0.0,0.0,0.0,0.0,0.0,0.0,1.0,2.0
